accession,subtype,cluster_id,split
YFH77964,H1,5,train
YFH77875,H1,5,val
YFH78007,H1,5,train
YEV86567,H1,7,test
YEV86566,H1,7,val
YEV86565,H1,887,test
YEV86564,H1,7,train
YEV86563,H1,6,train
UPI56474,H1,8,train
UPI56462,H1,9,train
YDP22939,H1,7,test
YDP22890,H1,7,train
YDP22889,H1,7,train
YDP22888,H1,7,train
YDP22887,H1,6,val
YDP22886,H1,6,train
YDN61860,H1,758,train
YDK26850,H1,16,val
YDK26848,H1,13,val
YDK26846,H1,13,train
YDK26844,H1,760,val
YDK26842,H1,17,train
YDH88916,H1,512,train
YDH88908,H1,509,val
YDH88900,H1,509,train
YDH88894,H1,525,train
YDH88888,H1,526,test
YDH88886,H1,761,train
YDH88882,H1,527,train
YDH88880,H1,512,train
YDH88876,H1,512,train
YDH88854,H1,749,test
YDH88852,H1,761,train
YDH88848,H1,509,train
YDH88846,H1,527,val
YDB96802,H1,517,train
YDB96800,H1,528,val
YDB96798,H1,507,train
YDB96796,H1,517,val
YDB96794,H1,756,train
YDB96792,H1,517,val
YDB96790,H1,762,train
YDB96788,H1,529,test
YDB96786,H1,507,test
YDB96784,H1,517,train
YDB96782,H1,517,test
YDB96780,H1,530,train
YDB96778,H1,763,train
YDB96776,H1,531,test
YDB96774,H1,745,train
YDB96772,H1,531,train
YDB96770,H1,748,test
YDB96768,H1,532,train
YDB96766,H1,745,test
YDB96764,H1,745,train
YDB96762,H1,18,train
YDB96760,H1,533,test
YDB96758,H1,507,test
YDB96756,H1,534,train
YDB96754,H1,531,val
YDB96752,H1,529,train
YDB96750,H1,517,train
YDB96748,H1,748,train
YDB96746,H1,517,test
YDB96744,H1,755,val
YDB96742,H1,764,train
YDB96740,H1,535,train
YDB96738,H1,517,train
YDB96736,H1,536,train
YDB96734,H1,537,val
YDB96732,H1,759,train
YDB96730,H1,19,train
YDB96728,H1,538,test
YDB96726,H1,765,train
YDB96724,H1,759,train
YDB96722,H1,766,train
YDB96720,H1,767,train
YDB96718,H1,768,train
YDB96716,H1,536,train
YDB96714,H1,769,val
YDB96712,H1,770,test
YDB96710,H1,767,train
YDB96708,H1,507,train
XTX72824,H1,771,train
XTX72813,H1,771,train
XTX72802,H1,771,train
YCZ87928,H1,20,test
YCZ87926,H1,21,val
YCZ87924,H1,772,train
YCZ87922,H1,15,train
YCZ87920,H1,22,train
YCZ87918,H1,773,train
YCZ87916,H1,10,val
YCZ87914,H1,774,train
YCZ87912,H1,13,train
YCZ87910,H1,23,train
YCZ87908,H1,775,train
YCZ87906,H1,776,train
YCZ87904,H1,13,train
YCZ87902,H1,24,test
YCZ87900,H1,776,train
YCZ87898,H1,13,train
YCZ87896,H1,777,train
YCZ87894,H1,10,train
YCZ87892,H1,25,train
YCZ87890,H1,10,train
YCZ87888,H1,10,train
YCZ87886,H1,10,test
YCZ87884,H1,13,train
YCZ87882,H1,11,train
YCZ87880,H1,13,train
YCZ87878,H1,16,train
YCZ87876,H1,26,train
YCZ87874,H1,27,test
YCZ87872,H1,10,train
YCZ87870,H1,28,train
YCZ87868,H1,13,test
YCZ87866,H1,778,test
YCZ78801,H1,22,train
YCS47975,H1,779,train
YCS47973,H1,505,val
YCS47963,H1,507,train
YCQ40296,H1,506,test
YCQ40294,H1,760,val
YCQ40292,H1,778,test
YCQ40290,H1,761,train
YCP19045,H1,31,test
YCP19042,H1,31,train
YCP19039,H1,31,val
YCP19034,H1,31,train
YCP19033,H1,31,train
YCO72643,H1,31,train
YCO14773,H1,31,train
YCO10462,H1,31,train
YCO10466,H1,31,train
YCO10463,H1,31,train
YCO10460,H1,31,train
YCO10461,H1,31,train
YCN41811,H1,31,val
YCN39006,H1,31,train
YCN38955,H1,31,train
YCN38363,H1,31,train
YCN38089,H1,31,train
YCN38076,H1,31,train
YCN38070,H1,31,train
YCN37439,H1,31,test
YCN37429,H1,31,val
YCN37415,H1,31,test
YCN37370,H1,31,train
YCN37365,H1,31,train
YCN37333,H1,31,test
YCN37293,H1,31,train
YCN37264,H1,31,train
YCN37247,H1,31,train
YCN37199,H1,31,val
YCN37189,H1,31,train
YCM62128,H1,31,val
YCM62015,H1,31,test
YCM62005,H1,31,train
YCM61970,H1,31,train
YCM61954,H1,31,train
YCM61892,H1,31,train
YCM61914,H1,31,train
YCM59317,H1,31,val
YCJ10324,H1,113,train
YCJ10323,H1,243,val
YCJ10322,H1,208,train
YCJ10321,H1,208,train
YCJ10320,H1,208,train
YCJ10319,H1,208,train
YCB58320,H1,759,train
YCB58318,H1,781,train
YCB21602,H1,6,val
YCB21591,H1,6,train
YCB21580,H1,32,train
YCB21569,H1,32,test
YCB21558,H1,32,test
YCB21547,H1,33,train
YCB21536,H1,6,train
YCB21525,H1,6,train
YCB21514,H1,6,test
YCB21503,H1,6,train
YCB21492,H1,6,test
YCB21481,H1,6,train
YCB21470,H1,34,train
YCB21459,H1,34,train
YCB21448,H1,34,test
YCB21437,H1,35,train
YCB21426,H1,35,train
YCB21415,H1,34,test
YCB21404,H1,35,train
YCB21393,H1,6,val
YCB21382,H1,3,train
YCB21371,H1,6,test
YCB21360,H1,34,test
YCB21349,H1,6,train
YCB21338,H1,6,test
YCB21327,H1,6,train
YCB21316,H1,35,train
YCB21305,H1,35,val
YCB21294,H1,36,test
YCB21283,H1,36,val
YCB21272,H1,6,test
YCB21261,H1,6,train
YCB21250,H1,32,train
YCB21239,H1,6,train
YCB21228,H1,6,train
YCB21217,H1,6,train
YCB21206,H1,34,train
YCB21195,H1,34,train
YCB21184,H1,34,train
YCB21174,H1,34,train
YCB21163,H1,32,train
YCB21152,H1,6,train
YCB21141,H1,6,train
YCB21130,H1,6,train
YCB21119,H1,37,train
YCB21108,H1,35,train
YCB21097,H1,35,val
YCB21086,H1,6,train
YCB21075,H1,6,train
YCB21064,H1,6,train
YCB21053,H1,6,val
YCB21042,H1,32,train
YCB21031,H1,32,train
YCB21020,H1,6,train
YCB21009,H1,32,train
YCB20998,H1,6,train
YCB20987,H1,6,train
YCB20976,H1,6,train
YCB20965,H1,32,train
YCB20954,H1,7,test
YCB20943,H1,6,train
YCB20932,H1,6,train
YCB20921,H1,6,train
YCB20910,H1,34,train
YCB20899,H1,32,train
YCB20888,H1,35,train
YCB20877,H1,34,train
YCB20866,H1,6,train
YCB20855,H1,6,train
YCB20844,H1,6,val
YCB20833,H1,34,val
YCB20822,H1,34,val
YCB20811,H1,6,test
YCB20800,H1,6,train
YCB20789,H1,6,train
YCB20778,H1,37,train
YCB20767,H1,32,train
YCB20756,H1,32,train
YCB20745,H1,32,train
YCB20734,H1,6,train
YCB20723,H1,6,train
YCB20712,H1,34,val
YCB20701,H1,6,train
YCB20690,H1,32,train
YCB20679,H1,32,train
YCB20668,H1,35,train
YCB20657,H1,35,train
YCB20646,H1,6,train
YCB20635,H1,6,val
YCB20624,H1,7,train
YCB20613,H1,6,val
YCB20602,H1,6,val
YCB20591,H1,6,train
YCB20580,H1,6,train
YCB20569,H1,6,train
YCB20558,H1,6,train
YCB20547,H1,6,train
YCB20536,H1,6,train
YCB20525,H1,32,train
YCB20515,H1,32,train
YCB20506,H1,6,train
YCB20498,H1,32,val
YCB20489,H1,32,train
YCB20480,H1,35,train
YCB20471,H1,32,test
YCB20462,H1,34,test
YCB20453,H1,32,train
YCB20444,H1,32,val
YCB20438,H1,6,test
YCB20428,H1,6,val
YCB20414,H1,6,train
YCB20409,H1,6,train
YCB20398,H1,6,train
YCB20390,H1,6,train
YCB20381,H1,6,train
YCB20372,H1,6,train
YCB20363,H1,7,train
YCB20354,H1,6,train
YCB20343,H1,6,train
YCB20336,H1,6,train
YCB20328,H1,6,train
YCB20317,H1,6,train
YCB15482,H1,38,train
YCB15478,H1,778,train
YCB15476,H1,517,train
YCB15474,H1,540,train
YBZ29168,H1,35,train
WPD40848,H1,39,train
YBW06060,H1,506,val
YBW06058,H1,536,val
YBW06056,H1,517,train
YBW06054,H1,541,val
YBV45747,H1,25,train
YBV45739,H1,778,train
YBV45737,H1,512,train
YBV45735,H1,542,train
YBV45733,H1,11,test
YBV45731,H1,517,train
YBU60584,H1,780,train
YBU60582,H1,10,train
YBU60580,H1,543,train
YBU60578,H1,536,test
YBU60576,H1,13,train
YBU60572,H1,544,train
YBU60568,H1,13,val
YBU60564,H1,13,val
YBU60562,H1,776,train
YBU60558,H1,780,val
YBU60556,H1,13,train
YBU60554,H1,512,train
YBU60548,H1,545,val
YBU60546,H1,745,val
YBU60542,H1,506,train
YBU60540,H1,40,train
YBU60538,H1,546,train
YBU60536,H1,767,train
YBU60534,H1,11,test
YBP46472,H1,37,train
YBP46471,H1,41,test
YBP08991,H1,782,train
YBP08989,H1,783,train
YBP08987,H1,770,val
YBP08985,H1,755,val
YBP08981,H1,42,train
YBP08979,H1,547,train
YBP08977,H1,783,test
YBP08975,H1,43,test
YBK92974,H1,784,train
YBK92972,H1,44,train
YBK92968,H1,756,val
YBK92966,H1,536,val
YBK92964,H1,785,test
YBK92960,H1,786,train
YBK92958,H1,23,test
YBK92956,H1,13,test
YBK92954,H1,524,train
YBK92952,H1,787,train
YBK92950,H1,10,val
YBH87783,H1,25,test
YBH87779,H1,13,train
YBH87777,H1,548,train
YBH87775,H1,510,train
YBH87773,H1,543,train
YBH87771,H1,512,train
YBH87769,H1,512,train
YBH87767,H1,780,train
YBH87765,H1,756,val
YBH87761,H1,776,train
YBH87757,H1,780,train
YBH87755,H1,776,train
YBH87753,H1,524,train
YBH87751,H1,10,test
YBH87747,H1,13,val
YBB93953,H1,6,train
YAO56778,H1,10,train
YAO56774,H1,765,train
YAO56768,H1,788,train
YAO56760,H1,789,train
YAO56758,H1,24,train
YAO56756,H1,42,test
YAO56750,H1,45,train
YAO56748,H1,509,train
YAO56746,H1,766,train
YAO56742,H1,790,train
YAB59163,H1,791,train
YAB59159,H1,13,train
YAB59149,H1,526,train
YAB59147,H1,549,train
YAB59145,H1,550,train
YAB59143,H1,551,test
XZX72807,H1,515,train
XZX72805,H1,552,train
XZX72801,H1,786,val
XZX72799,H1,767,train
XZX72797,H1,767,train
XZX72791,H1,512,train
XZX72789,H1,792,train
XZX72787,H1,767,train
XZE13727,H1,793,train
XZE13725,H1,765,train
XZE13721,H1,760,train
XYW64021,H1,31,val
XYW64010,H1,31,train
XYW64003,H1,31,val
XKH15321,H1,46,train
QWZ14542,H1,8,train
XVC18733,H1,47,train
XUN73851,H1,6,test
XUN73840,H1,6,train
XUN73829,H1,6,train
XUN73818,H1,6,val
XUN73807,H1,6,train
XUN73796,H1,6,train
XUN73785,H1,6,train
XUN73774,H1,6,val
XUN73763,H1,6,train
XUN73752,H1,6,train
XUN73741,H1,6,train
XUN73730,H1,6,train
XUN73719,H1,6,train
XUN73708,H1,6,train
XUN73697,H1,6,val
XUN73686,H1,6,val
XUN73675,H1,6,train
XUN73664,H1,6,test
XUN73653,H1,6,val
XUN73642,H1,6,train
XUN73631,H1,6,train
XUN73620,H1,6,test
XUN73609,H1,6,val
XUN73598,H1,6,val
XUN73587,H1,37,train
XUN73576,H1,35,train
XUN73565,H1,6,train
XUN73554,H1,15,train
XUN73543,H1,6,train
XUN73532,H1,6,train
XUN73521,H1,6,train
XUN73510,H1,6,train
XUN73499,H1,6,train
XUN73488,H1,6,val
XUN73477,H1,6,train
XUN73466,H1,6,train
XUN73455,H1,6,test
XUN73444,H1,6,val
XUN73433,H1,35,train
XUN73422,H1,6,train
XUN73411,H1,6,train
XUN73400,H1,6,test
XUN73389,H1,6,train
XUN73378,H1,6,train
XUN73367,H1,6,train
XUN73356,H1,48,test
XUN73345,H1,32,train
XUN73334,H1,49,train
XUN73323,H1,50,test
XUN73312,H1,32,train
XUN73301,H1,6,train
XUN73290,H1,6,test
XUN73279,H1,6,train
XUN73268,H1,6,test
XUN73257,H1,6,train
XUN73246,H1,6,train
XUN73235,H1,6,train
XUN73224,H1,6,train
XUN73213,H1,6,train
XUN73202,H1,6,test
XUN73191,H1,6,train
XUN73180,H1,6,test
XUN73169,H1,35,train
XUN73158,H1,35,train
XUN73147,H1,6,val
XUN73136,H1,6,train
XUN73125,H1,6,val
XUN73114,H1,6,train
XUN73103,H1,6,train
XUN73092,H1,6,train
XUN73081,H1,6,train
XUN73070,H1,6,train
XUN73059,H1,6,test
XUN73048,H1,6,test
XUN73037,H1,35,val
XUN73026,H1,6,train
XUN73015,H1,6,train
XUN73004,H1,6,train
XUN72993,H1,6,train
XUN72982,H1,34,train
XUN72971,H1,6,train
XUN72960,H1,6,test
XUN72949,H1,6,train
XUN72938,H1,6,train
XUN72927,H1,6,train
XUN72916,H1,6,train
XUN72905,H1,6,test
XUN72894,H1,6,test
XUN72883,H1,6,train
XUN72872,H1,6,val
XUN72861,H1,6,val
XUN72850,H1,6,val
XUN72839,H1,32,train
XUN72828,H1,6,train
XUN72817,H1,6,train
XUN72806,H1,6,train
XUN72795,H1,35,test
XUN72784,H1,37,train
XUN72773,H1,6,train
XUN72762,H1,48,train
XUN72751,H1,6,val
XUN72740,H1,32,train
XUN72729,H1,50,train
XUN72718,H1,32,train
XUN72707,H1,32,train
XUN72696,H1,42,test
XUN72685,H1,6,train
XUN72674,H1,6,train
XUN72663,H1,6,train
XUN72652,H1,6,val
XUN72641,H1,6,val
XUN72630,H1,37,train
XUN72619,H1,6,train
XUN72608,H1,6,test
XUN72597,H1,6,test
XUN72586,H1,6,train
XUN72575,H1,6,train
XUN72564,H1,6,train
XUN72553,H1,6,train
XUN72542,H1,6,train
XUN72531,H1,6,val
XUN72520,H1,6,train
XUN72509,H1,6,train
XUN72498,H1,48,train
XUN72487,H1,6,train
XUN72476,H1,6,test
XUN72465,H1,6,train
XUN72454,H1,6,train
XUN72443,H1,6,val
XUN72432,H1,6,train
XUN72421,H1,6,train
XUN72410,H1,37,val
XUN72399,H1,6,train
XUN72388,H1,6,train
XUN72377,H1,6,train
XUN72366,H1,6,train
XUN72355,H1,6,train
XUN72344,H1,6,val
XUN72333,H1,37,train
XUN72322,H1,6,train
XUN72311,H1,6,train
XUN72300,H1,6,train
XUN72289,H1,37,train
XUN72278,H1,6,train
XUN72267,H1,6,train
XUN72256,H1,6,train
XUN72245,H1,6,val
XUN72234,H1,6,train
XUN72223,H1,6,train
XUN72212,H1,6,train
XUN72201,H1,6,train
XUN72190,H1,6,val
XUN72179,H1,37,train
XUN72168,H1,6,train
XUN72157,H1,6,test
XUN72146,H1,6,train
XUN72135,H1,6,train
XUN72124,H1,6,val
XUN72113,H1,6,train
XUN72102,H1,6,test
XUN72091,H1,6,train
XUN72080,H1,6,train
XUN72069,H1,6,train
XUN72058,H1,6,train
XUN72047,H1,6,train
XUN72036,H1,6,train
XUN72025,H1,37,train
XUN72014,H1,6,test
XUN72003,H1,6,train
XUN71992,H1,6,train
XUN71981,H1,6,train
XUN71970,H1,6,train
XUN71959,H1,6,train
XUN71948,H1,6,test
XUN71937,H1,6,val
XUN71926,H1,6,test
XUN71915,H1,6,val
XUN71904,H1,6,train
XUN71893,H1,6,test
XUN71882,H1,6,train
XUN71871,H1,6,train
XUN71860,H1,6,train
XUN71849,H1,6,train
XUN71838,H1,6,train
XUN71827,H1,6,val
XUN71816,H1,6,train
XUN71805,H1,37,test
XUN71794,H1,6,train
XUN71783,H1,6,train
XUN71772,H1,6,test
XUN71761,H1,33,test
XUN71750,H1,6,test
XUN71739,H1,6,val
XUN71728,H1,35,train
XUN71717,H1,32,train
XUN71706,H1,32,train
XUN71695,H1,51,test
XUN71684,H1,35,val
XUN71673,H1,32,train
XUN71662,H1,32,test
XUN71651,H1,6,train
XUN71640,H1,6,train
XUN71629,H1,6,train
XUN71618,H1,6,test
XUN71607,H1,6,val
XUN71596,H1,6,train
XUN71585,H1,6,train
XUN71574,H1,6,val
XUN71563,H1,52,train
XUN71552,H1,6,test
XUN71541,H1,6,test
XUN71530,H1,6,train
XUN71519,H1,6,train
XUN71508,H1,6,train
XUN71497,H1,6,val
XUN71486,H1,35,train
XUN71475,H1,6,train
XUN71464,H1,6,val
XUN71453,H1,6,test
XUN71442,H1,6,train
XUN71431,H1,6,train
XUN71420,H1,6,train
XUN71409,H1,6,val
XUN71398,H1,6,train
XUN71387,H1,34,val
XUN71376,H1,6,val
XUN71365,H1,6,train
XUN71354,H1,6,val
XUN71343,H1,6,train
XUN71332,H1,6,train
XUN71321,H1,6,train
XUN71310,H1,6,train
XUN71299,H1,6,train
XUN71288,H1,6,val
XUN71277,H1,6,train
XUN71266,H1,6,test
XUN71255,H1,6,test
XUN71244,H1,6,train
XUN71233,H1,6,train
XUN71222,H1,6,train
XUN71211,H1,6,test
XUN71200,H1,6,val
XUN71189,H1,6,train
XUN71178,H1,6,train
XUN71167,H1,6,train
XUN71156,H1,6,train
XUN71145,H1,6,train
XUN71134,H1,35,train
XUN71123,H1,6,train
XUN71112,H1,6,train
XUN71101,H1,6,test
XUN71090,H1,6,test
XUN71079,H1,6,train
XUN71068,H1,6,train
XUN71057,H1,6,val
XUN71046,H1,6,test
XUN71035,H1,6,train
XUN71024,H1,6,train
XUN71013,H1,6,train
XUN71002,H1,6,train
XUN70991,H1,42,test
XUN70980,H1,6,val
XUN70969,H1,6,test
XUN70958,H1,6,train
XUN70947,H1,6,train
XUN70936,H1,6,train
XUN70925,H1,6,test
XUN70914,H1,6,train
XUN70903,H1,6,train
XUN70892,H1,6,val
XUN70881,H1,6,val
XUN70870,H1,6,train
XUN70859,H1,6,train
XUN70848,H1,6,train
XUN70837,H1,6,train
XUN70826,H1,6,train
XUN70815,H1,6,val
XUN70804,H1,6,test
XUN70793,H1,48,val
XUN70782,H1,6,train
XUN70771,H1,6,train
XUN70760,H1,6,val
XUN70749,H1,6,train
XUN70738,H1,6,train
XUN70727,H1,6,train
XUN70716,H1,6,val
XUN70705,H1,6,train
XUN70694,H1,6,train
XUN70683,H1,42,train
XUN70672,H1,6,train
XUN70661,H1,6,train
XUN70650,H1,42,train
XUN70639,H1,42,train
XUN70628,H1,6,train
XUN70617,H1,6,train
XUN70606,H1,6,test
XUN70595,H1,6,test
XUN70584,H1,6,train
XUN70573,H1,6,train
XUN70562,H1,6,train
XUN70551,H1,6,train
XUN70540,H1,6,train
XUN70529,H1,6,train
XUN70518,H1,6,val
XUN70507,H1,6,train
XUN70496,H1,6,train
XUN70485,H1,6,val
XUN70474,H1,6,train
XUN70463,H1,35,train
XUN70452,H1,6,test
XUN70441,H1,6,train
XUN70430,H1,6,train
XUN70419,H1,6,train
XUN70408,H1,6,train
XUN70397,H1,6,test
XUN70386,H1,6,train
XUN70375,H1,6,test
XUN70364,H1,6,train
XUN70353,H1,6,test
XUN70342,H1,6,val
XUN70331,H1,6,train
XUN70320,H1,6,train
XUN70309,H1,6,val
XUN70298,H1,6,train
XUN70287,H1,6,train
XUN70276,H1,37,val
XUN70265,H1,6,test
XUN70254,H1,6,train
XUN70243,H1,6,train
XUN70232,H1,6,test
XUN70221,H1,6,train
XUN70210,H1,6,test
XUN70199,H1,6,train
XUN70188,H1,6,train
XUN70177,H1,37,train
XUN70166,H1,6,test
XUN70155,H1,6,train
XUN70144,H1,6,train
XUN70133,H1,6,train
XUN70122,H1,6,train
XUN70111,H1,35,test
XUN70100,H1,6,train
XUN70089,H1,6,train
XUN70078,H1,6,train
XUN70067,H1,37,train
XUN70056,H1,6,train
XUN70045,H1,6,train
XUN70034,H1,6,test
XUN70023,H1,6,train
XUN70012,H1,37,train
XUN70001,H1,37,train
XUN69990,H1,53,val
XUN69979,H1,42,train
XUN69968,H1,35,test
XUN69957,H1,42,train
XUN69946,H1,6,test
XUN69935,H1,6,train
XUN69924,H1,6,train
XUN69913,H1,6,train
XUN69902,H1,6,train
XUN69891,H1,35,train
XUN69880,H1,37,train
XUN69869,H1,6,test
XUN69858,H1,6,train
XUN69847,H1,6,train
XUN69836,H1,33,train
XUN69825,H1,6,train
XUN69814,H1,6,train
XUN69803,H1,6,train
XUN69792,H1,6,train
XUN69781,H1,6,train
XUN69770,H1,35,train
XUN69759,H1,35,test
XUN69748,H1,6,test
XUN69737,H1,6,train
XUN69726,H1,6,train
XUN69715,H1,6,train
XUN69704,H1,6,train
XUN69693,H1,6,train
XUN69682,H1,6,train
XUN69671,H1,6,train
XUN69660,H1,6,val
XUN69649,H1,6,train
XUN69638,H1,6,test
XUN69628,H1,6,train
XUN69621,H1,6,train
XUN69613,H1,6,val
XUN69604,H1,6,train
XUN69594,H1,6,val
XUN69589,H1,6,train
XUN69580,H1,6,train
XUN69571,H1,6,val
XUN69560,H1,6,train
XUN69550,H1,6,test
XUN69540,H1,6,train
XUN69531,H1,6,val
XUN69521,H1,6,train
XUN69513,H1,6,train
XUN69504,H1,6,train
XUN69494,H1,6,train
XUN69487,H1,6,train
XUN69480,H1,6,train
XUN69473,H1,6,train
XUN69467,H1,42,train
XUN69456,H1,6,train
XUN69446,H1,6,val
XUN69437,H1,6,train
XUN69428,H1,6,train
XUN69422,H1,6,train
XUN69412,H1,6,test
XUN69402,H1,6,test
XUN69394,H1,6,val
XUN69387,H1,6,test
XUN69378,H1,6,test
XUN69367,H1,33,train
XUN69358,H1,6,train
XUN69348,H1,6,train
XUN69340,H1,6,train
XUN69330,H1,35,train
XUN69322,H1,6,val
XUN69314,H1,6,train
XUN69304,H1,6,train
XUN69295,H1,6,val
XUN69286,H1,6,train
XUN69279,H1,42,train
XUN69271,H1,6,train
XUN69263,H1,6,train
XUM80088,H1,35,train
XUM73446,H1,6,val
XUM73440,H1,6,train
XUM73434,H1,6,test
XUM73215,H1,6,train
XUM73003,H1,6,val
XSF38112,H1,6,train
XSF37900,H1,6,train
XRI99510,H1,6,train
XRI98360,H1,37,test
XRI98334,H1,6,val
XRI98286,H1,35,val
XRI98280,H1,37,train
XRI98239,H1,37,val
XRI97979,H1,32,train
XRI60719,H1,33,val
XRI58488,H1,32,train
XQE53647,H1,54,val
XQE53506,H1,54,train
XPZ07120,H1,35,train
XPZ06778,H1,51,train
XPZ03546,H1,37,train
XPO71821,H1,860,train
XPO71820,H1,55,train
XPO71819,H1,56,train
XPO55351,H1,66,train
XPO14940,H1,57,train
XPO14822,H1,36,train
XPO14793,H1,66,val
XPO14789,H1,66,val
XPO14788,H1,66,test
XPO14784,H1,66,train
XPO14783,H1,66,train
XPO14782,H1,66,test
XOE87489,H1,58,train
XOE87450,H1,59,val
XOD40201,H1,59,train
XOD40124,H1,58,train
XOD39886,H1,59,train
XNM01023,H1,31,train
XNM00997,H1,31,train
XNM00964,H1,31,train
XNM00961,H1,31,train
XNM00938,H1,31,train
XNM00928,H1,31,train
XNM00885,H1,31,train
XNM00847,H1,31,train
XNM00764,H1,31,train
XNM00749,H1,31,train
XNM00714,H1,31,train
XMQ97238,H1,31,train
XMQ94975,H1,31,train
XLZ66081,H1,32,test
XCV13866,H1,60,val
WZL55795,H1,60,val
WZL55684,H1,60,train
WZL55500,H1,60,train
WZL55213,H1,61,train
XHY48585,H1,857,val
XHW86885,H1,34,train
XHW86874,H1,35,train
XHW86863,H1,34,train
XHW86852,H1,32,train
XHW86841,H1,32,train
XHW86830,H1,32,val
XHW86819,H1,34,train
XHW86808,H1,6,train
XHW86797,H1,54,train
XHW86786,H1,42,train
XHW86775,H1,51,train
XHW86764,H1,51,train
XHW86753,H1,32,test
XHW86742,H1,32,train
XHW86731,H1,32,train
XHW86720,H1,35,train
XHW86709,H1,34,val
XHW86698,H1,35,train
XHW86687,H1,35,train
XHW86676,H1,32,train
XHW86665,H1,32,train
XHW86654,H1,62,train
XHW86643,H1,32,train
XHW86632,H1,32,train
XHW86621,H1,35,train
XHW86610,H1,34,train
XHW86599,H1,36,train
XHW86588,H1,36,train
XHW86577,H1,34,test
XHW86566,H1,35,train
XHW86555,H1,32,test
XHW86544,H1,34,train
XHW86533,H1,34,train
XHW86522,H1,34,test
XHW86511,H1,54,train
XHW86500,H1,32,train
XHW86489,H1,32,train
XHW86478,H1,6,train
XHW86467,H1,54,train
XHW86456,H1,34,val
XHW86445,H1,34,val
XHW86435,H1,34,val
XHW86424,H1,35,train
XHW86413,H1,34,test
XHW86402,H1,54,val
XHW86391,H1,6,test
XHW86380,H1,32,val
XHW86369,H1,6,test
XHW86358,H1,51,test
XHW86347,H1,35,train
XHW86336,H1,34,train
XHW86325,H1,34,train
XHW86314,H1,34,test
XHW86305,H1,32,val
XHW86298,H1,54,test
XFC84613,H1,32,train
XFC84602,H1,32,train
XFC84591,H1,34,train
XFC84580,H1,51,train
XFC84569,H1,51,train
XFC84558,H1,32,train
XFC84547,H1,32,train
XFC84536,H1,32,test
XFC84525,H1,32,train
XFC84514,H1,37,train
XFC84503,H1,37,train
XFC84492,H1,34,train
XFC84481,H1,34,train
XFC84470,H1,32,val
XFC84459,H1,6,val
XFC84448,H1,54,train
XFC84437,H1,6,train
XFC84426,H1,32,val
XFC84415,H1,36,train
XFC84404,H1,54,train
XFC84393,H1,32,val
XFC84382,H1,34,train
XFC84371,H1,32,train
XFC84360,H1,32,train
XFC84349,H1,32,test
XFC84338,H1,54,train
XFC84327,H1,35,train
XFC84316,H1,35,train
XFC84305,H1,35,train
XFC84294,H1,32,train
XFC84283,H1,32,train
XFC84272,H1,32,train
XFC84261,H1,32,train
XFC84250,H1,32,train
XFC84239,H1,32,train
XFC84228,H1,32,test
XFC84217,H1,32,val
XFC84206,H1,32,train
XFC84195,H1,32,train
XFC84184,H1,32,val
XFC84173,H1,32,val
XFC84162,H1,36,val
XFC84151,H1,34,test
XFC84140,H1,34,train
XFC84129,H1,34,train
XFC84118,H1,34,train
XFC84107,H1,34,train
XFC84096,H1,32,train
XFC84085,H1,32,train
XFC84076,H1,35,train
XFC84065,H1,35,train
XFC84054,H1,63,train
XFC84043,H1,63,train
XFC84032,H1,63,train
XFC84021,H1,63,train
XFC84010,H1,32,train
XFC83999,H1,34,train
XFC83988,H1,6,train
XFC83977,H1,6,train
XFC83966,H1,35,val
XFC83955,H1,35,train
XFC83944,H1,6,train
XFC83933,H1,32,train
XFC83922,H1,33,test
XFC83911,H1,32,train
XFC83900,H1,64,train
XFC83889,H1,32,val
XFC83878,H1,35,test
XFC83867,H1,64,train
XFC83856,H1,65,train
XFC83845,H1,35,val
XFC83834,H1,32,test
XFC83823,H1,34,train
XFC83812,H1,32,val
XFC83801,H1,32,train
XFC83790,H1,34,train
XFC83779,H1,34,test
XFC83768,H1,32,train
XFC83757,H1,32,train
XFC83746,H1,35,train
XFC83735,H1,34,val
XFC83724,H1,32,val
XFC83713,H1,65,train
XFC83702,H1,32,test
XFC83691,H1,54,train
XFC83680,H1,34,train
XFC83669,H1,34,train
XFC83658,H1,32,test
XFC83649,H1,34,train
XFC83641,H1,54,val
XFC83631,H1,32,train
XFC83622,H1,32,train
XFC83613,H1,34,test
XFC83603,H1,32,train
XFC83594,H1,32,test
XFC83585,H1,35,train
XFC83576,H1,32,train
XFC83566,H1,32,val
XFC83557,H1,54,train
XFC83548,H1,34,train
XFC83538,H1,63,train
XFC83529,H1,34,train
XFC83518,H1,64,train
XFC83507,H1,32,train
XFC83496,H1,32,train
XFC83485,H1,64,train
XFC83474,H1,32,test
XFC83463,H1,32,train
XFC83452,H1,64,train
XFC83441,H1,64,train
XFC83430,H1,32,val
XFC83419,H1,32,train
XFC83408,H1,32,val
XFC83397,H1,64,train
XFC83386,H1,64,train
XFC83375,H1,54,train
XFC83364,H1,54,train
XFC83354,H1,32,train
XFC83343,H1,32,train
XFC83334,H1,32,train
XFC83323,H1,54,val
XFC83312,H1,54,test
XFC83301,H1,32,train
XFC83290,H1,32,test
XFC83279,H1,54,val
XFC83268,H1,54,train
XFC83257,H1,36,train
XFC83246,H1,64,val
XFC83235,H1,32,test
XFC83224,H1,32,train
XFC83213,H1,32,train
XFC83202,H1,32,val
XFC83191,H1,32,train
XFC83180,H1,32,train
XFC83169,H1,54,train
XFC83158,H1,32,train
XFC83147,H1,32,train
XFC83136,H1,32,train
XFC83125,H1,32,val
XFC83115,H1,32,val
XFC83104,H1,32,train
XFC83093,H1,34,test
XFC83082,H1,32,test
XFC83071,H1,34,train
XFC83060,H1,34,train
XFC83049,H1,32,train
XFC83038,H1,32,test
XFC83027,H1,32,val
XFC83016,H1,64,train
XFC83005,H1,64,train
XFC82994,H1,32,train
XFC82983,H1,32,train
XFC82975,H1,32,train
XFC82964,H1,6,train
XFC82953,H1,32,train
XFC82942,H1,54,train
XFC82931,H1,54,train
XFC82920,H1,54,val
XFC82909,H1,54,train
XFC82898,H1,32,train
XFC82887,H1,32,val
XFC82876,H1,64,train
XFC82865,H1,32,train
XFC82854,H1,32,train
XFC82843,H1,32,train
XFC82832,H1,32,train
XFC82821,H1,36,train
XFC82810,H1,36,train
XFC82799,H1,54,test
XFC82788,H1,51,train
XFC82777,H1,32,train
XFC82766,H1,32,train
XFC82755,H1,32,train
XFC82744,H1,32,train
XFC82735,H1,32,train
XFC82724,H1,32,train
XFC82713,H1,32,train
XFC82702,H1,32,train
XFC82691,H1,54,train
XFC82681,H1,54,train
XFC82670,H1,64,train
XFC82659,H1,32,train
XFC82648,H1,32,test
XFC82637,H1,32,train
XFC82626,H1,32,train
XFC82615,H1,32,val
XFC82604,H1,32,val
XFC82593,H1,32,train
XFC82582,H1,32,train
XFC82571,H1,35,val
XFC82560,H1,32,train
XFC82549,H1,32,train
XFC82538,H1,54,train
XFC82527,H1,66,val
XFC82516,H1,66,train
XFC82505,H1,64,train
XFC82494,H1,64,test
XFC82483,H1,64,test
XFC82472,H1,32,train
XFC82461,H1,32,train
XFC82450,H1,64,train
XFC82439,H1,64,train
XFC82428,H1,64,train
XFC82417,H1,64,test
XFC82406,H1,32,train
XFC82395,H1,64,train
XFC82384,H1,54,val
XFC82373,H1,51,val
XFC82362,H1,51,test
XFC82351,H1,54,train
XFC82340,H1,54,train
XFC82329,H1,64,test
XFC82318,H1,64,val
XFC82307,H1,32,train
XFC82296,H1,32,test
XFC82286,H1,32,test
XFC82275,H1,32,train
XFC82264,H1,32,test
XFC82253,H1,32,train
XFC82242,H1,32,test
XFC82231,H1,32,test
XFC82220,H1,32,test
XFC82209,H1,66,val
XFC82198,H1,66,val
XFC82187,H1,32,train
XFC82176,H1,64,val
XFC82165,H1,32,train
XFC82154,H1,32,val
XFC82143,H1,32,train
XFC82132,H1,32,test
XFC82121,H1,32,train
XFC82110,H1,32,train
XFC82099,H1,32,train
XFC82088,H1,32,val
XFC82077,H1,32,val
XFC82066,H1,64,val
XFC82055,H1,32,val
XFC82044,H1,54,train
XFC82033,H1,54,train
XFC82023,H1,32,test
XFC82012,H1,65,train
XFC82001,H1,66,train
XFC81990,H1,34,test
XFC81979,H1,32,train
XFC81968,H1,34,train
XFC81957,H1,32,train
XFC81946,H1,6,train
XFC81935,H1,34,train
XFC81924,H1,32,train
XFC81913,H1,32,train
XFC81902,H1,54,test
XFC81891,H1,32,train
XFC81880,H1,54,train
XFC81869,H1,32,val
XFC81858,H1,32,val
XFC81847,H1,32,train
XFC81836,H1,34,train
XFC81825,H1,54,train
XFC81814,H1,54,train
XFC81803,H1,54,train
XFC81792,H1,54,train
XFC81781,H1,54,train
XFC81770,H1,32,val
XFC81759,H1,64,train
XFC81748,H1,64,train
XFC81737,H1,32,train
XFC81726,H1,32,train
XFC81715,H1,54,train
XFC81704,H1,64,test
XFC81693,H1,54,train
XFC81682,H1,54,train
XFC81671,H1,64,train
XFC81660,H1,32,train
XFC81649,H1,35,train
XFC81638,H1,54,train
XFC81627,H1,34,train
XFC81616,H1,34,train
XFC81605,H1,64,train
XFC81594,H1,64,val
XFC81583,H1,32,train
XFC81572,H1,54,train
XFC81561,H1,54,train
XFC81550,H1,64,test
XFC81539,H1,32,train
XFC81528,H1,32,train
XFC81517,H1,67,test
XFC81506,H1,54,train
XFC81495,H1,64,val
XFC81484,H1,63,test
XFC81473,H1,54,train
XFC81462,H1,32,test
XFC81451,H1,68,test
XFC81440,H1,68,test
XFC81429,H1,32,train
XFC81418,H1,32,train
XFC81407,H1,65,train
XFC81396,H1,65,train
XFC81385,H1,64,test
XFC81374,H1,64,train
XFC81363,H1,32,train
XFC81352,H1,68,test
XFC81341,H1,54,train
XFC81330,H1,64,train
XFC81319,H1,64,train
XFC81308,H1,32,train
XFC81297,H1,32,train
XFC81286,H1,64,train
XFC81275,H1,32,train
XFC81264,H1,54,train
XFC81253,H1,54,train
XFC81242,H1,64,train
XFC81232,H1,64,val
XFC81221,H1,32,train
XFC81210,H1,32,val
XFC81199,H1,32,train
XFC81188,H1,32,train
XFC81177,H1,32,test
XFC81170,H1,32,train
XFC81159,H1,69,train
XFC81148,H1,69,test
XFC81140,H1,69,train
XFC81129,H1,69,train
XFC81118,H1,32,train
XFC81107,H1,32,test
XFC81096,H1,32,train
XFC81085,H1,68,test
XFC81074,H1,32,train
XFC81063,H1,32,val
XFC81052,H1,32,train
XFC81041,H1,54,val
XFC81030,H1,32,val
XFC81019,H1,64,train
XFC81008,H1,32,train
XFC80997,H1,32,train
XFC80986,H1,32,train
XFC80975,H1,32,val
XFC80964,H1,64,train
XFC80953,H1,32,train
XFC80942,H1,54,train
XFC80931,H1,32,train
XFC80920,H1,32,val
XFC80909,H1,32,train
XFC80898,H1,32,train
XFC80887,H1,54,train
XFC80876,H1,36,train
XFC80865,H1,32,train
XFC80854,H1,64,train
XFC80843,H1,32,train
XFC80832,H1,64,train
XFC80821,H1,64,val
XFC80810,H1,64,test
XFC80799,H1,34,train
XFC80788,H1,34,test
XFC80777,H1,64,train
XFC80766,H1,64,train
XFC80755,H1,32,train
XFC80744,H1,51,test
XFC80733,H1,54,train
XFC80722,H1,65,test
XFC80711,H1,64,train
XFC80700,H1,32,train
XFC80689,H1,32,train
XFC80678,H1,51,train
XFC80667,H1,36,train
XFC80656,H1,32,train
XFC80645,H1,36,train
XFC80634,H1,54,train
XFC80623,H1,32,train
XFC80612,H1,36,train
XFC80601,H1,32,train
XFC80590,H1,32,val
XFC80579,H1,32,train
XFC80568,H1,32,train
XFC80557,H1,51,test
XFC80546,H1,51,train
XFC80536,H1,65,test
XFC80525,H1,66,test
XFC80514,H1,66,train
XFC80503,H1,32,train
XFC80492,H1,66,test
XFC80481,H1,51,train
XFC80470,H1,32,train
XFC80459,H1,70,train
XFC80448,H1,32,train
XFC80437,H1,69,val
XFC80426,H1,32,val
XFC80415,H1,32,train
XFC80404,H1,54,train
XFC80393,H1,32,train
XFC80382,H1,6,train
XFC80371,H1,54,train
XFC80360,H1,54,test
XFC80349,H1,54,train
XFC80341,H1,54,val
XFC80330,H1,64,train
XFC80319,H1,64,train
XFC80308,H1,32,train
XFC80297,H1,32,train
XFC80286,H1,70,val
XFC80275,H1,70,train
XFC80265,H1,54,train
XFC80254,H1,32,train
XFC80243,H1,32,train
XFC80233,H1,69,val
XFC80222,H1,69,train
XFC80211,H1,32,train
XFC80200,H1,32,test
XFC80189,H1,32,train
XFC80178,H1,6,test
XFC80167,H1,64,train
XFC80156,H1,65,test
XFC80145,H1,64,train
XFC80134,H1,32,train
XFC80123,H1,32,train
XFC80112,H1,32,val
XFC80101,H1,32,train
XFC80090,H1,32,train
XFC80079,H1,32,train
XFC80068,H1,65,train
XFC80057,H1,32,train
XFC80046,H1,54,train
XFC80035,H1,54,val
XFC80024,H1,54,train
XFC80013,H1,54,train
XFC80002,H1,69,train
XFC79991,H1,51,val
XFC79980,H1,54,train
XFC79971,H1,51,test
XFC79961,H1,64,train
XFC79951,H1,54,train
XFC79941,H1,54,train
XFC79931,H1,54,train
XFC79921,H1,32,test
XFC79911,H1,54,test
XFC79902,H1,54,train
XFC79892,H1,32,train
XFC79883,H1,32,train
XFC79873,H1,54,val
XFC79865,H1,54,train
XFC79855,H1,36,val
XFC79848,H1,32,train
XFC79838,H1,32,train
XFC79831,H1,54,train
XFC79820,H1,35,val
XFC79811,H1,32,train
XFC79801,H1,32,val
XFC79791,H1,64,train
XFC79781,H1,32,test
XFC79772,H1,32,train
XFC79762,H1,64,test
XFC79753,H1,54,train
XFC79743,H1,32,test
XFC79734,H1,32,val
XFC79726,H1,32,train
XFC79717,H1,54,train
XFC79707,H1,34,val
XFC79700,H1,36,train
XFC79693,H1,32,train
XFC79688,H1,54,train
XFC79677,H1,32,train
XFC79668,H1,54,train
XFB56345,H1,794,train
XFB56343,H1,795,train
XFB56341,H1,524,train
XFB56339,H1,34,train
XFB56337,H1,10,train
XFB56333,H1,796,train
XFB56331,H1,796,test
XFB56327,H1,797,train
XFB56325,H1,23,train
XFB56311,H1,553,train
XFB56309,H1,798,test
XFB56307,H1,554,train
XFB56305,H1,555,val
XFB56303,H1,24,train
XFB56301,H1,10,train
XFB56299,H1,556,train
XFB56297,H1,557,train
XFB56295,H1,558,train
XFB56293,H1,559,val
XFA02390,H1,663,train
XFA02389,H1,664,train
XFA02388,H1,665,train
XFA02387,H1,666,val
XEQ90854,H1,799,train
XEQ90852,H1,531,train
XEQ90850,H1,560,train
XEQ90846,H1,531,train
XEQ90844,H1,800,train
XEQ90842,H1,531,train
XEQ90834,H1,796,train
XEQ90832,H1,796,test
XEQ90830,H1,36,val
XCV19027,H1,561,val
XCV19025,H1,71,train
XCV19024,H1,72,train
XCV19023,H1,73,train
XCV19022,H1,73,val
XCV19021,H1,73,train
XCV19020,H1,74,train
XCV19017,H1,73,train
XCV19016,H1,71,train
XCV19014,H1,73,val
XCV19011,H1,73,val
XCV19009,H1,75,train
XCV19007,H1,74,train
XCV19004,H1,76,train
XCV19003,H1,76,val
XCV19002,H1,77,val
XCV19000,H1,72,train
XCV18999,H1,73,train
XCV18998,H1,76,train
XCV18997,H1,72,train
XCV18996,H1,72,train
XCV18995,H1,72,train
XCV18994,H1,76,train
XCV18993,H1,78,train
XCV18991,H1,562,train
XCV18990,H1,563,train
XCV18989,H1,72,train
XCV18987,H1,562,train
XCV18986,H1,562,val
XCV18985,H1,562,train
XCV18984,H1,562,train
XCV18983,H1,564,train
XCV18982,H1,564,train
XCV18981,H1,562,val
XCV18979,H1,565,val
XCV18976,H1,565,train
XCV18973,H1,565,train
XCV18972,H1,565,train
XCV18971,H1,565,val
XCV18970,H1,562,test
XCV18969,H1,78,test
XCV18968,H1,78,train
XCV18967,H1,564,train
XCV18966,H1,565,test
XCV18964,H1,79,train
XCV18963,H1,564,val
XCV18962,H1,80,train
XCV18961,H1,566,train
XCV18960,H1,564,train
XCV18959,H1,564,train
XCV18958,H1,562,train
XCV18957,H1,562,train
XCV18956,H1,562,train
XCV18951,H1,71,train
XCV18949,H1,562,train
XCV18947,H1,81,train
XCV18946,H1,81,train
XCV18944,H1,82,train
XCV18943,H1,564,train
XCV18941,H1,83,val
XCV18939,H1,564,train
XCV18938,H1,562,val
XCV18937,H1,562,train
XCV18936,H1,83,train
XCV18934,H1,564,train
XCV18933,H1,564,test
XCV18932,H1,567,train
XCV18931,H1,562,train
XCV18930,H1,568,train
XCV18929,H1,896,train
XCV18928,H1,568,test
XCV18927,H1,568,test
XCV18926,H1,568,train
XCV18923,H1,569,train
XCV18922,H1,569,val
XCV18921,H1,569,train
XCV18920,H1,570,train
XCV18919,H1,571,train
XCV18918,H1,569,train
XCV18917,H1,569,test
XCV18916,H1,569,test
XCV18915,H1,569,train
XCV18913,H1,570,train
XCV18912,H1,801,test
XCV18910,H1,76,train
XCV18908,H1,76,val
XCV18906,H1,801,val
XCV18905,H1,801,train
XCV18904,H1,801,train
XCV18902,H1,569,train
XCV18901,H1,571,val
XCV18899,H1,572,train
XCV18898,H1,572,train
XCV18897,H1,84,test
XCV18896,H1,85,test
XCV18895,H1,573,train
XCV18894,H1,572,val
XCV18893,H1,573,val
XCV18892,H1,86,train
XCV18891,H1,86,train
XCV18890,H1,574,train
XCV18889,H1,575,test
XCV18887,H1,574,train
XCV18886,H1,573,train
XCV18885,H1,86,train
XCV18884,H1,801,val
XCV18882,H1,572,train
XCV18881,H1,87,train
XCV18880,H1,87,train
XCV18879,H1,569,train
XCV18878,H1,801,train
XCV18877,H1,574,train
XCV18876,H1,88,train
XCV18875,H1,572,train
XCV18874,H1,802,train
XCV18873,H1,803,train
XCV18872,H1,803,train
XCV18871,H1,87,train
XCV18870,H1,802,train
XCV18869,H1,87,val
XCV18868,H1,576,val
XCV18867,H1,572,test
XCV18866,H1,572,train
XCV18865,H1,89,train
XCV18864,H1,577,test
XCV18863,H1,573,val
XCV18862,H1,84,train
XCV18861,H1,804,val
XCV18860,H1,84,train
XCV18858,H1,578,train
XCV18857,H1,579,train
XCV18856,H1,569,val
XCV18855,H1,576,test
XCV18854,H1,90,val
XCV18853,H1,84,test
XCV18852,H1,84,train
XCV18850,H1,580,test
XCV18848,H1,581,train
XCV18847,H1,572,train
XCV18846,H1,91,test
XCV18845,H1,573,train
XCV18843,H1,805,train
XCV18842,H1,573,train
XCV18841,H1,579,train
XCV18840,H1,577,train
XCV18839,H1,92,test
XCV18838,H1,93,test
XCV18837,H1,582,val
XCV18836,H1,583,val
XCV18835,H1,583,train
XCV18834,H1,580,train
XCV18833,H1,580,train
XCV18831,H1,580,train
XCV18830,H1,92,test
XCV18829,H1,92,val
XCV18827,H1,94,train
XCV18826,H1,94,test
XCV18825,H1,94,test
XCV18824,H1,584,train
XCV18823,H1,92,train
XCV18822,H1,91,train
XCV18821,H1,585,train
XCV18820,H1,585,train
XCV18819,H1,1,val
XCV18818,H1,1,train
XCV18817,H1,1,train
XCV18816,H1,95,train
XCV18815,H1,585,train
XCV18814,H1,806,val
XCV18812,H1,805,train
XCV18811,H1,96,train
XCV18810,H1,586,train
XCV18809,H1,587,train
XCV18808,H1,97,train
XCV18806,H1,588,train
XCV18805,H1,589,train
XCV18804,H1,587,train
XCV18801,H1,587,train
XCV18800,H1,587,train
XCV18798,H1,590,train
XCV18793,H1,98,train
XCV18791,H1,807,val
XCV18790,H1,591,train
XCV18787,H1,98,val
XCV18785,H1,806,test
XCV18783,H1,98,train
XCV18782,H1,592,val
XCV18778,H1,592,test
XCV18776,H1,593,train
XCV18770,H1,592,train
XCV18769,H1,98,train
XCV18768,H1,98,train
XCV18767,H1,592,test
XCV18766,H1,593,train
XCV18764,H1,591,test
XCV18763,H1,592,train
XCV18762,H1,98,train
XCV18761,H1,99,train
XCV18760,H1,592,val
XCV18759,H1,98,train
XCV18758,H1,592,train
XCV18757,H1,100,train
XCV18756,H1,98,test
XCV18755,H1,98,train
XCV18754,H1,98,train
XCV18752,H1,98,train
XCV18748,H1,592,train
XCV18747,H1,807,train
XCV18743,H1,805,val
XCV18741,H1,99,train
XCV18740,H1,99,test
XCV18739,H1,99,train
XCV18738,H1,99,train
XCV18737,H1,808,train
XCV18736,H1,101,train
XCV18735,H1,98,train
XCV18731,H1,99,test
XCV18729,H1,99,test
XCV18728,H1,805,val
XCV18727,H1,808,train
XCV18726,H1,99,train
XCV18725,H1,99,train
XCV18724,H1,99,train
XCV18721,H1,99,train
XCV18720,H1,99,train
XCV18718,H1,807,train
XCV18712,H1,99,train
XCV18711,H1,99,train
XCV18709,H1,102,train
XCV18708,H1,99,train
XCV18707,H1,99,test
XCV18706,H1,809,train
XCV18705,H1,592,val
XCV18704,H1,807,train
XCV18703,H1,594,train
XCV18701,H1,595,train
XCV18700,H1,595,train
XCV18699,H1,596,train
XCV18698,H1,595,test
XCV18697,H1,596,train
XCV18695,H1,597,train
XCV18693,H1,103,val
XCV18692,H1,103,test
XCV18690,H1,103,train
XCV18684,H1,104,train
XCV18683,H1,103,train
XCV18681,H1,598,val
XCV18680,H1,105,test
XCV18679,H1,599,test
XCV18677,H1,599,train
XCV18676,H1,106,test
XCV18675,H1,600,val
XCV18674,H1,107,test
XCV18673,H1,886,test
XCV18672,H1,107,train
XCV18671,H1,108,test
XCV18669,H1,600,train
XCV18668,H1,601,train
XCV18667,H1,601,train
XCV18665,H1,600,train
XCV18664,H1,600,test
XCV18663,H1,109,train
XCV18662,H1,105,train
XCV18661,H1,110,val
XCV18660,H1,600,train
XCV18659,H1,602,val
XCV18658,H1,600,val
XCV18657,H1,600,train
XCV18656,H1,111,train
XCV18655,H1,600,train
XCV18654,H1,564,train
XCV18653,H1,112,val
XCV18652,H1,603,train
XCV18651,H1,562,train
XCV18650,H1,604,train
XCV18649,H1,810,train
XCV18648,H1,600,train
XCV18647,H1,600,train
XCV18646,H1,600,val
XCV18645,H1,600,train
XCV18644,H1,605,val
XCV18643,H1,564,test
XCV18642,H1,606,train
XCV18641,H1,562,train
XCV18640,H1,72,train
XCV18639,H1,607,val
XCV18638,H1,603,train
XCV18637,H1,607,train
XCV18636,H1,112,train
XCV18635,H1,601,train
XCV18634,H1,605,val
XCV18633,H1,113,train
XCV18631,H1,113,train
XCV18630,H1,114,train
XCV18629,H1,113,train
XCV18628,H1,562,train
XCV18627,H1,562,test
XCV18626,H1,608,train
XCV18624,H1,72,val
XCV18623,H1,72,test
XCV18622,H1,115,test
XCV18621,H1,607,train
XCV18620,H1,116,val
XCV18619,H1,562,test
XCV18618,H1,609,train
XCV18617,H1,603,test
XCV18615,H1,117,val
XCV18614,H1,118,val
XCV18613,H1,118,train
XCV18612,H1,562,train
XCV18610,H1,562,train
XCV18609,H1,562,train
XCV18608,H1,562,train
XCV18607,H1,119,test
XCV18606,H1,562,train
XCV18605,H1,119,val
XCV18604,H1,562,val
XCV18603,H1,603,train
XCV18602,H1,562,test
XCV18601,H1,562,test
XCV18600,H1,610,train
XCV18599,H1,120,train
XCV18595,H1,121,train
XCV18594,H1,122,train
XCV18593,H1,123,test
XCV18592,H1,123,test
XCV18591,H1,123,train
XCV18589,H1,120,val
XCV18588,H1,123,train
XCV18586,H1,120,train
XCV18585,H1,122,train
XCV18584,H1,73,train
XCV18583,H1,120,train
XCV18582,H1,120,train
XCV18581,H1,120,train
XCV18580,H1,120,train
XCV18579,H1,611,val
XCV18578,H1,611,train
XCV18577,H1,120,train
XCV18575,H1,120,train
XCV18574,H1,124,val
XCV18573,H1,123,train
XCV18572,H1,124,train
XCV18571,H1,897,test
XCV18570,H1,122,train
XCV18569,H1,123,train
XCV18568,H1,125,train
XCV18567,H1,612,train
XCV18566,H1,74,train
XCV18565,H1,613,train
XCV18564,H1,123,train
XCV18563,H1,122,train
XCV18562,H1,614,train
XCV18561,H1,124,train
XCV18560,H1,615,val
XCV18558,H1,613,test
XCV18557,H1,126,train
XCV18556,H1,123,train
XCV18555,H1,615,train
XCV18554,H1,126,train
XCV18553,H1,616,train
XCV18552,H1,612,train
XCV18551,H1,123,train
XCV18550,H1,615,train
XCV18549,H1,126,train
XCV18548,H1,127,train
XCV18547,H1,126,train
XCV18546,H1,125,train
XCV18544,H1,73,train
XCV18543,H1,73,train
XCV18542,H1,905,train
XCV18540,H1,128,train
XCV18538,H1,128,train
XCV18537,H1,126,train
XCV18536,H1,616,val
XCV18535,H1,616,train
XCV18533,H1,617,test
XCV18528,H1,617,train
XCV18527,H1,617,test
XCV18511,H1,618,train
XCV18509,H1,848,val
XCV18507,H1,0,val
XCV18505,H1,129,val
XCV18504,H1,619,train
XCV18503,H1,619,val
XCV18500,H1,620,train
XCV18337,H1,98,train
XCV18336,H1,621,train
XCV18335,H1,589,train
XCV18334,H1,589,train
XCV18332,H1,98,train
XCV18330,H1,98,test
XCV18329,H1,98,train
XCV18327,H1,98,train
XCV18323,H1,622,train
XCV18321,H1,623,test
XCV18320,H1,623,val
XCV18319,H1,623,val
XCV18318,H1,623,train
XCV18317,H1,624,train
XCV18316,H1,623,train
XCV18315,H1,130,train
XCV18314,H1,623,train
XCV18313,H1,91,train
XCV18312,H1,625,val
XCV18311,H1,583,test
XCV18310,H1,623,train
XCV18309,H1,98,train
XCV18308,H1,131,test
XCV18307,H1,132,train
XCV18306,H1,133,test
XCV18304,H1,623,train
XCV18303,H1,573,train
XCV18302,H1,131,train
XCV18301,H1,91,train
XCV18300,H1,131,train
XCV18299,H1,583,train
XCV18298,H1,131,val
XCV18297,H1,569,train
XCV18296,H1,622,test
XCV18295,H1,91,train
XCV18294,H1,91,train
XCV18292,H1,569,val
XCV18291,H1,811,train
XCV18288,H1,134,train
XCV18287,H1,91,test
XCV18286,H1,91,train
XCV18285,H1,91,train
XCV18284,H1,623,train
XCV18283,H1,135,test
XCV18281,H1,623,train
XCV18279,H1,583,train
XCV18277,H1,583,train
XCV18276,H1,583,test
XCV18272,H1,583,train
XCV18271,H1,91,train
XCV18270,H1,569,train
XCV18269,H1,583,train
XCV18268,H1,583,train
XCV18267,H1,1,test
XCV18266,H1,569,test
XCV18265,H1,108,train
XCV18264,H1,569,train
XCV18263,H1,569,val
XCV18262,H1,569,train
XCV18261,H1,583,test
XCV18260,H1,583,train
XCV18259,H1,583,val
XCV18258,H1,569,test
XCV18257,H1,92,train
XCV18254,H1,136,train
XCV18253,H1,569,train
XCV18250,H1,91,val
XCV18249,H1,569,test
XCV18248,H1,626,train
XCV18246,H1,94,train
XCV18245,H1,583,train
XCV18244,H1,91,train
XCV18243,H1,91,train
XCV18242,H1,91,train
XCV18241,H1,627,train
XCV18240,H1,137,val
XCV18239,H1,569,train
XCV18238,H1,138,test
XCV18237,H1,569,train
XCV18236,H1,583,train
XCV18235,H1,91,test
XCV18234,H1,94,train
XCV18233,H1,569,test
XCV18230,H1,109,train
XCV18229,H1,569,train
XCV18228,H1,139,train
XCV18227,H1,569,train
XCV18226,H1,812,test
XCV18224,H1,628,train
XCV18223,H1,569,train
XCV18221,H1,569,test
XCV18220,H1,139,test
XCV18217,H1,629,val
XCV18215,H1,629,train
XCV18214,H1,583,test
XCV18213,H1,139,val
XCV18210,H1,84,train
XCV18209,H1,806,train
XCV18207,H1,98,train
XCV18204,H1,98,train
XCV18202,H1,593,train
XCV18201,H1,99,train
XCV18200,H1,98,test
XCV18199,H1,591,train
XCV18197,H1,630,train
XCV18196,H1,589,train
XCV18195,H1,589,train
XCV18193,H1,593,train
XCV18192,H1,98,train
XCV18190,H1,98,test
XCV18187,H1,631,train
XCV18186,H1,593,train
XCV18185,H1,98,train
XCV18181,H1,632,train
XCV18179,H1,569,test
XCV18176,H1,569,train
XCV18175,H1,813,train
XCV18174,H1,593,train
XCV18173,H1,593,train
XCV18172,H1,569,train
XCV18171,H1,98,val
XCV18170,H1,589,train
XCV18169,H1,589,train
XCV18167,H1,589,test
XCV18166,H1,595,train
XCV18165,H1,633,train
XCV18164,H1,634,test
XCV18161,H1,589,train
XCV18160,H1,593,train
XCV18159,H1,589,test
XCV18157,H1,140,train
XCV18153,H1,635,val
XCV18152,H1,589,val
XCV18151,H1,593,train
XCV18149,H1,593,test
XCV18148,H1,140,train
XCV18147,H1,593,train
XCV18146,H1,593,train
XCV18145,H1,634,test
XCV18144,H1,95,test
XCV18142,H1,595,train
XCV18141,H1,99,test
XCV18140,H1,593,train
XCV18139,H1,141,test
XCV18137,H1,95,train
XCV18136,H1,636,train
XCV18135,H1,593,train
XCV18134,H1,589,test
XCV18133,H1,569,train
XCV18132,H1,637,test
XCV18129,H1,593,train
XCV18127,H1,142,train
XCV18126,H1,140,train
XCV18125,H1,636,train
XCV18124,H1,141,train
XCV18122,H1,633,train
XCV18121,H1,589,train
XCV18120,H1,96,train
XCV18119,H1,143,test
XCV18118,H1,569,train
XCV18116,H1,96,test
XCV18115,H1,141,train
XCV18114,H1,593,train
XCV18113,H1,95,test
XCV18112,H1,589,train
XCV18111,H1,638,val
XCV18110,H1,633,train
XCV18109,H1,95,train
XCV18107,H1,593,train
XCV18106,H1,633,train
XCV18105,H1,639,train
XCV18104,H1,589,train
XCV18103,H1,589,train
XCV18102,H1,891,val
XCV18100,H1,144,train
XCV18099,H1,145,test
XCV18098,H1,146,train
XCV18097,H1,147,train
XCV18096,H1,872,train
XCV18095,H1,148,val
XCV18094,H1,895,train
XCV18093,H1,96,train
XCV18091,H1,145,train
XCV18090,H1,145,train
XCV18089,H1,145,train
XCV18086,H1,149,train
XCV18084,H1,145,test
XCV18083,H1,147,test
XCV18079,H1,96,val
XCV18078,H1,145,train
XCV18077,H1,640,val
XCV18075,H1,145,train
XCV18074,H1,814,train
XCV18073,H1,144,train
XCV18071,H1,96,train
XCV18070,H1,641,train
XCV18069,H1,145,train
XCV18068,H1,146,train
XCV18067,H1,145,train
XCV18066,H1,145,train
XCV18064,H1,149,val
XCV18063,H1,91,train
XCV18062,H1,636,train
XCV18061,H1,145,val
XCV18060,H1,144,train
XCV18059,H1,144,train
XCV18058,H1,145,val
XCV18057,H1,144,val
XCV18056,H1,144,val
XCV18055,H1,144,train
XCV18053,H1,144,train
XCV18052,H1,144,train
XCV18051,H1,641,train
XCV18050,H1,144,train
XCV18047,H1,149,train
XCV18045,H1,815,train
XCV18043,H1,577,train
XCV18042,H1,147,train
XCV18039,H1,150,train
XCV18038,H1,149,train
XCV18037,H1,642,train
XCV18033,H1,577,train
XCV18031,H1,643,test
XCV18030,H1,643,val
XCV18029,H1,643,train
XCV18027,H1,146,train
XCV18026,H1,593,train
XCV18025,H1,816,train
XCV18024,H1,151,val
XCV18023,H1,92,test
XCV18017,H1,644,test
XCV18016,H1,152,test
XCV18014,H1,147,train
XCV18013,H1,151,train
XCV18011,H1,645,train
XCV18010,H1,153,train
XCV18004,H1,577,val
XCV18003,H1,645,val
XCV18002,H1,645,train
XCV18001,H1,637,val
XCV17999,H1,154,train
XCV17997,H1,805,val
XCV17995,H1,593,train
XCV17994,H1,805,train
XCV17993,H1,805,test
XCV17992,H1,155,train
XCV17991,H1,593,train
XCV17990,H1,92,train
XCV17989,H1,154,train
XCV17987,H1,646,train
XCV17986,H1,156,test
XCV17985,H1,87,val
XCV17984,H1,816,train
XCV17983,H1,153,val
XCV17982,H1,155,train
XCV17980,H1,92,test
XCV17979,H1,92,val
XCV17978,H1,150,train
XCV17976,H1,92,val
XCV17972,H1,155,test
XCV17970,H1,817,train
XCV17969,H1,156,test
XCV17968,H1,157,train
XCV17967,H1,816,train
XCV17966,H1,109,train
XCV17965,H1,577,train
XCV17964,H1,158,train
XCV17960,H1,154,val
XCV17959,H1,580,train
XCV17958,H1,135,train
XCV17957,H1,135,train
XCV17956,H1,593,train
XCV17953,H1,816,train
XCV17952,H1,577,train
XCV17951,H1,816,train
XCV17950,H1,577,train
XCV17949,H1,159,train
XCV17948,H1,135,train
XCV17947,H1,160,test
XCV17945,H1,818,train
XCV17944,H1,135,train
XCV17942,H1,819,train
XCV17941,H1,159,test
XCV17940,H1,158,train
XCV17939,H1,820,train
XCV17938,H1,135,train
XCV17937,H1,135,train
XCV17936,H1,161,test
XCV17935,H1,162,val
XCV17934,H1,159,train
XCV17933,H1,160,train
XCV17929,H1,821,train
XCV17928,H1,91,train
XCV17927,H1,159,train
XCV17925,H1,159,train
XCV17924,H1,159,train
XCV17923,H1,822,train
XCV17920,H1,647,test
XCV17919,H1,803,train
XCV17918,H1,648,test
XCV17917,H1,135,test
XCV17915,H1,135,train
XCV17914,H1,135,test
XCV17913,H1,135,train
XCV17911,H1,819,train
XCV17910,H1,91,train
XCV17909,H1,648,train
XCV17908,H1,821,train
XCV17907,H1,649,test
XCV17906,H1,135,val
XCV17905,H1,135,test
XCV17904,H1,88,train
XCV17903,H1,91,train
XCV17902,H1,86,val
XCV17901,H1,572,train
XCV17900,H1,135,train
XCV17899,H1,157,test
XCV17897,H1,649,val
XCV17896,H1,135,train
XCV17895,H1,649,train
XCV17894,H1,821,train
XCV17893,H1,84,test
XCV17890,H1,821,val
XCV17889,H1,650,test
XCV17885,H1,163,train
XCV17884,H1,96,train
XCV17883,H1,803,val
XCV17882,H1,98,train
XCV17881,H1,803,train
XCV17880,H1,651,test
XCV17879,H1,803,train
XCV17878,H1,803,test
XCV17877,H1,823,train
XCV17876,H1,823,test
XCV17875,H1,94,train
XCV17874,H1,164,val
XCV17873,H1,803,val
XCV17872,H1,569,val
XCV17867,H1,150,train
XCV17865,H1,803,train
XCV17864,H1,803,train
XCV17863,H1,165,train
XCV17861,H1,646,train
XCV17857,H1,94,test
XCV17856,H1,652,val
XCV17853,H1,803,train
XCV17851,H1,803,train
XCV17850,H1,803,val
XCV17847,H1,803,train
XCV17846,H1,803,train
XCV17845,H1,803,val
XCV17844,H1,151,train
XCV17843,H1,803,train
XCV17842,H1,653,train
XCV17841,H1,166,train
XCV17840,H1,803,train
XCV17839,H1,803,test
XCV17838,H1,803,train
XCV17836,H1,155,train
XCV17835,H1,654,train
XCV17834,H1,157,train
XCV17833,H1,155,train
XCV17832,H1,155,test
XCV17831,H1,155,val
XCV17830,H1,155,train
XCV17829,H1,166,train
XCV17828,H1,166,train
XCV17827,H1,166,test
XCV17826,H1,166,train
XCV17825,H1,94,train
XCV17822,H1,803,train
XCV17821,H1,803,val
XCV17820,H1,803,train
XCV17819,H1,803,train
XCV17818,H1,803,train
XCV17817,H1,803,train
XCV17815,H1,803,train
XCV17814,H1,803,train
XCV17812,H1,94,train
XCV17811,H1,94,train
XCV17810,H1,94,train
XCV17809,H1,151,train
XCV17808,H1,151,train
XCV17807,H1,803,train
XCV17806,H1,803,val
XCV17805,H1,803,train
XCV17804,H1,167,train
XCV17803,H1,167,val
XCV17802,H1,94,train
XCV17801,H1,94,train
XCV17800,H1,655,test
XCV17799,H1,655,train
XCV17796,H1,655,train
XCV17795,H1,151,train
XCV17794,H1,151,train
XCV17792,H1,94,val
XCV17791,H1,94,train
XCV17790,H1,656,val
XCV17789,H1,656,val
XCV17788,H1,656,test
XCV17786,H1,572,train
XCV17785,H1,572,test
XCV17784,H1,655,train
XCV17783,H1,655,test
XCV17782,H1,655,test
XCV17781,H1,655,test
XCV17780,H1,655,train
XCV17779,H1,168,test
XCV17778,H1,168,test
XCV17777,H1,135,train
XCV17776,H1,657,train
XCV17775,H1,135,train
XCV17774,H1,657,test
XCV17773,H1,135,train
XCV17772,H1,135,val
XCV17766,H1,572,train
XCV17765,H1,824,train
XCV17764,H1,572,train
XCV17763,H1,803,test
XCV17762,H1,572,train
XCV17761,H1,572,val
XCV17760,H1,572,train
XCV17759,H1,572,test
XCV17758,H1,572,train
XCV17757,H1,169,train
XCV17756,H1,655,train
XCV17755,H1,91,train
XCV17754,H1,91,test
XCV17753,H1,109,train
XCV17752,H1,658,train
XCV17751,H1,658,train
XCV17750,H1,658,val
XCV17749,H1,658,train
XCV17748,H1,655,train
XCV17747,H1,659,train
XCV17746,H1,170,test
XCV17745,H1,655,train
XCV17744,H1,655,train
XCV17743,H1,655,train
XCV17742,H1,655,train
XCV17741,H1,655,train
XCV17740,H1,660,train
XCV17739,H1,655,val
XCV17738,H1,655,train
XCV17737,H1,655,val
XCV17736,H1,659,train
XCV17735,H1,659,train
XCV17734,H1,655,train
XCV17733,H1,655,train
XCV17732,H1,655,val
XCV17729,H1,661,train
XCV17728,H1,661,train
XCV17727,H1,661,train
XCV17726,H1,661,test
XCV17724,H1,660,test
XCV17722,H1,660,test
XCV17720,H1,660,train
XCV17719,H1,662,train
XCV17718,H1,662,train
XCV17717,H1,662,test
XCV17716,H1,663,test
XCV17713,H1,663,val
XCV17706,H1,662,val
XCV17705,H1,662,val
XCV17704,H1,662,train
XCV17703,H1,662,train
XCV17701,H1,664,train
XCV17697,H1,664,test
XCV17696,H1,664,train
XCV17694,H1,664,test
XCV17693,H1,664,train
XCV17692,H1,664,train
XCV17691,H1,664,train
XCV17690,H1,664,train
XCV17683,H1,662,train
XCV17682,H1,662,train
XCV17681,H1,662,val
XCV17680,H1,662,train
XCV17679,H1,664,train
XCV17678,H1,664,test
XCV17677,H1,660,train
XCV17674,H1,664,val
XCV17668,H1,825,val
XCV17667,H1,113,test
XCV17666,H1,113,train
XCV17665,H1,113,train
XCV17664,H1,72,train
XCV17660,H1,171,train
XCV17659,H1,113,train
XCV17658,H1,113,train
XCV17657,H1,113,train
XCV17656,H1,113,train
XCV17652,H1,665,train
XCV17650,H1,665,test
XCV17649,H1,172,train
XCV17644,H1,72,train
XCV17643,H1,72,train
XCV17642,H1,171,train
XCV17641,H1,171,train
XCV17639,H1,665,train
XCV17638,H1,172,test
XCV17637,H1,172,train
XCV17635,H1,665,train
XCV17632,H1,173,train
XCV17631,H1,173,test
XCV17629,H1,173,train
XCV17628,H1,173,val
XCV17626,H1,666,train
XCV17625,H1,72,test
XCV17624,H1,666,train
XCV17623,H1,666,train
XCV17622,H1,173,train
XCV17621,H1,72,train
XCV17620,H1,72,train
XCV17618,H1,173,train
XCV17616,H1,173,train
XCV17615,H1,173,train
XCV17612,H1,666,train
XCV17610,H1,173,train
XCV17609,H1,173,train
XCV17608,H1,174,train
XCV17605,H1,174,train
XCV17602,H1,175,val
XCV17598,H1,174,train
XCV17595,H1,174,val
XCV17594,H1,666,train
XCV17591,H1,666,train
XCV17590,H1,176,train
XCV17588,H1,177,train
XCV17587,H1,175,train
XCV17586,H1,175,test
XCV17583,H1,175,train
XCV17582,H1,178,train
XCV17581,H1,175,test
XCV17580,H1,175,test
XCV17579,H1,175,train
XCV17578,H1,175,val
XCV17577,H1,175,train
XCV17576,H1,611,train
XCV17575,H1,179,train
XCV17574,H1,839,train
XCV17573,H1,176,train
XCV17572,H1,667,train
XCV17571,H1,179,train
XCV17570,H1,179,val
XCV17569,H1,667,train
XCV17568,H1,176,val
XCV17567,H1,179,test
XCV17566,H1,179,train
XCV17565,H1,668,val
XCV17564,H1,180,train
XCV17563,H1,669,train
XCV17562,H1,181,train
XCV17560,H1,182,train
XCV17559,H1,611,train
XCV17558,H1,183,test
XCV17557,H1,183,train
XCV17556,H1,183,train
XCV17555,H1,611,train
XCV17554,H1,181,train
XCV17553,H1,183,train
XCV17552,H1,183,train
XCV17551,H1,611,train
XCV17550,H1,611,val
XCV17549,H1,183,train
XCV17548,H1,184,val
XCV17543,H1,183,train
XCV17542,H1,183,train
XCV17541,H1,611,train
XCV17540,H1,611,test
XCV17539,H1,611,test
XCV17538,H1,611,train
XCV17537,H1,185,train
XCV17536,H1,185,train
XCV17535,H1,185,test
XCV17534,H1,611,test
XCV17533,H1,183,train
XCV17532,H1,185,train
QDH26117,H1,186,train
QDH12016,H1,8,train
QDH12004,H1,8,test
XCB11815,H1,87,train
XCB11814,H1,87,train
XCB07764,H1,10,train
XBA05588,H1,54,train
XBA05456,H1,54,train
WZE57314,H1,32,train
WZE57303,H1,32,train
WZE57292,H1,32,val
WZE57281,H1,32,train
WZE57270,H1,32,train
WZE57259,H1,32,train
WZE57248,H1,32,train
WZE57237,H1,68,train
WZE57226,H1,32,train
WZE57215,H1,32,val
WZE57204,H1,32,train
WZE57193,H1,32,test
WZE57182,H1,32,val
WZE57171,H1,187,train
WZE57160,H1,188,train
WZE57149,H1,32,train
WZE57138,H1,32,test
WZE57127,H1,32,train
WZE57116,H1,32,train
WZE57105,H1,32,train
WZE57094,H1,54,train
WZE57083,H1,68,val
WZE57072,H1,64,train
WZE57061,H1,32,train
WZE57050,H1,64,train
WZE57039,H1,54,train
WZE57028,H1,54,train
WZE57017,H1,6,train
WZE57006,H1,6,test
WZE56995,H1,32,train
WZE56986,H1,32,train
WZE56975,H1,54,train
WZE56964,H1,64,train
WZE56953,H1,54,train
WZE56942,H1,54,train
WZE56931,H1,54,train
WZE56920,H1,34,train
WZE56909,H1,54,train
WZE56898,H1,54,test
WZE56887,H1,32,train
WZE56876,H1,32,train
WZE56865,H1,32,train
WZE56854,H1,32,train
WZE56843,H1,32,train
WZE56832,H1,64,train
WZE56821,H1,51,train
WZE56810,H1,66,train
WZE56799,H1,32,val
WZE56788,H1,32,test
WZE56777,H1,36,train
WZE56766,H1,32,test
WZE56755,H1,6,train
WZE56744,H1,32,test
WZE56733,H1,51,train
WZE56722,H1,51,train
WZE56711,H1,32,test
WZE56700,H1,32,train
WZE56689,H1,32,train
WZE56678,H1,32,train
WZE56667,H1,62,train
WZE56656,H1,62,val
WZE56645,H1,32,train
WZE56634,H1,54,train
WZE56623,H1,54,test
WZE56612,H1,54,train
WZE56601,H1,32,train
WZE56590,H1,64,train
WZE56579,H1,64,train
WZE56568,H1,54,train
WZE56557,H1,54,train
WZE56546,H1,32,train
WZE56534,H1,36,train
WZE56524,H1,69,train
WZE56513,H1,69,test
WZE56502,H1,36,train
WZE56491,H1,64,test
WZE56480,H1,32,train
WZE56469,H1,36,val
WZE56458,H1,36,train
WZE56447,H1,64,val
WZE56436,H1,32,train
WZE56425,H1,32,train
WZE56414,H1,64,val
WZE56403,H1,64,train
WZE56394,H1,54,val
WZE56383,H1,64,train
WZE56372,H1,32,test
WZE56361,H1,32,train
WZE56350,H1,54,val
WZE56339,H1,6,train
WZE56328,H1,65,train
WZE56317,H1,54,train
WZE56306,H1,54,train
WZE56295,H1,64,train
WZE56284,H1,32,train
WZE56273,H1,32,train
WZE56262,H1,69,train
WZE56251,H1,35,train
WZE56240,H1,54,train
WZE56229,H1,64,train
WZE56218,H1,64,train
WZE56210,H1,32,test
WZE56199,H1,32,train
WZE56188,H1,32,train
WZE56177,H1,36,val
WZE56166,H1,36,val
WZE56155,H1,66,train
WZE56144,H1,34,test
WZE56133,H1,32,train
WZE56122,H1,32,train
WZE56111,H1,66,train
WZE56100,H1,65,train
WZE56089,H1,66,train
WZE56078,H1,69,train
WZE56067,H1,69,train
WZE56056,H1,32,train
WZE56045,H1,54,train
WZE56034,H1,32,train
WZE56023,H1,54,train
WZE56012,H1,36,train
WZE56001,H1,32,train
WZE55990,H1,36,train
WZE55979,H1,36,train
WZE55968,H1,32,train
WZE55957,H1,36,val
WZE55948,H1,36,val
WZE55937,H1,54,test
WZE55926,H1,65,train
WZE55915,H1,65,train
WZE55904,H1,64,train
WZE55893,H1,64,train
WZE55882,H1,64,test
WZE55871,H1,64,test
WZE55860,H1,32,test
WZE55849,H1,64,test
WZE55838,H1,64,train
WZE55827,H1,32,train
WZE55816,H1,32,train
WZE55805,H1,32,train
WZE55794,H1,32,train
WZE55783,H1,32,train
WZE55772,H1,32,train
WZE55761,H1,54,train
WZE55750,H1,36,train
WZE55739,H1,54,val
WZE55728,H1,32,val
WZE55717,H1,32,train
WZE55706,H1,70,train
WZE55695,H1,32,test
WZE55684,H1,32,test
WZE55673,H1,64,val
WZE55662,H1,66,train
WZE55651,H1,6,train
WZE55640,H1,32,train
WZE55629,H1,32,val
WZE55618,H1,64,test
WZE55607,H1,64,train
WZE55596,H1,64,train
WZE55585,H1,32,train
WZE55574,H1,32,train
WZE55563,H1,36,test
WZE55552,H1,64,train
WZE55541,H1,54,train
WZE55530,H1,36,train
WZE55519,H1,32,train
WZE55508,H1,66,train
WZE55497,H1,66,train
WZE55486,H1,36,test
WZE55475,H1,32,train
WZE55464,H1,32,train
WZE55453,H1,32,train
WZE55442,H1,32,train
WZE55431,H1,32,train
WZE55420,H1,32,train
WZE55409,H1,64,train
WZE55398,H1,64,test
WZE55387,H1,64,train
WZE55376,H1,64,train
WZE55365,H1,64,train
WZE55354,H1,64,train
WZE55343,H1,64,train
WZE55332,H1,33,train
WZE55321,H1,54,test
WZE55310,H1,32,train
WZE55299,H1,32,train
WZE55288,H1,32,test
WZE55277,H1,54,train
WZE55266,H1,51,train
WZE55255,H1,65,val
WZE55244,H1,33,train
WZE55233,H1,32,train
WZE55222,H1,6,train
WZE55211,H1,32,val
WZE55200,H1,32,train
WZE55189,H1,32,val
WZE55178,H1,66,val
WZE55167,H1,6,train
WZE55156,H1,64,train
WZE55145,H1,66,train
WZE55134,H1,32,train
WZE55123,H1,32,val
WZE55112,H1,32,train
WZE55101,H1,6,train
WZE55090,H1,69,train
WZE55079,H1,32,train
WZE55068,H1,187,val
WZE55057,H1,66,train
WZE55046,H1,32,test
WZE55035,H1,32,train
WZE55024,H1,32,train
WZE55013,H1,66,train
WZE55002,H1,32,test
WZE54991,H1,32,train
WZE54981,H1,32,train
WZE54970,H1,32,val
WZE54959,H1,32,train
WZE54948,H1,32,train
WZE54937,H1,34,train
WZE54926,H1,32,train
WZE54915,H1,51,train
WZE54904,H1,32,train
WZE54893,H1,32,train
WZE54882,H1,54,test
WZE54871,H1,64,train
WZE54860,H1,64,test
WZE54849,H1,32,val
WZE54838,H1,54,train
WZE54827,H1,32,test
WZE54816,H1,32,test
WZE54805,H1,32,train
WZE54794,H1,66,train
WZE54783,H1,32,train
WZE54772,H1,54,train
WZE54765,H1,64,train
WZE54755,H1,54,train
WZE54745,H1,54,train
WZE54735,H1,6,val
WZE54727,H1,32,train
WZE54717,H1,32,train
WZE54707,H1,32,train
WZE54697,H1,54,train
WZE54688,H1,32,test
WZE54679,H1,69,train
WZE54671,H1,35,test
WZE54663,H1,54,train
WZE54653,H1,32,train
WZE54643,H1,70,train
WZE54635,H1,32,train
WZE54624,H1,66,val
WZE54617,H1,6,train
WZE54607,H1,66,test
WZE54597,H1,32,train
WZE54588,H1,54,test
WZE54578,H1,36,train
WZE54568,H1,65,test
WZE54558,H1,66,train
WZE54548,H1,32,train
WZE54539,H1,36,test
WZE54530,H1,64,train
WZE54521,H1,54,train
WZE54511,H1,32,train
WZD33219,H1,54,train
UDV76346,H1,189,test
UDV76345,H1,189,test
UDV76344,H1,190,test
UDV76343,H1,190,test
UDV76342,H1,189,train
UDV76341,H1,191,train
UDV76340,H1,191,train
UDV76339,H1,191,train
UDV76338,H1,191,train
UDV76337,H1,190,test
WVR18237,H1,670,train
QIB02447,H1,671,train
WPN07623,H1,87,train
WPN07622,H1,208,train
WPN07621,H1,208,test
WPN07620,H1,150,train
WOY09360,H1,192,val
WOL41566,H1,193,test
WHO43055,H1,32,train
WHO43018,H1,68,train
WHO18970,H1,70,val
WFH86284,H1,68,train
WFH86237,H1,66,train
WFH86214,H1,68,train
WFH86131,H1,68,train
WFH86120,H1,66,train
WFH86049,H1,68,train
WFH85954,H1,68,train
WFH85931,H1,68,train
WFH85920,H1,68,val
WFH85897,H1,68,train
WFH85874,H1,32,train
WFH85851,H1,68,train
WFH85828,H1,68,train
WFH85781,H1,66,train
WFH85710,H1,68,train
WFH85699,H1,32,train
WFH85688,H1,66,train
WFH85665,H1,32,train
WFH85654,H1,32,train
WFH85643,H1,66,train
WFH85632,H1,66,val
WFH85621,H1,68,train
WFH85610,H1,68,train
WFH85599,H1,68,train
WFH85438,H1,33,train
WFH85437,H1,68,test
WFH85436,H1,32,train
WFH85435,H1,66,train
WFH85357,H1,68,train
WFH85356,H1,95,train
WFH85311,H1,68,train
WFH85310,H1,68,train
WFH85273,H1,66,val
WFH85237,H1,68,test
WFH85181,H1,66,train
WFH85180,H1,64,train
WFH85179,H1,66,train
WFH85178,H1,68,train
WFH85111,H1,68,train
WFH85110,H1,32,train
WFH85109,H1,68,val
WFH85108,H1,66,val
WFH85107,H1,68,train
WFH84988,H1,68,train
WFH84987,H1,68,test
WBG53463,H1,194,val
WBG53452,H1,195,train
WES70816,H1,32,train
WES70811,H1,32,val
WDK38115,H1,32,train
WDK38110,H1,32,train
WBS16660,H1,1,train
WBS16659,H1,904,train
WBS16658,H1,66,train
WBS16657,H1,66,val
WBS16656,H1,66,train
WBS16655,H1,66,train
WBS16654,H1,66,train
WBS16653,H1,66,train
WBP78003,H1,208,test
WBP78002,H1,87,train
WBP78001,H1,87,train
WBP78000,H1,208,val
WBP77999,H1,208,train
WBP77998,H1,150,train
WBP77997,H1,208,val
WBP77996,H1,208,test
WBP77995,H1,208,train
WBP77994,H1,208,train
WBP77993,H1,208,train
WBP77992,H1,208,val
WBP77991,H1,208,train
WBP77990,H1,208,train
WBP77989,H1,87,train
WBP77988,H1,87,val
WBP77987,H1,208,test
WBP77986,H1,208,val
WBP77985,H1,208,train
WBP77984,H1,208,test
WBP77983,H1,87,test
WBP77982,H1,87,train
WBP77981,H1,87,train
WBP77980,H1,208,test
WBP77979,H1,87,train
WBP77978,H1,87,train
WBP77977,H1,208,train
WBP77976,H1,208,train
WBP77975,H1,150,train
WBP77974,H1,208,train
WBP77973,H1,208,train
WBP77972,H1,208,train
WBP77971,H1,208,train
WBP77970,H1,208,test
WBP77969,H1,208,train
WBP77968,H1,208,test
WBP77967,H1,208,train
WBP77966,H1,87,val
WBP77965,H1,87,train
WBP77964,H1,208,train
WBP77963,H1,208,train
WBP77962,H1,208,train
WBP77961,H1,208,train
WBP77960,H1,87,test
WBP77959,H1,87,train
WBP77958,H1,87,train
WBP77957,H1,208,train
WBP77956,H1,87,train
WBP77955,H1,87,train
WBP77954,H1,208,train
WBP77953,H1,208,test
WBP77952,H1,150,train
WBG96000,H1,196,train
WBG95998,H1,103,train
WBG95997,H1,197,train
WBG95994,H1,198,train
WBG95993,H1,87,train
WBG95992,H1,96,train
WBG95988,H1,139,train
WBG95987,H1,199,test
WBG95981,H1,200,train
WBG95980,H1,41,train
WBG95972,H1,201,train
WBG95967,H1,150,train
WBG95961,H1,41,train
WBG95958,H1,202,train
WBG95954,H1,203,train
WBG95951,H1,204,val
WBG95946,H1,41,train
WBG95944,H1,205,train
WBG95937,H1,144,train
WBG95934,H1,41,test
WBG95933,H1,96,test
WBG95931,H1,95,train
WBG95930,H1,95,train
WBG95928,H1,203,train
WBG95927,H1,95,val
WBG95925,H1,113,train
WBG95924,H1,206,train
WBG95919,H1,150,train
WBG95916,H1,113,train
WBG95912,H1,1,test
WBG95909,H1,156,train
WBG95907,H1,150,val
WBG95897,H1,207,train
WBG95890,H1,208,train
WBG95886,H1,204,train
WBG95883,H1,113,train
WBG95878,H1,150,train
WBG95875,H1,113,val
WBG95873,H1,92,train
WBG95871,H1,209,train
WBG95860,H1,150,train
WBG95858,H1,210,train
WBG95855,H1,150,train
WBG95851,H1,211,train
WBG95847,H1,107,train
WBG95844,H1,41,test
WBG95843,H1,150,val
WBG95842,H1,212,train
WBG95839,H1,213,test
WBG95834,H1,87,train
WBG95832,H1,99,train
WBG95831,H1,95,train
WBG95823,H1,41,train
WBG95820,H1,203,train
WBG95818,H1,214,test
WBG95814,H1,215,test
WBG95811,H1,216,train
WBG95809,H1,217,train
WBG95808,H1,218,train
WBG95806,H1,204,val
WBG95804,H1,197,train
WBG95801,H1,219,val
WBG95797,H1,92,train
WBG95796,H1,1,train
WBG95794,H1,220,train
WBG95791,H1,41,val
WBG95789,H1,221,train
WBG95783,H1,222,train
WBG95780,H1,210,train
WBG95778,H1,203,train
WBG95772,H1,197,train
WBG95769,H1,223,train
WBG95763,H1,224,train
WBG95762,H1,146,test
WBG95761,H1,225,train
WBG95759,H1,222,train
WBG95754,H1,150,train
WBG95748,H1,41,train
WBG95746,H1,210,train
WBG95737,H1,226,test
WBG95734,H1,227,train
WBG95733,H1,95,train
WBG95726,H1,228,train
WBG95721,H1,103,train
WBG95717,H1,222,train
WBG95716,H1,203,train
WBG95715,H1,95,train
WBG95712,H1,150,train
WBG95711,H1,113,train
WBG95709,H1,226,train
WBG95701,H1,41,test
WBG95694,H1,210,test
WBG95691,H1,113,train
WBG95687,H1,41,val
WBG95679,H1,95,train
WBG95676,H1,215,val
WBG95675,H1,3,train
WBG95671,H1,41,test
WBG95670,H1,218,train
WBG95669,H1,203,train
WBG95667,H1,150,val
WBG95665,H1,229,train
WBG95663,H1,144,train
WBG95656,H1,203,train
WBG95654,H1,204,train
WBG95649,H1,226,train
WBG95646,H1,230,test
WBG95645,H1,231,test
WBG95643,H1,95,train
WBG95639,H1,232,train
WBG95637,H1,95,train
WBG95630,H1,233,train
WBG95622,H1,150,train
WBG95621,H1,229,test
WBG95620,H1,203,train
WBG95619,H1,234,test
WBG95615,H1,235,train
WBG95608,H1,95,train
WBG95607,H1,209,train
WBG95606,H1,236,train
WBG95605,H1,237,train
WBG95604,H1,208,train
WBG95586,H1,238,train
WBG95580,H1,239,val
WBG95574,H1,99,train
WBG95572,H1,41,train
WBG95558,H1,41,train
WBG95553,H1,144,train
WBG95549,H1,95,train
WBG95548,H1,113,val
WBG95547,H1,113,test
WBG95544,H1,218,test
WBG95538,H1,197,train
WBG95535,H1,41,train
WBG95532,H1,240,test
WBG95527,H1,236,test
WBG95524,H1,234,val
WBG95522,H1,241,train
WBG95520,H1,242,train
WAZ55127,H1,878,val
UXC94675,H1,208,train
UXC94674,H1,87,train
UXC94673,H1,87,train
UXC94672,H1,208,train
UXC94671,H1,208,test
UXC94670,H1,208,train
UXC94669,H1,208,train
UXC94668,H1,208,val
UXC94667,H1,87,train
UXC94666,H1,87,train
UXC94665,H1,208,train
UXC94664,H1,208,test
UXC94663,H1,208,val
UXC94662,H1,103,test
UXC94661,H1,208,train
UXC94660,H1,208,train
UXC94659,H1,208,test
UXC94658,H1,902,train
UXC94657,H1,208,train
UXC94656,H1,208,train
UXC94655,H1,208,train
UWY17006,H1,113,train
UWY17005,H1,208,train
UWY17004,H1,243,train
UWY17003,H1,208,train
UWY17002,H1,208,train
UWY16824,H1,208,train
UWY16823,H1,208,train
UWY16822,H1,208,test
UWY16821,H1,208,train
UWY16820,H1,208,test
UWY16819,H1,208,val
UWY16818,H1,208,train
UWY16817,H1,208,train
UWY16816,H1,208,train
UWY16815,H1,208,train
UWY16814,H1,208,val
UWY16813,H1,208,train
UWY16812,H1,208,train
UWY16811,H1,208,train
UWY16810,H1,208,train
UWY16809,H1,208,train
UWY16808,H1,208,val
UWY16807,H1,208,train
UWY16806,H1,208,train
UWY16805,H1,208,train
UWY16804,H1,208,train
UWY16803,H1,208,test
UWY16802,H1,150,test
UWW34154,H1,87,train
UWW34153,H1,150,train
UWW34152,H1,87,val
UWW34151,H1,87,train
UWW34150,H1,208,train
UWW34149,H1,208,test
UWW34148,H1,208,train
UWW34147,H1,208,train
UWW34146,H1,208,test
UWW34145,H1,208,train
UWW34144,H1,208,test
UWW34143,H1,113,train
UWW34142,H1,208,train
UWW34141,H1,113,train
UWW34140,H1,208,test
UWW34139,H1,113,train
UWW34138,H1,208,train
UWW34137,H1,113,train
UWW34136,H1,208,train
UWV31774,H1,4,train
UWV31773,H1,4,train
UWV31772,H1,4,train
UWV31771,H1,4,val
UWV31770,H1,4,train
UWV31769,H1,4,train
UWV31768,H1,4,val
UWV31767,H1,4,train
UWV31766,H1,4,val
UWV31765,H1,4,val
UWV31764,H1,4,test
UWV31763,H1,4,test
UWV31762,H1,4,train
UWV31761,H1,4,train
UWV31760,H1,4,train
USO97900,H1,244,train
USO97899,H1,318,val
USO97050,H1,246,val
USO97049,H1,319,train
USO97037,H1,248,test
USO97036,H1,320,train
UFO90101,H1,250,val
UDL16909,H1,672,test
UEF70290,H1,251,val
UEF70281,H1,251,train
AMY16096,H1,325,test
ALT19980,H1,673,val
ALP01920,H1,253,train
ALJ54615,H1,80,train
QPQ50099,H1,254,train
QPQ50087,H1,255,train
QPQ50076,H1,1,train
QPQ50065,H1,256,train
QPQ50053,H1,257,val
QPQ50041,H1,258,test
QPQ50030,H1,259,test
QPQ50019,H1,260,val
QPQ50007,H1,261,train
QPQ49995,H1,262,test
QPQ49984,H1,263,train
QPQ49972,H1,264,train
QPQ49960,H1,265,test
QPQ49948,H1,266,train
QPQ49936,H1,267,train
QPQ49935,H1,268,train
QPQ49934,H1,873,train
QPQ49933,H1,882,train
QPQ49932,H1,269,train
QPQ49931,H1,270,train
QPQ49930,H1,261,train
QPQ49929,H1,261,train
QPQ49928,H1,261,train
QPQ49927,H1,271,train
QPQ49926,H1,272,train
QPQ49925,H1,273,train
QPQ49924,H1,274,train
QPQ49923,H1,275,train
QPQ49922,H1,276,val
QPQ49921,H1,874,train
QPQ49920,H1,261,train
QPQ49919,H1,277,train
QPQ49918,H1,874,train
QPQ49917,H1,267,train
QPQ49916,H1,875,val
QPQ49915,H1,854,test
QPQ49914,H1,674,train
QPQ49913,H1,275,train
QPQ49912,H1,278,val
QPQ49911,H1,876,train
QPQ49910,H1,279,val
QPQ49909,H1,280,train
QPQ49908,H1,281,train
QPQ49907,H1,868,val
QPQ49906,H1,282,train
QPQ49905,H1,282,train
QPQ49904,H1,871,train
QPQ49903,H1,883,test
QPQ49902,H1,283,test
QPQ49901,H1,268,train
QPQ49900,H1,884,train
QPQ49899,H1,257,val
QPQ49898,H1,284,train
QPQ49886,H1,271,test
QPQ49874,H1,285,train
BAI83396,H1,286,train
BAI83395,H1,286,train
BAI83388,H1,287,test
QQV26769,H1,675,test
ASB32474,H1,327,test
QOL72093,H1,289,val
QOL72057,H1,290,test
QOL72033,H1,290,train
QOL24301,H1,291,train
AXO64440,H1,292,train
QNH89147,H1,152,train
QNH89136,H1,293,val
QNH89115,H1,293,val
QNH89099,H1,577,val
QNH89089,H1,577,val
QNH89082,H1,577,test
QNH89071,H1,577,train
QNH89060,H1,577,val
QNH89049,H1,577,train
QNH89038,H1,577,train
QNH89027,H1,577,val
QNH89018,H1,577,train
QNH89009,H1,577,test
QNH88998,H1,577,train
QNH88987,H1,577,train
QNH88976,H1,577,train
QNH88965,H1,577,train
QNH88867,H1,577,train
QNH88858,H1,577,train
QNH88847,H1,577,train
QNH88836,H1,577,val
QNH88815,H1,577,train
QNH88804,H1,577,train
QNH88795,H1,577,train
QNH88784,H1,577,val
QNH88775,H1,577,train
QNH88763,H1,577,train
QNH88754,H1,577,train
QNH88734,H1,577,train
QNH88716,H1,577,val
QNH88705,H1,577,train
QNH88694,H1,577,train
QNH88683,H1,577,train
QNH88672,H1,577,val
QKS74770,H1,292,val
QKS74696,H1,292,val
QKS74596,H1,294,train
QKX08576,H1,295,train
QKX08606,H1,71,train
QKX08605,H1,71,train
QKX08604,H1,295,test
QKX08598,H1,126,train
QKX08602,H1,71,val
QKX08603,H1,71,train
QKX08587,H1,126,train
QKX08601,H1,71,test
QKX08588,H1,73,train
QKX08586,H1,296,train
QKX08585,H1,71,test
QKX08584,H1,297,train
QKX08582,H1,113,train
QKX08580,H1,71,train
QKX08581,H1,298,train
QKX08579,H1,299,test
QKX08578,H1,71,train
QKX08577,H1,71,train
QKX08574,H1,71,train
QKX08575,H1,113,val
QKX08548,H1,71,train
QKX08572,H1,71,val
QKX08561,H1,126,val
QKX08557,H1,126,test
QKX08547,H1,300,train
QKX08573,H1,301,train
QKX08571,H1,302,val
QKX08546,H1,71,train
QKX08545,H1,71,val
QKX08543,H1,126,test
QKX08544,H1,126,train
QKX08532,H1,71,train
QKX08533,H1,71,train
QKX08531,H1,71,train
QKX08530,H1,71,train
QKX08529,H1,126,train
QKX08527,H1,126,train
QKX08526,H1,71,test
QKX08525,H1,71,train
QKX08524,H1,71,val
QJI52656,H1,95,train
QIZ31704,H1,41,test
QIZ31694,H1,41,train
QIV14108,H1,95,train
QIQ44212,H1,95,train
QIA57521,H1,144,train
ATV88318,H1,303,train
ATV88317,H1,304,train
ATV83578,H1,305,train
ATV83577,H1,113,test
ATJ01981,H1,306,train
ATJ01980,H1,113,train
ASY92872,H1,307,train
ASY92871,H1,562,val
ASJ81281,H1,308,train
ASJ81280,H1,309,train
ASJ81244,H1,308,train
ASJ81243,H1,826,train
ASJ81242,H1,309,train
AQT31304,H1,310,val
AQT31303,H1,676,test
ABU98986,H1,906,val
QFU20133,H1,92,train
QEV84083,H1,851,test
BBN23844,H1,311,train
BBN23843,H1,677,train
BBN23842,H1,312,test
QEE84129,H1,94,train
QDR48025,H1,92,test
QDE05253,H1,144,test
QCG82571,H1,1,train
QBY33566,H1,313,train
QBR98631,H1,840,train
QBR98608,H1,890,val
QBR98518,H1,314,train
QBM03088,H1,92,val
QBL90347,H1,150,val
AYA22049,H1,71,train
AYA22048,H1,71,train
AVV64955,H1,113,train
AVV64954,H1,113,train
AVV64953,H1,113,train
AVV64952,H1,113,train
AVV64951,H1,71,train
AVV64950,H1,71,train
AVV64949,H1,71,train
AVV64948,H1,71,test
AVV64947,H1,71,train
AVV64946,H1,71,train
AVV64945,H1,71,val
AVV64944,H1,71,train
AVV64943,H1,71,train
AVV64942,H1,841,train
AVV64941,H1,841,train
AXY81023,H1,208,train
AXY80579,H1,208,train
AXO64583,H1,292,train
AXO64514,H1,292,train
AXO63971,H1,315,train
AXO63951,H1,315,train
AXF93468,H1,87,train
AXF93440,H1,87,train
AXF93428,H1,87,train
AXF93419,H1,265,train
AXF93417,H1,317,test
AXF93412,H1,208,val
AXF93400,H1,208,train
AXF93393,H1,103,train
AXF93323,H1,208,train
AXF92791,H1,87,test
AWZ61801,H1,292,val
AWZ61198,H1,292,train
ARV89885,H1,678,val
AMQ46551,H1,843,train
AMQ26450,H1,318,train
AHN00405,H1,319,test
AHN00404,H1,844,train
AHL78909,H1,320,train
AHL78908,H1,827,val
AHL78795,H1,828,train
AHL78794,H1,320,val
AHL78604,H1,320,train
AHL78603,H1,828,val
AHL78446,H1,320,test
AHL78445,H1,828,train
AHB23130,H1,321,train
AHB23129,H1,679,val
AHB21268,H1,322,train
AHB21267,H1,323,train
AGG83052,H1,326,train
AGG83051,H1,325,test
AGG82865,H1,292,train
AGG82864,H1,326,train
AGG82848,H1,326,test
AGG82847,H1,292,train
AGG27468,H1,292,train
AGG27467,H1,845,val
AGG27466,H1,830,train
AGG26919,H1,849,train
AGG26918,H1,324,train
AGG26904,H1,849,test
AGG26903,H1,324,test
AGG26716,H1,328,train
AGG26715,H1,327,train
AGG26666,H1,319,train
AGG26665,H1,329,train
AGC73436,H1,831,train
AGC73435,H1,331,train
AGC00249,H1,332,val
AGC00248,H1,617,val
AGC00237,H1,332,train
AGC00236,H1,617,val
AGC00181,H1,332,train
AGC00180,H1,617,test
AGC00169,H1,617,train
AGC00168,H1,332,test
AGC00135,H1,332,train
AGC00134,H1,617,val
AGC00101,H1,617,train
AGC00100,H1,332,train
AGC00078,H1,617,train
AGC00077,H1,332,val
AGC00044,H1,617,test
AGC00043,H1,332,train
AGC00021,H1,617,train
AGC00020,H1,332,val
AGC00007,H1,617,val
AGC00006,H1,332,test
AGB99970,H1,617,train
AGB99969,H1,332,train
AGB99934,H1,332,train
AGB99933,H1,617,train
AGB99887,H1,332,test
AGB99886,H1,617,train
AGB99840,H1,332,train
AGB99839,H1,617,train
AGB99782,H1,332,train
AGB99781,H1,617,train
AGB99746,H1,617,train
AGB99745,H1,332,train
AFY07178,H1,333,train
AFY07177,H1,292,val
AFY06548,H1,832,train
AFY06547,H1,292,val
AFY05765,H1,292,train
AFY05764,H1,832,train
AFJ12407,H1,846,train
AFJ12406,H1,334,train
AFH74465,H1,211,train
AFH74464,H1,335,train
AET78197,H1,324,train
AET78196,H1,849,train
AET77850,H1,325,train
AET77849,H1,336,train
AET74493,H1,337,train
AET74492,H1,327,train
AEO91690,H1,391,test
AEO91689,H1,392,val
AEO91644,H1,341,val
AEO91643,H1,322,val
AEO91595,H1,342,val
AEO91594,H1,343,train
AEM75339,H1,344,train
AEM75338,H1,336,train
AEI91999,H1,335,train
AEI91998,H1,211,train
AEI91978,H1,335,train
AEI91977,H1,211,train
ATE49500,H1,393,val
ATE49491,H1,394,train
ATE49040,H1,345,train
ATE48935,H1,345,val
ATE48871,H1,393,train
ATE48859,H1,394,test
ASV62302,H1,347,train
AOZ86615,H1,113,train
AOZ86532,H1,113,test
AOZ86516,H1,113,train
AOZ86357,H1,113,train
AOZ86331,H1,113,train
AOZ86289,H1,113,test
AOZ86283,H1,113,val
AOZ86247,H1,113,train
AOZ85573,H1,113,train
ANE23927,H1,71,train
AKT07978,H1,889,train
AGI55521,H1,211,val
ABW23337,H1,682,train
ASO97503,H1,593,train
ASO97501,H1,175,train
ASO97485,H1,407,train
ASO97483,H1,408,train
ARQ84253,H1,351,train
ARQ84252,H1,351,train
ARQ84251,H1,352,train
ARQ84250,H1,352,val
ARQ84249,H1,353,train
ARQ84248,H1,354,test
ARQ84247,H1,354,test
ARQ84246,H1,354,test
ARQ84245,H1,354,train
ARQ84244,H1,354,val
ARQ84243,H1,354,train
ARQ84242,H1,354,test
ARQ84241,H1,355,val
ARQ84240,H1,355,test
ARQ84239,H1,356,train
ARQ84238,H1,354,val
ARQ84237,H1,357,train
ARQ84236,H1,358,test
ARQ84235,H1,357,train
ARQ84234,H1,357,train
ARQ84233,H1,357,train
ARQ84232,H1,357,train
ARQ84231,H1,357,train
ARQ84230,H1,357,test
ARQ84229,H1,359,val
ARQ84228,H1,360,train
ARQ84227,H1,359,train
ARQ84226,H1,360,train
ASB33702,H1,409,test
ASB33690,H1,558,train
ASB32935,H1,73,test
ASB32842,H1,410,train
ASB32833,H1,411,train
ARX97449,H1,363,train
ARX97390,H1,559,test
ARX97388,H1,412,val
ARU07171,H1,408,train
ARU07169,H1,170,val
ARQ86095,H1,113,train
ARM59335,H1,367,val
ARJ63957,H1,413,train
ARJ63955,H1,170,train
ARJ63954,H1,414,train
ARJ63952,H1,594,test
AQY18739,H1,369,train
AQU12413,H1,415,train
AQN75804,H1,371,val
APY25381,H1,685,train
APW84919,H1,858,train
APG56782,H1,111,train
ANE37509,H1,686,train
ANE37492,H1,372,train
AMU04445,H1,687,train
AMQ49139,H1,673,test
AMP44891,H1,564,train
AMM43276,H1,115,val
AMH93673,H1,373,test
AMB72621,H1,81,train
AMA65421,H1,72,train
ALX27323,H1,688,train
ALT19930,H1,565,train
ALT19823,H1,374,train
ALR83415,H1,82,train
ALR83366,H1,82,test
ALR83348,H1,375,train
ALR83338,H1,376,train
ALR83329,H1,565,val
ALR83300,H1,565,test
ALP31258,H1,377,val
ALP01838,H1,689,train
ALJ54534,H1,690,test
ALH21541,H1,691,val
ALA50505,H1,378,val
ALA50500,H1,378,val
AKV57693,H1,173,train
AKP04496,H1,111,train
AKH14609,H1,79,train
AJY54596,H1,73,train
AJF45788,H1,424,train
AJF45784,H1,425,train
AJF45779,H1,560,val
AJF45775,H1,426,train
AJD78081,H1,419,test
AJD78008,H1,610,train
AJD77986,H1,261,train
AJD77982,H1,427,train
AIZ70289,H1,420,train
AIZ70285,H1,561,train
AIZ70269,H1,561,train
AIZ70247,H1,428,test
AIZ70243,H1,429,train
AIZ70218,H1,561,train
AIZ70214,H1,420,train
AIZ70208,H1,430,train
AIZ70204,H1,420,train
ARG44523,H1,693,train
APR73245,H1,73,train
APR73244,H1,385,test
APR73243,H1,694,train
APR73242,H1,695,train
APR73241,H1,386,train
APR73240,H1,387,val
APR73239,H1,388,train
APR73238,H1,389,train
APR73237,H1,390,train
APR73236,H1,391,train
APR73235,H1,73,train
APR73234,H1,615,train
APR73233,H1,696,train
APR73232,H1,615,val
APQ31976,H1,697,train
APQ31975,H1,698,train
APO39357,H1,562,train
APO39355,H1,415,train
ACD62353,H1,861,val
AAF04721,H1,445,train
ADX98705,H1,859,train
ADW54451,H1,892,train
ADM73554,H1,903,test
ADM73553,H1,903,train
ADM73552,H1,903,train
ADM73551,H1,903,train
ADM73550,H1,903,test
ADM73549,H1,903,train
ADM73548,H1,903,train
ADM73547,H1,903,train
ADM73546,H1,903,train
ADM73545,H1,903,train
ADM73544,H1,903,train
ADM73543,H1,903,test
ADM73542,H1,903,test
ADM73541,H1,903,train
ADM73540,H1,903,train
ADM73539,H1,903,train
ADM73538,H1,903,train
ADM73537,H1,903,train
ADM73536,H1,903,val
ADM73535,H1,903,train
ADM73534,H1,903,train
ADM73533,H1,903,test
ADM73532,H1,903,train
ADM73531,H1,903,train
ADM73530,H1,903,train
ADM73529,H1,903,train
ADM73528,H1,903,val
ADM73527,H1,903,train
ADM73526,H1,903,train
ADM73525,H1,903,train
ADM73524,H1,903,train
ADM73523,H1,903,val
ADM73522,H1,903,train
ADM73521,H1,903,train
ADM73520,H1,903,train
ADM73519,H1,903,train
ADM73518,H1,903,train
ADM73517,H1,903,train
ADM73516,H1,903,train
ADM73515,H1,903,val
ADM73514,H1,903,train
ADM73513,H1,903,train
ADM26518,H1,428,train
ADM26517,H1,862,train
ADM26516,H1,428,val
ADM26515,H1,428,train
ADM26514,H1,428,train
ADM26513,H1,428,train
ADM26512,H1,428,train
ADM26511,H1,428,test
ADM26510,H1,428,train
ADM26509,H1,428,val
ADM26508,H1,863,train
ADM26507,H1,864,train
ADM26506,H1,428,val
ADM18099,H1,865,train
ADM18098,H1,700,train
ADM18097,H1,73,test
ADM18096,H1,701,train
ADM18095,H1,392,test
ADM18094,H1,702,train
ADM18093,H1,340,train
ADM18092,H1,393,test
ADM18091,H1,885,test
ADM18090,H1,703,test
ADM18089,H1,394,train
ADM18088,H1,704,test
ACY67477,H1,675,val
ACY67454,H1,870,train
ACR26757,H1,494,train
ACR26754,H1,499,train
ACR26744,H1,834,train
ACQ73205,H1,850,train
ACQ73202,H1,855,train
ACQ73201,H1,842,train
ABQ09967,H1,907,test
ANK57860,H1,899,train
ANK57856,H1,673,test
ANG55912,H1,377,train
ANF29079,H1,686,train
ANF29075,H1,418,train
AIC64617,H1,396,train
AIC64615,H1,397,train
AIC64600,H1,398,train
AKZ42082,H1,399,train
AKZ41843,H1,400,train
AJJ98649,H1,401,train
AJJ98648,H1,401,test
AJJ98647,H1,402,train
AJJ98646,H1,401,train
AJJ98645,H1,289,train
AJJ98644,H1,402,train
AJJ98643,H1,403,train
AJJ98642,H1,403,val
AJJ98641,H1,404,train
AJJ98640,H1,402,test
AJJ98639,H1,289,train
AJJ98638,H1,405,train
AJJ98637,H1,405,val
AJJ98636,H1,406,train
AJJ98635,H1,405,test
AHB59322,H1,866,val
AHZ41463,H1,407,train
ALE66682,H1,72,train
ALD19393,H1,562,train
AKM15195,H1,408,train
AKM15194,H1,409,train
AKM15189,H1,410,train
AKM15186,H1,411,train
ALA50333,H1,867,val
ALA50332,H1,412,train
ALA50331,H1,413,val
AKL90745,H1,563,train
AKL90741,H1,170,test
AKJ84209,H1,564,train
AGB13105,H1,414,train
AGB13082,H1,211,train
BAQ19486,H1,468,train
BAQ19476,H1,469,train
BAQ19466,H1,469,train
BAQ19456,H1,470,train
BAQ19446,H1,471,train
BAQ19436,H1,472,train
BAQ19426,H1,473,train
BAQ19416,H1,474,train
BAQ19406,H1,475,train
BAQ19396,H1,476,train
BAQ19386,H1,477,train
AIX94903,H1,17,train
AIU46705,H1,171,test
AIT38426,H1,565,train
AIT38419,H1,478,train
AIA62021,H1,427,train
AIA62010,H1,289,train
AIA61999,H1,428,train
AIA61989,H1,427,train
AIA61978,H1,835,train
AIA61967,H1,429,train
AIA61956,H1,430,val
AIA61945,H1,428,train
AIQ77768,H1,430,val
AIQ77764,H1,479,train
AIQ77756,H1,479,train
AIO11735,H1,209,train
AIO11726,H1,411,train
AIO11715,H1,209,val
AIO11706,H1,411,val
AIO11695,H1,480,train
AIO11686,H1,209,train
AIN25596,H1,73,train
AIN25586,H1,73,train
AIN25575,H1,209,test
AIN25566,H1,480,train
AIN25558,H1,209,val
AIN25551,H1,411,test
AIN25541,H1,411,train
AIN25531,H1,209,val
AII31203,H1,434,train
AII30768,H1,209,val
AIE53446,H1,414,train
AIE52177,H1,566,train
AIE52173,H1,484,train
AHK10692,H1,436,train
AHK10659,H1,436,train
AHI43444,H1,485,train
AHI43440,H1,567,train
AHZ65653,H1,438,train
AHY95057,H1,568,train
AHY95053,H1,486,train
AHM98831,H1,298,train
AHW46689,H1,569,train
AHW46685,H1,171,train
AHW46664,H1,569,train
AHW46660,H1,171,test
AHW46564,H1,123,train
AHM24129,H1,488,train
AHM24125,H1,171,val
AHL21547,H1,168,train
AHL21543,H1,411,test
AHL21470,H1,570,train
AHL21466,H1,171,test
AHK10688,H1,707,train
AHK10683,H1,438,val
AHK10681,H1,488,train
AHK10677,H1,489,train
AHK10667,H1,489,val
AHK10663,H1,488,train
AHI43412,H1,438,test
AHI43402,H1,490,train
AHI43398,H1,171,train
AHI43290,H1,171,train
AHH00822,H1,491,train
AHG26656,H1,571,train
AHG26652,H1,492,train
AHD25184,H1,488,test
AHD25180,H1,493,train
AHD25167,H1,565,test
AHD25163,H1,492,train
AHD25147,H1,438,train
AHD25146,H1,494,train
AHD25142,H1,566,val
AHB73608,H1,494,train
AHB24479,H1,712,train
AHB52150,H1,836,train
AHA57102,H1,713,train
AGZ62310,H1,438,train
AGZ62293,H1,123,test
AGY14417,H1,714,test
AGX00902,H1,123,test
AGX00877,H1,123,test
AGW25658,H1,123,test
AGU69952,H1,447,train
AGU01765,H1,414,val
AEN69435,H1,448,train
AGT41695,H1,488,train
AGT41690,H1,495,train
AGO51467,H1,496,train
AGO51460,H1,572,val
AGL51629,H1,492,train
AFJ76170,H1,900,train
AFJ76169,H1,211,train
AFJ76155,H1,450,train
AFJ76131,H1,450,train
AEQ61195,H1,893,test
AFY09646,H1,385,train
AFX96359,H1,228,train
AFX96347,H1,211,train
AFN69199,H1,500,train
AFN69198,H1,182,train
ADG85249,H1,452,train
ADG85245,H1,211,train
ADG85241,H1,211,train
ADG85237,H1,385,val
ADG85233,H1,453,val
ADG85229,H1,211,train
ADG85225,H1,390,train
ADG85221,H1,454,train
AEX63539,H1,856,train
AFM78666,H1,455,train
AFM46540,H1,215,train
AFM46539,H1,457,train
AFJ75615,H1,716,train
AFJ74819,H1,458,train
AFJ74804,H1,458,val
AFJ74780,H1,458,train
AFJ74779,H1,717,train
AFJ74761,H1,458,train
AFJ74760,H1,717,test
AFJ74744,H1,458,val
AFJ74743,H1,717,train
AFJ74727,H1,458,train
AFJ74726,H1,894,test
AFJ74695,H1,459,train
AFJ74694,H1,717,val
AFJ74674,H1,460,train
AFJ74673,H1,717,train
AFJ74654,H1,458,train
AFJ74653,H1,717,val
AFJ74634,H1,458,train
AFJ74633,H1,717,val
AFJ74560,H1,461,train
AFJ74559,H1,717,train
AFJ74546,H1,898,train
AEQ50025,H1,353,test
AEQ50015,H1,353,train
AEQ50005,H1,353,train
AEQ49995,H1,353,val
AEQ49985,H1,353,train
AEO08977,H1,289,test
AEO08966,H1,462,train
AEO08955,H1,462,val
AEO08944,H1,462,train
AFJ12421,H1,463,val
AET50910,H1,332,train
ADV69109,H1,718,train
ADV69108,H1,719,train
ADV69107,H1,620,val
ADV69106,H1,720,train
ADV69105,H1,721,val
ADV69104,H1,615,train
ADV69103,H1,722,train
ADV69102,H1,615,train
ADV69101,H1,615,train
ADV69100,H1,679,train
ADV69099,H1,723,train
ADV69098,H1,723,train
ADV69097,H1,724,val
ADV69096,H1,725,val
ADV69095,H1,697,train
ADV69094,H1,726,train
ADV69093,H1,725,train
ADV69092,H1,619,test
ADV69091,H1,619,train
ADV69090,H1,727,train
ADV69089,H1,728,train
ADV69088,H1,729,train
ADV69087,H1,697,train
ADV69086,H1,619,test
ADV69085,H1,719,test
ADV69084,H1,730,test
ADV69083,H1,722,train
ADV69082,H1,719,train
ADV69081,H1,731,train
ADV69080,H1,732,train
ADV69079,H1,733,train
ADV69078,H1,734,train
ADV69077,H1,735,train
ADV69076,H1,735,train
ADV69075,H1,735,train
ADV69074,H1,735,train
ADV69073,H1,735,train
AEI92018,H1,716,val
AEI91963,H1,716,val
AEH42796,H1,465,train
AEH42785,H1,466,val
AEH42774,H1,466,train
AEH42763,H1,465,val
AEH42752,H1,465,train
AEH42741,H1,467,test
ADW80272,H1,469,test
ADU33163,H1,470,train
ADU24533,H1,837,val
BAJ40064,H1,228,train
BAJ40063,H1,211,train
BAJ40062,H1,228,train
BAJ40061,H1,211,train
BAJ40060,H1,211,train
BAJ40059,H1,228,train
BAJ40058,H1,228,train
BAJ40057,H1,228,train
BAJ40056,H1,471,train
BAJ40055,H1,411,test
BAJ40054,H1,211,train
BAJ40053,H1,228,train
BAJ40052,H1,228,train
BAJ40051,H1,211,val
BAJ40050,H1,211,train
BAJ40049,H1,228,train
BAJ40048,H1,228,train
BAJ40047,H1,228,val
BAJ40046,H1,472,test
BAJ40045,H1,228,train
BAJ40044,H1,473,test
BAJ40043,H1,228,train
BAJ40042,H1,474,train
BAJ40041,H1,228,train
BAJ40040,H1,474,val
BAJ40039,H1,211,train
BAJ40038,H1,385,train
BAJ40037,H1,228,train
BAJ40036,H1,475,train
BAJ40035,H1,228,test
BAJ40034,H1,228,train
BAJ40033,H1,474,train
BAJ40032,H1,228,train
BAJ40031,H1,211,test
BAJ40030,H1,474,train
BAJ40029,H1,228,train
BAJ40028,H1,473,test
BAJ40027,H1,475,test
BAJ40026,H1,473,train
BAJ40025,H1,228,train
BAJ40024,H1,228,train
BAJ40023,H1,473,val
BAJ40022,H1,474,val
BAJ40021,H1,473,test
BAJ40020,H1,474,train
BAJ40019,H1,474,test
BAJ40018,H1,473,train
BAJ40017,H1,211,train
BAJ40016,H1,228,train
BAJ40015,H1,228,test
BAJ40014,H1,228,val
BAJ40013,H1,228,train
BAJ40012,H1,211,train
BAJ40011,H1,228,train
BAJ40010,H1,421,train
BAJ40009,H1,476,val
BAJ40008,H1,211,val
BAJ40007,H1,211,test
BAJ40006,H1,474,test
BAJ40005,H1,473,train
BAJ40004,H1,448,train
BAJ40003,H1,475,val
BAJ40002,H1,211,train
BAJ40001,H1,475,train
BAJ40000,H1,228,train
BAJ39999,H1,228,train
BAJ39998,H1,211,test
BAJ39997,H1,228,train
BAJ39996,H1,211,train
BAJ39995,H1,228,train
BAJ39994,H1,477,train
BAJ39993,H1,211,train
BAJ39992,H1,477,test
BAJ39991,H1,228,train
BAJ39990,H1,211,train
BAJ39989,H1,211,test
BAJ39988,H1,211,train
BAJ39987,H1,228,test
BAJ39986,H1,474,test
BAJ39985,H1,211,train
BAJ39984,H1,421,test
BAJ39983,H1,211,train
BAJ39982,H1,211,val
BAJ39981,H1,475,train
BAJ39980,H1,228,train
BAJ39979,H1,476,val
BAJ39978,H1,450,val
BAJ39977,H1,211,val
BAJ39976,H1,473,train
BAJ39975,H1,211,test
BAJ39974,H1,211,train
BAJ39973,H1,475,val
BAJ39972,H1,211,test
BAJ39971,H1,211,val
BAJ39970,H1,211,train
BAJ39969,H1,228,val
BAJ39968,H1,211,train
BAJ39967,H1,478,train
BAJ39966,H1,211,train
BAJ39965,H1,211,val
BAJ39964,H1,228,train
BAJ39963,H1,211,train
BAJ39962,H1,479,train
BAJ39961,H1,211,train
BAJ39960,H1,211,val
BAJ39959,H1,479,train
BAJ39958,H1,475,train
BAJ39957,H1,228,train
BAJ39956,H1,211,test
BAJ39955,H1,480,train
BAJ39954,H1,228,val
BAJ39953,H1,228,val
BAJ39952,H1,228,train
BAJ39951,H1,228,train
BAJ39950,H1,211,val
BAJ39949,H1,228,train
ACY06463,H1,63,test
ACY06462,H1,63,train
ACY06461,H1,63,train
ACY06460,H1,63,test
ACY06459,H1,63,val
ACY06458,H1,516,train
ACY06457,H1,516,train
ACY06456,H1,517,train
ACY06455,H1,517,train
ACY06454,H1,518,train
ACY06453,H1,519,train
ACY06452,H1,520,train
ACY06451,H1,519,val
ACY06450,H1,521,val
ACY06449,H1,521,train
ACY06448,H1,521,val
ACY06447,H1,521,val
ACY06446,H1,521,train
ACY06445,H1,521,train
AAA16880,H1,489,val
AAA16879,H1,490,train
BAI83394,H1,286,train
BAI83387,H1,287,train
AAK71687,H1,491,train
AAF04720,H1,357,train
ACV90512,H1,736,train
ACR26760,H1,493,test
ACR26759,H1,494,train
ACR26758,H1,494,train
ACR26756,H1,494,test
ACR26755,H1,494,val
ACR26753,H1,495,val
ACR26752,H1,496,train
ACR26751,H1,494,test
ACR26750,H1,494,train
ACR26749,H1,494,train
ACR26748,H1,494,val
ACR26747,H1,494,train
ACR26746,H1,497,train
ACR26745,H1,498,train
ACR26743,H1,499,train
ACR26742,H1,494,train
ABI96109,H1,737,train
ABI96108,H1,737,test
ABI96107,H1,738,train
ABI96106,H1,739,train
ABI96104,H1,740,train
ABI96103,H1,737,train
AAA19934,H1,500,train
ACQ73204,H1,73,train
ACQ73203,H1,73,val
BAA00718,H1,741,test
ACF28529,H1,225,train
ACF28528,H1,226,train
ACF28527,H1,226,train
ACD37507,H1,716,train
ACD37430,H1,742,train
ACA28844,H1,716,test
BAA00719,H1,901,train
BAA00720,H1,503,train
ABF71860,H1,30,train
HMIV17,H1,30,test
YEV49150,H3,1,train
YEV49138,H3,1,train
YES77109,H3,3,train
YES76852,H3,3,train
YES73451,H3,5,val
YEP46523,H3,5,train
YEP46230,H3,5,train
YEP46219,H3,5,test
YEP46207,H3,5,val
YEP46180,H3,5,train
YEP45492,H3,5,train
WXA14664,H3,6,test
WWZ86447,H3,7,val
WWZ86435,H3,8,train
WWZ86424,H3,8,train
WWZ86408,H3,9,train
WWZ86396,H3,10,val
WWZ86384,H3,11,train
WWZ86372,H3,12,val
WWZ86360,H3,12,train
WWZ86348,H3,13,train
WWZ86252,H3,8,test
WWZ86174,H3,14,test
WWZ86162,H3,14,train
WWZ86148,H3,15,train
WWZ86136,H3,11,train
WWZ86124,H3,11,train
WWZ86106,H3,14,train
WWZ86094,H3,16,train
WWZ86080,H3,17,val
WWZ86068,H3,18,train
WWZ86056,H3,13,val
WWZ86043,H3,11,train
WWZ86030,H3,13,train
WWZ86015,H3,13,train
WWZ86003,H3,19,train
WWZ85990,H3,20,val
WWZ85977,H3,19,train
WWZ85964,H3,21,train
WWZ85952,H3,22,train
YEI35128,H3,23,train
UPI56582,H3,8,train
UPI56570,H3,8,test
UPI56558,H3,15,val
UPI56510,H3,24,train
UPI56498,H3,15,train
UPI56486,H3,11,train
YDY13990,H3,25,test
YDS75963,H3,2,val
YDS75924,H3,577,train
YDQ55499,H3,32,train
YDQ55430,H3,33,train
YDQ51060,H3,33,train
YDQ51052,H3,5,train
YDQ51002,H3,5,train
YDQ50990,H3,32,train
YDP23701,H3,1,val
YDP23700,H3,1,train
YDP23699,H3,1,train
YDP23698,H3,1,val
YDP23697,H3,1,train
YDP23696,H3,1,train
YDP23695,H3,1,train
YDP23694,H3,1,val
YDP23693,H3,1,train
YDP23692,H3,1,test
YDP23691,H3,1,train
YDP23690,H3,1,test
YDP23689,H3,1,val
YDP23688,H3,1,test
YDP23687,H3,1,test
YDP23686,H3,1,train
YDP23685,H3,1,test
YDP23684,H3,1,train
YDP23683,H3,1,train
YDP23682,H3,1,train
YDP23681,H3,1,train
YDP23680,H3,1,val
YDP23679,H3,1,train
YDP23678,H3,1,train
YDP23677,H3,1,train
YDP23676,H3,1,train
YDP23675,H3,1,val
YDP23674,H3,1,test
YDP23673,H3,1,train
YDP23672,H3,1,train
YDP23671,H3,1,train
YDP23670,H3,1,train
YDK24523,H3,2,train
YDH88936,H3,42,test
YDH88934,H3,43,train
YDH88932,H3,44,train
YDH88930,H3,45,train
YDH88928,H3,29,train
YDH88926,H3,46,val
YDH88924,H3,27,val
YDH88922,H3,29,val
YDH88920,H3,47,val
YDH88918,H3,48,test
YDH88914,H3,49,train
YDH88912,H3,46,train
YDH88910,H3,26,train
YDH88906,H3,26,train
YDH88904,H3,50,train
YDH88902,H3,41,val
YDH88898,H3,51,val
YDH88896,H3,52,val
YDH88892,H3,53,val
YDH88890,H3,54,test
YDH88884,H3,46,val
YDH88878,H3,53,val
YDH88874,H3,55,train
YDH88872,H3,28,test
YDH88870,H3,40,train
YDH88868,H3,57,train
YDH88866,H3,56,train
YDH88864,H3,38,train
YDH88862,H3,50,train
YDH88860,H3,41,train
YDH88858,H3,43,train
YDH88856,H3,57,train
YDH88850,H3,58,train
YDH88844,H3,59,val
YDH88842,H3,43,test
YDH88840,H3,43,train
YDH88838,H3,46,train
YDH88836,H3,60,train
YDH88834,H3,61,train
YDH88832,H3,44,val
YDE42140,H3,1,train
YDE42128,H3,2,val
YDE42116,H3,2,train
YDE42104,H3,2,train
YDE42092,H3,1,train
YDE42080,H3,1,train
YDC08355,H3,2,train
YDC08343,H3,1,val
YDC08320,H3,2,train
YDC08308,H3,2,train
YDC08296,H3,1,test
YDC08263,H3,1,train
YDC08231,H3,1,train
YDB83251,H3,2,test
YDB83239,H3,2,train
YDB83227,H3,1,train
YDB83215,H3,1,train
YDB83203,H3,2,train
YDB83191,H3,2,train
YDB83179,H3,1,train
YDB83167,H3,2,train
YDB83155,H3,1,val
YDB34090,H3,1,test
YDB33865,H3,1,train
YDB30413,H3,1,train
YDB30267,H3,1,train
YCZ79439,H3,1,train
YCZ79427,H3,2,train
YCZ79415,H3,1,train
YCZ79403,H3,1,train
YCZ79391,H3,1,train
YCZ79379,H3,1,train
YCZ79356,H3,1,train
YCZ79344,H3,1,train
YCZ79332,H3,2,train
YCS47977,H3,62,train
YCQ40288,H3,70,test
YCP90565,H3,1,val
YCP90553,H3,1,train
YCP90541,H3,1,train
YCP90529,H3,1,train
YCO90435,H3,2,train
YCO90423,H3,1,train
YCO90395,H3,2,val
YCO90383,H3,1,train
YCO90371,H3,1,train
YCO90354,H3,2,train
YCO90311,H3,1,test
YCM62951,H3,2,train
YCM62917,H3,1,train
YCM62884,H3,2,train
YCM62864,H3,2,train
YCM62852,H3,2,test
YCM62829,H3,1,train
YCM62817,H3,1,test
YCL75363,H3,1,val
YCL10971,H3,1,train
YCK96278,H3,71,train
YCK18600,H3,1,val
YCB21382,H3,3,train
YCB20091,H3,72,train
YCB18995,H3,72,train
YCB17135,H3,1,train
YCB15480,H3,73,train
YBZ29190,H3,72,train
YBV45745,H3,43,val
YBV45743,H3,74,train
YBV45741,H3,75,test
YBU60574,H3,51,train
YBU60570,H3,73,val
YBU60566,H3,76,val
YBU60560,H3,41,train
YBU60552,H3,77,train
YBU60550,H3,78,train
YBU60544,H3,50,val
YBP47878,H3,79,train
YBP47877,H3,80,train
YBP08993,H3,81,train
YBP08983,H3,82,train
YBK92970,H3,76,train
YBK92962,H3,43,train
YBH87781,H3,46,train
YBH87763,H3,83,train
YBH87759,H3,84,train
YBH87749,H3,85,train
YBB93693,H3,86,train
YAO56776,H3,52,train
YAO56772,H3,87,val
YAO56770,H3,58,train
YAO56766,H3,88,train
YAO56764,H3,89,train
YAO56762,H3,61,train
YAO56754,H3,47,train
YAO56752,H3,90,train
YAO56744,H3,91,train
YAB59161,H3,92,train
YAB59157,H3,36,test
YAB59155,H3,36,train
YAB59153,H3,93,val
YAB59151,H3,94,train
XZX72811,H3,95,train
XZX72809,H3,61,val
XZX72803,H3,96,train
XZX72795,H3,96,train
XZX72793,H3,97,val
XZX72785,H3,98,train
XZE13723,H3,99,train
XYE66472,H3,79,train
QWZ14494,H3,100,val
XUM71524,H3,79,train
XUM71429,H3,72,val
XUM70752,H3,79,train
XUM70721,H3,79,train
XUM70695,H3,72,train
XRI88233,H3,101,train
XRI88227,H3,72,train
XRI88009,H3,79,train
XRI88002,H3,79,train
XRI87993,H3,79,train
XRI87874,H3,79,test
XRI87856,H3,79,train
XRI87771,H3,79,train
XRI87750,H3,79,train
XRI87374,H3,102,train
XRI80278,H3,79,test
XQE93749,H3,79,test
XQE93704,H3,79,test
XQE93561,H3,103,train
XQE93555,H3,79,test
XQE93384,H3,104,val
XQE93286,H3,72,test
XQE93272,H3,102,train
XQE93265,H3,105,train
XQE93105,H3,105,train
XQE93069,H3,72,test
XQE92966,H3,72,train
XPY38374,H3,106,train
XPY38234,H3,79,train
XPO56668,H3,107,train
XPO56656,H3,107,train
XPO56644,H3,107,train
XPO56632,H3,107,train
XPO56620,H3,610,test
XPL72946,H3,108,test
XPL72934,H3,79,train
XPL72922,H3,72,train
XPL72910,H3,79,val
XPL72898,H3,104,train
XPL72886,H3,104,train
XPL72869,H3,72,test
XPL72862,H3,105,train
XPL72850,H3,72,test
XPL72838,H3,72,train
XPL72826,H3,105,train
XPL72814,H3,108,val
XPL72802,H3,108,train
XPL72790,H3,79,train
XPL72778,H3,79,train
XPL72766,H3,79,train
XPL72754,H3,79,train
XPL72742,H3,103,train
XPL72730,H3,105,train
XPL72718,H3,79,train
XPL72706,H3,108,train
XPL72682,H3,72,test
XPL72670,H3,108,test
XPL72658,H3,108,val
XPL72646,H3,109,train
XPL72634,H3,109,train
XPL72622,H3,104,train
XPL72610,H3,103,train
XPL72598,H3,103,train
XPL72586,H3,103,train
XPL72574,H3,104,train
XPL72562,H3,104,train
XPL72550,H3,72,train
XPL72538,H3,79,test
XPL72526,H3,79,train
XPL72514,H3,104,train
XPL72502,H3,79,train
XPL72490,H3,79,train
XPL72478,H3,103,train
XPL72466,H3,79,train
XPL72454,H3,79,test
XPL72442,H3,79,train
XPL72430,H3,110,train
XPL72418,H3,103,train
XPL72406,H3,79,train
XPL72394,H3,105,val
XPL72382,H3,105,train
XPL72370,H3,72,train
XPL72358,H3,79,train
XPL72346,H3,105,train
XPL72334,H3,79,test
XPL72322,H3,104,train
XPL72310,H3,104,train
XPL72298,H3,104,train
XPL72287,H3,79,train
XPL72275,H3,79,train
XPL72263,H3,79,train
XPL72251,H3,79,train
XPL72239,H3,79,train
XPL72227,H3,79,val
XPL72215,H3,79,train
XPL72203,H3,79,test
XPL72191,H3,104,train
XPL72179,H3,104,test
XPL72167,H3,103,train
XPL72155,H3,79,val
XPL72143,H3,104,train
XPL72131,H3,104,train
XPL72119,H3,104,test
XPL72107,H3,105,train
XPL72095,H3,79,train
XPL72083,H3,72,test
XPL72071,H3,72,train
XPL72059,H3,104,train
XPL72047,H3,104,train
XPL72035,H3,79,train
XPL72023,H3,79,test
XPL72011,H3,105,train
XPL71999,H3,105,train
XPL71987,H3,79,train
XPL71975,H3,79,train
XPL71964,H3,111,test
XPL71952,H3,111,train
XPL71940,H3,112,train
XPL71928,H3,105,train
XPL71916,H3,105,train
XPL71904,H3,113,train
XPL71892,H3,104,test
XPL71880,H3,79,test
XPL71868,H3,79,train
XPL71856,H3,79,train
XPL71844,H3,72,train
XPL71829,H3,79,train
XPL71820,H3,104,train
XPL71808,H3,104,train
XPL71796,H3,79,train
XPL71784,H3,104,train
XPL71772,H3,72,test
XPL71760,H3,72,train
XPL71748,H3,114,train
XPL71736,H3,114,train
XPL71724,H3,114,val
XPL71712,H3,114,val
XPL71700,H3,114,train
XPL71688,H3,103,train
XPL71676,H3,79,train
XPL71664,H3,79,test
XPL71652,H3,103,train
XPL71640,H3,103,train
XPL71628,H3,115,val
XPL71616,H3,105,test
XPL71604,H3,108,train
XPL71592,H3,72,train
XPL71580,H3,116,train
XPL71568,H3,72,val
XPL71556,H3,116,val
XPL71544,H3,105,train
XPL71536,H3,105,train
XPL71524,H3,103,train
XPL71512,H3,117,train
XPL71500,H3,118,train
XPL71488,H3,118,val
XPL71476,H3,118,train
XPL71464,H3,106,train
XPL71452,H3,106,val
XPL71440,H3,118,test
XPL71428,H3,103,train
XPL71416,H3,106,train
XPL71404,H3,106,train
XPL71392,H3,118,train
XPL71380,H3,118,train
XPL71368,H3,118,test
XPL71356,H3,118,train
XPL71344,H3,118,val
XPL71332,H3,86,val
XPL71320,H3,103,train
XPL71308,H3,103,train
XPL71296,H3,103,val
XPL71284,H3,72,train
XPL71272,H3,72,train
XPL71260,H3,119,train
XPL71248,H3,72,test
XPL71236,H3,72,train
XPL71224,H3,72,train
XPL71212,H3,72,train
XPL71200,H3,72,train
XPL71188,H3,72,val
XPL71176,H3,104,train
XPL71164,H3,79,val
XPL71152,H3,79,train
XPL71140,H3,79,train
XPL71128,H3,79,train
XPL71116,H3,79,train
XPL71104,H3,104,val
XPL71092,H3,79,train
XPL71080,H3,79,train
XPL71068,H3,104,train
XPL71056,H3,79,train
XPL71044,H3,72,val
XPL71032,H3,72,train
XPL71020,H3,72,train
XPL71008,H3,72,train
XPL70996,H3,79,train
XPL70984,H3,79,train
XPL70972,H3,79,train
XPL70960,H3,79,train
XPL70948,H3,79,train
XPL70936,H3,79,train
XPL70924,H3,120,train
XPL70912,H3,79,train
XPL70900,H3,79,train
XPL70888,H3,79,train
XPL70876,H3,79,train
XPL70864,H3,79,train
XPL70852,H3,79,train
XPL70840,H3,79,train
XPL70828,H3,79,val
XPL70816,H3,104,val
XPL70804,H3,104,train
XPL70792,H3,104,train
XPL70780,H3,104,val
XPL70768,H3,120,test
XPL70756,H3,120,train
XPL70744,H3,120,val
XPL70732,H3,120,train
XPL70720,H3,121,train
XPL70708,H3,79,train
XPL70697,H3,79,test
XPL70685,H3,122,train
XPL70673,H3,79,test
XPL70661,H3,114,train
XPL70649,H3,123,train
XPL70637,H3,108,train
XPL70625,H3,79,train
XPL70613,H3,72,train
XPL70601,H3,124,train
XPL70589,H3,108,train
XPL70577,H3,105,train
XPL70565,H3,121,train
XPL70553,H3,108,test
XPL70541,H3,79,val
XPL70529,H3,104,val
XPL70517,H3,79,train
XPL70505,H3,104,train
XPL70493,H3,79,train
XPL70481,H3,104,train
XPL70469,H3,79,train
XPL70457,H3,79,train
XPL70445,H3,79,train
XPL70433,H3,72,train
XPL70421,H3,79,train
XPL70409,H3,79,train
XPL70397,H3,101,train
XPL70385,H3,104,test
XPL70373,H3,72,train
XPL70361,H3,79,train
XPL70349,H3,104,train
XPL70337,H3,72,train
XPL70325,H3,103,train
XPL70313,H3,72,val
XPL70301,H3,72,train
XPL70289,H3,72,train
XPL70277,H3,125,val
XPL70265,H3,72,train
XPL70253,H3,72,val
XPL70241,H3,72,train
XPL70229,H3,79,test
XPL70217,H3,72,train
XPL70193,H3,72,train
XPL70181,H3,123,train
XPL70169,H3,122,val
XPL70157,H3,79,val
XPL70145,H3,79,test
XPL70133,H3,79,train
XPL70121,H3,79,train
XPL70109,H3,122,train
XPL70097,H3,105,train
XPL70085,H3,108,train
XPL70073,H3,79,train
XPL70061,H3,72,train
XPL70049,H3,72,train
XPL70037,H3,72,train
XPL70026,H3,112,train
XPL70014,H3,122,train
XPL70002,H3,108,val
XPL69990,H3,108,train
XPL69978,H3,79,train
XPL69966,H3,72,train
XPL69954,H3,72,train
XPL69942,H3,104,train
XPL69930,H3,72,train
XPL69918,H3,122,val
XPL69906,H3,104,train
XPL69894,H3,104,val
XPL69882,H3,104,train
XPL69870,H3,104,train
XPL69858,H3,115,test
XPL69846,H3,79,train
XPL69834,H3,105,train
XPL69822,H3,108,train
XPL69810,H3,125,test
XPL69798,H3,79,val
XPL69786,H3,125,val
XPL69774,H3,79,train
XPL69762,H3,79,train
XPL69750,H3,79,train
XPL69738,H3,126,val
XPL69726,H3,126,test
XPL69714,H3,79,train
XPL69702,H3,79,train
XPL69690,H3,79,test
XPL69678,H3,79,train
XPL69666,H3,79,train
XPL69654,H3,79,train
XPL69642,H3,103,test
XPL69630,H3,104,val
XPL69618,H3,79,train
XPL69606,H3,72,val
XPL69594,H3,122,test
XPL69582,H3,105,train
XPL69570,H3,104,train
XPL69558,H3,104,train
XPL69546,H3,104,train
XPL69534,H3,104,train
XPL69522,H3,104,test
XPL69510,H3,124,train
XPL69498,H3,103,val
XPL69486,H3,105,val
XPL69474,H3,103,train
XPL69462,H3,126,train
XPL69450,H3,79,val
XPL69438,H3,126,train
XPL69426,H3,79,train
XPL69414,H3,79,train
XPL69402,H3,79,train
XPL69390,H3,79,test
XPL69378,H3,79,test
XPL69366,H3,72,test
XPL69354,H3,79,train
XPL69342,H3,79,train
XPL69330,H3,79,train
XPL69318,H3,79,test
XPL69306,H3,108,train
XPL69294,H3,108,train
XPL69282,H3,101,test
XPL69270,H3,79,train
XPL69258,H3,79,test
XPL69246,H3,79,test
XPL69234,H3,79,train
XPL69222,H3,79,train
XPL69210,H3,103,train
XPL69198,H3,125,train
XPL69186,H3,122,train
XPL69174,H3,105,train
XPL69162,H3,72,train
XPL69150,H3,105,test
XPL69138,H3,125,train
XPL69130,H3,123,train
XPL69114,H3,125,train
XPL69102,H3,125,train
XPL69090,H3,72,train
XPL69078,H3,72,train
XPL69066,H3,105,train
XPL69054,H3,125,train
XPL69042,H3,104,train
XPL69030,H3,72,test
XPL69018,H3,105,train
XPL69006,H3,111,train
XPL68994,H3,72,train
XPL68983,H3,115,train
XPL68972,H3,104,train
XPL68960,H3,115,train
XPL68949,H3,104,train
XPL68937,H3,114,train
XPL68925,H3,104,val
XPL68913,H3,126,test
XPL68901,H3,104,val
XPL68889,H3,104,val
XPL68877,H3,104,test
XPL68865,H3,104,train
XPL68853,H3,115,train
XPL68841,H3,104,test
XPL68829,H3,104,train
XPL68817,H3,121,train
XPL68805,H3,104,train
XPL68793,H3,104,train
XPL68781,H3,121,train
XPL68769,H3,104,train
XPL68757,H3,79,test
XPL68745,H3,104,test
XPL68733,H3,79,train
XPL68721,H3,104,train
XPL68709,H3,104,train
XPL68697,H3,79,train
XPL68685,H3,79,train
XPL68673,H3,104,val
XPL68661,H3,127,train
XPL68649,H3,79,train
XPL68637,H3,104,test
XPL68625,H3,79,train
XPL68613,H3,122,train
XPL68601,H3,104,train
XPL68589,H3,122,train
XPL68577,H3,122,train
XPL68567,H3,104,train
XPL68556,H3,121,train
XPL68546,H3,79,train
XPL68536,H3,72,train
XPL68526,H3,79,train
XPL68516,H3,108,train
XPL68506,H3,72,train
XPL68498,H3,72,train
XPL68488,H3,72,train
XPL68476,H3,72,train
XPL68466,H3,79,train
XPL68459,H3,79,train
XPL68452,H3,123,train
XPL68442,H3,104,train
XPL68435,H3,122,train
XPL68425,H3,123,val
XPL68415,H3,79,train
XPL68404,H3,104,train
XPL68393,H3,105,test
XPL68385,H3,108,train
XPL68375,H3,72,train
XPL68364,H3,72,val
XPL68353,H3,125,train
XPL68344,H3,117,train
XPL68334,H3,104,train
XPL68324,H3,72,train
XPL68315,H3,79,train
XPL68309,H3,72,train
XPL68300,H3,79,train
XPL68280,H3,72,test
XPL68272,H3,118,train
XPL68265,H3,79,train
XPL68255,H3,79,test
XPL68244,H3,103,test
XOD40155,H3,5,train
XOD39944,H3,5,test
XNM01050,H3,128,train
XNM00869,H3,128,train
XNM00820,H3,128,train
XNM00791,H3,128,train
XNM00781,H3,128,train
XMQ97291,H3,128,train
XMQ97200,H3,128,train
XMQ97174,H3,128,val
XMQ95356,H3,128,train
XMQ95228,H3,128,train
XMQ94971,H3,128,train
XCX90934,H3,129,train
XCV14100,H3,32,val
XCV14090,H3,5,train
XCV14058,H3,5,train
XCV14073,H3,5,train
XCV14041,H3,32,train
XCV14057,H3,32,train
XCV14035,H3,5,train
XCV14023,H3,5,val
XCV14005,H3,32,val
XCV13966,H3,129,test
XCV13979,H3,32,train
XCV13984,H3,5,train
XCV13951,H3,129,train
XCV13931,H3,5,train
XCV13935,H3,129,train
XCV13905,H3,32,train
XCV13923,H3,32,train
XCV13896,H3,32,train
XCV13886,H3,129,train
XCV13871,H3,129,train
XCV13831,H3,129,train
WZW45842,H3,5,test
WZW45697,H3,5,train
WZW45509,H3,5,train
WZW45496,H3,5,train
WZW45481,H3,5,val
WZW45474,H3,5,val
WZW45454,H3,5,test
WZW45410,H3,5,train
WZW45389,H3,5,test
WZL55743,H3,5,train
WZL55724,H3,5,val
WZL55700,H3,130,train
WZL55697,H3,5,train
WZL55654,H3,5,test
WZL55649,H3,129,train
WZL55637,H3,5,train
WZL55569,H3,5,test
WZL55565,H3,5,train
WZL55546,H3,5,train
WZL55539,H3,5,train
WZL55524,H3,130,train
WZL55489,H3,32,test
WZL55478,H3,129,train
WZL55455,H3,131,train
WZL55438,H3,132,train
WZL55414,H3,129,train
WZL55409,H3,131,train
WZL55394,H3,32,test
WZL55384,H3,131,test
WZL55354,H3,5,train
WZL55348,H3,131,train
WZL55333,H3,131,train
WZL55320,H3,129,val
WZL55296,H3,32,train
WZL55279,H3,130,train
WZL55258,H3,5,test
WZL55255,H3,5,train
WZL55236,H3,5,train
WZL55221,H3,32,train
WZL55199,H3,5,train
WZL55195,H3,5,train
WZL55175,H3,131,test
WZL55171,H3,32,train
WZL55136,H3,32,val
WZL55127,H3,5,train
WZL55105,H3,131,test
WZL55117,H3,32,train
WZL55092,H3,5,train
WZL55076,H3,131,train
WZL55074,H3,32,train
WZL55056,H3,5,train
WZL55042,H3,32,train
WZL55038,H3,5,train
WZL55026,H3,129,test
WZL55018,H3,129,val
WZL55003,H3,133,val
WYD67653,H3,32,train
XHV22734,H3,103,train
XHV22522,H3,103,test
XHH12998,H3,134,train
XHH12986,H3,134,train
XHH12984,H3,134,train
XHH12962,H3,134,train
XHH12960,H3,134,train
XHH12948,H3,134,train
XHH12936,H3,134,train
XHH12924,H3,134,test
XHH12902,H3,134,test
XHH12890,H3,134,test
XHH12888,H3,134,train
XHH12866,H3,134,val
XHH12854,H3,134,test
XFD34707,H3,108,test
XFD34695,H3,108,train
XFD34683,H3,108,val
XFD34671,H3,108,train
XFD34659,H3,108,test
XFD34647,H3,108,train
XFD34635,H3,108,train
XFD34623,H3,72,train
XFD34611,H3,112,val
XFD34599,H3,123,test
XFD34587,H3,72,test
XFD34575,H3,103,train
XFD34563,H3,103,test
XFD34551,H3,123,train
XFD34541,H3,123,train
XFD34529,H3,122,test
XFD34517,H3,135,train
XFD34505,H3,72,val
XFD34493,H3,72,train
XFD34481,H3,123,train
XFD34469,H3,115,train
XFD34457,H3,115,train
XFD34445,H3,103,test
XFD34433,H3,103,train
XFD34421,H3,103,val
XFD34409,H3,103,train
XFD34397,H3,115,train
XFD34386,H3,123,test
XFD34374,H3,123,train
XFD34362,H3,123,test
XFD34350,H3,126,train
XFD34340,H3,104,val
XFD34328,H3,104,train
XFD34316,H3,122,train
XFD34304,H3,122,test
XFD34292,H3,123,train
XFD34280,H3,123,test
XFD34268,H3,135,test
XFD34256,H3,135,train
XFD34244,H3,108,train
XFD34234,H3,108,train
XFD34222,H3,123,train
XFD34210,H3,72,train
XFD34198,H3,72,train
XFD34186,H3,104,train
XFD34174,H3,104,train
XFD34162,H3,115,train
XFD34150,H3,112,val
XFD34138,H3,112,train
XFD34126,H3,115,train
XFD34114,H3,135,train
XFD34104,H3,135,val
XFD34092,H3,104,train
XFD34080,H3,104,test
XFD34068,H3,135,train
XFD34056,H3,135,test
XFD34044,H3,72,test
XFD34037,H3,72,val
XFD34025,H3,104,train
XFD34013,H3,104,test
XFD34003,H3,104,train
XFD33991,H3,104,val
XFD33981,H3,104,train
XFD33969,H3,135,val
XFD33957,H3,103,val
XFD33945,H3,104,train
XFD33933,H3,115,val
XFD33921,H3,105,train
XFD33909,H3,103,test
XFD33897,H3,103,train
XFD33885,H3,103,train
XFD33873,H3,103,test
XFD33861,H3,127,train
XFD33849,H3,123,test
XFD33837,H3,135,train
XFD33830,H3,72,train
XFD33813,H3,123,train
XFD33801,H3,110,train
XFD33789,H3,123,train
XFD33777,H3,123,val
XFD33765,H3,123,train
XFD33753,H3,123,train
XFD33741,H3,103,train
XFD33729,H3,103,test
XFD33717,H3,123,train
XFD33705,H3,104,train
XFD33693,H3,104,test
XFD33681,H3,72,test
XFD33669,H3,72,val
XFD33657,H3,103,train
XFD33645,H3,103,test
XFD33633,H3,123,train
XFD33621,H3,104,train
XFD33609,H3,123,train
XFD33597,H3,123,train
XFD33585,H3,115,test
XFD33573,H3,117,test
XFD33561,H3,123,train
XFD33549,H3,102,train
XFD33537,H3,105,train
XFD33525,H3,126,train
XFD33513,H3,117,train
XFD33501,H3,121,test
XFD33489,H3,123,val
XFD33477,H3,103,test
XFD33465,H3,72,test
XFD33453,H3,123,train
XFD33441,H3,123,train
XFD33429,H3,105,train
XFD33417,H3,123,train
XFD33405,H3,104,train
XFD33393,H3,135,val
XFD33381,H3,123,test
XFD33369,H3,115,train
XFD33357,H3,104,train
XFD33345,H3,123,train
XFD33333,H3,123,train
XFD33321,H3,104,train
XFD33311,H3,104,val
XFD33299,H3,135,train
XFD33282,H3,135,test
XFD33275,H3,123,train
XFD33263,H3,123,train
XFD33251,H3,123,test
XFD33239,H3,123,train
XFD33227,H3,123,train
XFD33215,H3,123,val
XFD33203,H3,126,train
XFD33191,H3,126,val
XFD33179,H3,105,train
XFD33168,H3,79,train
XFD33156,H3,79,train
XFD33144,H3,79,train
XFD33132,H3,79,train
XFD33120,H3,79,train
XFD33108,H3,79,train
XFD33096,H3,119,train
XFD33084,H3,119,train
XFD33072,H3,119,train
XFD33060,H3,119,train
XFD33048,H3,119,test
XFD33036,H3,72,test
XFD33024,H3,72,train
XFD33012,H3,72,train
XFD33002,H3,72,train
XFD32990,H3,127,train
XFD32978,H3,127,train
XFD32966,H3,103,train
XFD32954,H3,103,val
XFD32942,H3,119,val
XFD32930,H3,119,train
XFD32918,H3,123,train
XFD32906,H3,123,train
XFD32894,H3,103,train
XFD32882,H3,103,train
XFD32870,H3,127,train
XFD32858,H3,127,train
XFD32846,H3,123,train
XFD32834,H3,123,train
XFD32822,H3,105,train
XFD32810,H3,105,train
XFD32798,H3,119,train
XFD32787,H3,119,train
XFD32780,H3,136,val
XFD32768,H3,123,val
XFD32756,H3,123,train
XFD32744,H3,72,train
XFD32732,H3,72,train
XFD32720,H3,103,train
XFD32708,H3,103,train
XFD32698,H3,123,train
XFD32686,H3,123,train
XFD32674,H3,72,train
XFD32662,H3,105,train
XFD32650,H3,124,train
XFD32638,H3,115,train
XFD32626,H3,124,test
XFD32614,H3,123,train
XFD32602,H3,123,test
XFD32590,H3,123,val
XFD32578,H3,123,train
XFD32566,H3,115,train
XFD32554,H3,123,train
XFD32542,H3,123,test
XFD32530,H3,123,train
XFD32518,H3,123,train
XFD32506,H3,123,train
XFD32494,H3,72,train
XFD32482,H3,121,train
XFD32470,H3,135,train
XFD32458,H3,135,train
XFD32446,H3,105,train
XFD32434,H3,105,train
XFD32422,H3,104,train
XFD32410,H3,104,val
XFD32398,H3,123,val
XFD32387,H3,123,train
XFD32375,H3,123,test
XFD32363,H3,123,test
XFD32351,H3,123,train
XFD32339,H3,104,test
XFD32327,H3,103,train
XFD32315,H3,103,train
XFD32303,H3,102,test
XFD32291,H3,102,train
XFD32279,H3,105,test
XFD32267,H3,105,val
XFD32255,H3,115,test
XFD32243,H3,123,test
XFD32231,H3,123,train
XFD32219,H3,122,val
XFD32207,H3,122,val
XFD32195,H3,103,train
XFD32183,H3,103,train
XFD32171,H3,115,train
XFD32159,H3,115,train
XFD32147,H3,72,test
XFD32135,H3,123,val
XFD32123,H3,123,train
XFD32113,H3,104,train
XFD32101,H3,104,train
XFD32089,H3,103,train
XFD32077,H3,103,train
XFD32065,H3,115,train
XFD32053,H3,103,test
XFD32041,H3,103,train
XFD32029,H3,123,val
XFD32017,H3,135,train
XFD32005,H3,135,test
XFD31993,H3,135,val
XFD31985,H3,135,train
XFD31973,H3,105,train
XFD31961,H3,105,train
XFD31949,H3,137,test
XFD31937,H3,137,train
XFD31925,H3,126,train
XFD31913,H3,126,train
XFD31901,H3,115,train
XFD31889,H3,115,train
XFD31877,H3,123,train
XFD31865,H3,135,train
XFD31853,H3,135,train
XFD31841,H3,103,train
XFD31829,H3,103,train
XFD31817,H3,123,train
XFD31805,H3,72,train
XFD31793,H3,137,val
XFD31781,H3,106,val
XFD31769,H3,137,val
XFD31757,H3,104,train
XFD31745,H3,103,train
XFD31733,H3,123,train
XFD31721,H3,123,train
XFD31709,H3,104,test
XFD31697,H3,104,train
XFD31685,H3,104,train
XFD31673,H3,105,train
XFD31661,H3,105,train
XFD31649,H3,105,train
XFD31637,H3,104,train
XFD31625,H3,123,train
XFD31613,H3,72,train
XFD31601,H3,123,val
XFD31589,H3,121,test
XFD31577,H3,123,val
XFD31565,H3,123,train
XFD31553,H3,104,train
XFD31541,H3,123,train
XFD31529,H3,138,train
XFD31517,H3,138,train
XFD31505,H3,138,train
XFD31495,H3,138,test
XFD31483,H3,138,train
XFD31471,H3,123,train
XFD31459,H3,123,train
XFD31447,H3,119,train
XFD31436,H3,119,train
XFD31424,H3,123,train
XFD31412,H3,123,train
XFD31400,H3,138,test
XFD31388,H3,138,train
XFD31376,H3,103,train
XFD31364,H3,103,train
XFD31352,H3,123,train
XFD31340,H3,139,train
XFD31328,H3,123,train
XFD31316,H3,137,train
XFD31304,H3,137,train
XFD31292,H3,123,train
XFD31280,H3,135,val
XFD31268,H3,137,train
XFD31256,H3,123,train
XFD31244,H3,138,train
XFD31232,H3,138,train
XFD31220,H3,138,train
XFD31208,H3,135,train
XFD31196,H3,135,test
XFD31184,H3,138,train
XFD31172,H3,138,test
XFD31161,H3,137,train
XFD31149,H3,137,train
XFD31137,H3,103,train
XFD31125,H3,103,train
XFD31113,H3,104,train
XFD31101,H3,104,train
XFD31089,H3,115,train
XFD31077,H3,135,test
XFD31065,H3,135,train
XFD31053,H3,126,train
XFD31041,H3,115,train
XFD31029,H3,72,train
XFD31017,H3,139,train
XFD31005,H3,115,test
XFD30993,H3,103,train
XFD30981,H3,123,train
XFD30969,H3,124,train
XFD30957,H3,115,test
XFD30945,H3,118,test
XFD30933,H3,108,train
XFD30921,H3,108,train
XFD30909,H3,108,train
XFD30897,H3,106,val
XFD30885,H3,103,train
XFD30873,H3,105,train
XFD30861,H3,105,train
XFD30849,H3,140,train
XFD30837,H3,137,train
XFD30825,H3,122,train
XFD30813,H3,105,train
XFD30805,H3,123,train
XFD30789,H3,137,val
XFD30777,H3,123,train
XFD30765,H3,123,train
XFD30753,H3,121,train
XFD30741,H3,115,val
XFD30729,H3,135,train
XFD30717,H3,123,val
XFD30705,H3,108,train
XFD30693,H3,108,train
XFD30681,H3,104,train
XFD30669,H3,104,train
XFD30657,H3,104,test
XFD30645,H3,103,val
XFD30633,H3,126,test
XFD30621,H3,123,train
XFD30609,H3,138,train
XFD30597,H3,139,val
XFD30587,H3,139,train
XFD30575,H3,139,test
XFD30563,H3,139,train
XFD30551,H3,72,train
XFD30539,H3,72,train
XFD30527,H3,72,test
XFD30515,H3,72,train
XFD30503,H3,139,train
XFD30491,H3,72,train
XFD30481,H3,72,train
XFD30469,H3,123,train
XFD30457,H3,72,train
XFD30445,H3,72,train
XFD30433,H3,121,train
XFD30421,H3,139,train
XFD30409,H3,138,train
XFD30397,H3,138,test
XFD30385,H3,123,test
XFD30373,H3,139,train
XFD30361,H3,138,train
XFD30349,H3,138,val
XFD30337,H3,119,test
XFD30325,H3,119,test
XFD30313,H3,103,test
XFD30301,H3,103,train
XFD30289,H3,105,test
XFD30277,H3,105,train
XFD30265,H3,105,test
XFD30253,H3,105,train
XFD30241,H3,123,train
XFD30229,H3,123,train
XFD30217,H3,135,train
XFD30205,H3,135,train
XFD30193,H3,135,train
XFD30181,H3,105,test
XFD30169,H3,115,test
XFD30157,H3,123,val
XFD30145,H3,123,train
XFD30133,H3,141,test
XFD30121,H3,135,train
XFD30109,H3,135,train
XFD30097,H3,141,train
XFD30085,H3,141,train
XFD30073,H3,104,val
XFD30061,H3,104,test
XFD30049,H3,123,train
XFD30037,H3,123,train
XFD30025,H3,141,train
XFD30013,H3,141,train
XFD30001,H3,139,train
XFD29989,H3,139,train
XFD29977,H3,123,train
XFD29965,H3,123,train
XFD29953,H3,135,val
XFD29942,H3,135,test
XFD29931,H3,121,train
XFD29919,H3,121,test
XFD29907,H3,139,test
XFD29896,H3,139,val
XFD29884,H3,135,val
XFD29872,H3,135,train
XFD29860,H3,135,train
XFD29848,H3,123,train
XFD29836,H3,137,train
XFD29824,H3,137,test
XFD29812,H3,123,train
XFD29800,H3,135,train
XFD29788,H3,139,train
XFD29776,H3,139,train
XFD29764,H3,126,train
XFD29752,H3,126,test
XFD29740,H3,123,val
XFD29728,H3,123,train
XFD29716,H3,104,train
XFD29706,H3,104,train
XFD29694,H3,139,train
XFD29682,H3,139,train
XFD29670,H3,142,train
XFD29658,H3,142,train
XFD29646,H3,105,train
XFD29634,H3,105,train
XFD29622,H3,135,train
XFD29610,H3,135,train
XFD29598,H3,105,train
XFD29586,H3,105,val
XFD29574,H3,123,train
XFD29562,H3,143,train
XFD29550,H3,143,train
XFD29538,H3,137,train
XFD29527,H3,137,train
XFD29515,H3,123,test
XFD29503,H3,72,val
XFD29491,H3,137,test
XFD29479,H3,103,train
XFD29467,H3,103,train
XFD29455,H3,103,train
XFD29443,H3,137,test
XFD29431,H3,135,val
XFD29419,H3,139,train
XFD29407,H3,139,train
XFD29395,H3,105,train
XFD29383,H3,105,train
XFD29371,H3,123,val
XFD29359,H3,123,val
XFD29347,H3,123,train
XFD29335,H3,122,train
XFD29323,H3,122,val
XFD29311,H3,124,train
XFD29299,H3,126,train
XFD29287,H3,126,val
XFD29275,H3,72,train
XFD29263,H3,72,train
XFD29251,H3,123,train
XFD29239,H3,123,test
XFD29227,H3,137,train
XFD29215,H3,137,val
XFD29203,H3,123,test
XFD29193,H3,123,train
XFD29181,H3,137,train
XFD29169,H3,137,train
XFD29157,H3,137,train
XFD29145,H3,138,train
XFD29133,H3,138,train
XFD29121,H3,126,test
XFD29109,H3,103,test
XFD29097,H3,137,train
XFD29085,H3,137,test
XFD29073,H3,139,train
XFD29061,H3,139,val
XFD29049,H3,103,test
XFD29037,H3,103,train
XFD29025,H3,119,val
XFD29013,H3,119,train
XFD29001,H3,135,train
XFD28989,H3,135,train
XFD28977,H3,123,train
XFD28965,H3,115,train
XFD28953,H3,115,train
XFD28941,H3,135,train
XFD28929,H3,135,train
XFD28917,H3,115,train
XFD28905,H3,115,train
XFD28893,H3,115,train
XFD28881,H3,139,val
XFD28869,H3,139,train
XFD28857,H3,104,train
XFD28845,H3,104,train
XFD28833,H3,119,train
XFD28821,H3,119,train
XFD28809,H3,127,train
XFD28797,H3,122,train
XFD28785,H3,122,train
XFD28773,H3,137,test
XFD28761,H3,137,train
XFD28749,H3,127,train
XFD28737,H3,127,test
XFD28725,H3,139,train
XFD28713,H3,139,test
XFD28701,H3,117,train
XFD28689,H3,117,test
XFD28677,H3,105,train
XFD28665,H3,108,train
XFD28653,H3,105,train
XFD28641,H3,123,test
XFD28629,H3,139,train
XFD28617,H3,139,train
XFD28605,H3,139,train
XFD28593,H3,139,train
XFD28581,H3,123,train
XFD28570,H3,123,train
XFD28559,H3,104,train
XFD28547,H3,104,train
XFD28535,H3,105,train
XFD28523,H3,123,train
XFD28511,H3,123,train
XFD28499,H3,105,train
XFD28487,H3,105,train
XFD28475,H3,139,train
XFD28463,H3,135,test
XFD28451,H3,135,train
XFD28439,H3,139,test
XFD28427,H3,139,train
XFD28415,H3,103,train
XFD28403,H3,103,train
XFD28391,H3,135,train
XFD28379,H3,135,train
XFD28367,H3,135,train
XFD28355,H3,135,val
XFD28343,H3,138,train
XFD28331,H3,138,test
XFD28319,H3,144,train
XFD28307,H3,144,train
XFD28295,H3,135,train
XFD28283,H3,135,train
XFD28271,H3,135,train
XFD28259,H3,135,train
XFD28247,H3,123,train
XFD28237,H3,123,train
XFD28225,H3,123,train
XFD28213,H3,123,train
XFD28201,H3,123,train
XFD28191,H3,123,train
XFD28179,H3,103,train
XFD28167,H3,103,train
XFD28155,H3,123,train
XFD28143,H3,123,train
XFD28131,H3,123,train
XFD28119,H3,123,train
XFD28107,H3,123,train
XFD28095,H3,123,train
XFD28083,H3,123,val
XFD28073,H3,123,train
XFD28061,H3,123,val
XFD28049,H3,115,val
XFD28037,H3,115,train
XFD28025,H3,72,train
XFD28013,H3,72,train
XFD28001,H3,104,train
XFD27989,H3,123,train
XFD27977,H3,104,train
XFD27965,H3,115,train
XFD27953,H3,104,test
XFD27941,H3,115,train
XFD27930,H3,115,train
XFD27919,H3,115,train
XFD27907,H3,126,train
XFD27895,H3,126,test
XFD27883,H3,123,val
XFD27871,H3,123,train
XFD27859,H3,104,train
XFD27847,H3,72,train
XFD27835,H3,126,train
XFD27823,H3,123,train
XFD27811,H3,119,test
XFD27799,H3,123,test
XFD27787,H3,115,train
XFD27776,H3,108,train
XFD27764,H3,108,train
XFD27752,H3,137,test
XFD27740,H3,137,val
XFD27728,H3,137,train
XFD27716,H3,138,test
XFD27704,H3,105,train
XFD27692,H3,123,train
XFD27680,H3,123,train
XFD27668,H3,138,train
XFD27656,H3,138,val
XFD27644,H3,125,train
XFD27632,H3,103,train
XFD27620,H3,103,train
XFD27608,H3,103,train
XFD27596,H3,105,train
XFD27584,H3,105,train
XFD27572,H3,105,train
XFD27560,H3,135,train
XFD27548,H3,135,val
XFD27536,H3,105,train
XFD27524,H3,104,val
XFD27512,H3,104,val
XFD27500,H3,135,test
XFD27488,H3,135,train
XFD27476,H3,123,val
XFD27464,H3,115,val
XFD27452,H3,123,train
XFD27440,H3,123,train
XFD27428,H3,105,train
XFD27416,H3,105,train
XFD27404,H3,123,train
XFD27392,H3,123,test
XFD27380,H3,123,val
XFD27368,H3,145,val
XFD27356,H3,104,train
XFD27344,H3,104,train
XFD27332,H3,123,train
XFD27320,H3,123,train
XFD27308,H3,104,train
XFD27296,H3,104,train
XFD27284,H3,122,train
XFD27272,H3,122,train
XFD27260,H3,135,train
XFD27248,H3,135,train
XFD27237,H3,146,train
XFD27225,H3,146,val
XFD27213,H3,123,val
XFD27201,H3,123,train
XFD27189,H3,103,test
XFD27177,H3,137,train
XFD27165,H3,123,train
XFD27153,H3,137,train
XFD27141,H3,123,train
XFD27129,H3,123,train
XFD27117,H3,119,test
XFD27105,H3,119,train
XFD27093,H3,121,train
XFD27081,H3,121,train
XFD27069,H3,138,val
XFD27057,H3,138,train
XFD27045,H3,137,train
XFD27033,H3,137,train
XFD27021,H3,103,val
XFD27009,H3,115,train
XFD26997,H3,115,train
XFD26985,H3,119,val
XFD26973,H3,119,val
XFD26961,H3,123,train
XFD26949,H3,123,test
XFD26937,H3,103,train
XFD26925,H3,103,train
XFD26913,H3,138,train
XFD26901,H3,138,train
XFD26889,H3,105,train
XFD26877,H3,105,test
XFD26865,H3,138,train
XFD26853,H3,138,train
XFD26841,H3,138,test
XFD26829,H3,137,train
XFD26817,H3,123,test
XFD26805,H3,138,train
XFD26793,H3,138,train
XFD26781,H3,138,train
XFD26769,H3,138,train
XFD26757,H3,147,train
XFD26745,H3,139,train
XFD26733,H3,139,train
XFD26721,H3,139,train
XFD26709,H3,138,train
XFD26697,H3,138,train
XFD26685,H3,123,train
XFD26673,H3,123,train
XFD26663,H3,137,test
XFD26651,H3,123,train
XFD26639,H3,123,train
XFD26627,H3,123,val
XFD26615,H3,137,train
XFD26603,H3,137,train
XFD26591,H3,123,train
XFD26581,H3,123,val
XFD26569,H3,138,train
XFD26557,H3,137,val
XFD26545,H3,137,test
XFD26533,H3,123,train
XFD26521,H3,123,train
XFD26509,H3,104,train
XFD26497,H3,104,train
XFD26485,H3,123,train
XFD26473,H3,123,train
XFD26462,H3,139,train
XFD26450,H3,139,train
XFD26438,H3,72,train
XFD26426,H3,123,train
XFD26414,H3,123,test
XFD26402,H3,123,train
XFD26390,H3,123,val
XFD26378,H3,123,train
XFD26366,H3,123,train
XFD26354,H3,123,test
XFD26342,H3,137,val
XFD26330,H3,135,train
XFD26318,H3,135,train
XFD26306,H3,135,val
XFD26294,H3,137,train
XFD26282,H3,123,test
XFD26270,H3,139,train
XFD26258,H3,103,train
XFD26246,H3,148,train
XFD26234,H3,148,train
XFD26222,H3,147,val
XFD26210,H3,79,val
XFD26198,H3,103,train
XFD26186,H3,119,train
XFD26174,H3,123,train
XFD26162,H3,123,train
XFD26150,H3,122,train
XFD26138,H3,137,train
XFD26126,H3,103,val
XFD26114,H3,72,val
XFD26102,H3,123,train
XFD26090,H3,139,val
XFD26078,H3,137,train
XFD26066,H3,123,test
XFD26054,H3,149,train
XFD26042,H3,108,train
XFD26030,H3,108,train
XFD26018,H3,108,train
XFD26006,H3,108,test
XFD25994,H3,108,train
XFD25982,H3,108,test
XFD25970,H3,72,train
XFD25958,H3,108,train
XFD25946,H3,105,train
XFD25934,H3,104,test
XFD25922,H3,123,train
XFD25910,H3,138,train
XFD25898,H3,104,train
XFD25886,H3,103,val
XFD25874,H3,123,val
XFD25862,H3,103,train
XFD25850,H3,123,train
XFD25838,H3,137,train
XFD25826,H3,124,train
XFD25814,H3,115,train
XFD25802,H3,139,train
XFD25790,H3,115,val
XFD25778,H3,115,train
XFD25767,H3,139,train
XFD25755,H3,105,train
XFD25743,H3,149,train
XFD25731,H3,72,train
XFD25719,H3,123,train
XFD25707,H3,72,train
XFD25695,H3,123,test
XFD25683,H3,115,train
XFD25671,H3,104,test
XFD25659,H3,104,train
XFD25647,H3,115,train
XFD25635,H3,150,train
XFD25623,H3,110,train
XFD25611,H3,104,train
XFD25601,H3,104,train
XFD25589,H3,104,test
XFD25577,H3,104,train
XFD25565,H3,108,train
XFD25553,H3,139,train
XFD25541,H3,138,train
XFD25529,H3,104,train
XFD25517,H3,135,train
XFD25505,H3,123,val
XFD25493,H3,123,train
XFD25481,H3,72,train
XFD25471,H3,115,train
XFD25461,H3,137,train
XFD25452,H3,104,val
XFD25439,H3,121,train
XFD25429,H3,139,train
XFD25419,H3,140,train
XFD25404,H3,139,train
XFD25394,H3,108,train
XFD25384,H3,108,train
XFD25374,H3,123,test
XFD25366,H3,137,train
XFD25356,H3,138,test
XFD25345,H3,137,train
XFD25335,H3,104,train
XFD25325,H3,104,val
XFD25315,H3,138,train
XFD25306,H3,115,train
XFD25294,H3,123,train
XFD25284,H3,115,train
XFD25274,H3,123,train
XFD25264,H3,127,val
XFD25254,H3,105,train
XFD25244,H3,123,test
XFD25234,H3,151,train
XFD25224,H3,121,train
XFD25214,H3,105,train
XFD25204,H3,105,val
XFD25195,H3,150,train
XFD25188,H3,126,train
XFD25178,H3,137,train
XFD25168,H3,137,train
XFD25159,H3,127,test
XFD25149,H3,104,train
XFD25139,H3,139,train
XFD25129,H3,139,val
XFD25121,H3,123,train
XFD25109,H3,135,val
XFD25099,H3,135,train
XFD25088,H3,104,train
XFD25078,H3,122,train
XFD25067,H3,104,train
XFD25056,H3,123,test
XFD25046,H3,123,train
XFD25036,H3,126,train
XFD25026,H3,135,train
XFD25016,H3,103,train
XFD25007,H3,123,test
XFD24999,H3,123,val
XFD24989,H3,122,train
XFD24978,H3,115,train
XFD24970,H3,135,train
XFD24959,H3,139,val
XFD24948,H3,139,val
XFD24940,H3,139,test
XFD24930,H3,115,train
XFD24921,H3,103,test
XFD24913,H3,135,train
XFD24903,H3,115,train
XFD24891,H3,103,test
XFD24881,H3,72,val
XFD24873,H3,104,val
XFD24863,H3,72,train
XFD24853,H3,137,train
XFD24843,H3,123,train
XFD24833,H3,135,train
XFD24822,H3,123,train
XFD24812,H3,139,train
XFD24801,H3,123,train
XFD24791,H3,139,train
XFD24781,H3,123,train
XFD24771,H3,115,train
XFD24761,H3,119,test
XFD24752,H3,119,test
XFD24741,H3,72,train
XFB56349,H3,152,test
XFB56347,H3,153,train
XFB56335,H3,154,train
XFB56329,H3,36,train
XFB56323,H3,155,test
XFB56321,H3,156,val
XFB56319,H3,157,train
XFB56317,H3,158,test
XFB56315,H3,158,train
XFB56313,H3,159,train
XFA02390,H3,663,val
XFA02389,H3,664,test
XFA02388,H3,665,train
XFA02387,H3,666,train
XEQ90848,H3,160,test
XEQ90840,H3,155,train
XEQ90838,H3,161,val
XEQ90836,H3,162,train
XDF04400,H3,139,val
XDF04275,H3,119,test
XCV19028,H3,163,train
XCV19026,H3,163,train
XCV19019,H3,163,train
XCV19018,H3,163,train
XCV19015,H3,164,train
XCV19013,H3,165,train
XCV19012,H3,163,train
XCV19010,H3,166,train
XCV19008,H3,167,train
XCV19006,H3,168,train
XCV19005,H3,169,train
XCV19001,H3,170,test
XCV18992,H3,171,val
XCV18988,H3,164,train
XCV18980,H3,164,train
XCV18978,H3,172,val
XCV18977,H3,172,test
XCV18975,H3,172,train
XCV18974,H3,172,val
XCV18965,H3,165,train
XCV18955,H3,172,train
XCV18954,H3,172,val
XCV18953,H3,172,val
XCV18952,H3,173,test
XCV18950,H3,172,train
XCV18948,H3,173,train
XCV18945,H3,172,train
XCV18942,H3,174,train
XCV18940,H3,172,train
XCV18935,H3,165,train
XCV18925,H3,170,val
XCV18924,H3,170,train
XCV18914,H3,175,train
XCV18911,H3,175,test
XCV18909,H3,175,train
XCV18907,H3,175,train
XCV18888,H3,176,train
XCV18883,H3,177,train
XCV18859,H3,178,train
XCV18851,H3,179,train
XCV18849,H3,179,train
XCV18844,H3,180,train
XCV18832,H3,181,val
XCV18828,H3,182,train
XCV18813,H3,183,train
XCV18807,H3,184,val
XCV18803,H3,184,train
XCV18802,H3,185,train
XCV18799,H3,184,train
XCV18797,H3,186,val
XCV18796,H3,184,train
XCV18795,H3,187,train
XCV18794,H3,188,train
XCV18792,H3,188,train
XCV18789,H3,188,train
XCV18788,H3,187,val
XCV18786,H3,187,test
XCV18784,H3,189,test
XCV18781,H3,187,train
XCV18780,H3,186,train
XCV18779,H3,187,train
XCV18777,H3,185,test
XCV18775,H3,190,train
XCV18774,H3,186,train
XCV18773,H3,191,train
XCV18772,H3,192,val
XCV18771,H3,192,train
XCV18765,H3,192,val
XCV18753,H3,193,val
XCV18751,H3,194,train
XCV18750,H3,186,train
XCV18749,H3,195,test
XCV18746,H3,194,train
XCV18745,H3,194,val
XCV18744,H3,193,val
XCV18742,H3,193,train
XCV18734,H3,194,train
XCV18733,H3,194,train
XCV18732,H3,194,train
XCV18730,H3,194,train
XCV18723,H3,196,val
XCV18722,H3,197,train
XCV18719,H3,197,train
XCV18717,H3,196,train
XCV18716,H3,196,train
XCV18715,H3,198,train
XCV18714,H3,196,train
XCV18713,H3,196,train
XCV18710,H3,194,train
XCV18702,H3,187,train
XCV18696,H3,199,test
XCV18694,H3,200,val
XCV18691,H3,200,test
XCV18689,H3,199,train
XCV18688,H3,200,val
XCV18687,H3,201,train
XCV18686,H3,202,train
XCV18685,H3,203,val
XCV18682,H3,200,train
XCV18678,H3,203,test
XCV18670,H3,204,train
XCV18632,H3,205,val
XCV18625,H3,206,train
XCV18616,H3,207,train
XCV18611,H3,208,train
XCV18598,H3,209,train
XCV18597,H3,209,train
XCV18596,H3,209,train
XCV18590,H3,163,train
XCV18587,H3,210,train
XCV18576,H3,211,val
XCV18534,H3,212,train
XCV18532,H3,212,train
XCV18526,H3,213,train
XCV18525,H3,215,train
XCV18524,H3,214,train
XCV18523,H3,215,train
XCV18522,H3,215,val
XCV18521,H3,215,val
XCV18520,H3,215,train
XCV18519,H3,215,train
XCV18518,H3,215,train
XCV18517,H3,215,train
XCV18516,H3,216,test
XCV18515,H3,215,train
XCV18514,H3,216,val
XCV18513,H3,215,train
XCV18512,H3,215,train
XCV18333,H3,217,train
XCV18331,H3,217,train
XCV18328,H3,218,train
XCV18326,H3,195,train
XCV18325,H3,217,train
XCV18324,H3,217,train
XCV18322,H3,195,train
XCV18305,H3,219,train
XCV18293,H3,220,val
XCV18290,H3,220,train
XCV18289,H3,221,train
XCV18282,H3,219,test
XCV18280,H3,222,train
XCV18278,H3,223,train
XCV18275,H3,223,train
XCV18274,H3,186,train
XCV18273,H3,220,train
XCV18256,H3,176,train
XCV18255,H3,187,train
XCV18252,H3,176,val
XCV18251,H3,176,test
XCV18247,H3,224,train
XCV18232,H3,223,train
XCV18231,H3,225,test
XCV18225,H3,226,train
XCV18222,H3,227,train
XCV18219,H3,228,train
XCV18218,H3,229,test
XCV18216,H3,170,train
XCV18212,H3,669,val
XCV18211,H3,230,val
XCV18208,H3,187,train
XCV18206,H3,231,train
XCV18205,H3,188,train
XCV18203,H3,187,train
XCV18198,H3,187,train
XCV18194,H3,231,val
XCV18191,H3,187,train
XCV18189,H3,186,train
XCV18188,H3,187,test
XCV18184,H3,187,test
XCV18183,H3,186,test
XCV18182,H3,187,train
XCV18180,H3,186,train
XCV18178,H3,232,train
XCV18177,H3,187,train
XCV18168,H3,187,val
XCV18163,H3,187,train
XCV18162,H3,233,val
XCV18158,H3,184,train
XCV18156,H3,187,train
XCV18155,H3,234,train
XCV18154,H3,234,train
XCV18150,H3,187,test
XCV18143,H3,234,val
XCV18138,H3,187,train
XCV18131,H3,187,train
XCV18130,H3,235,train
XCV18128,H3,235,val
XCV18123,H3,187,test
XCV18117,H3,236,val
XCV18108,H3,237,train
XCV18101,H3,238,train
XCV18092,H3,235,train
XCV18088,H3,234,val
XCV18087,H3,234,train
XCV18085,H3,235,train
XCV18082,H3,234,test
XCV18081,H3,235,train
XCV18080,H3,234,train
XCV18076,H3,234,train
XCV18065,H3,234,test
XCV18054,H3,234,train
XCV18049,H3,235,train
XCV18048,H3,235,train
XCV18046,H3,234,val
XCV18044,H3,187,test
XCV18041,H3,239,val
XCV18040,H3,235,train
XCV18036,H3,235,test
XCV18035,H3,235,train
XCV18034,H3,235,train
XCV18032,H3,187,train
XCV18028,H3,240,train
XCV18022,H3,187,val
XCV18021,H3,187,test
XCV18020,H3,187,train
XCV18019,H3,187,train
XCV18018,H3,187,train
XCV18015,H3,187,val
XCV18012,H3,241,train
XCV18009,H3,201,train
XCV18008,H3,187,train
XCV18007,H3,201,train
XCV18006,H3,187,train
XCV18005,H3,187,val
XCV18000,H3,187,train
XCV17998,H3,179,train
XCV17996,H3,176,train
XCV17988,H3,242,train
XCV17981,H3,243,test
XCV17977,H3,199,test
XCV17975,H3,187,train
XCV17974,H3,176,train
XCV17973,H3,176,val
XCV17971,H3,176,test
XCV17963,H3,244,val
XCV17962,H3,245,train
XCV17961,H3,246,train
XCV17955,H3,176,val
XCV17954,H3,176,train
XCV17946,H3,247,val
XCV17932,H3,177,train
XCV17931,H3,248,test
XCV17930,H3,247,train
XCV17926,H3,176,val
XCV17922,H3,176,train
XCV17921,H3,179,test
XCV17916,H3,249,train
XCV17912,H3,170,train
XCV17898,H3,250,train
XCV17892,H3,177,train
XCV17888,H3,667,train
XCV17886,H3,251,train
XCV17871,H3,200,test
XCV17870,H3,200,train
XCV17869,H3,200,train
XCV17868,H3,187,test
XCV17866,H3,200,train
XCV17862,H3,252,train
XCV17860,H3,200,train
XCV17859,H3,226,val
XCV17858,H3,200,train
XCV17855,H3,200,train
XCV17854,H3,200,train
XCV17852,H3,201,train
XCV17849,H3,176,val
XCV17848,H3,176,train
XCV17837,H3,176,train
XCV17824,H3,176,train
XCV17823,H3,176,train
XCV17816,H3,253,train
XCV17813,H3,253,train
XCV17798,H3,176,train
XCV17797,H3,176,train
XCV17793,H3,254,train
XCV17787,H3,255,train
XCV17771,H3,176,train
XCV17770,H3,176,train
XCV17769,H3,176,train
XCV17768,H3,176,train
XCV17767,H3,176,train
XCV17731,H3,256,train
XCV17730,H3,256,test
XCV17725,H3,256,val
XCV17723,H3,256,train
XCV17721,H3,256,train
XCV17715,H3,257,train
XCV17714,H3,257,train
XCV17712,H3,257,train
XCV17711,H3,257,train
XCV17710,H3,257,test
XCV17709,H3,257,val
XCV17708,H3,257,test
XCV17707,H3,257,test
XCV17702,H3,258,test
XCV17700,H3,258,train
XCV17699,H3,258,test
XCV17698,H3,258,train
XCV17695,H3,258,train
XCV17689,H3,258,train
XCV17688,H3,258,train
XCV17687,H3,258,train
XCV17686,H3,258,val
XCV17685,H3,258,test
XCV17684,H3,257,train
XCV17676,H3,259,train
XCV17675,H3,259,train
XCV17673,H3,258,train
XCV17672,H3,257,train
XCV17671,H3,258,train
XCV17670,H3,258,train
XCV17669,H3,257,train
XCV17663,H3,260,train
XCV17662,H3,260,train
XCV17661,H3,260,train
XCV17655,H3,170,train
XCV17654,H3,260,train
XCV17653,H3,256,train
XCV17651,H3,256,test
XCV17648,H3,170,train
XCV17647,H3,170,train
XCV17646,H3,170,train
XCV17645,H3,170,train
XCV17640,H3,256,train
XCV17636,H3,256,test
XCV17634,H3,260,train
XCV17633,H3,260,train
XCV17630,H3,261,test
XCV17627,H3,261,train
XCV17619,H3,262,train
XCV17617,H3,261,train
XCV17614,H3,261,train
XCV17613,H3,263,train
XCV17611,H3,212,train
XCV17607,H3,262,train
XCV17606,H3,262,train
XCV17604,H3,263,test
XCV17603,H3,263,train
XCV17601,H3,260,train
XCV17600,H3,260,train
XCV17599,H3,261,train
XCV17597,H3,264,train
XCV17596,H3,261,train
XCV17593,H3,261,test
XCV17592,H3,263,train
XCV17589,H3,261,train
XCV17585,H3,261,train
XCV17584,H3,265,train
XCV17561,H3,266,train
XCV17547,H3,267,train
XCV17546,H3,267,train
XCV17545,H3,166,val
XCV17544,H3,166,train
QDH12040,H3,13,test
QDH11980,H3,100,test
QDH11992,H3,268,val
QDH11957,H3,13,val
QDH11968,H3,21,train
QDH11945,H3,269,val
QDH11898,H3,270,test
XCB07766,H3,271,train
XCB07762,H3,272,train
XBP17305,H3,123,train
XAV35323,H3,115,train
XAV35317,H3,126,train
XAV35109,H3,86,train
WZL52273,H3,119,train
WZL52261,H3,123,val
WZL52249,H3,135,train
WZL52237,H3,135,train
WZL52225,H3,123,test
WZL52213,H3,123,val
WZL52201,H3,139,train
WZL52189,H3,123,train
WZL52177,H3,135,train
WZL52165,H3,135,train
WZL52153,H3,119,train
WZL52141,H3,119,train
WZL52129,H3,139,train
WZL52117,H3,139,train
WZL52105,H3,139,val
WZL52095,H3,139,train
WZL52083,H3,104,train
WZL52071,H3,115,train
WZL52059,H3,115,train
WZL52047,H3,139,val
WZL52037,H3,139,train
WZL52025,H3,139,train
WZL52015,H3,139,train
WZL52003,H3,139,train
WZL51991,H3,139,train
WZL51979,H3,119,train
WZL51967,H3,139,train
WZL51955,H3,139,val
WZL51943,H3,123,train
WZL51931,H3,139,train
WZL51919,H3,139,train
WZL51907,H3,115,train
WZL51895,H3,115,val
WZL51883,H3,139,train
WZL51871,H3,139,train
WZL51859,H3,139,train
WZL51847,H3,139,train
WZL51835,H3,123,val
WZL51823,H3,123,val
WZL51811,H3,135,val
WZL51799,H3,104,val
WZL51787,H3,104,train
WZL51775,H3,104,train
WZL51763,H3,104,train
WZL51751,H3,126,train
WZL51739,H3,115,train
WZL51727,H3,72,train
WZL51715,H3,139,val
WZL51703,H3,123,train
WZL51691,H3,123,train
WZL51679,H3,123,train
WZL51667,H3,123,test
WZL51655,H3,123,train
WZL51643,H3,123,train
WZL51631,H3,123,train
WZL51619,H3,115,train
WZL51607,H3,115,train
WZL51595,H3,123,train
WZL51583,H3,115,train
WZL51571,H3,115,train
WZL51559,H3,115,train
WZL51547,H3,115,train
WZL51535,H3,115,train
WZL51523,H3,123,train
WZL51511,H3,103,train
WZL51499,H3,104,train
WZL51487,H3,104,train
WZL51475,H3,104,train
WZL51463,H3,104,train
WZL51451,H3,110,val
WZL51439,H3,135,val
WZL51427,H3,135,test
WZL51415,H3,103,train
WZL51403,H3,121,train
WZL51391,H3,123,train
WZL51379,H3,123,train
WZL51367,H3,123,train
WZL51355,H3,126,train
WZL51343,H3,139,train
WZL51331,H3,110,val
WZL51319,H3,115,train
WZL51307,H3,103,train
WZL51295,H3,103,train
WZL51283,H3,103,train
WZL51271,H3,103,train
WZL51259,H3,115,train
WZL51247,H3,115,test
WZL51235,H3,123,train
WZL51223,H3,115,train
WZL51211,H3,115,train
WZL51199,H3,123,train
WZL51188,H3,123,train
WZL51177,H3,123,train
WZL51165,H3,103,test
WZL51153,H3,123,train
WZL51141,H3,123,train
WZL51129,H3,123,train
WZL51117,H3,123,test
WZL51105,H3,123,train
WZL51093,H3,123,train
WZL51081,H3,123,train
WZL51069,H3,123,test
WZL51057,H3,123,train
WZL51047,H3,123,train
WZL51035,H3,123,train
WZL51023,H3,135,train
WZL51011,H3,103,train
WZL50999,H3,104,train
WZL50987,H3,123,test
WZL50975,H3,115,train
WZL50963,H3,123,train
WZL50951,H3,115,train
WZL50940,H3,115,val
WZL50928,H3,103,train
WZL50916,H3,151,val
WZL50904,H3,123,val
WZL50892,H3,138,test
WZL50880,H3,273,train
WZL50868,H3,121,train
WZL50856,H3,139,val
WZL50844,H3,103,test
WZL50832,H3,138,train
WZL50820,H3,126,train
WZL50808,H3,115,test
WZL50797,H3,135,test
WZL50785,H3,139,train
WZL50773,H3,115,test
WZL50761,H3,115,train
WZL50749,H3,104,train
WZL50737,H3,104,train
WZL50725,H3,150,train
WZL50713,H3,139,train
WZL50701,H3,123,val
WZL50689,H3,123,train
WZL50677,H3,79,test
WZL50665,H3,104,train
WZL50653,H3,104,train
WZL50641,H3,79,val
WZL50629,H3,104,val
WZL50617,H3,104,train
WZL50605,H3,103,train
WZL50593,H3,139,train
WZL50581,H3,123,test
WZL50569,H3,273,val
WZL50557,H3,139,train
WZL50545,H3,139,train
WZL50533,H3,123,train
WZL50521,H3,123,train
WZL50509,H3,123,train
WZL50497,H3,123,train
WZL50485,H3,104,train
WZL50473,H3,148,train
WZL50461,H3,148,train
WZL50449,H3,141,train
WZL50437,H3,141,train
WZL50425,H3,148,test
WZL50413,H3,148,train
WZL50401,H3,140,train
WZL50389,H3,115,train
WZL50377,H3,141,train
WZL50365,H3,104,train
WZL50353,H3,139,train
WZL50341,H3,141,train
WZL50329,H3,139,train
WZL50317,H3,139,train
WZL50305,H3,139,train
WZL50293,H3,72,train
WZL50281,H3,72,train
WZL50269,H3,72,train
WZL50257,H3,274,val
WZL50245,H3,72,train
WZL50233,H3,72,train
WZL50221,H3,115,train
WZL50209,H3,141,train
WZL50197,H3,141,train
WZL50185,H3,121,train
WZL50173,H3,141,val
WZL50161,H3,115,train
WZL50149,H3,115,test
WZL50137,H3,150,train
WZL50125,H3,123,train
WZL50117,H3,123,train
WZL50105,H3,104,train
WZL50093,H3,104,test
WZL50081,H3,123,test
WZL50069,H3,123,train
WZL50057,H3,139,train
WZL50045,H3,139,train
WZL50033,H3,138,train
WZL50021,H3,138,test
WZL50009,H3,139,train
WZL49997,H3,115,train
WZL49985,H3,138,val
WZL49973,H3,138,train
WZL49961,H3,103,train
WZL49949,H3,119,train
WZL49937,H3,119,train
WZL49925,H3,123,train
WZL49913,H3,123,val
WZL49901,H3,115,train
WZL49889,H3,115,train
WZL49877,H3,119,train
WZL49865,H3,123,train
WZL49853,H3,123,train
WZL49841,H3,123,test
WZL49829,H3,115,train
WZL49817,H3,123,train
WZL49805,H3,119,test
WZL49793,H3,119,test
WZL49781,H3,119,train
WZL49769,H3,115,train
WZL49757,H3,107,train
WZL49745,H3,123,train
WZL49733,H3,123,train
WZL49721,H3,103,val
WZL49709,H3,103,train
WZL49697,H3,103,train
WZL49685,H3,103,train
WZL49673,H3,139,test
WZL49661,H3,139,train
WZL49649,H3,139,train
WZL49637,H3,139,train
WZL49625,H3,72,train
WZL49613,H3,140,test
WZL49601,H3,123,train
WZL49589,H3,115,val
WZL49577,H3,105,train
WZL49570,H3,105,train
WZL49558,H3,104,train
WZL49546,H3,123,train
WZL49534,H3,123,test
WZL49522,H3,275,val
WZL49510,H3,275,train
WZL49498,H3,119,train
WZL49486,H3,119,train
WZL49474,H3,139,train
WZL49462,H3,125,train
WZL49450,H3,125,train
WZL49438,H3,139,train
WZL49426,H3,139,test
WZL49414,H3,140,train
WZL49402,H3,115,train
WZL49391,H3,115,train
WZL49380,H3,104,test
WZL49368,H3,138,train
WZL49356,H3,138,test
WZL49344,H3,104,train
WZL49332,H3,104,train
WZL49320,H3,139,test
WZL49308,H3,139,train
WZL49296,H3,139,val
WZL49284,H3,135,train
WZL49272,H3,135,train
WZL49260,H3,103,test
WZL49248,H3,141,test
WZL49236,H3,141,train
WZL49224,H3,139,train
WZL49212,H3,139,train
WZL49200,H3,139,train
WZL49188,H3,140,train
WZL49176,H3,115,train
WZL49164,H3,115,train
WZL49152,H3,139,test
WZL49140,H3,139,train
WZL49128,H3,123,val
WZL49116,H3,123,train
WZL49104,H3,139,test
WZL49092,H3,123,train
WZL49080,H3,123,train
WZL49068,H3,121,train
WZL49056,H3,104,val
WZL49044,H3,104,val
WZL49032,H3,115,train
WZL49020,H3,144,train
WZL49008,H3,115,train
WZL48997,H3,115,train
WZL48985,H3,150,test
WZL48973,H3,276,train
WZL48961,H3,276,train
WZL48949,H3,276,test
WZL48937,H3,276,train
WZL48925,H3,149,train
WZL48913,H3,149,val
WZL48901,H3,123,train
WZL48889,H3,137,train
WZL48877,H3,123,train
WZL48865,H3,123,train
WZL48853,H3,137,train
WZL48841,H3,123,train
WZL48829,H3,123,train
WZL48817,H3,137,train
WZL48805,H3,123,train
WZL48793,H3,137,train
WZL48781,H3,86,train
WZL48769,H3,135,val
WZL48757,H3,135,test
WZL48745,H3,151,train
WZL48733,H3,151,val
WZL48721,H3,123,val
WZL48709,H3,151,val
WZL48697,H3,151,train
WZL48687,H3,104,test
WZL48675,H3,104,train
WZL48663,H3,150,train
WZL48651,H3,143,train
WZL48639,H3,123,train
WZL48627,H3,123,train
WZL48615,H3,139,train
WZL48603,H3,139,val
WZL48591,H3,139,train
WZL48579,H3,123,val
WZL48567,H3,123,test
WZL48555,H3,123,train
WZL48543,H3,123,train
WZL48531,H3,123,test
WZL48519,H3,123,val
WZL48507,H3,150,train
WZL48495,H3,150,val
WZL48485,H3,103,test
WZL48473,H3,115,test
WZL48461,H3,115,train
WZL48449,H3,115,train
WZL48437,H3,115,val
WZL48425,H3,123,train
WZL48413,H3,135,val
WZL48401,H3,115,train
WZL48390,H3,115,train
WZL48378,H3,139,val
WZL48366,H3,104,train
WZL48354,H3,104,train
WZL48342,H3,115,train
WZL48331,H3,115,train
WZL48320,H3,276,val
WZL48308,H3,139,train
WZL48296,H3,123,train
WZL48284,H3,103,train
WZL48272,H3,115,train
WZL48260,H3,123,train
WZL48248,H3,115,train
WZL48236,H3,145,train
WZL48224,H3,139,train
WZL48212,H3,115,train
WZL48200,H3,103,train
WZL48188,H3,126,train
WZL48176,H3,143,train
WZL48164,H3,123,val
WZL48152,H3,104,train
WZL48140,H3,123,test
WZL48128,H3,143,train
WZL48116,H3,115,train
WZL48104,H3,104,train
WZL48092,H3,104,test
WZL48080,H3,104,train
WZL48068,H3,123,val
WZL48056,H3,139,train
WZL48044,H3,139,train
WZL48032,H3,277,val
WZL48020,H3,123,train
WZL48008,H3,123,train
WZL47996,H3,123,val
WZL47984,H3,123,train
WZL47972,H3,277,val
WZL47960,H3,277,train
WZL47948,H3,139,train
WZL47936,H3,104,train
WZL47924,H3,139,train
WZL47912,H3,104,test
WZL47900,H3,104,train
WZL47888,H3,123,train
WZL47876,H3,104,train
WZL47864,H3,104,test
WZL47852,H3,104,train
WZL47840,H3,104,train
WZL47828,H3,104,train
WZL47816,H3,115,train
WZL47804,H3,139,test
WZL47792,H3,104,train
WZL47780,H3,104,val
WZL47768,H3,104,test
WZL47756,H3,103,train
WZL47744,H3,104,train
WZL47732,H3,140,train
WZL47720,H3,104,train
WZL47708,H3,104,train
WZL47696,H3,122,val
WZL47684,H3,123,train
WZL47672,H3,104,train
WZL47660,H3,123,train
WZL47648,H3,115,test
WZL47636,H3,122,test
WZL47624,H3,122,test
WZL47612,H3,103,val
WZL47600,H3,103,train
WZL47588,H3,122,test
WZL47576,H3,122,train
WZL47564,H3,104,test
WZL47552,H3,137,val
WZL47540,H3,122,train
WZL47528,H3,115,train
WZL47516,H3,122,train
WZL47504,H3,123,train
WZL47492,H3,123,train
WZL47480,H3,123,test
WZL47468,H3,123,val
WZL47456,H3,118,train
WZL47444,H3,118,train
WZL47432,H3,123,train
WZL47420,H3,123,train
WZL47408,H3,123,test
WZL47396,H3,118,train
WZL47384,H3,119,test
WZL47372,H3,119,test
WZL47360,H3,119,train
WZL47348,H3,123,train
WZL47336,H3,123,train
WZL47324,H3,276,train
WZL47313,H3,276,val
WZL47302,H3,276,test
WZL47291,H3,276,train
WZL47280,H3,140,val
WZL47268,H3,123,test
WZL47256,H3,135,train
WZL47244,H3,135,train
WZL47232,H3,139,train
WZL47220,H3,139,train
WZL47208,H3,123,train
WZL47196,H3,103,train
WZL47184,H3,103,train
WZL47172,H3,139,train
WZL47160,H3,135,train
WZL47148,H3,135,val
WZL47136,H3,135,val
WZL47124,H3,135,test
WZL47112,H3,135,train
WZL47100,H3,136,val
WZL47088,H3,136,val
WZL47076,H3,123,val
WZL47064,H3,104,test
WZL47052,H3,104,train
WZL47040,H3,119,test
WZL47028,H3,123,test
WZL47016,H3,115,test
WZL47004,H3,115,train
WZL46992,H3,139,test
WZL46980,H3,139,train
WZL46968,H3,142,val
WZL46956,H3,123,train
WZL46944,H3,115,train
WZL46932,H3,123,train
WZL46920,H3,123,test
WZL46908,H3,135,test
WZL46896,H3,135,train
WZL46884,H3,142,train
WZL46872,H3,142,train
WZL46860,H3,104,train
WZL46848,H3,127,train
WZL46836,H3,127,train
WZL46824,H3,105,train
WZL46812,H3,105,train
WZL46800,H3,135,test
WZL46790,H3,135,train
WZL46778,H3,139,train
WZL46766,H3,139,train
WZL46754,H3,278,train
WZL46743,H3,278,train
WZL46732,H3,115,val
WZL46721,H3,115,train
WZL46710,H3,278,train
WZL46699,H3,115,test
WZL46687,H3,123,train
WZL46675,H3,123,train
WZL46663,H3,123,val
WZL46651,H3,276,train
WZL46639,H3,276,train
WZL46627,H3,72,test
WZL46615,H3,123,val
WZL46603,H3,276,train
WZL46591,H3,103,train
WZL46579,H3,123,test
WZL46567,H3,115,train
WZL46556,H3,146,val
WZL46544,H3,138,train
WZL46532,H3,127,train
WZL46520,H3,115,train
WZL46509,H3,137,test
WZL46497,H3,135,train
WZL46485,H3,135,train
WZL46473,H3,115,train
WZL46461,H3,115,test
WZL46449,H3,139,train
WZL46437,H3,139,test
WZL46427,H3,115,val
WZL46415,H3,123,test
WZL46403,H3,123,train
WZL46391,H3,115,val
WZL46379,H3,139,train
WZL46367,H3,277,train
WZL46355,H3,277,train
WZL46343,H3,277,train
WZL46331,H3,277,val
WZL46319,H3,123,val
WZL46309,H3,123,test
WZL46297,H3,123,val
WZL46285,H3,123,train
WZL46273,H3,139,test
WZL46261,H3,139,val
WZL46249,H3,139,val
WZL46237,H3,123,train
WZL46225,H3,123,train
WZL46213,H3,104,train
WZL46201,H3,123,train
WZL46189,H3,273,train
WZL46177,H3,123,train
WZL46165,H3,123,train
WZL46153,H3,105,train
WZL46141,H3,105,train
WZL46129,H3,139,train
WZL46117,H3,139,val
WZL46105,H3,139,train
WZL46093,H3,123,train
WZL46081,H3,123,train
WZL46069,H3,123,train
WZL46057,H3,123,train
WZL46045,H3,104,train
WZL46033,H3,140,test
WZL46021,H3,140,train
WZL46009,H3,104,val
WZL45997,H3,104,train
WZL45985,H3,123,train
WZL45973,H3,123,test
WZL45961,H3,135,train
WZL45949,H3,135,train
WZL45937,H3,123,train
WZL45925,H3,123,train
WZL45913,H3,123,train
WZL45901,H3,123,train
WZL45889,H3,135,train
WZL45877,H3,123,val
WZL45865,H3,104,val
WZL45853,H3,139,val
WZL45841,H3,139,test
WZL45834,H3,145,train
WZL45822,H3,139,train
WZL45810,H3,122,train
WZL45798,H3,122,train
WZL45786,H3,139,train
WZL45774,H3,139,test
WZL45762,H3,139,train
WZL45750,H3,122,train
WZL45738,H3,122,train
WZL45727,H3,122,test
WZL45715,H3,135,train
WZL45703,H3,105,val
WZL45691,H3,105,train
WZL45679,H3,135,train
WZL45667,H3,104,train
WZL45655,H3,135,val
WZL45643,H3,123,train
WZL45631,H3,135,train
WZL45619,H3,135,val
WZL45607,H3,277,train
WZL45595,H3,277,test
WZL45583,H3,135,test
WZL45571,H3,135,val
WZL45559,H3,135,train
WZL45547,H3,140,train
WZL45535,H3,140,train
WZL45523,H3,140,train
WZL45511,H3,140,train
WZL45499,H3,139,train
WZL45487,H3,139,test
WZL45475,H3,136,val
WZL45463,H3,136,train
WZL45451,H3,123,train
WZL45439,H3,140,test
WZL45427,H3,140,train
WZL45415,H3,140,train
WZL45403,H3,119,train
WZL45391,H3,119,train
WZL45379,H3,118,train
WZL45367,H3,135,test
WZL45355,H3,140,train
WZL45343,H3,140,train
WZL45331,H3,123,train
WZL45319,H3,123,val
WZL45313,H3,123,test
WZL45295,H3,123,train
WZL45283,H3,123,train
WZL45271,H3,123,val
WZL45259,H3,146,test
WZL45247,H3,146,train
WZL45235,H3,123,val
WZL45223,H3,123,test
WZL45211,H3,126,train
WZL45199,H3,126,train
WZL45187,H3,140,train
WZL45175,H3,140,train
WZL45163,H3,123,train
WZL45151,H3,123,train
WZL45139,H3,123,train
WZL45127,H3,123,train
WZL45115,H3,123,train
WZL45103,H3,123,train
WZL45091,H3,123,train
WZL45079,H3,123,train
WZL45067,H3,123,train
WZL45055,H3,123,train
WZL45043,H3,135,train
WZL45031,H3,135,train
WZL45019,H3,121,val
WZL45007,H3,121,train
WZL44995,H3,135,train
WZL44983,H3,135,train
WZL44971,H3,135,train
WZL44959,H3,135,test
WZL44947,H3,279,train
WZL44935,H3,279,val
WZL44923,H3,123,train
WZL44911,H3,278,train
WZL44900,H3,72,test
WZL44888,H3,72,train
WZL44876,H3,72,train
WZL44864,H3,138,train
WZL44852,H3,72,train
WZL44840,H3,103,train
WZL44828,H3,72,test
WZL44816,H3,104,test
WZL44804,H3,104,train
WZL44792,H3,123,train
WZL44780,H3,123,val
WZL44768,H3,139,val
WZL44756,H3,140,val
WZL44744,H3,123,train
WZL44732,H3,123,val
WZL44720,H3,103,train
WZL44708,H3,140,train
WZL44696,H3,151,train
WZL44684,H3,103,train
WZL44672,H3,104,train
WZL44660,H3,115,train
WZL44649,H3,115,train
WZL44638,H3,103,train
WZL44626,H3,145,train
WZL44614,H3,115,test
WZL44602,H3,115,train
WZL44590,H3,115,val
WZL44578,H3,126,train
WZL44566,H3,126,test
WZL44554,H3,126,test
WZL44542,H3,126,train
WZL44530,H3,126,train
WZL44518,H3,151,train
WZL44506,H3,115,val
WZL44494,H3,115,train
WZL44482,H3,103,train
WZL44470,H3,115,train
WZL44458,H3,126,train
WZL44446,H3,123,val
WZL44434,H3,119,test
WZL44422,H3,115,test
WZL44411,H3,115,train
WZL44400,H3,123,train
WZL44388,H3,123,train
WZL44376,H3,123,train
WZL44364,H3,115,train
WZL44353,H3,115,val
WZL44342,H3,115,val
WZL44331,H3,150,test
WZL44319,H3,150,val
WZL44307,H3,123,test
WZL44295,H3,123,val
WZL44283,H3,115,train
WZL44272,H3,115,train
WZL44261,H3,104,test
WZL44249,H3,104,train
WZL44237,H3,115,train
WZL44226,H3,115,train
WZL44215,H3,115,train
WZL44204,H3,123,train
WZL44192,H3,123,train
WZL44180,H3,115,test
WZL44168,H3,115,train
WZL44156,H3,115,test
WZL44145,H3,115,val
WZL44134,H3,123,test
WZL44122,H3,115,train
WZL44111,H3,123,train
WZL44099,H3,104,train
WZL44087,H3,104,val
WZL44075,H3,123,val
WZL44063,H3,123,train
WZL44051,H3,123,train
WZL44039,H3,123,val
WZL44027,H3,115,test
WZL44015,H3,123,train
WZL44003,H3,123,train
WZL43991,H3,72,train
WZL43979,H3,72,train
WZL43967,H3,139,train
WZL43955,H3,123,train
WZL43943,H3,123,train
WZL43931,H3,123,val
WZL43919,H3,119,train
WZL43907,H3,119,train
WZL43895,H3,123,train
WZL43883,H3,123,train
WZL43871,H3,123,train
WZL43861,H3,123,train
WZL43849,H3,123,train
WZL43837,H3,123,train
WZL43825,H3,119,train
WZL43813,H3,123,val
WZL43801,H3,123,test
WZL43789,H3,123,train
WZL43777,H3,123,train
WZL43765,H3,123,train
WZL43753,H3,123,test
WZL43741,H3,119,train
WZL43729,H3,119,train
WZL43717,H3,278,train
WZL43706,H3,278,test
WZL43697,H3,123,test
WZL43685,H3,123,train
WZL43673,H3,123,train
WZL43661,H3,123,train
WZL43649,H3,123,train
WZL43637,H3,123,train
WZL43625,H3,123,test
WZL43613,H3,139,train
WZL43601,H3,139,train
WZL43589,H3,72,test
WZL43577,H3,123,train
WZL43565,H3,123,train
WZL43553,H3,280,val
WZL43541,H3,79,test
WZL43529,H3,115,train
WZL43517,H3,278,train
WZL43506,H3,115,train
WZL43494,H3,126,val
WZL43482,H3,140,train
WZL43470,H3,140,train
WZL43458,H3,138,test
WZL43446,H3,148,train
WZL43434,H3,123,train
WZL43422,H3,104,train
WZL43410,H3,137,train
WZL43398,H3,115,train
WZL43386,H3,103,test
WZL43374,H3,123,train
WZL43362,H3,123,train
WZL43350,H3,123,val
WZL43338,H3,135,train
WZL43326,H3,103,train
WZL43314,H3,123,train
WZL43302,H3,103,train
WZL43290,H3,138,train
WZL43278,H3,115,test
WZL43266,H3,112,test
WZL43254,H3,115,train
WZL43242,H3,115,test
WZL43230,H3,139,train
WZL43218,H3,115,val
WZL43206,H3,115,val
WZL43195,H3,139,train
WZL43183,H3,105,train
WZL43171,H3,135,test
WZL43159,H3,149,train
WZL43147,H3,72,train
WZL43135,H3,123,train
WZL43123,H3,72,train
WZL43111,H3,72,test
WZL43099,H3,103,train
WZL43087,H3,104,train
WZL43075,H3,150,train
WZL43063,H3,104,val
WZL43051,H3,123,val
WZL43039,H3,123,test
WZL43027,H3,276,train
WZL43015,H3,138,train
WZL43003,H3,138,val
WZL42991,H3,115,test
WZL42979,H3,125,train
WZL42967,H3,123,train
WZL42955,H3,123,val
WZL42943,H3,104,train
WZL42931,H3,123,train
WZL42919,H3,104,test
WZL42907,H3,104,test
WZL42895,H3,104,test
WZL42883,H3,104,train
WZL42871,H3,143,test
WZL42859,H3,281,train
WZL42847,H3,281,train
WZL42835,H3,104,train
WZL42823,H3,139,test
WZL42811,H3,123,train
WZL42799,H3,135,test
WZL42787,H3,104,train
WZL42775,H3,139,train
WZL42763,H3,139,val
WZL42751,H3,138,val
WZL42739,H3,104,train
WZL42727,H3,139,train
WZL42715,H3,139,train
WZL42703,H3,115,train
WZL42691,H3,118,train
WZL42679,H3,135,train
WZL42667,H3,123,test
WZL42655,H3,123,val
WZL42643,H3,281,val
WZL42631,H3,115,train
WZL42621,H3,123,train
WZL42611,H3,125,val
WZL42599,H3,72,train
WZL42590,H3,125,train
WZL42578,H3,123,train
WZL42568,H3,142,train
WZL42558,H3,119,train
WZL42549,H3,139,val
WZL42537,H3,115,test
WZL42526,H3,103,train
WZL42516,H3,123,test
WZL42506,H3,123,train
WZL42496,H3,135,train
WZL42486,H3,135,val
WZL42476,H3,142,train
WZL42466,H3,123,val
WZL42456,H3,123,train
WZL42446,H3,139,train
WZL42436,H3,145,train
WZL42426,H3,119,val
WZL42416,H3,139,val
WZL42405,H3,123,train
WZL42394,H3,115,val
WZL42384,H3,123,val
WZL42374,H3,123,val
WZL42364,H3,123,test
WZL42354,H3,115,val
WZL42344,H3,135,train
WZL42334,H3,123,train
WZL42325,H3,138,train
WZL42320,H3,115,train
WZL42308,H3,123,train
WZL42297,H3,119,val
WZL42287,H3,139,train
WZL42277,H3,123,val
WZL42267,H3,123,test
WZL42259,H3,123,train
WZL42249,H3,123,val
WZL42239,H3,123,train
WZL42230,H3,123,train
WZL42220,H3,123,val
WZL42210,H3,141,train
WZL42203,H3,141,train
WZL42193,H3,135,train
WZL42183,H3,275,train
WZL42172,H3,123,val
WZL42162,H3,282,test
WZL42152,H3,123,train
WZL42141,H3,139,test
WZL42131,H3,123,train
WZL42121,H3,123,test
WZL42111,H3,123,test
WZL42100,H3,139,val
WZL42089,H3,123,train
WZL42079,H3,115,test
WZL42069,H3,72,train
WZL42060,H3,115,test
WZL42050,H3,119,train
WZL42039,H3,115,val
WZL42029,H3,119,val
WZL42018,H3,123,train
WZL42008,H3,121,train
WZL42000,H3,115,val
WZL41990,H3,115,test
WVR18255,H3,283,train
WVR18245,H3,284,train
QPZ33437,H3,285,train
QPZ33489,H3,11,test
QPZ33477,H3,100,train
QPZ33449,H3,285,train
QPZ33425,H3,13,train
QIB02480,H3,286,val
QIB02472,H3,286,train
QIB02343,H3,286,train
QIB02326,H3,287,train
WPF72611,H3,80,train
WPF72599,H3,80,train
WPF72587,H3,80,train
WOP46039,H3,115,test
WOA06558,H3,107,train
WOA06557,H3,107,train
WOA06556,H3,107,train
WOA06555,H3,107,train
WOA06554,H3,107,val
WOA06553,H3,126,train
WOA06552,H3,288,train
WOA06551,H3,288,train
WOA06550,H3,288,train
WOA06549,H3,288,train
WOA06541,H3,288,train
WOA06540,H3,288,train
WOA06539,H3,288,train
WOA06538,H3,289,train
WOA06537,H3,289,train
WOA06536,H3,290,train
WIW78011,H3,291,test
WIW77999,H3,291,val
WIW77987,H3,291,train
WIW77975,H3,291,train
WIW77963,H3,291,train
WIW77951,H3,292,train
WIW77939,H3,291,train
WIW77927,H3,291,train
WIW77915,H3,291,val
WIW77680,H3,291,train
WIW77668,H3,291,train
WIW77656,H3,291,train
WIW77644,H3,291,train
WIW77632,H3,291,test
WIW77620,H3,291,train
WIW77608,H3,291,train
WIW77596,H3,291,train
WIW77584,H3,291,test
WIW77572,H3,291,train
WIW77206,H3,291,train
WIW77194,H3,291,train
WIW77182,H3,291,train
WIW77170,H3,291,train
WIW77158,H3,291,train
WIW77146,H3,291,train
WIW77134,H3,291,train
WIW77122,H3,291,test
WIW77110,H3,291,train
WIW77098,H3,291,train
WIW77086,H3,291,test
WIW77074,H3,291,train
WIW77062,H3,291,train
WIW72829,H3,291,train
WIW72817,H3,291,train
WIW72805,H3,291,train
WIW72793,H3,292,train
WIW72764,H3,291,train
WIW72752,H3,291,train
WIW72740,H3,291,train
WIW72318,H3,291,train
WIW72306,H3,291,train
WIW72294,H3,291,train
WIW72282,H3,291,val
WHO46301,H3,107,train
WHO46272,H3,293,train
WHO46240,H3,107,train
WHL55455,H3,294,train
WFH86296,H3,107,val
WFH86273,H3,107,val
WFH86261,H3,295,train
WFH86249,H3,295,train
WFH86226,H3,295,train
WFH86203,H3,293,test
WFH86191,H3,295,val
WFH86179,H3,295,val
WFH86167,H3,107,train
WFH86155,H3,295,train
WFH86143,H3,295,train
WFH86109,H3,107,train
WFH86097,H3,295,test
WFH86085,H3,107,train
WFH86073,H3,107,test
WFH86061,H3,107,train
WFH86038,H3,295,train
WFH86026,H3,295,train
WFH86014,H3,295,train
WFH86002,H3,107,train
WFH85990,H3,295,train
WFH85978,H3,295,train
WFH85966,H3,107,val
WFH85943,H3,107,train
WFH85909,H3,107,train
WFH85886,H3,295,train
WFH85863,H3,107,test
WFH85840,H3,107,train
WFH85817,H3,107,train
WFH85805,H3,295,test
WFH85793,H3,107,train
WFH85770,H3,107,train
WFH85758,H3,107,train
WFH85746,H3,107,train
WFH85734,H3,107,train
WFH85722,H3,107,train
WFH85677,H3,295,val
WFH85588,H3,107,test
WFH85576,H3,107,train
WFH85564,H3,107,train
WFH85552,H3,107,train
WFH85540,H3,107,train
WFH85528,H3,107,test
WFH85516,H3,107,train
WFH85445,H3,126,val
WFH85444,H3,126,train
WFH85443,H3,126,test
WFH85442,H3,107,train
WFH85441,H3,293,train
WFH85440,H3,126,test
WFH85439,H3,291,train
WFH85361,H3,291,train
WFH85360,H3,107,val
WFH85359,H3,126,val
WFH85358,H3,107,train
WFH85312,H3,126,train
WFH85276,H3,126,train
WFH85275,H3,126,train
WFH85274,H3,126,train
WFH85185,H3,107,train
WFH85184,H3,126,train
WFH85183,H3,126,train
WFH85182,H3,126,val
WFH85112,H3,107,test
WFH85043,H3,126,train
WFH85042,H3,126,train
WFH85041,H3,115,train
WFH85040,H3,295,train
WFH85039,H3,126,val
WFH85038,H3,126,test
WFH85037,H3,107,train
WFH85036,H3,126,train
WES82532,H3,107,train
WES75242,H3,107,train
WCR54599,H3,296,train
WCR54589,H3,316,train
WCR54593,H3,316,train
WCI21515,H3,5,val
WCF71433,H3,210,train
WCF71421,H3,177,train
WCF71409,H3,297,train
WCF71397,H3,170,test
WCF71387,H3,177,train
WCF71375,H3,298,train
WCF71363,H3,170,train
WCF71352,H3,299,train
WCF71340,H3,163,train
WCF71318,H3,201,train
WCF71306,H3,300,train
WCF71330,H3,201,train
WCF71295,H3,288,train
WCF71283,H3,301,train
WCF71272,H3,163,test
WCF71248,H3,302,train
WCF71260,H3,210,val
WCF71224,H3,209,train
WCF71236,H3,210,train
WCF71212,H3,163,train
WCF71200,H3,170,train
WCF71190,H3,199,train
WCF71172,H3,168,val
WCF71160,H3,303,train
WCF71148,H3,201,val
WCF71138,H3,304,train
WCF71126,H3,290,train
WCF71114,H3,208,train
WCF71102,H3,170,val
WCF71092,H3,166,test
WCF71080,H3,163,train
WCF71058,H3,168,val
WCF71070,H3,170,train
WCF71046,H3,305,train
WCF71034,H3,201,train
WCF71022,H3,166,train
WCF71010,H3,302,train
WCF70998,H3,289,train
WCF70988,H3,210,test
WCF70976,H3,170,train
WCF70965,H3,298,train
WCF70953,H3,170,train
WCF70917,H3,166,train
WCF70941,H3,163,train
WCF70929,H3,163,train
WCF70906,H3,163,test
WCF70886,H3,201,test
WCF70898,H3,201,test
UKH70671,H3,306,test
UKH70659,H3,307,train
UKH70647,H3,307,val
UKH70635,H3,308,train
UKH70623,H3,309,train
UKH70611,H3,307,train
WBS97803,H3,310,val
WBS97802,H3,311,test
WBS97801,H3,288,train
WBS97800,H3,80,val
WBS97799,H3,288,train
WBS97796,H3,292,val
WBS97794,H3,292,val
WBS97793,H3,676,val
WBS97792,H3,292,train
WBS97791,H3,292,val
WBS97790,H3,292,train
WBS97788,H3,310,train
WBS97787,H3,80,train
WBS97784,H3,292,test
WBS97783,H3,292,train
WBS97782,H3,292,train
WBS97781,H3,292,train
WBS97780,H3,288,train
WBR47351,H3,107,train
WBR47331,H3,107,train
WBR44974,H3,126,train
QTC20725,H3,312,train
UZO45473,H3,313,train
UZO45325,H3,295,train
UZO45301,H3,295,val
UZO40557,H3,291,train
UZO39405,H3,107,val
UZO39213,H3,313,train
UZO38993,H3,314,test
UZO36526,H3,292,train
UZO36440,H3,315,val
UZO36307,H3,291,val
UZH94908,H3,5,test
UZH94884,H3,5,train
UZH94862,H3,296,train
UZH94840,H3,316,train
UZH94807,H3,296,val
UZH94797,H3,316,val
UZH94785,H3,316,train
UYR15249,H3,5,train
UYR10301,H3,316,train
UYR10252,H3,5,train
UYL65108,H3,292,train
UYL16211,H3,313,train
QGI57457,H3,317,train
ADD97077,H3,306,train
UVV50350,H3,650,train
UVV50339,H3,650,train
UVV50329,H3,674,train
UVV50317,H3,644,train
UVV50306,H3,306,test
UVV50294,H3,306,train
UVV50282,H3,306,train
USO97899,H3,318,test
USO97049,H3,319,train
USO97036,H3,320,train
UNA44800,H3,321,train
UNA44822,H3,321,train
UNA44810,H3,322,train
UNA44546,H3,322,train
UEP57961,H3,323,val
QEO76008,H3,100,test
AMY16096,H3,325,val
ALP01956,H3,174,train
ALJ54619,H3,326,train
QVE64429,H3,32,train
ASB32474,H3,327,test
QPP47266,H3,328,train
QPP47265,H3,237,train
QPP47264,H3,329,test
QPP47262,H3,328,train
QPP47260,H3,328,train
QPP47255,H3,330,val
QPP47253,H3,237,val
QPP47252,H3,179,train
QPP47251,H3,179,train
QHF16222,H3,331,train
QHF16217,H3,243,train
QHF16212,H3,179,train
QHF16210,H3,179,train
QHF16205,H3,179,train
QHF16201,H3,179,train
QHF16200,H3,332,train
QHF16199,H3,289,val
QHF16198,H3,333,val
QHF16197,H3,333,test
QHF16196,H3,327,train
QHF16191,H3,327,test
QHF16190,H3,327,train
QHF16189,H3,327,test
QHF16188,H3,327,val
QHF16187,H3,327,train
AXO64577,H3,334,train
AXO64553,H3,334,train
AXO64488,H3,334,train
AXO64401,H3,334,train
AXO64314,H3,334,train
AXO64246,H3,335,train
AXO64211,H3,336,val
AXO64122,H3,334,train
AXO64104,H3,334,train
AWZ62046,H3,335,val
AWZ61567,H3,334,test
AWZ61415,H3,335,train
AWZ61402,H3,335,train
AWZ61355,H3,334,test
AWZ61271,H3,335,test
AWZ61148,H3,335,train
AYD37923,H3,337,train
AXO64330,H3,335,train
QNI23608,H3,32,val
QNI23603,H3,32,train
AYD38351,H3,335,val
AYD37800,H3,337,train
AYA78737,H3,5,train
QKS74749,H3,334,val
QKS74710,H3,32,train
QKS74657,H3,338,train
QKS74667,H3,32,val
QKS74630,H3,32,train
QKS74613,H3,32,val
QKS74545,H3,32,train
QKS74470,H3,32,val
QIV19651,H3,80,train
QIQ46003,H3,80,train
QIJ25983,H3,339,train
QIA55118,H3,80,train
QHW14789,H3,80,val
QHW14782,H3,340,train
QGQ58784,H3,340,train
QGQ58778,H3,80,val
QGQ58191,H3,339,train
QGQ58177,H3,340,train
QDX47307,H3,679,train
QDX47306,H3,636,train
ASJ81359,H3,341,train
ASJ81358,H3,552,train
ASJ80989,H3,341,train
ASJ80988,H3,578,train
QFU20134,H3,201,val
QEN96592,H3,339,test
QEI01938,H3,339,train
QEH91626,H3,80,test
BBM96444,H3,344,train
BBM96433,H3,645,val
BBM96487,H3,654,train
BBM96476,H3,658,train
BBM96466,H3,654,val
BBM96455,H3,345,val
BBM96422,H3,655,train
BBM96411,H3,633,train
QDX11291,H3,201,train
QDQ43496,H3,80,train
QDE06209,H3,80,test
QCW13014,H3,201,val
QCW12961,H3,177,train
QCU45282,H3,303,test
QCR64923,H3,346,train
AVZ24026,H3,347,test
AVZ24025,H3,289,val
AVZ24024,H3,289,train
AVZ24023,H3,289,train
AVZ24022,H3,347,val
AVZ24021,H3,299,test
AVZ24020,H3,348,train
AVZ24019,H3,348,train
AVZ24018,H3,289,train
AVZ24017,H3,289,train
AVZ24016,H3,289,val
AVZ24015,H3,288,val
AVZ24014,H3,288,train
AVZ24013,H3,288,train
AVZ24012,H3,289,train
AVZ24011,H3,288,val
AVZ24010,H3,288,train
AVZ23187,H3,289,val
AVZ23186,H3,289,test
AVZ23185,H3,289,train
AVZ23184,H3,289,train
AVZ23183,H3,289,train
AVZ23182,H3,289,train
AVZ23181,H3,289,train
AVZ23180,H3,289,train
AVZ23179,H3,289,train
AVZ23178,H3,349,train
AVZ23177,H3,350,train
AVZ23176,H3,351,train
AVZ23175,H3,352,train
AVZ23174,H3,353,train
AVZ23173,H3,289,train
AVZ00485,H3,80,val
AVZ00484,H3,289,train
AVZ00483,H3,289,train
AVZ00482,H3,289,train
AVZ00481,H3,288,train
AVZ00480,H3,288,train
AVZ00479,H3,288,val
QCD37444,H3,303,train
QCD37281,H3,303,train
QBS20860,H3,201,train
QBS20521,H3,288,train
QBS20503,H3,177,train
QBP38183,H3,201,train
QBL91215,H3,201,train
QBL91210,H3,288,train
QBL91189,H3,354,test
QBJ05985,H3,288,test
QBJ05984,H3,288,train
QBJ05983,H3,288,train
QBK12117,H3,288,train
QBK12116,H3,288,train
QBK12115,H3,80,train
QBK12114,H3,288,train
QBJ05997,H3,288,val
QBJ05996,H3,80,train
QBJ05995,H3,288,train
QBJ05994,H3,288,train
QBJ05993,H3,288,train
QBJ05992,H3,80,train
QBJ05991,H3,288,train
QBJ05990,H3,288,train
QBJ05989,H3,288,train
QBJ05988,H3,288,train
QBJ05987,H3,80,train
QBJ05986,H3,80,train
AZZ86183,H3,32,val
QAU20362,H3,177,test
AZS63843,H3,177,train
AZQ08990,H3,341,test
AZQ08976,H3,341,train
AYM50085,H3,177,train
AYM50065,H3,177,train
AXY84109,H3,355,val
AXY84091,H3,177,val
AXU39235,H3,177,val
AXO64644,H3,334,val
AXO64642,H3,334,test
AXO64599,H3,334,train
AXO64535,H3,5,train
AXL27689,H3,177,train
AXF92829,H3,177,test
AXF92826,H3,177,val
AXF92824,H3,177,val
AXF92812,H3,177,train
AWZ62216,H3,334,train
AWZ61655,H3,335,train
AWZ61334,H3,337,train
AWZ61044,H3,334,train
AWT24840,H3,288,train
AWT24839,H3,288,val
AWT24838,H3,289,train
AWT24837,H3,80,train
AWT24836,H3,288,train
AWT24835,H3,289,val
AWT24834,H3,289,val
AWT24833,H3,288,train
AWT24832,H3,289,train
AWT24831,H3,80,train
AWT24830,H3,288,train
AWT24829,H3,288,train
AWT24828,H3,289,train
AWT24827,H3,289,train
AWT24826,H3,288,train
AWT24825,H3,289,train
AWT24824,H3,288,test
AWT24823,H3,288,val
AWT24822,H3,289,train
AWT24821,H3,620,test
AWT24820,H3,289,train
AWT24819,H3,288,train
AWT24818,H3,620,train
AWT24817,H3,620,train
AWT24816,H3,177,train
AWT24815,H3,288,train
AWT24814,H3,288,train
AWT24813,H3,288,val
AWT24812,H3,289,test
AWT24811,H3,80,train
AWT24810,H3,288,test
AWT24809,H3,288,train
AWT24808,H3,288,train
AWT24807,H3,80,train
AWT24806,H3,288,train
AWT24805,H3,289,train
AWT24804,H3,620,test
AWT24803,H3,288,train
AWT24802,H3,289,train
AWT24801,H3,288,train
AWT24800,H3,288,train
AWT24799,H3,80,train
AWT24798,H3,289,test
AWT24797,H3,288,val
AWT24796,H3,289,train
AWT24795,H3,289,train
AWT24794,H3,289,train
AWT24793,H3,289,val
AWT24792,H3,288,test
AWT24791,H3,289,train
AWT24790,H3,289,val
AWT24789,H3,289,train
AWT24788,H3,289,val
AWT24787,H3,288,train
AWT24786,H3,288,val
AWT24785,H3,620,train
AWT24784,H3,289,val
AWT24783,H3,288,train
AWT24782,H3,288,train
AWT24781,H3,289,train
AWT24780,H3,80,train
AWT24779,H3,289,train
AWT24778,H3,289,test
AWT24777,H3,289,train
AWI45959,H3,177,train
AWI45948,H3,177,train
AWI45921,H3,177,train
AWI45903,H3,356,train
AWI45895,H3,177,train
AWI45878,H3,177,train
AWI45856,H3,177,val
AWI45848,H3,177,val
AWI45838,H3,177,train
AVV62424,H3,171,train
AVK88342,H3,646,train
ATQ63178,H3,357,train
AMX73557,H3,579,train
AMX73556,H3,358,val
AMX72990,H3,580,train
AMX72989,H3,5,train
AMX46386,H3,578,test
AMX46385,H3,358,train
AMX46346,H3,580,train
AMX46345,H3,5,train
AMX28560,H3,359,val
AMX28559,H3,580,val
AMX28524,H3,579,train
AMX28523,H3,5,test
AMX28473,H3,582,val
AMX28472,H3,341,train
AMX28401,H3,580,train
AMX28400,H3,360,val
AMX28387,H3,580,train
AMX28386,H3,360,test
AMX28374,H3,578,train
AMX28373,H3,361,train
AMX28361,H3,580,train
AMX28360,H3,359,train
AMQ30931,H3,581,train
AMQ30930,H3,582,train
AMQ30929,H3,361,train
AMQ26041,H3,600,train
AMQ26040,H3,362,train
ALZ47802,H3,335,train
ALZ47801,H3,583,train
ALZ47664,H3,583,train
ALZ47663,H3,335,train
ALZ46734,H3,335,train
ALZ46733,H3,363,train
ALZ46700,H3,364,test
ALZ46699,H3,553,train
ALZ46698,H3,363,train
ALV71405,H3,584,test
ALV71404,H3,365,val
ALV71380,H3,582,test
ALV71379,H3,365,train
AID07388,H3,668,train
AID07387,H3,5,train
AID07359,H3,578,val
AID07358,H3,5,val
AHZ37650,H3,367,train
AHZ37649,H3,611,train
AHN04397,H3,368,test
AHN04396,H3,585,val
AHL82677,H3,361,val
AHL82676,H3,583,train
AHL79472,H3,369,train
AHL79471,H3,586,val
AHL78669,H3,370,test
AHL78668,H3,587,test
AHL78591,H3,587,train
AHL78590,H3,370,train
AGL59939,H3,371,test
AGL59938,H3,578,train
AGL56243,H3,372,train
AGL56242,H3,582,test
AGL52668,H3,621,train
AGL52667,H3,335,test
AGL52651,H3,621,test
AGL52650,H3,335,train
AGL52402,H3,335,train
AGL52401,H3,621,test
AGK42559,H3,612,val
AGK42558,H3,361,val
AGK42455,H3,361,train
AGK42454,H3,373,train
AGK42400,H3,578,val
AGK42399,H3,361,test
AGK42374,H3,578,train
AGK42373,H3,361,train
AGK41920,H3,374,train
AGK41919,H3,361,test
AGK41795,H3,374,train
AGK41794,H3,361,val
AGK41610,H3,375,val
AGK41609,H3,362,train
AGK41472,H3,376,train
AGK41471,H3,5,val
AGG83907,H3,613,train
AGG83906,H3,377,val
AGG83596,H3,378,test
AGG83595,H3,578,train
AGG83335,H3,378,train
AGG83334,H3,578,train
AGG83197,H3,613,train
AGG83196,H3,378,train
AGG81961,H3,554,train
AGG81960,H3,378,train
AGG27129,H3,380,train
AGG27128,H3,381,train
AGG26638,H3,614,train
AGG26637,H3,5,train
AGG26501,H3,582,train
AGG26500,H3,382,test
AGG26136,H3,583,train
AGG26135,H3,383,train
AGG23670,H3,382,train
AGG23669,H3,583,test
AGG23644,H3,335,val
AGG23643,H3,583,train
AGE09043,H3,555,test
AGE09042,H3,372,train
AGE08110,H3,361,train
AGE08109,H3,621,test
AGE03121,H3,621,train
AGE03120,H3,377,train
AGE00445,H3,384,train
AGE00444,H3,583,train
AGD99700,H3,589,val
AGD99699,H3,372,val
AGC73499,H3,366,val
AGC73498,H3,578,train
AFY05903,H3,385,val
AFY05902,H3,590,train
AFY05797,H3,622,test
AFY05796,H3,372,val
AFY05795,H3,590,train
AFX85635,H3,556,test
AFX85634,H3,386,val
AFP20955,H3,578,val
AFP20954,H3,387,train
AFP20926,H3,387,train
AFP20925,H3,590,train
AFG72317,H3,686,train
AFG72316,H3,388,train
AET79367,H3,557,train
AET79366,H3,386,train
AET78076,H3,578,train
AET78075,H3,389,train
AET78040,H3,578,val
AET78039,H3,389,train
AET77991,H3,612,train
AET77990,H3,390,train
AET77945,H3,582,test
AET77944,H3,5,train
AET77827,H3,5,train
AET77826,H3,582,train
AET77804,H3,5,train
AET77803,H3,582,train
AET77700,H3,582,train
AET77699,H3,361,val
AET77549,H3,582,train
AET77548,H3,5,train
AET76804,H3,386,test
AET76803,H3,556,train
AET75368,H3,591,val
AET75367,H3,5,train
AET74858,H3,380,test
AET74857,H3,5,train
AET74707,H3,582,val
AET74706,H3,389,train
AET74688,H3,582,train
AET74687,H3,5,train
AET74519,H3,592,train
AEO91690,H3,391,train
AEO91689,H3,392,train
ATQ63177,H3,357,train
ATE49500,H3,393,test
ATE49491,H3,394,train
ATE49388,H3,394,train
ATE48871,H3,393,train
ATE48859,H3,394,train
APB91288,H3,395,train
APB91038,H3,298,train
APB91031,H3,298,test
APB91017,H3,177,train
APB91003,H3,177,train
APB90991,H3,298,train
APB90867,H3,298,train
APB90862,H3,298,val
APB90696,H3,395,train
APB90652,H3,298,test
APB90625,H3,298,val
APB90585,H3,302,test
APB90521,H3,396,train
APB90381,H3,177,train
APB90374,H3,298,train
APB90286,H3,302,test
APB90168,H3,397,train
APB90139,H3,298,test
APB89984,H3,298,train
APB89877,H3,303,train
APB89858,H3,303,train
APB89789,H3,298,val
APB89776,H3,298,train
APB89758,H3,396,train
APB89747,H3,298,train
APB89732,H3,298,train
APB89616,H3,298,train
APB89573,H3,398,train
APB89562,H3,298,test
APB89522,H3,398,val
APB89521,H3,298,train
APB89511,H3,298,train
APB89487,H3,289,train
APB89442,H3,298,train
APB89405,H3,395,val
APB89305,H3,298,train
APB89304,H3,395,train
APB89247,H3,399,train
APB89215,H3,298,train
AOZ85491,H3,289,train
AOZ85465,H3,302,train
AOZ85454,H3,400,train
AOZ85434,H3,400,val
AOZ85369,H3,398,test
AOZ85314,H3,302,test
AOZ85303,H3,400,test
AOZ85189,H3,398,test
AIU46948,H3,303,train
AIU46947,H3,303,test
AIU46946,H3,298,train
AIU46945,H3,298,train
AIU46944,H3,298,train
AIU46943,H3,401,train
AIU46942,H3,298,train
AIU46941,H3,298,test
AIU46940,H3,401,test
AIU46939,H3,401,train
AIU46938,H3,302,train
AIU46937,H3,402,train
AIU46936,H3,401,train
AIU46935,H3,298,train
AIU46934,H3,401,train
AIU46933,H3,401,test
AIU46932,H3,298,train
AIU46931,H3,298,val
AIU46930,H3,298,test
AIU46929,H3,401,train
AIU46928,H3,302,train
AIU46927,H3,298,train
AIU46926,H3,302,train
AIU46925,H3,298,test
AIU46924,H3,302,val
AIU46923,H3,401,train
AIU46922,H3,298,train
AIU46921,H3,402,train
AIU46920,H3,401,train
AIU46919,H3,401,train
AIU46918,H3,401,val
AIU46917,H3,302,train
AIU46916,H3,302,train
AIU46915,H3,401,train
AIU46914,H3,298,train
AIU46913,H3,302,train
AIU46912,H3,298,train
AIU46911,H3,298,train
AIU46910,H3,302,train
AIU46909,H3,401,train
AIU46908,H3,298,train
AIU46907,H3,302,val
AIU46906,H3,396,val
AIU46905,H3,302,train
AIU46904,H3,302,train
AIU46903,H3,401,train
AIU46902,H3,302,train
AIU46901,H3,401,val
AIU46900,H3,298,train
AIU46899,H3,298,train
AIU46898,H3,302,test
AIU46897,H3,401,val
AIU46896,H3,298,train
AIU46895,H3,298,train
AIU46894,H3,401,test
AIU46893,H3,298,train
AIU46892,H3,401,train
AIU46891,H3,401,train
AIU46890,H3,302,train
AIU46889,H3,403,test
AIU46888,H3,302,train
AIU46887,H3,402,val
AIU46886,H3,298,train
AIU46885,H3,298,val
AIU46884,H3,401,val
AIU46883,H3,401,train
AIU46882,H3,177,val
AIU46881,H3,298,train
AIU46880,H3,401,train
AIU46879,H3,298,train
AIU46878,H3,298,train
AIU46877,H3,302,val
AIU46876,H3,401,train
AIU46875,H3,302,train
AIU46874,H3,401,test
AIU46873,H3,401,train
AIU46872,H3,401,train
AIU46871,H3,298,test
AIU46870,H3,298,train
AIU46869,H3,303,train
AIU46868,H3,298,train
AIU46867,H3,401,val
AIU46866,H3,298,train
AIU46865,H3,298,train
AIU46864,H3,401,train
AIU46863,H3,177,val
AIU46862,H3,298,train
AIU46861,H3,302,val
AIU46860,H3,298,train
AIU46859,H3,298,train
AIU46858,H3,302,train
AIU46857,H3,298,val
AIU46856,H3,298,val
AIU46855,H3,298,train
AIU46854,H3,298,train
AIU46853,H3,298,train
AIU46852,H3,298,train
AIU46851,H3,302,val
AIU46850,H3,298,train
AIU46849,H3,298,test
AIU46848,H3,401,train
AIU46847,H3,298,train
AIU46846,H3,298,test
AIU46845,H3,298,train
AIU46844,H3,298,test
AIU46843,H3,298,test
AIU46842,H3,298,train
AIU46841,H3,298,test
AIU46840,H3,298,train
AIU46839,H3,298,train
AIU46838,H3,401,train
AIU46837,H3,298,train
AIU46836,H3,402,train
AIU46835,H3,404,test
AIU46834,H3,298,train
AIU46833,H3,302,val
AIU46832,H3,298,train
AIU46831,H3,401,val
AIU46830,H3,302,train
AIU46829,H3,298,train
AIU46828,H3,298,test
AIU46827,H3,298,val
AIU46826,H3,298,val
AIU46825,H3,298,train
AIU46824,H3,302,train
AIU46823,H3,298,test
AIU46822,H3,298,val
AIU46821,H3,402,train
AIU46820,H3,298,train
AIU46819,H3,298,train
AIU46818,H3,298,train
AIU46817,H3,318,train
AIU46816,H3,298,test
AIU46815,H3,401,train
AIU46814,H3,401,train
AIU46813,H3,298,train
AIU46812,H3,298,train
AIU46811,H3,298,val
AIU46810,H3,298,test
AIU46809,H3,401,train
AIU46808,H3,298,train
AIU46807,H3,303,train
AIU46806,H3,401,train
AIU46805,H3,298,train
AIU46804,H3,298,train
AIU46803,H3,298,val
AIU46802,H3,303,train
AIU46801,H3,401,train
AIU46800,H3,298,train
AIU46799,H3,405,val
AIU46798,H3,401,train
AIU46797,H3,298,train
AIU46796,H3,298,val
AIU46795,H3,298,train
AIU46794,H3,298,train
AIU46793,H3,298,train
AIU46792,H3,298,train
AIU46791,H3,298,test
AIU46790,H3,401,val
AIU46789,H3,298,val
AIU46788,H3,298,train
AIU46787,H3,298,test
AIU46786,H3,298,train
AIU46785,H3,401,test
AIU46784,H3,298,test
AIU46783,H3,298,train
AIU46782,H3,298,train
AIU46781,H3,298,train
AIU46780,H3,298,val
AIU46779,H3,298,train
AIU46778,H3,298,train
AIU46777,H3,298,train
AIU46776,H3,298,test
AIU46775,H3,298,test
AIU46774,H3,401,train
AIU46773,H3,298,train
AIU46772,H3,177,train
AIU46771,H3,298,train
AIU46770,H3,298,train
AIU46769,H3,298,val
AIU46768,H3,298,train
AIU46767,H3,298,train
AIU46766,H3,298,test
AIU46765,H3,396,train
AIU46764,H3,298,train
AIU46763,H3,298,train
AIU46762,H3,298,train
AIU46761,H3,298,train
AIU46760,H3,298,train
AIU46759,H3,302,train
AIU46758,H3,402,train
AIU46757,H3,298,test
AIU46756,H3,298,train
AIU46755,H3,406,train
AIU46754,H3,403,train
AIU46753,H3,402,train
AIU46752,H3,298,test
AIU46751,H3,401,val
AIU46750,H3,298,val
AIU46749,H3,401,train
AIU46748,H3,298,val
AIU46747,H3,396,test
AIU46746,H3,401,train
AIU46745,H3,298,train
AIU46744,H3,401,train
AIU46743,H3,298,train
AIU46742,H3,298,val
AIU46741,H3,298,test
AIU46740,H3,401,train
AIU46739,H3,401,train
AIU46738,H3,298,test
AIU46737,H3,298,train
AIU46736,H3,298,test
AIU46735,H3,298,train
AIU46734,H3,298,test
AIU46733,H3,298,train
AIU46732,H3,303,train
AIU46731,H3,298,train
AIU46730,H3,406,test
AIU46549,H3,302,test
AIU46483,H3,298,train
AIU46482,H3,298,val
AIU46481,H3,298,train
AIU46480,H3,302,test
AIU46479,H3,298,train
AIU46478,H3,298,train
AIU46477,H3,302,train
AIU46476,H3,302,train
AIU46475,H3,298,test
AIU46474,H3,302,train
AIU46473,H3,298,test
AIU46399,H3,302,train
AIU46398,H3,302,val
AIU46393,H3,302,test
ASU47793,H3,298,train
ASU47385,H3,298,test
ASO97503,H3,593,train
ASO97501,H3,175,train
ASO97485,H3,407,train
ASO97483,H3,408,train
ASB33702,H3,409,train
ASB33690,H3,558,train
ASB32842,H3,410,train
ASB32833,H3,411,train
ARX97390,H3,559,train
ARX97388,H3,412,train
ARU07171,H3,408,train
ARU07169,H3,170,train
ARQ86319,H3,177,val
ARQ85951,H3,300,val
ARQ85940,H3,300,train
ARJ63957,H3,413,train
ARJ63955,H3,170,test
ARJ63954,H3,414,test
ARJ63952,H3,594,train
AQU12413,H3,415,train
APY25383,H3,416,train
APW84921,H3,170,train
APW84910,H3,417,train
AMQ49143,H3,418,val
AMA65417,H3,419,val
ALX27327,H3,420,train
ALT19951,H3,171,train
ALT19934,H3,170,val
ALT19827,H3,170,train
ALR83344,H3,420,test
ALR83334,H3,421,val
ALR83296,H3,172,test
ALP31254,H3,420,test
ALP01834,H3,422,train
ALJ54530,H3,420,train
ALH21545,H3,423,train
AKV57697,H3,261,train
AKH14605,H3,170,train
AJY54592,H3,164,train
AJF45788,H3,424,val
AJF45784,H3,425,train
AJF45779,H3,560,train
AJF45775,H3,426,train
AJD78081,H3,419,test
AJD77986,H3,261,train
AJD77982,H3,427,val
AIZ70289,H3,420,train
AIZ70285,H3,561,train
AIZ70247,H3,428,train
AIZ70243,H3,429,val
AIZ70218,H3,561,test
AIZ70214,H3,420,train
AIZ70208,H3,430,train
AIZ70204,H3,420,val
APO39357,H3,562,val
APO39355,H3,415,train
AOV82401,H3,298,train
ALG00738,H3,615,train
ALG00734,H3,615,test
ALG00730,H3,615,train
ALG00726,H3,615,train
ALG00722,H3,615,train
ALG00718,H3,615,train
ALG00714,H3,615,train
ALG00710,H3,615,train
ALG00706,H3,615,train
ALG00702,H3,595,train
AOC37756,H3,431,train
ACF48930,H3,626,train
AAA18781,H3,647,train
AEB66665,H3,0,train
ADW80470,H3,632,train
ADW80459,H3,632,train
ADU20563,H3,648,val
ADU20560,H3,656,test
ADG21028,H3,627,train
ADG21007,H3,523,train
ADG21005,H3,523,train
ACY67505,H3,362,val
ACY67497,H3,365,val
ABO37609,H3,649,train
ABO37599,H3,649,val
ABO37542,H3,659,train
ABO37541,H3,659,test
ABO37490,H3,659,train
ABO37489,H3,539,train
ANG55916,H3,432,train
ANF29075,H3,418,train
ALR81994,H3,433,train
ALR81993,H3,434,train
ALR81992,H3,434,train
ALR81991,H3,434,train
ALR81990,H3,435,val
ALR81989,H3,435,train
ALR81988,H3,436,train
AIC64616,H3,437,train
AIC64601,H3,438,train
AKZ42083,H3,439,train
AKZ41921,H3,365,train
AKZ41903,H3,439,test
AKZ41895,H3,439,train
AKZ41844,H3,439,train
AJS17976,H3,440,train
AJS17974,H3,688,val
AJS17973,H3,688,train
AJS17972,H3,441,val
AJS17971,H3,442,train
AJS17970,H3,443,val
AJS17969,H3,444,train
AJS17968,H3,445,train
AJS17967,H3,446,val
AJS17966,H3,447,train
AJS17965,H3,448,test
AJS17964,H3,448,train
AJS17963,H3,596,train
AJS17962,H3,689,train
AJS17961,H3,690,train
AJS17960,H3,689,train
AJS17956,H3,687,train
AJS17923,H3,449,val
AJS17922,H3,449,val
AJS17921,H3,449,test
AJS17920,H3,449,train
AJS17919,H3,449,val
AJS17918,H3,449,train
AJS17917,H3,449,train
AJS17915,H3,449,train
AJS17914,H3,449,val
AJS17913,H3,449,train
AJS17912,H3,449,val
AJS17911,H3,449,train
AJS17910,H3,449,test
AJS17909,H3,449,val
AJS17907,H3,449,train
AJS17906,H3,449,train
AJS17905,H3,449,train
AJS17904,H3,449,test
AJS17903,H3,449,train
AJS17902,H3,449,val
AJS17901,H3,449,test
AJS17900,H3,449,test
AJS17899,H3,449,train
AJS17898,H3,449,train
AJS17897,H3,449,train
AJS17896,H3,449,train
AJS17895,H3,449,train
AJS17894,H3,449,train
AJS17893,H3,449,train
AJS17892,H3,449,train
AJS17891,H3,691,train
AJS17890,H3,691,test
AJS17889,H3,691,train
AJS17888,H3,691,train
AJS17887,H3,691,val
AJS17886,H3,691,train
AJS17885,H3,691,train
AJS17884,H3,691,val
AJS17883,H3,691,train
AJS17882,H3,691,train
AJS17881,H3,691,train
AJS17880,H3,450,train
AJS16419,H3,677,train
AJS16396,H3,597,train
AJS16390,H3,452,train
AJS16384,H3,451,train
AJS16376,H3,451,val
AJS16373,H3,452,train
AJS16370,H3,452,train
AJS16368,H3,451,val
AJS16367,H3,451,train
AJS16366,H3,451,val
AJS16364,H3,451,train
AJS16361,H3,453,train
AJS16358,H3,452,train
AJS16352,H3,454,train
AGR54712,H3,634,train
AGR54711,H3,635,val
AGR54710,H3,635,val
AGR54709,H3,635,train
AHB59323,H3,483,train
ALE66689,H3,208,train
ALD19413,H3,455,train
AHX38097,H3,673,val
AHX38096,H3,675,train
AHX38095,H3,670,val
AHX38094,H3,671,test
AHX38093,H3,673,train
AIT38326,H3,672,test
AKL90745,H3,563,train
AKL90741,H3,170,train
AKJ84209,H3,564,train
AKJ80214,H3,14,test
AKJ80211,H3,14,train
AKJ80210,H3,14,test
AKJ80207,H3,15,train
AJJ96208,H3,623,val
AJJ96207,H3,458,val
AJJ96179,H3,624,train
AJJ96178,H3,459,train
AJJ96022,H3,623,train
AJJ96021,H3,598,test
AJJ96020,H3,460,train
AJJ96019,H3,458,train
AJJ95846,H3,623,train
AJJ95845,H3,459,train
AJJ95833,H3,623,val
AJJ95832,H3,459,train
AAA43149,H3,637,train
AAA43148,H3,637,test
AAA43147,H3,643,test
AAA43146,H3,638,train
AAA43145,H3,637,train
AAA43144,H3,65,train
AAA43143,H3,639,train
AIE53166,H3,303,train
AIE53000,H3,461,test
AJD14112,H3,616,train
AJD14111,H3,462,train
AJD14110,H3,587,train
AJD14109,H3,463,train
AJD14001,H3,617,train
AJD13999,H3,692,train
AJD12987,H3,598,train
AJD12986,H3,464,train
AJD12973,H3,459,train
AJD12972,H3,623,train
AJD12956,H3,459,train
AJD12955,H3,623,train
AJD12935,H3,465,val
AJD12934,H3,464,test
AJD12918,H3,459,train
AJD12917,H3,598,val
AJD12916,H3,623,test
AJD12865,H3,598,train
AJD12864,H3,623,test
AJD12863,H3,458,train
AJD12848,H3,598,test
AJD12847,H3,459,train
AJD12846,H3,623,train
AJD12831,H3,466,train
AJD12830,H3,464,val
AJD12813,H3,464,train
AJD12812,H3,598,train
AJD12796,H3,598,test
AJD12795,H3,623,train
AJD12794,H3,458,test
AJD12793,H3,459,train
AJD12778,H3,466,val
AJD12777,H3,464,train
AJD12757,H3,623,train
AJD12756,H3,459,train
AJD12729,H3,625,test
AJD12728,H3,467,train
BAQ19486,H3,468,train
BAQ19476,H3,469,train
BAQ19466,H3,469,test
BAQ19456,H3,470,train
BAQ19446,H3,471,train
BAQ19436,H3,472,train
BAQ19426,H3,473,val
BAQ19416,H3,474,train
BAQ19406,H3,475,train
BAQ19396,H3,476,val
BAQ19386,H3,477,val
AIU46705,H3,171,train
AIT38426,H3,565,train
AIT38419,H3,478,test
AIQ77768,H3,430,train
AIQ77764,H3,479,test
AIQ77756,H3,479,train
AIO11735,H3,209,val
AIO11726,H3,411,train
AIO11715,H3,209,train
AIO11706,H3,411,train
AIO11695,H3,480,val
AIO11686,H3,209,train
AIN25575,H3,209,val
AIN25566,H3,480,train
AIN25558,H3,209,train
AIN25551,H3,411,train
AIN25541,H3,411,train
AIN25531,H3,209,val
AHL24607,H3,481,test
AHL24597,H3,481,train
AHL24587,H3,459,test
AHL24577,H3,459,train
AHL24567,H3,481,train
AHL24557,H3,481,train
AHL24547,H3,481,val
AHL24537,H3,482,val
AHL24527,H3,482,val
AHL24517,H3,482,train
AHL24507,H3,482,test
AII30768,H3,209,train
AIF72998,H3,662,test
AIE53615,H3,483,test
AIE52177,H3,566,train
AIE52173,H3,484,val
AFO83088,H3,5,train
AHI43444,H3,485,val
AHI43440,H3,567,test
AHY95057,H3,568,train
AHY95053,H3,486,train
AHZ40057,H3,487,val
AHW46689,H3,569,val
AHW46685,H3,171,train
AHW46664,H3,569,train
AHW46660,H3,171,train
AHM24129,H3,488,train
AHM24125,H3,171,train
AHL21547,H3,168,test
AHL21543,H3,411,train
AHL21470,H3,570,train
AHL21466,H3,171,train
AHK10681,H3,488,train
AHK10677,H3,489,train
AHK10667,H3,489,train
AHK10663,H3,488,train
AHI43402,H3,490,val
AHI43398,H3,171,val
AHI43290,H3,171,test
AHH00822,H3,491,train
AHG26656,H3,571,train
AHG26652,H3,492,val
AHD25184,H3,488,train
AHD25180,H3,493,val
AHD25167,H3,565,test
AHD25163,H3,492,train
AHD25146,H3,494,val
AHD25142,H3,566,train
AHB73608,H3,494,train
AGY79655,H3,372,train
AGT41695,H3,488,train
AGT41690,H3,495,train
AGO51467,H3,496,val
AGO51460,H3,572,val
ADU17015,H3,335,train
AGL51629,H3,492,train
AGG81675,H3,378,test
AEP95319,H3,497,train
AEQ73293,H3,628,train
AEQ73168,H3,630,train
AEQ61206,H3,678,train
AEK50760,H3,372,train
AFP99367,H3,498,train
AFP21014,H3,499,train
AFN69199,H3,500,train
AEQ62915,H3,501,train
AEQ62914,H3,502,train
AEQ62912,H3,502,train
AEQ62911,H3,501,test
AEQ62910,H3,503,train
AEQ62909,H3,502,val
ADU20562,H3,474,train
ADU20561,H3,474,test
AFM46540,H3,215,test
ACY56526,H3,680,train
ACY56525,H3,680,train
ACY56524,H3,681,train
ACY56523,H3,682,train
ACY56522,H3,683,train
ACY56521,H3,683,test
ACY56520,H3,680,test
ACY56519,H3,684,train
ACY56518,H3,685,train
ACY56517,H3,651,train
ACY56516,H3,652,train
AEI29915,H3,631,train
AEI29914,H3,439,val
AEI29913,H3,631,train
AEI29912,H3,631,train
AEI29911,H3,522,val
AEI29910,H3,657,train
AEI29909,H3,657,val
AEI29908,H3,660,test
AEI29907,H3,599,val
AEI29906,H3,599,test
AEI29905,H3,618,test
AEI29904,H3,618,val
AEI29903,H3,618,test
AEI29902,H3,618,train
AEI29901,H3,618,train
AEI29900,H3,618,train
AEI29899,H3,618,train
AEI29898,H3,605,train
AEI29897,H3,504,val
AEI29896,H3,504,train
AEI29895,H3,504,train
AEI29894,H3,504,val
AEI29893,H3,505,train
AEI29892,H3,506,test
AEI29891,H3,507,train
AEI29890,H3,508,train
AEI29889,H3,510,train
AEI29888,H3,509,train
AEI29887,H3,531,train
AEI29886,H3,510,val
AEI29885,H3,504,train
AEI29884,H3,605,test
AEI29883,H3,506,train
AEI29882,H3,511,train
AEI29881,H3,511,train
AEI29880,H3,534,train
AEI29879,H3,467,train
AEI29878,H3,308,train
AEI29877,H3,629,train
AEI29876,H3,342,train
AEI29875,H3,342,train
AEI29874,H3,342,train
AEI29873,H3,342,train
AEI29872,H3,531,train
AEI29871,H3,308,train
AEH26544,H3,512,train
AEB66664,H3,600,test
ADU17459,H3,335,train
ADU17103,H3,582,train
ADU16565,H3,513,train
ADU16018,H3,612,train
AEA04387,H3,601,train
ADX78147,H3,602,test
ADW80448,H3,514,test
ADW80437,H3,515,train
ADW80415,H3,573,val
ADW80357,H3,619,train
ADW80283,H3,603,train
ADW80250,H3,580,train
ADW80239,H3,600,test
ACY06463,H3,63,train
ACY06462,H3,63,train
ACY06461,H3,63,val
ACY06460,H3,63,train
ACY06459,H3,63,train
ACY06458,H3,516,test
ACY06457,H3,516,train
ACY06456,H3,517,val
ACY06455,H3,517,train
ACY06454,H3,518,val
ACY06453,H3,519,train
ACY06452,H3,520,train
ACY06451,H3,519,train
ACY06450,H3,521,test
ACY06449,H3,521,test
ACY06448,H3,521,test
ACY06447,H3,521,train
ACY06446,H3,521,train
ACY06445,H3,521,test
AAA62470,H3,574,train
BAJ09300,H3,439,train
BAJ09299,H3,439,train
BAJ09298,H3,439,train
BAJ09297,H3,439,train
BAJ09296,H3,439,train
BAJ09295,H3,439,train
BAJ09294,H3,439,train
BAJ09293,H3,308,test
BAJ09292,H3,308,train
BAJ09291,H3,296,train
BAJ09290,H3,439,test
BAJ09289,H3,296,train
BAJ09288,H3,439,train
BAJ09287,H3,308,train
BAJ09286,H3,439,train
BAJ09285,H3,439,train
BAJ09284,H3,439,train
BAJ09283,H3,439,train
BAJ09282,H3,439,train
BAJ09281,H3,439,train
BAJ09280,H3,439,train
BAJ09279,H3,439,val
BAJ09278,H3,439,train
BAJ09277,H3,439,train
BAJ09276,H3,522,train
BAJ09275,H3,522,train
BAJ09274,H3,308,train
ADG21027,H3,523,train
ADG21026,H3,523,val
ADG21025,H3,524,train
ADG21024,H3,523,val
ADG21023,H3,525,test
ADG21022,H3,525,test
ADG21021,H3,523,val
ADG21020,H3,526,train
ADG21019,H3,527,test
ADG21018,H3,523,val
ADG21017,H3,523,train
ADG21016,H3,523,train
ADG21015,H3,523,train
ADG21014,H3,523,train
ADG21013,H3,523,test
ADG21012,H3,523,train
ADG21011,H3,523,test
ADG21010,H3,523,train
ADG21009,H3,525,val
ADG21008,H3,525,train
ADG21006,H3,523,train
ADG21004,H3,523,train
AAA64228,H3,528,train
AAA43164,H3,575,val
AAT08004,H3,529,val
AAA64229,H3,528,train
ACI06177,H3,530,val
ACI06176,H3,530,test
ACI06175,H3,530,test
ACI06174,H3,530,train
ACI06173,H3,530,val
ACI06172,H3,530,train
ACI06171,H3,530,train
ACI06170,H3,530,test
ACI06169,H3,530,train
ACI06168,H3,530,train
ACI06167,H3,530,train
ACI06166,H3,530,test
ACI06165,H3,530,val
ACI06164,H3,530,test
ACI06163,H3,530,train
ACI06162,H3,530,val
ACI06161,H3,530,val
ACI06160,H3,530,train
ACI06159,H3,530,val
ACI06158,H3,530,train
ACI06157,H3,530,train
ACI06156,H3,530,train
ACI06155,H3,530,val
ACI06154,H3,530,train
ACI06153,H3,530,train
ACI06152,H3,530,train
ACI06151,H3,530,train
ACI06150,H3,530,train
ACI06149,H3,530,test
ACI06148,H3,530,val
ACI06147,H3,530,test
ACI06146,H3,530,train
ACI06145,H3,530,val
ACI06144,H3,530,train
ACI06143,H3,530,val
ACI06142,H3,530,train
ACI06141,H3,530,test
ACI06140,H3,530,train
ACI06139,H3,530,val
ACI06138,H3,530,train
ACI06137,H3,530,train
ACI06136,H3,530,val
ACI06135,H3,530,val
ACI06134,H3,530,train
ACI06133,H3,530,train
ACI06132,H3,530,train
ACI06131,H3,530,train
ACI06130,H3,530,train
ACI06129,H3,530,train
ACI06128,H3,530,train
ACI06127,H3,530,train
ACI06126,H3,530,test
ACI06125,H3,530,train
ACI06124,H3,530,train
ACI06123,H3,530,train
ABY81852,H3,531,train
ABY81851,H3,531,train
ABY81850,H3,531,train
ABY81849,H3,532,train
ABY81848,H3,531,train
ABY81847,H3,531,train
ABY81846,H3,531,train
ABY81845,H3,531,train
ABY81844,H3,533,val
ABY81843,H3,533,train
ABY81842,H3,531,train
ABY81841,H3,531,test
ABY81840,H3,531,train
ABY81839,H3,533,train
ABY81838,H3,533,train
ABY81837,H3,533,train
ABY81836,H3,533,train
ABY81835,H3,533,train
ABY81834,H3,533,train
ABY81833,H3,533,train
ABY81821,H3,535,test
ABZ81075,H3,537,train
ABZ81074,H3,538,val
ABR88080,H3,539,train
ACF28529,H3,225,val
ACF28528,H3,226,test
ACF28527,H3,226,train
ACA61198,H3,367,test
BAA00772,H3,641,train
BAA00771,H3,640,val
ABQ41898,H3,541,train
ABQ41888,H3,542,train
ABO51928,H3,600,train
ABO51851,H3,600,test
AAA43114,H3,544,train
AAA43112,H3,546,train
AAA43111,H3,545,train
AAA43110,H3,547,test
AAA43109,H3,548,test
AAA43107,H3,549,val
AAA43105,H3,550,val
AAA43103,H3,546,train
AAA43102,H3,546,train
AAA43101,H3,548,train
AAA43100,H3,551,val
ABF60581,H3,34,train
ABF60580,H3,63,val
ABF60579,H3,67,val
ABF60578,H3,68,train
ABF60577,H3,69,test
ABF60576,H3,576,train
CAA24271,H3,31,train
HMIVDU,H3,31,val
HMIV15,H3,637,val
HMIV89,H3,638,train
HMIV33,H3,637,test
HMIV77,H3,639,train
JQ1154,H3,640,test
JQ1153,H3,642,train
JQ1155,H3,640,val
JQ1156,H3,641,test
YFC56171,H5,70,h5_holdout
YEV12944,H5,177,h5_holdout
YEV12943,H5,71,h5_holdout
YEV12942,H5,178,h5_holdout
YEV12941,H5,72,h5_holdout
YEV12940,H5,177,h5_holdout
YEV12939,H5,178,h5_holdout
YEV12938,H5,177,h5_holdout
YEV12937,H5,73,h5_holdout
YEV12936,H5,177,h5_holdout
YEV12935,H5,177,h5_holdout
YEV12934,H5,178,h5_holdout
YEV12933,H5,74,h5_holdout
YEV12932,H5,178,h5_holdout
YEV12931,H5,75,h5_holdout
YEV12930,H5,76,h5_holdout
YEV12929,H5,179,h5_holdout
YER60193,H5,70,h5_holdout
YEP46944,H5,77,h5_holdout
YEP46941,H5,78,h5_holdout
YEP46264,H5,70,h5_holdout
YEP46247,H5,70,h5_holdout
YEP45559,H5,70,h5_holdout
YEP45540,H5,70,h5_holdout
YEP45535,H5,70,h5_holdout
YEP45527,H5,70,h5_holdout
YEP45467,H5,70,h5_holdout
YEP31388,H5,70,h5_holdout
YEO13370,H5,70,h5_holdout
YEO13340,H5,70,h5_holdout
YEO13328,H5,70,h5_holdout
YEO13297,H5,70,h5_holdout
YEO13284,H5,70,h5_holdout
YEO13254,H5,70,h5_holdout
YEO13245,H5,70,h5_holdout
YEO13209,H5,70,h5_holdout
YEO13185,H5,70,h5_holdout
YEO13165,H5,70,h5_holdout
YEO13171,H5,70,h5_holdout
YEO13148,H5,70,h5_holdout
YEO13122,H5,70,h5_holdout
YEO13139,H5,70,h5_holdout
YEO13115,H5,70,h5_holdout
YEL91739,H5,79,h5_holdout
YEL87993,H5,70,h5_holdout
YEL87990,H5,70,h5_holdout
YEL87969,H5,70,h5_holdout
YEL87964,H5,70,h5_holdout
AAP71990,H5,243,h5_holdout
YCN39022,H5,244,h5_holdout
YCN37165,H5,244,h5_holdout
YCM61986,H5,244,h5_holdout
YCM61902,H5,245,h5_holdout
XSS97160,H5,70,h5_holdout
XTO96697,H5,80,h5_holdout
YBQ71883,H5,73,h5_holdout
XAV27580,H5,70,h5_holdout
XAV27544,H5,70,h5_holdout
XAV26509,H5,70,h5_holdout
XAV26335,H5,81,h5_holdout
XZC43320,H5,246,h5_holdout
XXQ85024,H5,70,h5_holdout
XXQ85120,H5,82,h5_holdout
XXQ85027,H5,70,h5_holdout
XXQ85026,H5,70,h5_holdout
XXQ85022,H5,70,h5_holdout
XXQ85021,H5,70,h5_holdout
XXQ85019,H5,70,h5_holdout
XTK65640,H5,80,h5_holdout
XOL33074,H5,387,h5_holdout
XOD40167,H5,247,h5_holdout
XNO07819,H5,248,h5_holdout
XMQ97336,H5,249,h5_holdout
XMQ97316,H5,250,h5_holdout
XMQ97314,H5,249,h5_holdout
XMQ95381,H5,250,h5_holdout
UMO96294,H5,76,h5_holdout
XBU76308,H5,251,h5_holdout
XBU76296,H5,252,h5_holdout
XBU76284,H5,252,h5_holdout
XBU76272,H5,252,h5_holdout
XBU76260,H5,253,h5_holdout
XJN13179,H5,70,h5_holdout
UZT26827,H5,86,h5_holdout
UZC40556,H5,27,h5_holdout
AWG44374,H5,28,h5_holdout
AWG44375,H5,87,h5_holdout
AWG44373,H5,210,h5_holdout
AWG44371,H5,29,h5_holdout
AWG44372,H5,210,h5_holdout
AWG44370,H5,87,h5_holdout
AWB97134,H5,29,h5_holdout
AWB97133,H5,29,h5_holdout
AWB97132,H5,29,h5_holdout
AWB35938,H5,30,h5_holdout
AWB35939,H5,29,h5_holdout
AWB12169,H5,31,h5_holdout
AWB06344,H5,32,h5_holdout
XIF08952,H5,81,h5_holdout
XEO39803,H5,260,h5_holdout
XAV28192,H5,81,h5_holdout
XAV27856,H5,81,h5_holdout
XAV27844,H5,81,h5_holdout
XAV27832,H5,81,h5_holdout
XAV27820,H5,81,h5_holdout
XAV27808,H5,81,h5_holdout
XAV27796,H5,81,h5_holdout
XAV27784,H5,81,h5_holdout
XAV27772,H5,81,h5_holdout
XAV27760,H5,81,h5_holdout
XAV27748,H5,81,h5_holdout
XAV27736,H5,81,h5_holdout
XAV27724,H5,81,h5_holdout
XAV27712,H5,81,h5_holdout
XAV27700,H5,81,h5_holdout
XAV27688,H5,81,h5_holdout
XAV27676,H5,81,h5_holdout
XAV27664,H5,81,h5_holdout
XAV27652,H5,81,h5_holdout
XAV27640,H5,81,h5_holdout
XAV27628,H5,83,h5_holdout
XAV27616,H5,81,h5_holdout
XAV27604,H5,81,h5_holdout
XAV27592,H5,70,h5_holdout
XAV27568,H5,70,h5_holdout
XAV27556,H5,81,h5_holdout
XAV27532,H5,81,h5_holdout
XAV27520,H5,81,h5_holdout
XAV27508,H5,81,h5_holdout
XAV27436,H5,81,h5_holdout
XAV27424,H5,81,h5_holdout
XAV27412,H5,81,h5_holdout
XAV27304,H5,81,h5_holdout
XAV27292,H5,81,h5_holdout
XAV27280,H5,81,h5_holdout
XAV27268,H5,81,h5_holdout
XAV27256,H5,81,h5_holdout
XAV27244,H5,81,h5_holdout
XAV27232,H5,81,h5_holdout
XAV27220,H5,81,h5_holdout
XAV27208,H5,81,h5_holdout
XAV26920,H5,70,h5_holdout
XAV26908,H5,81,h5_holdout
XAV26896,H5,81,h5_holdout
XAV26884,H5,81,h5_holdout
XAV26872,H5,81,h5_holdout
XAV26860,H5,81,h5_holdout
XAV26848,H5,81,h5_holdout
XAV26788,H5,81,h5_holdout
XAV26623,H5,81,h5_holdout
XAV26584,H5,81,h5_holdout
XAV26573,H5,81,h5_holdout
XAV26563,H5,81,h5_holdout
XAV26553,H5,81,h5_holdout
XAV26544,H5,81,h5_holdout
XAV26540,H5,81,h5_holdout
XAV26533,H5,81,h5_holdout
XAV26527,H5,81,h5_holdout
XAV26518,H5,81,h5_holdout
XAV26474,H5,81,h5_holdout
XAV26465,H5,81,h5_holdout
XAV26453,H5,81,h5_holdout
XAV26442,H5,81,h5_holdout
XAV26420,H5,81,h5_holdout
XAV26413,H5,81,h5_holdout
XAV26402,H5,81,h5_holdout
XAV26391,H5,81,h5_holdout
XAV26373,H5,81,h5_holdout
XAV26300,H5,81,h5_holdout
XAV26288,H5,81,h5_holdout
XAV26276,H5,81,h5_holdout
XAV26264,H5,81,h5_holdout
XAV26219,H5,81,h5_holdout
XAV26209,H5,81,h5_holdout
XAV26197,H5,81,h5_holdout
QZW58435,H5,76,h5_holdout
QZW58411,H5,88,h5_holdout
QZW58399,H5,88,h5_holdout
QZW58387,H5,88,h5_holdout
QZW58375,H5,88,h5_holdout
QZW58363,H5,88,h5_holdout
QZW58351,H5,88,h5_holdout
QZW58327,H5,88,h5_holdout
QZW58303,H5,88,h5_holdout
QZW58291,H5,88,h5_holdout
QZW58267,H5,88,h5_holdout
QZW58255,H5,88,h5_holdout
QZW58219,H5,88,h5_holdout
QZW58207,H5,88,h5_holdout
QZW58195,H5,88,h5_holdout
QZW58183,H5,88,h5_holdout
QZW58171,H5,88,h5_holdout
QZW58159,H5,88,h5_holdout
QZW58147,H5,88,h5_holdout
QZW58135,H5,88,h5_holdout
QZW58123,H5,88,h5_holdout
QZW58111,H5,88,h5_holdout
QZW58099,H5,88,h5_holdout
QZW58063,H5,88,h5_holdout
QZW58051,H5,88,h5_holdout
QZW58039,H5,88,h5_holdout
QZW58027,H5,88,h5_holdout
QZW58015,H5,88,h5_holdout
QZW58003,H5,88,h5_holdout
QZW57991,H5,88,h5_holdout
QZW57979,H5,88,h5_holdout
QZW57967,H5,88,h5_holdout
QZW57955,H5,88,h5_holdout
QZW57943,H5,88,h5_holdout
QZW57931,H5,88,h5_holdout
QZW57919,H5,88,h5_holdout
QZW57907,H5,88,h5_holdout
UZN05628,H5,477,h5_holdout
UZN05627,H5,182,h5_holdout
UZN05626,H5,88,h5_holdout
WHU98467,H5,89,h5_holdout
WCJ17526,H5,261,h5_holdout
WCJ14895,H5,261,h5_holdout
WCJ14737,H5,261,h5_holdout
WCJ14716,H5,261,h5_holdout
WBO06504,H5,433,h5_holdout
WBO06503,H5,91,h5_holdout
WBO06501,H5,90,h5_holdout
WBO06500,H5,91,h5_holdout
WBO06499,H5,90,h5_holdout
WBO06497,H5,90,h5_holdout
WBO06496,H5,90,h5_holdout
WBO06493,H5,91,h5_holdout
WBO06492,H5,91,h5_holdout
WBO06487,H5,91,h5_holdout
WBO06486,H5,91,h5_holdout
WBO06485,H5,91,h5_holdout
WBO06483,H5,91,h5_holdout
WBO06482,H5,375,h5_holdout
WBO06481,H5,375,h5_holdout
WBK93558,H5,183,h5_holdout
WBK93547,H5,184,h5_holdout
WBK93536,H5,183,h5_holdout
UUA90792,H5,115,h5_holdout
QPM35150,H5,92,h5_holdout
UPO81583,H5,263,h5_holdout
BDH21472,H5,262,h5_holdout
UEF69977,H5,469,h5_holdout
UEF69933,H5,264,h5_holdout
UEF69816,H5,265,h5_holdout
UEF69697,H5,266,h5_holdout
QOY79311,H5,439,h5_holdout
QOY79310,H5,76,h5_holdout
QOY79309,H5,76,h5_holdout
UEA08099,H5,267,h5_holdout
QPM35735,H5,92,h5_holdout
QPM35723,H5,93,h5_holdout
QPM35711,H5,92,h5_holdout
QPM35699,H5,93,h5_holdout
QPM35687,H5,92,h5_holdout
QPM35675,H5,94,h5_holdout
QPM35663,H5,94,h5_holdout
QPM35651,H5,92,h5_holdout
QPM35639,H5,94,h5_holdout
QPM35627,H5,94,h5_holdout
QPM35615,H5,94,h5_holdout
QPM35580,H5,92,h5_holdout
QPM35568,H5,5,h5_holdout
QPM35556,H5,93,h5_holdout
QPM35544,H5,92,h5_holdout
QPM35532,H5,93,h5_holdout
QPM35520,H5,95,h5_holdout
QPM35508,H5,96,h5_holdout
QPM35496,H5,96,h5_holdout
QPM35484,H5,96,h5_holdout
QPM35472,H5,5,h5_holdout
QPM35460,H5,94,h5_holdout
QPM35448,H5,5,h5_holdout
QPM35436,H5,94,h5_holdout
QPM35424,H5,94,h5_holdout
QPM35412,H5,94,h5_holdout
QPM35400,H5,94,h5_holdout
QPM35388,H5,94,h5_holdout
QPM35376,H5,94,h5_holdout
QPM35364,H5,94,h5_holdout
QPM35352,H5,94,h5_holdout
QPM35340,H5,97,h5_holdout
QPM35328,H5,94,h5_holdout
QPM35316,H5,98,h5_holdout
QPM35304,H5,92,h5_holdout
QPM35292,H5,5,h5_holdout
QPM35280,H5,5,h5_holdout
QPM35268,H5,99,h5_holdout
QPM35256,H5,99,h5_holdout
QPM35244,H5,5,h5_holdout
QPM35232,H5,94,h5_holdout
QPM35221,H5,99,h5_holdout
QPM35209,H5,94,h5_holdout
QPM35197,H5,94,h5_holdout
QPM35185,H5,94,h5_holdout
QPM35173,H5,92,h5_holdout
QPM35161,H5,92,h5_holdout
QPM35137,H5,92,h5_holdout
QPM35125,H5,92,h5_holdout
QPM35113,H5,99,h5_holdout
QPM35101,H5,5,h5_holdout
QPM35089,H5,94,h5_holdout
QPM35077,H5,94,h5_holdout
QPM35065,H5,100,h5_holdout
QPM35053,H5,94,h5_holdout
QPM35041,H5,94,h5_holdout
QPM35029,H5,94,h5_holdout
QPM35017,H5,94,h5_holdout
QPM35005,H5,94,h5_holdout
QPM34993,H5,97,h5_holdout
QPM34981,H5,101,h5_holdout
QPM34969,H5,101,h5_holdout
QPM34957,H5,92,h5_holdout
QPM34945,H5,97,h5_holdout
QPM34933,H5,92,h5_holdout
QPM34921,H5,92,h5_holdout
QPM34909,H5,5,h5_holdout
QPM34897,H5,92,h5_holdout
QPM34885,H5,94,h5_holdout
QPM34873,H5,94,h5_holdout
QPM34861,H5,94,h5_holdout
QPM34849,H5,94,h5_holdout
QPM34837,H5,102,h5_holdout
QPM34825,H5,94,h5_holdout
QPM34813,H5,94,h5_holdout
QPM34801,H5,94,h5_holdout
QPM34789,H5,94,h5_holdout
QPM34777,H5,94,h5_holdout
QPM34765,H5,94,h5_holdout
QPM34753,H5,94,h5_holdout
QPM34741,H5,5,h5_holdout
QPM34729,H5,94,h5_holdout
QPM34717,H5,94,h5_holdout
QPM34705,H5,94,h5_holdout
QPM34693,H5,94,h5_holdout
QPM34681,H5,94,h5_holdout
QPM34669,H5,5,h5_holdout
QPM34657,H5,103,h5_holdout
QPM34645,H5,5,h5_holdout
QPM34633,H5,5,h5_holdout
QPM34621,H5,103,h5_holdout
QPM34609,H5,94,h5_holdout
QPM34597,H5,99,h5_holdout
QPM34585,H5,94,h5_holdout
QPM34573,H5,94,h5_holdout
QPM34561,H5,94,h5_holdout
QPM34549,H5,94,h5_holdout
QPM34537,H5,94,h5_holdout
QPM34525,H5,5,h5_holdout
QPM34513,H5,94,h5_holdout
QPM34501,H5,94,h5_holdout
QPM34489,H5,94,h5_holdout
QPM34478,H5,94,h5_holdout
QPM34466,H5,94,h5_holdout
QPM34454,H5,94,h5_holdout
QPM34442,H5,92,h5_holdout
QPM34430,H5,98,h5_holdout
QPM34418,H5,104,h5_holdout
QPM34406,H5,104,h5_holdout
QPM34394,H5,104,h5_holdout
QPM34382,H5,104,h5_holdout
QPM34370,H5,104,h5_holdout
QPM34358,H5,104,h5_holdout
QPM34346,H5,105,h5_holdout
QPM34334,H5,105,h5_holdout
QPM34322,H5,105,h5_holdout
QPM34310,H5,104,h5_holdout
QPM34298,H5,104,h5_holdout
QPM34286,H5,92,h5_holdout
QPM34274,H5,92,h5_holdout
QPM34262,H5,92,h5_holdout
QPM34250,H5,92,h5_holdout
QPM34238,H5,5,h5_holdout
QPM34226,H5,5,h5_holdout
QPM34214,H5,5,h5_holdout
QPM34202,H5,5,h5_holdout
QPM34190,H5,5,h5_holdout
QPM34178,H5,5,h5_holdout
QPM34166,H5,5,h5_holdout
QPM34154,H5,5,h5_holdout
QPM34142,H5,5,h5_holdout
QPM34130,H5,5,h5_holdout
QPM34118,H5,5,h5_holdout
QPM34106,H5,5,h5_holdout
QPM34094,H5,5,h5_holdout
QPM34082,H5,5,h5_holdout
QPM34070,H5,106,h5_holdout
QPM34058,H5,5,h5_holdout
QPM34046,H5,5,h5_holdout
QPM34034,H5,5,h5_holdout
QPM34022,H5,107,h5_holdout
QPM34010,H5,94,h5_holdout
QPM33998,H5,94,h5_holdout
QPM33986,H5,94,h5_holdout
QPM33975,H5,5,h5_holdout
QPM33963,H5,94,h5_holdout
QPM33951,H5,94,h5_holdout
QPM33939,H5,94,h5_holdout
QPM33927,H5,94,h5_holdout
QPM33915,H5,94,h5_holdout
QPM33903,H5,94,h5_holdout
QPM33892,H5,94,h5_holdout
QPM33880,H5,94,h5_holdout
QPM33868,H5,108,h5_holdout
QPM33856,H5,108,h5_holdout
QPM33844,H5,108,h5_holdout
QPM33832,H5,108,h5_holdout
QPM33820,H5,108,h5_holdout
QPM33808,H5,99,h5_holdout
QPM33796,H5,99,h5_holdout
QPM33784,H5,99,h5_holdout
QPM33772,H5,109,h5_holdout
QPM33760,H5,97,h5_holdout
QPM33748,H5,110,h5_holdout
QPM33736,H5,92,h5_holdout
QPM33724,H5,108,h5_holdout
QPM33712,H5,5,h5_holdout
QPM33700,H5,99,h5_holdout
QPM33688,H5,94,h5_holdout
QPM33676,H5,94,h5_holdout
QPM33664,H5,94,h5_holdout
QPM33652,H5,111,h5_holdout
QPM33640,H5,111,h5_holdout
QPM33628,H5,94,h5_holdout
QPM33616,H5,5,h5_holdout
QPM33604,H5,101,h5_holdout
QPM33592,H5,112,h5_holdout
QPM33580,H5,5,h5_holdout
QPM33568,H5,5,h5_holdout
QPM33556,H5,94,h5_holdout
QPM33544,H5,94,h5_holdout
QPM33532,H5,94,h5_holdout
QPM33520,H5,112,h5_holdout
QPM33508,H5,108,h5_holdout
QPM33496,H5,108,h5_holdout
QPM33484,H5,108,h5_holdout
QPM33472,H5,108,h5_holdout
QPM33460,H5,5,h5_holdout
QPM33448,H5,99,h5_holdout
QPM33436,H5,99,h5_holdout
QPM33424,H5,99,h5_holdout
QPM33412,H5,112,h5_holdout
QPM33400,H5,94,h5_holdout
QPM33388,H5,5,h5_holdout
QPM33376,H5,5,h5_holdout
QPM33364,H5,92,h5_holdout
QPM33352,H5,5,h5_holdout
QPM33340,H5,5,h5_holdout
QPM33328,H5,113,h5_holdout
QPM33316,H5,99,h5_holdout
QPM33304,H5,113,h5_holdout
QPM33292,H5,99,h5_holdout
QPM33280,H5,99,h5_holdout
QPM33268,H5,99,h5_holdout
QPM33256,H5,99,h5_holdout
QPM33244,H5,99,h5_holdout
QPM33232,H5,5,h5_holdout
QPM33220,H5,97,h5_holdout
QPM33208,H5,5,h5_holdout
QPM33196,H5,5,h5_holdout
QPM33184,H5,94,h5_holdout
QPM33172,H5,94,h5_holdout
QPM33160,H5,94,h5_holdout
QPM33148,H5,98,h5_holdout
QPM33136,H5,104,h5_holdout
QPM33124,H5,5,h5_holdout
QPM33112,H5,5,h5_holdout
QPM33100,H5,5,h5_holdout
QPM33088,H5,5,h5_holdout
QPM33076,H5,94,h5_holdout
QPM33064,H5,5,h5_holdout
QPM33052,H5,94,h5_holdout
QPM33040,H5,94,h5_holdout
QPM33028,H5,94,h5_holdout
QPM33016,H5,94,h5_holdout
QPM33004,H5,94,h5_holdout
QPM32992,H5,94,h5_holdout
QPM32980,H5,94,h5_holdout
QPM32968,H5,94,h5_holdout
QPM32956,H5,94,h5_holdout
QPM32944,H5,94,h5_holdout
QPM32932,H5,94,h5_holdout
QPM32920,H5,94,h5_holdout
QPM32908,H5,94,h5_holdout
QPM32896,H5,94,h5_holdout
QPM32884,H5,94,h5_holdout
QTO34379,H5,268,h5_holdout
QTO34365,H5,269,h5_holdout
QTO34171,H5,269,h5_holdout
BCT56664,H5,262,h5_holdout
BCT56653,H5,262,h5_holdout
QPK13784,H5,6,h5_holdout
QOJ99995,H5,186,h5_holdout
QOJ99924,H5,187,h5_holdout
QOJ99915,H5,183,h5_holdout
QOJ99911,H5,188,h5_holdout
QOJ99905,H5,183,h5_holdout
QOJ99903,H5,189,h5_holdout
QOJ99901,H5,189,h5_holdout
QOJ99898,H5,189,h5_holdout
QOJ99887,H5,189,h5_holdout
QOJ99883,H5,190,h5_holdout
QOJ99880,H5,189,h5_holdout
QOJ99878,H5,189,h5_holdout
QOJ99875,H5,189,h5_holdout
QOJ99863,H5,191,h5_holdout
QOJ99861,H5,189,h5_holdout
QOJ99855,H5,183,h5_holdout
QOJ99854,H5,190,h5_holdout
QOJ99851,H5,183,h5_holdout
QOJ99844,H5,183,h5_holdout
QOJ99841,H5,183,h5_holdout
QOJ99840,H5,183,h5_holdout
QOJ99837,H5,183,h5_holdout
QOJ99833,H5,192,h5_holdout
QOJ99827,H5,183,h5_holdout
QOJ99823,H5,183,h5_holdout
QOJ99822,H5,183,h5_holdout
QOJ99719,H5,193,h5_holdout
QOJ99708,H5,193,h5_holdout
QOJ99706,H5,193,h5_holdout
QOJ99705,H5,193,h5_holdout
QOJ99703,H5,193,h5_holdout
QOJ99702,H5,193,h5_holdout
QOJ99700,H5,193,h5_holdout
QOJ99695,H5,194,h5_holdout
QOJ99689,H5,195,h5_holdout
QOJ99688,H5,437,h5_holdout
QOJ99686,H5,195,h5_holdout
QOJ99685,H5,195,h5_holdout
QOJ99684,H5,114,h5_holdout
QOJ99675,H5,196,h5_holdout
QOJ99668,H5,197,h5_holdout
QOJ99662,H5,198,h5_holdout
QOJ99653,H5,196,h5_holdout
QOJ99650,H5,189,h5_holdout
QOJ99627,H5,199,h5_holdout
QOJ99621,H5,189,h5_holdout
QOJ99614,H5,189,h5_holdout
QOJ99610,H5,200,h5_holdout
QOJ99605,H5,199,h5_holdout
QOJ99592,H5,201,h5_holdout
QOJ99560,H5,202,h5_holdout
QHO62951,H5,5,h5_holdout
QHO62939,H5,5,h5_holdout
QHO62927,H5,92,h5_holdout
QHO62915,H5,97,h5_holdout
QHO62903,H5,92,h5_holdout
QHO62891,H5,270,h5_holdout
QBK96571,H5,115,h5_holdout
QBK96559,H5,116,h5_holdout
QBK96547,H5,205,h5_holdout
BAE94699,H5,271,h5_holdout
ABW74714,H5,471,h5_holdout
AAC58998,H5,450,h5_holdout
AAC58997,H5,451,h5_holdout
AAC58996,H5,312,h5_holdout
AAC58994,H5,452,h5_holdout
AAC58991,H5,453,h5_holdout
AAC58990,H5,440,h5_holdout
QCT26677,H5,117,h5_holdout
AZQ05310,H5,272,h5_holdout
AYF79678,H5,118,h5_holdout
AYD68797,H5,115,h5_holdout
AYD68796,H5,115,h5_holdout
AYD68795,H5,115,h5_holdout
AYD68794,H5,273,h5_holdout
AYD68793,H5,273,h5_holdout
AXL66157,H5,439,h5_holdout
AXK57821,H5,9,h5_holdout
AXK57820,H5,9,h5_holdout
AWX61337,H5,274,h5_holdout
AWX61325,H5,274,h5_holdout
AWX61313,H5,274,h5_holdout
AWX61301,H5,274,h5_holdout
AWX61289,H5,206,h5_holdout
AWX61278,H5,206,h5_holdout
AWX61267,H5,207,h5_holdout
AWX61255,H5,275,h5_holdout
AWX61243,H5,276,h5_holdout
AWX61231,H5,277,h5_holdout
AWX61219,H5,278,h5_holdout
AWX61015,H5,284,h5_holdout
AWX61003,H5,284,h5_holdout
AWX60991,H5,284,h5_holdout
AWX60979,H5,284,h5_holdout
AWX60967,H5,284,h5_holdout
AWX60955,H5,284,h5_holdout
AWX60943,H5,285,h5_holdout
AWX60931,H5,275,h5_holdout
AWX60919,H5,208,h5_holdout
AWX60907,H5,393,h5_holdout
AWX60895,H5,286,h5_holdout
AWX60883,H5,275,h5_holdout
AWX60871,H5,287,h5_holdout
AWX60859,H5,275,h5_holdout
AWX60847,H5,288,h5_holdout
AWX60835,H5,209,h5_holdout
AWX60823,H5,289,h5_holdout
AWX60811,H5,275,h5_holdout
AWX60799,H5,288,h5_holdout
AWX60787,H5,290,h5_holdout
AWX60775,H5,290,h5_holdout
AWX60763,H5,288,h5_holdout
AWX60751,H5,231,h5_holdout
AWX60739,H5,288,h5_holdout
AWX60727,H5,207,h5_holdout
AWX60715,H5,288,h5_holdout
AWX60703,H5,291,h5_holdout
AWX60691,H5,288,h5_holdout
AWX60679,H5,288,h5_holdout
AWX60667,H5,275,h5_holdout
AWX60655,H5,292,h5_holdout
AWX60643,H5,275,h5_holdout
AWX60631,H5,282,h5_holdout
AWX60619,H5,292,h5_holdout
AWX60607,H5,275,h5_holdout
AWX60595,H5,275,h5_holdout
AWX60583,H5,288,h5_holdout
AWX60571,H5,277,h5_holdout
AWX60559,H5,277,h5_holdout
AWX60547,H5,277,h5_holdout
AWX60535,H5,277,h5_holdout
AWX60523,H5,293,h5_holdout
AWX60511,H5,294,h5_holdout
AWX60487,H5,275,h5_holdout
AWX60475,H5,275,h5_holdout
AWX60463,H5,275,h5_holdout
AWX60451,H5,277,h5_holdout
AWX60439,H5,295,h5_holdout
AWX60427,H5,295,h5_holdout
AWX60415,H5,295,h5_holdout
AWX60403,H5,295,h5_holdout
AWX60391,H5,296,h5_holdout
AWX60379,H5,296,h5_holdout
AWX60367,H5,296,h5_holdout
AWX60355,H5,296,h5_holdout
AWX60343,H5,288,h5_holdout
AWX60319,H5,207,h5_holdout
AWX60307,H5,277,h5_holdout
AWX60295,H5,275,h5_holdout
AWX60283,H5,393,h5_holdout
AWX60271,H5,207,h5_holdout
AWX60259,H5,296,h5_holdout
AWX60247,H5,296,h5_holdout
AWX60235,H5,296,h5_holdout
AWX60223,H5,295,h5_holdout
AWX60211,H5,295,h5_holdout
AWX60199,H5,207,h5_holdout
AWX60187,H5,277,h5_holdout
AWX60175,H5,277,h5_holdout
AWX60115,H5,275,h5_holdout
AWX60103,H5,275,h5_holdout
AWX60091,H5,275,h5_holdout
AWX60079,H5,275,h5_holdout
AWX60067,H5,275,h5_holdout
AWX60055,H5,298,h5_holdout
AWX60043,H5,281,h5_holdout
AWX60031,H5,281,h5_holdout
AWX60019,H5,385,h5_holdout
AWX60010,H5,275,h5_holdout
ANA11423,H5,299,h5_holdout
ANA11411,H5,299,h5_holdout
BBC44465,H5,119,h5_holdout
BBC44454,H5,119,h5_holdout
BBC44443,H5,119,h5_holdout
BBC44432,H5,394,h5_holdout
BBC44421,H5,120,h5_holdout
BBC44410,H5,120,h5_holdout
BBC44399,H5,120,h5_holdout
BBC44388,H5,120,h5_holdout
BBC44377,H5,120,h5_holdout
BBC44366,H5,117,h5_holdout
ALV71430,H5,395,h5_holdout
ALV71429,H5,301,h5_holdout
AHZ44177,H5,288,h5_holdout
AHZ44176,H5,232,h5_holdout
AGE00515,H5,303,h5_holdout
AGE00514,H5,393,h5_holdout
AEM75488,H5,233,h5_holdout
AEM75487,H5,305,h5_holdout
APA05171,H5,116,h5_holdout
APA05169,H5,205,h5_holdout
APA05167,H5,205,h5_holdout
APA05165,H5,205,h5_holdout
APA05163,H5,205,h5_holdout
APA05161,H5,205,h5_holdout
APA05159,H5,205,h5_holdout
APA05157,H5,205,h5_holdout
APA05155,H5,205,h5_holdout
APA05153,H5,116,h5_holdout
APA05151,H5,205,h5_holdout
ASV62039,H5,121,h5_holdout
ASV62036,H5,138,h5_holdout
ASV62035,H5,118,h5_holdout
ASU06463,H5,122,h5_holdout
ASB32470,H5,306,h5_holdout
BAV92933,H5,123,h5_holdout
BAV92922,H5,73,h5_holdout
BAV92911,H5,73,h5_holdout
BAV92900,H5,123,h5_holdout
BAV92889,H5,123,h5_holdout
AOT22442,H5,94,h5_holdout
ANA11399,H5,299,h5_holdout
ANA11388,H5,299,h5_holdout
ALX30439,H5,307,h5_holdout
BAG07130,H5,308,h5_holdout
BAG07140,H5,308,h5_holdout
ANG09376,H5,124,h5_holdout
ANG09364,H5,125,h5_holdout
ANG09352,H5,126,h5_holdout
ANG09351,H5,127,h5_holdout
ANG09337,H5,128,h5_holdout
ANG09324,H5,124,h5_holdout
ANG09312,H5,129,h5_holdout
ANW83216,H5,130,h5_holdout
ANW83215,H5,130,h5_holdout
ABF58847,H5,10,h5_holdout
AAF04721,H5,445,h5_holdout
AAD19848,H5,73,h5_holdout
AAD19847,H5,73,h5_holdout
AAD13575,H5,309,h5_holdout
AAD13574,H5,310,h5_holdout
AAD13573,H5,311,h5_holdout
AAD13572,H5,312,h5_holdout
AAD13571,H5,234,h5_holdout
AAD13570,H5,434,h5_holdout
ACU11609,H5,335,h5_holdout
ABQ84479,H5,467,h5_holdout
ABQ84478,H5,376,h5_holdout
ABQ84475,H5,435,h5_holdout
ABQ84474,H5,222,h5_holdout
ABQ84472,H5,388,h5_holdout
ABQ84471,H5,320,h5_holdout
ABQ84470,H5,466,h5_holdout
ABQ84467,H5,313,h5_holdout
ABQ84466,H5,377,h5_holdout
ABQ84465,H5,377,h5_holdout
ABQ84464,H5,320,h5_holdout
ABQ84463,H5,378,h5_holdout
ABQ84462,H5,389,h5_holdout
ABQ84461,H5,379,h5_holdout
ABQ84460,H5,234,h5_holdout
ABQ84459,H5,380,h5_holdout
ABQ84458,H5,432,h5_holdout
ABQ84457,H5,381,h5_holdout
ABO14789,H5,150,h5_holdout
ABK79303,H5,498,h5_holdout
AJM70618,H5,94,h5_holdout
AJM70617,H5,94,h5_holdout
AJM70616,H5,94,h5_holdout
AKC91359,H5,94,h5_holdout
BAU79611,H5,314,h5_holdout
AAN17270,H5,315,h5_holdout
AAN17269,H5,315,h5_holdout
AAN17268,H5,315,h5_holdout
AAN17267,H5,315,h5_holdout
AAN17266,H5,315,h5_holdout
AAN17265,H5,315,h5_holdout
AAN17264,H5,315,h5_holdout
AAN17263,H5,315,h5_holdout
AAN17262,H5,315,h5_holdout
AAN17261,H5,315,h5_holdout
AAN17260,H5,315,h5_holdout
AAN17259,H5,315,h5_holdout
AAN17258,H5,315,h5_holdout
AAN17257,H5,315,h5_holdout
AAN17256,H5,315,h5_holdout
AAN17255,H5,315,h5_holdout
AAN17254,H5,315,h5_holdout
AAG01225,H5,11,h5_holdout
AAG01215,H5,11,h5_holdout
AAG01205,H5,11,h5_holdout
AAG01195,H5,11,h5_holdout
AAF99718,H5,441,h5_holdout
AMK48398,H5,33,h5_holdout
CUX90939,H5,12,h5_holdout
CUX90938,H5,12,h5_holdout
CUX90937,H5,160,h5_holdout
CUX90936,H5,12,h5_holdout
CUX90935,H5,12,h5_holdout
AJS16160,H5,115,h5_holdout
AJS16159,H5,131,h5_holdout
AJS16158,H5,122,h5_holdout
AJS16157,H5,116,h5_holdout
AJS16156,H5,132,h5_holdout
AJS16155,H5,117,h5_holdout
AJS16154,H5,115,h5_holdout
AJS16153,H5,133,h5_holdout
AJS16152,H5,122,h5_holdout
AJS16151,H5,131,h5_holdout
AJS16150,H5,134,h5_holdout
AJS16149,H5,116,h5_holdout
AJS16148,H5,134,h5_holdout
AJS16147,H5,134,h5_holdout
AJS16146,H5,134,h5_holdout
AJS16145,H5,134,h5_holdout
AJS16144,H5,134,h5_holdout
AJS16143,H5,134,h5_holdout
AJS16142,H5,134,h5_holdout
AJS16141,H5,134,h5_holdout
AMA11833,H5,12,h5_holdout
AMA11832,H5,12,h5_holdout
AMA11831,H5,12,h5_holdout
AMA11830,H5,12,h5_holdout
ALB07770,H5,94,h5_holdout
ALB07758,H5,94,h5_holdout
ALB07746,H5,94,h5_holdout
ALB07734,H5,94,h5_holdout
ALB07722,H5,94,h5_holdout
ALB07710,H5,94,h5_holdout
ALB07698,H5,94,h5_holdout
ALB07686,H5,94,h5_holdout
ALB07674,H5,94,h5_holdout
ALB07662,H5,94,h5_holdout
ALB07650,H5,94,h5_holdout
ALB07638,H5,94,h5_holdout
ALB07626,H5,94,h5_holdout
ALB07614,H5,94,h5_holdout
ALB07602,H5,94,h5_holdout
ALB07580,H5,94,h5_holdout
ALB07568,H5,94,h5_holdout
ALB07556,H5,94,h5_holdout
ALB07544,H5,94,h5_holdout
ALB07532,H5,94,h5_holdout
ALB07520,H5,94,h5_holdout
ALB07508,H5,94,h5_holdout
ALB07496,H5,94,h5_holdout
ALB07484,H5,94,h5_holdout
ALB07472,H5,94,h5_holdout
ALB07460,H5,94,h5_holdout
ALB07448,H5,94,h5_holdout
ALB07436,H5,94,h5_holdout
ALB07424,H5,94,h5_holdout
ALB07412,H5,94,h5_holdout
ALB07400,H5,94,h5_holdout
ALB07388,H5,94,h5_holdout
ALB07376,H5,94,h5_holdout
ALP31064,H5,396,h5_holdout
ALP31054,H5,396,h5_holdout
ALP31044,H5,397,h5_holdout
ALP31034,H5,397,h5_holdout
ALP31024,H5,397,h5_holdout
ALP31014,H5,397,h5_holdout
ALP31004,H5,398,h5_holdout
ALP30994,H5,398,h5_holdout
ALP30984,H5,398,h5_holdout
ALP30974,H5,398,h5_holdout
ALP30964,H5,398,h5_holdout
ALP30954,H5,396,h5_holdout
ALP30944,H5,396,h5_holdout
ALP30934,H5,396,h5_holdout
ALP30924,H5,399,h5_holdout
ALP30914,H5,399,h5_holdout
ALP30904,H5,396,h5_holdout
ALP30894,H5,396,h5_holdout
ALP30884,H5,396,h5_holdout
ALP30874,H5,396,h5_holdout
ALP30864,H5,396,h5_holdout
ALP30854,H5,396,h5_holdout
ALP30844,H5,396,h5_holdout
ALP30834,H5,400,h5_holdout
ALP30824,H5,400,h5_holdout
ALP30814,H5,400,h5_holdout
ALP30804,H5,398,h5_holdout
ALP30794,H5,400,h5_holdout
ALP30784,H5,400,h5_holdout
ALP30774,H5,401,h5_holdout
ALP30764,H5,399,h5_holdout
ALP30754,H5,402,h5_holdout
ALP30744,H5,397,h5_holdout
ALP30734,H5,398,h5_holdout
ALP30724,H5,399,h5_holdout
ALP30714,H5,399,h5_holdout
ALP30704,H5,399,h5_holdout
ALP30694,H5,399,h5_holdout
ALP30684,H5,399,h5_holdout
ALP30674,H5,399,h5_holdout
ALP30664,H5,403,h5_holdout
ALP30654,H5,397,h5_holdout
ALP30644,H5,397,h5_holdout
ALP30634,H5,404,h5_holdout
ALP30624,H5,397,h5_holdout
ALP30614,H5,399,h5_holdout
ALP30604,H5,397,h5_holdout
ALP30594,H5,397,h5_holdout
ALP30584,H5,397,h5_holdout
ALP30574,H5,397,h5_holdout
ALP30564,H5,397,h5_holdout
ALP30554,H5,399,h5_holdout
ALP30544,H5,397,h5_holdout
ALP30534,H5,397,h5_holdout
ALP30524,H5,397,h5_holdout
ALP30514,H5,397,h5_holdout
ALP30504,H5,397,h5_holdout
ALP30494,H5,397,h5_holdout
ALP30484,H5,397,h5_holdout
ALP30474,H5,397,h5_holdout
ALP30464,H5,405,h5_holdout
ALP30454,H5,397,h5_holdout
ALP30444,H5,397,h5_holdout
ALP30434,H5,397,h5_holdout
ALP30424,H5,398,h5_holdout
ALP30414,H5,397,h5_holdout
ALP30404,H5,397,h5_holdout
ALP30394,H5,397,h5_holdout
ALP30384,H5,397,h5_holdout
ALP30374,H5,397,h5_holdout
ALP30364,H5,397,h5_holdout
ALP30354,H5,75,h5_holdout
ALP30344,H5,73,h5_holdout
ALP30334,H5,73,h5_holdout
ALP30324,H5,73,h5_holdout
ALP30314,H5,73,h5_holdout
ALP30304,H5,73,h5_holdout
ALP30294,H5,135,h5_holdout
ALP30284,H5,122,h5_holdout
ALP30274,H5,131,h5_holdout
ALP30264,H5,135,h5_holdout
ALP30254,H5,135,h5_holdout
ALP30244,H5,122,h5_holdout
ALP30234,H5,122,h5_holdout
ALP30224,H5,122,h5_holdout
ALP30214,H5,136,h5_holdout
ALP30204,H5,122,h5_holdout
ALP30194,H5,122,h5_holdout
ALP30184,H5,137,h5_holdout
ALP30174,H5,138,h5_holdout
ALP30164,H5,137,h5_holdout
ALP30154,H5,139,h5_holdout
ALP30144,H5,139,h5_holdout
ALP30134,H5,122,h5_holdout
ALP30124,H5,122,h5_holdout
ALP30114,H5,122,h5_holdout
ALP30104,H5,140,h5_holdout
ALP30094,H5,140,h5_holdout
ALP30084,H5,138,h5_holdout
ALP30074,H5,138,h5_holdout
AGR54760,H5,406,h5_holdout
AGR54759,H5,398,h5_holdout
AGR54758,H5,406,h5_holdout
AGR54757,H5,406,h5_holdout
AGR54647,H5,211,h5_holdout
AGR54646,H5,211,h5_holdout
AGR54645,H5,211,h5_holdout
BAP90860,H5,34,h5_holdout
BAP90859,H5,35,h5_holdout
BAQ21394,H5,36,h5_holdout
BAQ21393,H5,36,h5_holdout
BAQ21392,H5,37,h5_holdout
BAQ21391,H5,38,h5_holdout
BAQ21390,H5,39,h5_holdout
BAQ21389,H5,38,h5_holdout
BAQ21388,H5,144,h5_holdout
BAQ21387,H5,144,h5_holdout
BAQ21386,H5,144,h5_holdout
BAQ21385,H5,144,h5_holdout
BAQ21384,H5,144,h5_holdout
BAQ21383,H5,145,h5_holdout
BAQ21382,H5,145,h5_holdout
BAQ21381,H5,145,h5_holdout
BAQ21380,H5,145,h5_holdout
BAQ21379,H5,145,h5_holdout
BAQ21378,H5,145,h5_holdout
BAQ21377,H5,145,h5_holdout
BAQ21376,H5,145,h5_holdout
BAQ21375,H5,145,h5_holdout
BAN59727,H5,146,h5_holdout
BAM63158,H5,128,h5_holdout
BAL61215,H5,147,h5_holdout
BAL61214,H5,147,h5_holdout
AIN39736,H5,315,h5_holdout
BAL14561,H5,40,h5_holdout
BAL14560,H5,40,h5_holdout
BAK09613,H5,145,h5_holdout
AII31069,H5,8,h5_holdout
AII31068,H5,41,h5_holdout
AII31067,H5,42,h5_holdout
AJJ96298,H5,412,h5_holdout
AJJ96297,H5,131,h5_holdout
AJJ92930,H5,413,h5_holdout
AJJ92929,H5,131,h5_holdout
ACX48070,H5,323,h5_holdout
AJM70554,H5,94,h5_holdout
BAQ54174,H5,16,h5_holdout
AJE30344,H5,94,h5_holdout
AIT38315,H5,134,h5_holdout
AJD12490,H5,122,h5_holdout
AJD12489,H5,413,h5_holdout
AJD12445,H5,397,h5_holdout
AJD12444,H5,135,h5_holdout
AJD12422,H5,397,h5_holdout
AJD12421,H5,135,h5_holdout
AJD12404,H5,397,h5_holdout
AJD12403,H5,135,h5_holdout
AJD12388,H5,397,h5_holdout
AJD12387,H5,135,h5_holdout
AJD12369,H5,406,h5_holdout
AJD12368,H5,122,h5_holdout
AJD12339,H5,122,h5_holdout
AJD12338,H5,413,h5_holdout
AJD12320,H5,397,h5_holdout
AJD12319,H5,122,h5_holdout
AJD12318,H5,413,h5_holdout
AJD12305,H5,135,h5_holdout
AJD12304,H5,413,h5_holdout
AFW16054,H5,166,h5_holdout
AIZ06896,H5,73,h5_holdout
AIZ06750,H5,14,h5_holdout
AIZ06749,H5,141,h5_holdout
AIZ06748,H5,15,h5_holdout
AIZ06747,H5,142,h5_holdout
AIZ06746,H5,2,h5_holdout
AIZ06745,H5,16,h5_holdout
AIZ06744,H5,143,h5_holdout
AIZ06743,H5,73,h5_holdout
AIZ06742,H5,17,h5_holdout
AIZ06741,H5,18,h5_holdout
AIZ06740,H5,19,h5_holdout
AIZ06739,H5,73,h5_holdout
AIZ06738,H5,141,h5_holdout
AIZ06737,H5,73,h5_holdout
AIZ06736,H5,73,h5_holdout
AIZ06735,H5,73,h5_holdout
AIZ06734,H5,73,h5_holdout
AIZ06733,H5,141,h5_holdout
AIZ06732,H5,20,h5_holdout
AIZ06731,H5,73,h5_holdout
AIZ06730,H5,141,h5_holdout
AIZ06729,H5,73,h5_holdout
AIZ06728,H5,73,h5_holdout
AIZ06727,H5,73,h5_holdout
AIZ06726,H5,21,h5_holdout
AIZ06725,H5,141,h5_holdout
AIZ06724,H5,22,h5_holdout
AIZ06723,H5,23,h5_holdout
AIZ06722,H5,144,h5_holdout
AIZ06721,H5,141,h5_holdout
AIZ06720,H5,24,h5_holdout
AIZ06719,H5,25,h5_holdout
AIZ06718,H5,141,h5_holdout
AIZ06717,H5,141,h5_holdout
AIZ06716,H5,26,h5_holdout
BAP90990,H5,324,h5_holdout
BAP90989,H5,262,h5_holdout
AII30335,H5,315,h5_holdout
ABU87099,H5,325,h5_holdout
AIK26285,H5,326,h5_holdout
AIJ10913,H5,315,h5_holdout
AII30334,H5,315,h5_holdout
AHM24090,H5,27,h5_holdout
AHM24104,H5,27,h5_holdout
AGM53486,H5,315,h5_holdout
AGM53485,H5,315,h5_holdout
AGB84802,H5,145,h5_holdout
AGB84801,H5,146,h5_holdout
AGB84800,H5,147,h5_holdout
AGB84799,H5,148,h5_holdout
AGB84798,H5,148,h5_holdout
AFP99779,H5,171,h5_holdout
AFP99768,H5,130,h5_holdout
AFP99757,H5,101,h5_holdout
AFP99746,H5,38,h5_holdout
AFP99735,H5,38,h5_holdout
AFP99724,H5,38,h5_holdout
AFP99713,H5,38,h5_holdout
AGU01765,H5,414,h5_holdout
AGR54778,H5,415,h5_holdout
AGR54777,H5,416,h5_holdout
AGR54776,H5,417,h5_holdout
AGR54775,H5,418,h5_holdout
AGR54774,H5,419,h5_holdout
AGR54773,H5,420,h5_holdout
AGR54772,H5,420,h5_holdout
AGR54771,H5,420,h5_holdout
AGR54770,H5,421,h5_holdout
AGR54769,H5,422,h5_holdout
AFO38699,H5,38,h5_holdout
AFO38698,H5,43,h5_holdout
AFO38697,H5,260,h5_holdout
AFO38696,H5,44,h5_holdout
AFO38695,H5,252,h5_holdout
AGO02249,H5,28,h5_holdout
AGO02248,H5,390,h5_holdout
AGM53484,H5,315,h5_holdout
AFW17344,H5,213,h5_holdout
AFW17310,H5,29,h5_holdout
CCP19652,H5,330,h5_holdout
CCP19650,H5,330,h5_holdout
CCP19649,H5,311,h5_holdout
CCP19648,H5,214,h5_holdout
AEQ73114,H5,414,h5_holdout
ADB89241,H5,215,h5_holdout
AAC58999,H5,242,h5_holdout
ABN09954,H5,332,h5_holdout
AAP72011,H5,364,h5_holdout
AAP72010,H5,454,h5_holdout
AAP72008,H5,456,h5_holdout
AAP72007,H5,364,h5_holdout
AAP72006,H5,371,h5_holdout
AAP72004,H5,457,h5_holdout
AEM24974,H5,474,h5_holdout
AEM24973,H5,479,h5_holdout
AEM24972,H5,482,h5_holdout
AEM24967,H5,478,h5_holdout
AEM24966,H5,480,h5_holdout
AEM24964,H5,481,h5_holdout
AEM24962,H5,474,h5_holdout
AEM24961,H5,481,h5_holdout
AEM24960,H5,481,h5_holdout
AEM24959,H5,483,h5_holdout
AEH59226,H5,30,h5_holdout
AEH59224,H5,30,h5_holdout
AEH59223,H5,30,h5_holdout
AEH59222,H5,30,h5_holdout
AEH59221,H5,30,h5_holdout
AEH59220,H5,30,h5_holdout
AEH59219,H5,30,h5_holdout
AEH59218,H5,30,h5_holdout
AEH59217,H5,30,h5_holdout
AEH59216,H5,30,h5_holdout
AEH59215,H5,30,h5_holdout
AEH59213,H5,31,h5_holdout
AEH59211,H5,32,h5_holdout
AEH59209,H5,33,h5_holdout
AEH59208,H5,34,h5_holdout
AEH59206,H5,34,h5_holdout
AEH59204,H5,35,h5_holdout
AEH59203,H5,36,h5_holdout
AEH59202,H5,35,h5_holdout
AEH59201,H5,30,h5_holdout
AEH59199,H5,36,h5_holdout
AEH59198,H5,30,h5_holdout
AEH59197,H5,30,h5_holdout
AEH59195,H5,3,h5_holdout
AEH59193,H5,30,h5_holdout
AEH59192,H5,30,h5_holdout
AEH59191,H5,3,h5_holdout
AEH59189,H5,3,h5_holdout
AEH59188,H5,3,h5_holdout
AEH59187,H5,30,h5_holdout
AEH59186,H5,30,h5_holdout
AEH59185,H5,30,h5_holdout
AEH59184,H5,3,h5_holdout
AEH59182,H5,3,h5_holdout
AEH59181,H5,3,h5_holdout
AEH59180,H5,30,h5_holdout
AEH59179,H5,30,h5_holdout
AEH59178,H5,36,h5_holdout
AEH59177,H5,36,h5_holdout
AEH59176,H5,36,h5_holdout
AEH59175,H5,36,h5_holdout
AEH59173,H5,36,h5_holdout
AEH59172,H5,36,h5_holdout
AEH59171,H5,36,h5_holdout
AEH59170,H5,30,h5_holdout
AEH59168,H5,3,h5_holdout
AEH59167,H5,3,h5_holdout
AEH59166,H5,36,h5_holdout
AEH59165,H5,30,h5_holdout
AEH59164,H5,37,h5_holdout
AEH59163,H5,3,h5_holdout
AEH59161,H5,3,h5_holdout
AEH59160,H5,37,h5_holdout
AEH59159,H5,37,h5_holdout
AEH59157,H5,37,h5_holdout
AEH59156,H5,3,h5_holdout
AEH59155,H5,3,h5_holdout
AEH59154,H5,3,h5_holdout
AEH59153,H5,3,h5_holdout
AEH59152,H5,3,h5_holdout
AEH59150,H5,38,h5_holdout
AEH59149,H5,35,h5_holdout
AEH59148,H5,3,h5_holdout
AEH59147,H5,3,h5_holdout
AEH59146,H5,38,h5_holdout
AEH59145,H5,38,h5_holdout
AEH59144,H5,38,h5_holdout
AEH59143,H5,38,h5_holdout
AEH59142,H5,38,h5_holdout
AEH59140,H5,38,h5_holdout
AEH59138,H5,3,h5_holdout
AEH59137,H5,37,h5_holdout
AEH59136,H5,37,h5_holdout
AEH59134,H5,37,h5_holdout
AEH59133,H5,39,h5_holdout
AEH59132,H5,39,h5_holdout
AEH59130,H5,39,h5_holdout
AEH59129,H5,3,h5_holdout
AEH59127,H5,3,h5_holdout
AEH59125,H5,3,h5_holdout
AEH59123,H5,40,h5_holdout
AEH59122,H5,38,h5_holdout
AEH59120,H5,3,h5_holdout
AEH59119,H5,3,h5_holdout
BAI50033,H5,180,h5_holdout
AEA04334,H5,446,h5_holdout
ACX48062,H5,7,h5_holdout
ACX48061,H5,7,h5_holdout
ACX48060,H5,7,h5_holdout
ACX48059,H5,7,h5_holdout
ACX48058,H5,7,h5_holdout
ACX48057,H5,235,h5_holdout
ACX48056,H5,217,h5_holdout
ACX48055,H5,333,h5_holdout
ACX48054,H5,236,h5_holdout
ACX48053,H5,334,h5_holdout
ACX48052,H5,236,h5_holdout
ACX48051,H5,236,h5_holdout
ACX48050,H5,323,h5_holdout
ACX48049,H5,236,h5_holdout
ACX48047,H5,41,h5_holdout
ACX48046,H5,41,h5_holdout
ACX48043,H5,41,h5_holdout
ACX48042,H5,41,h5_holdout
ACX48041,H5,41,h5_holdout
ACX48040,H5,41,h5_holdout
ACX48039,H5,41,h5_holdout
ACX48038,H5,41,h5_holdout
ACX48037,H5,41,h5_holdout
ADW80404,H5,218,h5_holdout
ADW80390,H5,335,h5_holdout
ADW80379,H5,335,h5_holdout
ACZ53978,H5,219,h5_holdout
ACZ53967,H5,220,h5_holdout
ACZ53956,H5,221,h5_holdout
ABQ84477,H5,222,h5_holdout
ABQ84476,H5,222,h5_holdout
ABQ84473,H5,222,h5_holdout
ABQ84469,H5,320,h5_holdout
ABQ84468,H5,336,h5_holdout
BAJ23258,H5,38,h5_holdout
BAJ23257,H5,39,h5_holdout
BAJ23256,H5,39,h5_holdout
BAJ23255,H5,39,h5_holdout
BAJ23254,H5,45,h5_holdout
BAJ23253,H5,19,h5_holdout
BAJ23252,H5,20,h5_holdout
BAJ23251,H5,38,h5_holdout
BAJ23250,H5,38,h5_holdout
BAJ23249,H5,38,h5_holdout
BAJ23248,H5,38,h5_holdout
BAJ23247,H5,46,h5_holdout
BAJ23246,H5,47,h5_holdout
BAJ23245,H5,62,h5_holdout
BAJ23244,H5,48,h5_holdout
BAJ23243,H5,48,h5_holdout
BAJ23242,H5,49,h5_holdout
BAJ23241,H5,50,h5_holdout
BAJ23240,H5,51,h5_holdout
BAJ23239,H5,51,h5_holdout
BAJ23238,H5,52,h5_holdout
BAJ23237,H5,53,h5_holdout
BAJ23236,H5,54,h5_holdout
BAJ23235,H5,26,h5_holdout
BAJ23234,H5,145,h5_holdout
BAJ23233,H5,180,h5_holdout
BAJ23232,H5,181,h5_holdout
BAJ23231,H5,181,h5_holdout
BAJ23230,H5,180,h5_holdout
BAJ23229,H5,229,h5_holdout
BAJ23228,H5,73,h5_holdout
BAJ23227,H5,5,h5_holdout
BAJ23226,H5,10,h5_holdout
BAJ23225,H5,10,h5_holdout
BAJ23224,H5,182,h5_holdout
BAJ23223,H5,182,h5_holdout
AAT65209,H5,42,h5_holdout
AAP72002,H5,356,h5_holdout
AAL75847,H5,44,h5_holdout
AAL75843,H5,45,h5_holdout
AAL75839,H5,11,h5_holdout
ACD68157,H5,150,h5_holdout
ABW74703,H5,3,h5_holdout
ABW74702,H5,3,h5_holdout
ABW74701,H5,3,h5_holdout
ABO14790,H5,151,h5_holdout
AAF04720,H5,357,h5_holdout
AAF04719,H5,315,h5_holdout
ACX48069,H5,7,h5_holdout
ACX48068,H5,47,h5_holdout
ACX48067,H5,47,h5_holdout
ACX48066,H5,7,h5_holdout
ACX48065,H5,7,h5_holdout
ACX48064,H5,7,h5_holdout
ACX48063,H5,7,h5_holdout
ABW74712,H5,48,h5_holdout
ABW74711,H5,3,h5_holdout
ABW74710,H5,3,h5_holdout
ABW74709,H5,3,h5_holdout
ABW74708,H5,3,h5_holdout
ABW74707,H5,3,h5_holdout
ABW74706,H5,3,h5_holdout
ABW74705,H5,3,h5_holdout
ABW74704,H5,3,h5_holdout
BAI50046,H5,180,h5_holdout
BAI50044,H5,180,h5_holdout
BAI50042,H5,180,h5_holdout
BAI50040,H5,180,h5_holdout
BAI50037,H5,187,h5_holdout
BAI50035,H5,180,h5_holdout
BAI50031,H5,39,h5_holdout
BAI50029,H5,39,h5_holdout
BAI50027,H5,55,h5_holdout
BAI50025,H5,55,h5_holdout
ADA69429,H5,360,h5_holdout
ADA69418,H5,361,h5_holdout
ADA69407,H5,362,h5_holdout
ADA69396,H5,330,h5_holdout
ADA69385,H5,363,h5_holdout
ADA69374,H5,330,h5_holdout
AAP71997,H5,366,h5_holdout
AAP71996,H5,367,h5_holdout
AAP71995,H5,367,h5_holdout
AAG38534,H5,368,h5_holdout
AAD13568,H5,46,h5_holdout
AAD13567,H5,46,h5_holdout
AAD13566,H5,46,h5_holdout
AAC32102,H5,46,h5_holdout
CAP45895,H5,7,h5_holdout
CAP45890,H5,51,h5_holdout
CAP45885,H5,51,h5_holdout
CAP45883,H5,51,h5_holdout
CAP45873,H5,7,h5_holdout
CAP45718,H5,6,h5_holdout
CAP45713,H5,41,h5_holdout
CAP45708,H5,6,h5_holdout
CAP45703,H5,6,h5_holdout
CAP45698,H5,13,h5_holdout
CAP45697,H5,13,h5_holdout
CAP45696,H5,13,h5_holdout
CAP45695,H5,13,h5_holdout
BAE48684,H5,271,h5_holdout
ACF28529,H5,225,h5_holdout
ACF28528,H5,226,h5_holdout
ACF28527,H5,226,h5_holdout
BAE48688,H5,369,h5_holdout
ACD68156,H5,6,h5_holdout
ABU87098,H5,370,h5_holdout
CAF21874,H5,436,h5_holdout
AAP72005,H5,371,h5_holdout
BAF76006,H5,372,h5_holdout
AAR99628,H5,152,h5_holdout
AAM49555,H5,53,h5_holdout
AAC32101,H5,46,h5_holdout
AAC32078,H5,46,h5_holdout
BAE48693,H5,345,h5_holdout
BAE48696,H5,372,h5_holdout
BAE48695,H5,320,h5_holdout
BAE48694,H5,372,h5_holdout
BAE48692,H5,458,h5_holdout
BAE48691,H5,320,h5_holdout
BAE48690,H5,460,h5_holdout
BAE48689,H5,460,h5_holdout
BAE48687,H5,369,h5_holdout
BAE48686,H5,369,h5_holdout
BAE48685,H5,344,h5_holdout
BAE48683,H5,476,h5_holdout
AAA43083,H5,181,h5_holdout
AAA43082,H5,181,h5_holdout
CAF21870,H5,428,h5_holdout
CAC28131,H5,222,h5_holdout
HMIVD8,H5,181,h5_holdout
YEM45960,H5,81,h5_holdout
XXI57597,H5,81,h5_holdout
XXI57583,H5,81,h5_holdout
XXI57575,H5,81,h5_holdout
XXI57559,H5,81,h5_holdout
XXI57557,H5,81,h5_holdout
XXI57538,H5,153,h5_holdout
XXI57533,H5,153,h5_holdout
XXI57518,H5,153,h5_holdout
XXI57503,H5,153,h5_holdout
XXI57487,H5,153,h5_holdout
XXI57483,H5,153,h5_holdout
XXI57474,H5,153,h5_holdout
XXI57453,H5,153,h5_holdout
XXI57447,H5,153,h5_holdout
XXI57432,H5,153,h5_holdout
XXI57417,H5,153,h5_holdout
XXI57411,H5,153,h5_holdout
XXI57396,H5,153,h5_holdout
XXI57382,H5,153,h5_holdout
XXI57367,H5,153,h5_holdout
XXI57363,H5,153,h5_holdout
XTP42041,H5,81,h5_holdout
XTP42029,H5,81,h5_holdout
XTP42017,H5,81,h5_holdout
XTP42005,H5,81,h5_holdout
XTP41993,H5,81,h5_holdout
XTP41981,H5,81,h5_holdout
XTP41969,H5,81,h5_holdout
XTP41957,H5,81,h5_holdout
XTP41945,H5,81,h5_holdout
XTP41933,H5,81,h5_holdout
XTP41921,H5,81,h5_holdout
XTP41863,H5,81,h5_holdout
XRJ07432,H5,70,h5_holdout
XRJ07424,H5,70,h5_holdout
XOS85058,H5,81,h5_holdout
XOS76435,H5,81,h5_holdout
XOS76447,H5,81,h5_holdout
XOS76423,H5,81,h5_holdout
XOS76411,H5,81,h5_holdout
XOS76399,H5,81,h5_holdout
XOS76387,H5,81,h5_holdout
YDD41546,H5,227,h5_holdout
YDD41534,H5,70,h5_holdout
YDD41522,H5,81,h5_holdout
YDD41509,H5,81,h5_holdout
XZY35686,H5,153,h5_holdout
XZY35676,H5,157,h5_holdout
XTJ61994,H5,70,h5_holdout
XQH08052,H5,70,h5_holdout
XPB69556,H5,70,h5_holdout
XOL43332,H5,70,h5_holdout
XNT23180,H5,155,h5_holdout
XMP24855,H5,70,h5_holdout
XMP24816,H5,70,h5_holdout
XMF84336,H5,153,h5_holdout
XLZ06471,H5,70,h5_holdout
XLY78264,H5,70,h5_holdout
XLY78253,H5,70,h5_holdout
XLV27089,H5,153,h5_holdout
XLQ97127,H5,153,h5_holdout
XLQ97115,H5,81,h5_holdout
XLQ97105,H5,153,h5_holdout
XLE45473,H5,157,h5_holdout
XLD56357,H5,153,h5_holdout
XLD56350,H5,153,h5_holdout
XLD56333,H5,153,h5_holdout
XLD56331,H5,156,h5_holdout
XLD56327,H5,153,h5_holdout
XLD56318,H5,157,h5_holdout
XKQ11420,H5,70,h5_holdout
XKQ11392,H5,81,h5_holdout
XKQ11383,H5,157,h5_holdout
XKQ11406,H5,153,h5_holdout
XKQ11380,H5,81,h5_holdout
XKQ11370,H5,70,h5_holdout
XKI31548,H5,70,h5_holdout
XKI31544,H5,70,h5_holdout
XKI31543,H5,70,h5_holdout
XKI31530,H5,153,h5_holdout
XKH22199,H5,70,h5_holdout
XKC00329,H5,70,h5_holdout
XKC00317,H5,70,h5_holdout
XJN13173,H5,70,h5_holdout
XJN13169,H5,70,h5_holdout
XJJ53380,H5,81,h5_holdout
XJJ53364,H5,81,h5_holdout
XIJ00989,H5,81,h5_holdout
XIJ00988,H5,157,h5_holdout
XIJ00975,H5,157,h5_holdout
XIF08954,H5,157,h5_holdout
XIF08949,H5,157,h5_holdout
XIF04039,H5,157,h5_holdout
XHS89339,H5,157,h5_holdout
XHS89335,H5,157,h5_holdout
XGV25890,H5,430,h5_holdout
XGB73050,H5,81,h5_holdout
XDJ26643,H5,81,h5_holdout
XDJ26636,H5,81,h5_holdout
XDJ26629,H5,81,h5_holdout
XDB69070,H5,81,h5_holdout
XCV17369,H5,81,h5_holdout
XBE32674,H5,81,h5_holdout
ADQ75462,H5,327,h5_holdout
WYN03019,H5,81,h5_holdout
USE07565,H5,81,h5_holdout
UDV79400,H5,158,h5_holdout
QLI41799,H5,438,h5_holdout
ADM95469,H5,61,h5_holdout
ADM95468,H5,61,h5_holdout
ADM95463,H5,383,h5_holdout
ADM95462,H5,488,h5_holdout
ACA64009,H5,151,h5_holdout
ABW06377,H5,39,h5_holdout
ABW06367,H5,3,h5_holdout
ABW06358,H5,3,h5_holdout
ABW06347,H5,3,h5_holdout
ABW06336,H5,3,h5_holdout
ABW06326,H5,3,h5_holdout
ABW06315,H5,3,h5_holdout
ABW06287,H5,3,h5_holdout
ABW06266,H5,3,h5_holdout
ABW06244,H5,3,h5_holdout
ABW06233,H5,4,h5_holdout
ABW06222,H5,3,h5_holdout
ABW06211,H5,4,h5_holdout
ABW06200,H5,4,h5_holdout
ABW06178,H5,4,h5_holdout
ABW06160,H5,4,h5_holdout
ABW06150,H5,4,h5_holdout
ABW06139,H5,3,h5_holdout
ABW06128,H5,3,h5_holdout
ABW06117,H5,3,h5_holdout
ABW06108,H5,3,h5_holdout
ABV24020,H5,64,h5_holdout
ABV24009,H5,64,h5_holdout
ABV24000,H5,41,h5_holdout
ABV23989,H5,41,h5_holdout
ABV23980,H5,41,h5_holdout
ABV23971,H5,41,h5_holdout
ABV23960,H5,443,h5_holdout
ABV23952,H5,443,h5_holdout
ABV23944,H5,443,h5_holdout
ABV23942,H5,41,h5_holdout
ABV23941,H5,41,h5_holdout
ABV23940,H5,41,h5_holdout
ABV23934,H5,444,h5_holdout
ABU99108,H5,10,h5_holdout
ASU55601,H5,75,h5_holdout
AUO37630,H5,10,h5_holdout
AUO37618,H5,10,h5_holdout
AUO37606,H5,10,h5_holdout
AUO37594,H5,10,h5_holdout
AVP32365,H5,10,h5_holdout
ACI06189,H5,64,h5_holdout
ACI06188,H5,64,h5_holdout
ACI06187,H5,447,h5_holdout
ACI06186,H5,448,h5_holdout
ACI06185,H5,449,h5_holdout
ACI06184,H5,447,h5_holdout
ACI06183,H5,174,h5_holdout
ACI06182,H5,41,h5_holdout
ACI06181,H5,174,h5_holdout
ACI06180,H5,447,h5_holdout
ACI06178,H5,240,h5_holdout
ABF56648,H5,468,h5_holdout
ABE97634,H5,241,h5_holdout
ABE97633,H5,67,h5_holdout
ABE97632,H5,241,h5_holdout
ABE97631,H5,384,h5_holdout
ABE97630,H5,67,h5_holdout
ABE97629,H5,10,h5_holdout
ABE97628,H5,10,h5_holdout
ABE97627,H5,10,h5_holdout
ABE97626,H5,468,h5_holdout
ABE97625,H5,66,h5_holdout
ABE97624,H5,10,h5_holdout
AAF74331,H5,46,h5_holdout
AAF74330,H5,50,h5_holdout
AAF74329,H5,0,h5_holdout
ADY16763,H5,225,h5_holdout
ADR78646,H5,374,h5_holdout
ADQ92372,H5,470,h5_holdout
ADF83671,H5,10,h5_holdout
ADF83670,H5,10,h5_holdout
ADF83669,H5,10,h5_holdout
ADF83668,H5,10,h5_holdout
ADF83667,H5,10,h5_holdout
ADF83666,H5,10,h5_holdout
ADF83665,H5,54,h5_holdout
ADF83664,H5,10,h5_holdout
ADF83663,H5,10,h5_holdout
ADF83662,H5,10,h5_holdout
ADF83661,H5,159,h5_holdout
ADF83660,H5,150,h5_holdout
ACU65077,H5,10,h5_holdout
ABQ58925,H5,41,h5_holdout
ABQ58924,H5,41,h5_holdout
ABQ58923,H5,41,h5_holdout
ABQ58922,H5,41,h5_holdout
ABO20946,H5,468,h5_holdout
ABM90500,H5,48,h5_holdout
ABM90489,H5,48,h5_holdout
ABM90478,H5,48,h5_holdout
ABM90456,H5,48,h5_holdout
ABM90445,H5,48,h5_holdout
ABM90434,H5,48,h5_holdout
ABJ90343,H5,64,h5_holdout
ABI49407,H5,3,h5_holdout
ABI36480,H5,3,h5_holdout
ABI36469,H5,3,h5_holdout
ABI36423,H5,4,h5_holdout
ABI36395,H5,3,h5_holdout
ABI36384,H5,3,h5_holdout
ABI36373,H5,3,h5_holdout
ABI36362,H5,4,h5_holdout
ABI36351,H5,3,h5_holdout
ABI36340,H5,3,h5_holdout
ABI36329,H5,3,h5_holdout
ABI36318,H5,3,h5_holdout
ABI36307,H5,3,h5_holdout
ABI36295,H5,3,h5_holdout
ABI36286,H5,3,h5_holdout
ABI36275,H5,3,h5_holdout
ABI36187,H5,4,h5_holdout
ABI36057,H5,3,h5_holdout
ABI36056,H5,3,h5_holdout
ABI36055,H5,3,h5_holdout
ABI36054,H5,3,h5_holdout
ABI36053,H5,3,h5_holdout
ABI36051,H5,3,h5_holdout
ABI36050,H5,3,h5_holdout
ABI36049,H5,3,h5_holdout
ABI36048,H5,3,h5_holdout
ABI36047,H5,3,h5_holdout
ABI36046,H5,3,h5_holdout
ABI36045,H5,3,h5_holdout
ABI36044,H5,3,h5_holdout
ABI36043,H5,3,h5_holdout
ABI36042,H5,3,h5_holdout
ABI36041,H5,3,h5_holdout
ABI36040,H5,3,h5_holdout
ABI36012,H5,3,h5_holdout
AKC44576,H5,160,h5_holdout
AJM70746,H5,12,h5_holdout
AJM70734,H5,161,h5_holdout
AID48082,H5,10,h5_holdout
AID48072,H5,10,h5_holdout
AEN68938,H5,55,h5_holdout
AEN68937,H5,25,h5_holdout
AEN68936,H5,56,h5_holdout
AEN68935,H5,25,h5_holdout
AEN68934,H5,25,h5_holdout
AEN68933,H5,25,h5_holdout
AJS16294,H5,229,h5_holdout
AJY79345,H5,12,h5_holdout
AJY79344,H5,162,h5_holdout
AJY79343,H5,12,h5_holdout
AJY79342,H5,12,h5_holdout
AJY79341,H5,160,h5_holdout
AJY79340,H5,162,h5_holdout
AJY79339,H5,12,h5_holdout
AJY79338,H5,12,h5_holdout
AJY79337,H5,12,h5_holdout
AJY79336,H5,12,h5_holdout
AJS16287,H5,230,h5_holdout
AJK00239,H5,163,h5_holdout
AJK00229,H5,163,h5_holdout
AJK00218,H5,164,h5_holdout
AJK00207,H5,163,h5_holdout
AJK00198,H5,165,h5_holdout
AJK00188,H5,57,h5_holdout
AJK00177,H5,57,h5_holdout
AGS08902,H5,58,h5_holdout
AGS08843,H5,58,h5_holdout
AGS08832,H5,25,h5_holdout
AGM16225,H5,58,h5_holdout
AGM16214,H5,58,h5_holdout
AGM16203,H5,58,h5_holdout
AGM16192,H5,58,h5_holdout
AGM16181,H5,58,h5_holdout
AGM16170,H5,58,h5_holdout
AGM16164,H5,58,h5_holdout
AIO11740,H5,166,h5_holdout
AIO11739,H5,167,h5_holdout
AGQ88499,H5,144,h5_holdout
AHF20480,H5,58,h5_holdout
AHF20461,H5,58,h5_holdout
AHF20450,H5,58,h5_holdout
AHF20439,H5,58,h5_holdout
AHF20428,H5,58,h5_holdout
AHF20402,H5,59,h5_holdout
AHF20394,H5,58,h5_holdout
AHF20383,H5,58,h5_holdout
AFN69310,H5,3,h5_holdout
AGI02568,H5,168,h5_holdout
AGI02566,H5,150,h5_holdout
AFQ60210,H5,160,h5_holdout
AFQ60206,H5,166,h5_holdout
ADY16765,H5,215,h5_holdout
ADL41173,H5,215,h5_holdout
ADL41164,H5,215,h5_holdout
AFF59189,H5,60,h5_holdout
AFF59183,H5,60,h5_holdout
AFF59151,H5,60,h5_holdout
ADD97095,H5,10,h5_holdout
BAK20423,H5,61,h5_holdout
ADM88571,H5,150,h5_holdout
ACJ68612,H5,169,h5_holdout
ADF83659,H5,170,h5_holdout
ADF83658,H5,150,h5_holdout
ADF83657,H5,171,h5_holdout
ADF83656,H5,171,h5_holdout
ADF83655,H5,171,h5_holdout
ADF83654,H5,171,h5_holdout
ADF83653,H5,172,h5_holdout
ADF83652,H5,171,h5_holdout
ADF83651,H5,171,h5_holdout
ADF83650,H5,57,h5_holdout
ADM95445,H5,62,h5_holdout
ADG59086,H5,150,h5_holdout
ADG59080,H5,173,h5_holdout
ADG59048,H5,150,h5_holdout
ABW90137,H5,327,h5_holdout
ABW90136,H5,327,h5_holdout
ABW90135,H5,327,h5_holdout
ABW90134,H5,327,h5_holdout
ABW90133,H5,327,h5_holdout
ABW90132,H5,327,h5_holdout
ABW90131,H5,327,h5_holdout
ABW90130,H5,327,h5_holdout
ABW90129,H5,327,h5_holdout
ABW90128,H5,327,h5_holdout
ABW90127,H5,327,h5_holdout
ABW90126,H5,327,h5_holdout
ABW90125,H5,327,h5_holdout
ABR10842,H5,150,h5_holdout
ABP96854,H5,64,h5_holdout
ABP96853,H5,63,h5_holdout
ABP96852,H5,63,h5_holdout
ABP96851,H5,63,h5_holdout
ABP96850,H5,63,h5_holdout
ABP96849,H5,64,h5_holdout
ABP96848,H5,65,h5_holdout
ABP96847,H5,64,h5_holdout
ABP96846,H5,64,h5_holdout
ABP96845,H5,174,h5_holdout
ACU46644,H5,10,h5_holdout
ACL11932,H5,7,h5_holdout
ABW06304,H5,3,h5_holdout
ABW06295,H5,3,h5_holdout
ABW06169,H5,3,h5_holdout
ABP51991,H5,10,h5_holdout
ABP51985,H5,10,h5_holdout
ABP51984,H5,10,h5_holdout
ABP51982,H5,10,h5_holdout
ABP51978,H5,10,h5_holdout
ABP51977,H5,10,h5_holdout
ABP51976,H5,10,h5_holdout
ABP51975,H5,43,h5_holdout
ABP51969,H5,3,h5_holdout
ABP51968,H5,10,h5_holdout
ABO10187,H5,66,h5_holdout
ABO10186,H5,159,h5_holdout
ABO10185,H5,67,h5_holdout
ABO10184,H5,61,h5_holdout
ABO10183,H5,10,h5_holdout
ABO10181,H5,66,h5_holdout
ACZ48514,H5,46,h5_holdout
ACZ48509,H5,50,h5_holdout
ACZ48508,H5,44,h5_holdout
ACJ68614,H5,68,h5_holdout
ACJ68613,H5,175,h5_holdout
ACJ68611,H5,176,h5_holdout
ACJ68610,H5,150,h5_holdout
ACJ68609,H5,150,h5_holdout
ACJ68608,H5,150,h5_holdout
ACJ68607,H5,150,h5_holdout
ABY19419,H5,171,h5_holdout
ABY19418,H5,171,h5_holdout
ABY19417,H5,171,h5_holdout
ABI16504,H5,169,h5_holdout
ABQ58979,H5,69,h5_holdout
YEP31369,H7,71,h7_holdout
YDV57170,H7,72,h7_holdout
AAD26929,H7,73,h7_holdout
AAD26938,H7,74,h7_holdout
YCO72003,H7,75,h7_holdout
YCO06296,H7,75,h7_holdout
AAO86952,H7,224,h7_holdout
AAO86951,H7,76,h7_holdout
AAO86950,H7,77,h7_holdout
AAO86949,H7,225,h7_holdout
AAO86948,H7,78,h7_holdout
AAO86947,H7,226,h7_holdout
AAO86946,H7,225,h7_holdout
AAO86945,H7,217,h7_holdout
AAO86944,H7,227,h7_holdout
AAO86943,H7,228,h7_holdout
AAO86942,H7,225,h7_holdout
AAO86941,H7,229,h7_holdout
AAO86940,H7,229,h7_holdout
AAO86939,H7,229,h7_holdout
AAO86938,H7,245,h7_holdout
AAO86937,H7,229,h7_holdout
AAO86936,H7,230,h7_holdout
AAO86935,H7,231,h7_holdout
AAO86934,H7,228,h7_holdout
AAO86933,H7,229,h7_holdout
AAO86932,H7,232,h7_holdout
AAO86931,H7,232,h7_holdout
AAO86930,H7,232,h7_holdout
AAO86929,H7,232,h7_holdout
AAO86928,H7,232,h7_holdout
AAO86927,H7,232,h7_holdout
AAO86926,H7,229,h7_holdout
AAO86925,H7,233,h7_holdout
AAO86924,H7,228,h7_holdout
AAO86923,H7,228,h7_holdout
AAO86922,H7,228,h7_holdout
AAO86921,H7,78,h7_holdout
AAO86920,H7,233,h7_holdout
AAO86919,H7,79,h7_holdout
AAO86918,H7,234,h7_holdout
AAO86917,H7,229,h7_holdout
AAO86916,H7,246,h7_holdout
AAO86915,H7,229,h7_holdout
AAO86914,H7,228,h7_holdout
AAO86913,H7,231,h7_holdout
AAO86912,H7,231,h7_holdout
AAO86911,H7,235,h7_holdout
AAO86910,H7,236,h7_holdout
AAO86909,H7,229,h7_holdout
AAO86908,H7,228,h7_holdout
AAO86907,H7,228,h7_holdout
AAO86906,H7,228,h7_holdout
AAO86905,H7,237,h7_holdout
AAO86904,H7,238,h7_holdout
XYY31774,H7,80,h7_holdout
XYY31762,H7,81,h7_holdout
XYY31750,H7,82,h7_holdout
XYY31738,H7,83,h7_holdout
XYY31726,H7,81,h7_holdout
XYY31714,H7,81,h7_holdout
XYY31697,H7,81,h7_holdout
XYY31684,H7,12,h7_holdout
XYY31683,H7,81,h7_holdout
XYY31671,H7,80,h7_holdout
XYY31659,H7,80,h7_holdout
XYY31652,H7,81,h7_holdout
AFV68712,H7,6,h7_holdout
XPO56564,H7,72,h7_holdout
XPO56552,H7,72,h7_holdout
XPO56550,H7,72,h7_holdout
XPO56549,H7,72,h7_holdout
XPO56548,H7,72,h7_holdout
XPO56551,H7,72,h7_holdout
XPO56547,H7,84,h7_holdout
XPK56078,H7,72,h7_holdout
XPK56077,H7,72,h7_holdout
XOL09046,H7,72,h7_holdout
XOL08195,H7,72,h7_holdout
XOL08194,H7,72,h7_holdout
XNM01030,H7,72,h7_holdout
XNM00995,H7,72,h7_holdout
XNM00994,H7,72,h7_holdout
XNM00960,H7,72,h7_holdout
XNM00959,H7,72,h7_holdout
XNM00958,H7,85,h7_holdout
XNM00876,H7,72,h7_holdout
UZT26827,H7,86,h7_holdout
UZC40556,H7,27,h7_holdout
AWG44374,H7,28,h7_holdout
AWG44375,H7,87,h7_holdout
AWG44373,H7,210,h7_holdout
AWG44371,H7,29,h7_holdout
AWG44372,H7,210,h7_holdout
AWG44370,H7,87,h7_holdout
AWB97134,H7,29,h7_holdout
AWB97133,H7,29,h7_holdout
AWB97132,H7,29,h7_holdout
AWB35938,H7,30,h7_holdout
AWB35939,H7,29,h7_holdout
AWB12169,H7,31,h7_holdout
AWB06344,H7,32,h7_holdout
AWK27458,H7,7,h7_holdout
WHU98491,H7,9,h7_holdout
UZH94901,H7,72,h7_holdout
UYR15157,H7,72,h7_holdout
UNA44558,H7,88,h7_holdout
UEF70314,H7,89,h7_holdout
UEF70291,H7,90,h7_holdout
UAN07859,H7,91,h7_holdout
UAN07847,H7,92,h7_holdout
UAN07835,H7,93,h7_holdout
QTO35560,H7,88,h7_holdout
QTO35512,H7,72,h7_holdout
QTO35497,H7,88,h7_holdout
QTO35401,H7,88,h7_holdout
QTO35358,H7,88,h7_holdout
QTO35340,H7,88,h7_holdout
QTO35296,H7,88,h7_holdout
QTO35266,H7,88,h7_holdout
QTO35284,H7,88,h7_holdout
QTO35271,H7,88,h7_holdout
QTO35311,H7,88,h7_holdout
QTO35320,H7,72,h7_holdout
QTO35303,H7,88,h7_holdout
QTO35235,H7,88,h7_holdout
QTO35228,H7,88,h7_holdout
QTO35220,H7,88,h7_holdout
QTO35188,H7,88,h7_holdout
QTO35166,H7,88,h7_holdout
QTO35147,H7,88,h7_holdout
QTO35115,H7,88,h7_holdout
QTO35103,H7,88,h7_holdout
QTO35086,H7,88,h7_holdout
QTO35065,H7,88,h7_holdout
QTO35030,H7,88,h7_holdout
QTO35001,H7,88,h7_holdout
QTO34962,H7,88,h7_holdout
QTO34933,H7,88,h7_holdout
QTO34914,H7,88,h7_holdout
QTO34917,H7,88,h7_holdout
QTO34899,H7,88,h7_holdout
QTO34896,H7,88,h7_holdout
QTO34877,H7,88,h7_holdout
QTO34855,H7,72,h7_holdout
QTO34847,H7,88,h7_holdout
QTO34778,H7,88,h7_holdout
QTO34803,H7,88,h7_holdout
QTO34703,H7,88,h7_holdout
QTO34792,H7,88,h7_holdout
QTO34763,H7,72,h7_holdout
QTO34689,H7,88,h7_holdout
QTO34736,H7,88,h7_holdout
QTO34712,H7,88,h7_holdout
QTO34648,H7,88,h7_holdout
QTO34655,H7,88,h7_holdout
QTO34541,H7,88,h7_holdout
QTO34565,H7,88,h7_holdout
QTO34500,H7,88,h7_holdout
QTO34489,H7,88,h7_holdout
QTO34443,H7,88,h7_holdout
QTO34400,H7,88,h7_holdout
QTO34425,H7,88,h7_holdout
QTO34410,H7,88,h7_holdout
QTO34384,H7,88,h7_holdout
QTO34354,H7,88,h7_holdout
QTO34294,H7,88,h7_holdout
QTO34320,H7,88,h7_holdout
QTO34285,H7,88,h7_holdout
QTO34253,H7,88,h7_holdout
QTO34226,H7,72,h7_holdout
QTO34205,H7,72,h7_holdout
QTO34179,H7,88,h7_holdout
QTO34160,H7,88,h7_holdout
QTO34137,H7,88,h7_holdout
QTO34116,H7,88,h7_holdout
QTO34133,H7,88,h7_holdout
QTO34083,H7,88,h7_holdout
QTO34012,H7,88,h7_holdout
QTO34073,H7,88,h7_holdout
QTO34063,H7,88,h7_holdout
QTO33952,H7,72,h7_holdout
QTO33941,H7,88,h7_holdout
QTO33914,H7,72,h7_holdout
QTO33937,H7,88,h7_holdout
QTO33910,H7,88,h7_holdout
QTO33886,H7,88,h7_holdout
QTO33874,H7,88,h7_holdout
QTK30379,H7,94,h7_holdout
QTK18059,H7,94,h7_holdout
QTJ77296,H7,88,h7_holdout
QOJ99728,H7,247,h7_holdout
AYA78738,H7,95,h7_holdout
BAF02932,H7,96,h7_holdout
BAF02933,H7,97,h7_holdout
BAF03206,H7,98,h7_holdout
BAF02930,H7,99,h7_holdout
BAF02934,H7,100,h7_holdout
ABY26157,H7,101,h7_holdout
ABY26156,H7,242,h7_holdout
ABY26155,H7,242,h7_holdout
ABY26154,H7,242,h7_holdout
ABY26153,H7,101,h7_holdout
ABY26152,H7,101,h7_holdout
ABY26151,H7,101,h7_holdout
ABY26150,H7,101,h7_holdout
ABY26149,H7,101,h7_holdout
ABY26148,H7,101,h7_holdout
ABY26147,H7,102,h7_holdout
ABY26146,H7,101,h7_holdout
QGJ02652,H7,103,h7_holdout
QGJ02494,H7,104,h7_holdout
QFZ88761,H7,104,h7_holdout
AXF50062,H7,107,h7_holdout
AXA11917,H7,107,h7_holdout
AWZ61776,H7,95,h7_holdout
AUO38035,H7,109,h7_holdout
AHZ39583,H7,110,h7_holdout
AHZ39582,H7,13,h7_holdout
AGE08169,H7,25,h7_holdout
AGE08168,H7,111,h7_holdout
AAG10679,H7,261,h7_holdout
AAG10672,H7,115,h7_holdout
AAG10671,H7,116,h7_holdout
AAG10670,H7,117,h7_holdout
AAG10669,H7,118,h7_holdout
AAG10659,H7,115,h7_holdout
AAG10655,H7,64,h7_holdout
AAG10654,H7,61,h7_holdout
AAG10653,H7,107,h7_holdout
AAG10651,H7,65,h7_holdout
AAG10650,H7,61,h7_holdout
AAG10663,H7,249,h7_holdout
AAG10662,H7,239,h7_holdout
AAG10661,H7,240,h7_holdout
AAG10660,H7,215,h7_holdout
ARG43175,H7,251,h7_holdout
APD70007,H7,125,h7_holdout
APD70006,H7,126,h7_holdout
APD70005,H7,127,h7_holdout
ANK78021,H7,125,h7_holdout
ANK78020,H7,128,h7_holdout
ANK78019,H7,126,h7_holdout
ANK78018,H7,129,h7_holdout
ANK78017,H7,129,h7_holdout
ANK78015,H7,10,h7_holdout
ANK78014,H7,10,h7_holdout
ANK78013,H7,10,h7_holdout
ANK78012,H7,10,h7_holdout
ANK78011,H7,10,h7_holdout
ANK78010,H7,10,h7_holdout
ANK78009,H7,10,h7_holdout
ANK78008,H7,10,h7_holdout
ANK78007,H7,127,h7_holdout
BAE53684,H7,130,h7_holdout
AAD19848,H7,73,h7_holdout
AAD19847,H7,73,h7_holdout
AAD26933,H7,233,h7_holdout
AMK48446,H7,131,h7_holdout
AMK48434,H7,105,h7_holdout
AMK48422,H7,106,h7_holdout
AMK48410,H7,132,h7_holdout
ALT67799,H7,133,h7_holdout
ALT67787,H7,134,h7_holdout
ALT67775,H7,134,h7_holdout
ALT67763,H7,135,h7_holdout
ALT67751,H7,136,h7_holdout
ALT67739,H7,133,h7_holdout
ALT67727,H7,133,h7_holdout
ALT67715,H7,137,h7_holdout
ALT67703,H7,133,h7_holdout
ALT67691,H7,138,h7_holdout
ALT67679,H7,138,h7_holdout
ALT67667,H7,138,h7_holdout
ALT67655,H7,134,h7_holdout
ALT67643,H7,134,h7_holdout
ALT67631,H7,134,h7_holdout
ALT67619,H7,134,h7_holdout
ALT67612,H7,134,h7_holdout
ALT67600,H7,134,h7_holdout
ALT67588,H7,134,h7_holdout
ALT67576,H7,134,h7_holdout
ALT67564,H7,133,h7_holdout
ALT67552,H7,134,h7_holdout
ALT67540,H7,112,h7_holdout
ALT67528,H7,134,h7_holdout
ALT67516,H7,134,h7_holdout
ALT67504,H7,133,h7_holdout
ALT67492,H7,112,h7_holdout
ALT67480,H7,138,h7_holdout
ALT67468,H7,133,h7_holdout
ALT67444,H7,134,h7_holdout
ALT67432,H7,134,h7_holdout
ALT67420,H7,134,h7_holdout
ALT67396,H7,139,h7_holdout
ALT67384,H7,133,h7_holdout
ALT67372,H7,133,h7_holdout
ALT67360,H7,134,h7_holdout
ALT67348,H7,133,h7_holdout
ALT67336,H7,134,h7_holdout
ALT67324,H7,133,h7_holdout
ALT67312,H7,134,h7_holdout
ALT67300,H7,140,h7_holdout
ALT67288,H7,133,h7_holdout
ALT67282,H7,133,h7_holdout
ALT67270,H7,133,h7_holdout
ALT67258,H7,141,h7_holdout
ALT67246,H7,133,h7_holdout
ALT67234,H7,142,h7_holdout
ALT67222,H7,133,h7_holdout
ALT67210,H7,133,h7_holdout
ALT67198,H7,136,h7_holdout
ALT67186,H7,134,h7_holdout
ALT67174,H7,133,h7_holdout
ALT67162,H7,133,h7_holdout
ALT67150,H7,133,h7_holdout
ALT67138,H7,133,h7_holdout
ALT67126,H7,133,h7_holdout
ALT67114,H7,133,h7_holdout
ALT67102,H7,133,h7_holdout
ALT67090,H7,133,h7_holdout
ALT67078,H7,133,h7_holdout
ALT66925,H7,133,h7_holdout
AMK48398,H7,33,h7_holdout
AJS16530,H7,198,h7_holdout
AJS16515,H7,150,h7_holdout
AJS16514,H7,211,h7_holdout
AJS16507,H7,216,h7_holdout
AJS16504,H7,109,h7_holdout
AJS16503,H7,109,h7_holdout
AJS16501,H7,211,h7_holdout
AJS16500,H7,211,h7_holdout
AJS16499,H7,211,h7_holdout
AJS16498,H7,211,h7_holdout
AJS16497,H7,211,h7_holdout
AJS16496,H7,211,h7_holdout
AJS16495,H7,211,h7_holdout
AJS16494,H7,211,h7_holdout
AJS16493,H7,212,h7_holdout
AJS16492,H7,150,h7_holdout
AJS16491,H7,150,h7_holdout
AJS16490,H7,150,h7_holdout
AJS16489,H7,150,h7_holdout
AJS16488,H7,150,h7_holdout
AJS16480,H7,150,h7_holdout
AJS16468,H7,206,h7_holdout
AJS16464,H7,207,h7_holdout
AJS16462,H7,213,h7_holdout
AJS16459,H7,207,h7_holdout
AJS16458,H7,207,h7_holdout
AJS16456,H7,207,h7_holdout
AJS16454,H7,207,h7_holdout
AJS16452,H7,207,h7_holdout
AJS16448,H7,207,h7_holdout
AJS16447,H7,207,h7_holdout
AJS16446,H7,208,h7_holdout
AJS16445,H7,207,h7_holdout
AJS16439,H7,207,h7_holdout
AJS16435,H7,207,h7_holdout
AJS16433,H7,150,h7_holdout
AJS16432,H7,209,h7_holdout
AJS16431,H7,207,h7_holdout
AJS16428,H7,207,h7_holdout
BAP90860,H7,34,h7_holdout
BAP90859,H7,35,h7_holdout
ALH21359,H7,109,h7_holdout
ALH21358,H7,109,h7_holdout
ALH21357,H7,109,h7_holdout
ALH21356,H7,109,h7_holdout
ALH21355,H7,109,h7_holdout
ALH21354,H7,109,h7_holdout
ALH21353,H7,109,h7_holdout
ALH21352,H7,143,h7_holdout
BAQ21394,H7,36,h7_holdout
BAQ21393,H7,36,h7_holdout
BAQ21392,H7,37,h7_holdout
BAQ21391,H7,38,h7_holdout
BAQ21390,H7,39,h7_holdout
BAQ21389,H7,38,h7_holdout
BAQ21388,H7,144,h7_holdout
BAQ21387,H7,144,h7_holdout
BAQ21386,H7,144,h7_holdout
BAQ21385,H7,144,h7_holdout
BAQ21384,H7,144,h7_holdout
BAQ21383,H7,145,h7_holdout
BAQ21382,H7,145,h7_holdout
BAQ21381,H7,145,h7_holdout
BAQ21380,H7,145,h7_holdout
BAQ21379,H7,145,h7_holdout
BAQ21378,H7,145,h7_holdout
BAQ21377,H7,145,h7_holdout
BAQ21376,H7,145,h7_holdout
BAQ21375,H7,145,h7_holdout
BAN59727,H7,146,h7_holdout
BAM63158,H7,128,h7_holdout
BAL61215,H7,147,h7_holdout
BAL61214,H7,147,h7_holdout
BAL14561,H7,40,h7_holdout
BAL14560,H7,40,h7_holdout
BAK09613,H7,145,h7_holdout
AII31069,H7,8,h7_holdout
AII31068,H7,41,h7_holdout
AII31067,H7,42,h7_holdout
AKJ80214,H7,14,h7_holdout
AKJ80211,H7,14,h7_holdout
AKJ80210,H7,14,h7_holdout
AKJ80207,H7,15,h7_holdout
AKJ80205,H7,14,h7_holdout
AJJ98491,H7,148,h7_holdout
AJJ98490,H7,109,h7_holdout
AJJ98473,H7,148,h7_holdout
AJJ98472,H7,109,h7_holdout
AJJ98454,H7,148,h7_holdout
AJJ98453,H7,109,h7_holdout
AJJ98433,H7,148,h7_holdout
AJJ98432,H7,109,h7_holdout
AJJ98392,H7,148,h7_holdout
AJJ98391,H7,109,h7_holdout
AJJ98373,H7,148,h7_holdout
AJJ98372,H7,109,h7_holdout
AJJ98333,H7,148,h7_holdout
AJJ98332,H7,109,h7_holdout
AJJ98315,H7,148,h7_holdout
AJJ98314,H7,109,h7_holdout
AJJ98293,H7,148,h7_holdout
AJJ98292,H7,109,h7_holdout
AJJ98259,H7,148,h7_holdout
AJJ98258,H7,109,h7_holdout
AJJ98194,H7,148,h7_holdout
AJJ98193,H7,109,h7_holdout
AJJ98155,H7,148,h7_holdout
AJJ98154,H7,109,h7_holdout
AJJ98136,H7,148,h7_holdout
AJJ98135,H7,109,h7_holdout
AJJ98107,H7,148,h7_holdout
AJJ98106,H7,109,h7_holdout
AJJ97986,H7,148,h7_holdout
AJJ97985,H7,149,h7_holdout
AJJ97912,H7,148,h7_holdout
AJJ97911,H7,109,h7_holdout
AJJ97884,H7,148,h7_holdout
AJJ97883,H7,109,h7_holdout
AJJ97854,H7,148,h7_holdout
AJJ97853,H7,150,h7_holdout
AJJ97645,H7,148,h7_holdout
AJJ97644,H7,109,h7_holdout
AJJ97360,H7,148,h7_holdout
AJJ97359,H7,151,h7_holdout
AJJ95427,H7,152,h7_holdout
AJJ95426,H7,153,h7_holdout
AJJ95397,H7,148,h7_holdout
AJJ95396,H7,149,h7_holdout
AJJ95308,H7,148,h7_holdout
AJJ95307,H7,154,h7_holdout
AJJ95265,H7,148,h7_holdout
AJJ95264,H7,154,h7_holdout
AJJ95212,H7,148,h7_holdout
AJJ95211,H7,154,h7_holdout
AJJ94972,H7,148,h7_holdout
AJJ94971,H7,155,h7_holdout
AJJ94798,H7,148,h7_holdout
AJJ94797,H7,156,h7_holdout
AJJ94779,H7,148,h7_holdout
AJJ94778,H7,154,h7_holdout
AJJ94480,H7,148,h7_holdout
AJJ94479,H7,155,h7_holdout
AJJ94289,H7,148,h7_holdout
AJJ94288,H7,154,h7_holdout
AJJ94095,H7,148,h7_holdout
AJJ94094,H7,109,h7_holdout
AJJ94067,H7,148,h7_holdout
AJJ94066,H7,149,h7_holdout
AJJ94050,H7,148,h7_holdout
AJJ94049,H7,109,h7_holdout
AJJ94035,H7,148,h7_holdout
AJJ94034,H7,155,h7_holdout
AJJ93994,H7,148,h7_holdout
AJJ93993,H7,154,h7_holdout
AJJ93894,H7,152,h7_holdout
AJJ93893,H7,156,h7_holdout
AJJ91836,H7,157,h7_holdout
AJJ91835,H7,109,h7_holdout
AJJ91774,H7,148,h7_holdout
AJJ91773,H7,109,h7_holdout
AJJ91640,H7,148,h7_holdout
AJJ91639,H7,109,h7_holdout
AJJ91603,H7,67,h7_holdout
AJJ91602,H7,158,h7_holdout
AJJ91565,H7,148,h7_holdout
AJJ91564,H7,109,h7_holdout
AJJ91552,H7,159,h7_holdout
AJJ91551,H7,109,h7_holdout
AJJ91502,H7,160,h7_holdout
AJJ91501,H7,109,h7_holdout
AJJ91489,H7,160,h7_holdout
AJJ91488,H7,109,h7_holdout
AJJ91463,H7,160,h7_holdout
AJJ91462,H7,109,h7_holdout
AJJ91427,H7,159,h7_holdout
AJJ91426,H7,109,h7_holdout
AJJ91389,H7,161,h7_holdout
AJJ91388,H7,109,h7_holdout
AJJ91375,H7,148,h7_holdout
AJJ91374,H7,109,h7_holdout
AJJ91301,H7,162,h7_holdout
AJJ91300,H7,109,h7_holdout
AJJ91252,H7,163,h7_holdout
AJJ91251,H7,155,h7_holdout
AJJ90770,H7,148,h7_holdout
AJJ90769,H7,155,h7_holdout
AJJ90600,H7,109,h7_holdout
AJJ90563,H7,148,h7_holdout
AJJ90562,H7,155,h7_holdout
ACD03595,H7,164,h7_holdout
ACD03594,H7,165,h7_holdout
ACD03593,H7,166,h7_holdout
ACD03592,H7,166,h7_holdout
ACD03590,H7,167,h7_holdout
BAQ54174,H7,16,h7_holdout
AGL97653,H7,256,h7_holdout
AGL97643,H7,133,h7_holdout
AGT18697,H7,133,h7_holdout
AJD13909,H7,151,h7_holdout
AJD13908,H7,68,h7_holdout
AJD13807,H7,168,h7_holdout
AJD13806,H7,69,h7_holdout
AJD13675,H7,169,h7_holdout
AJD13674,H7,68,h7_holdout
AJD13397,H7,151,h7_holdout
AJD13396,H7,68,h7_holdout
AJD13383,H7,151,h7_holdout
AJD13382,H7,68,h7_holdout
AJD13347,H7,151,h7_holdout
AJD13346,H7,68,h7_holdout
AJD13316,H7,151,h7_holdout
AJD13315,H7,68,h7_holdout
AIX94903,H7,17,h7_holdout
ACZ48632,H7,167,h7_holdout
AGG53563,H7,170,h7_holdout
AGG53552,H7,170,h7_holdout
AGG53541,H7,171,h7_holdout
AGG53530,H7,172,h7_holdout
AGG53520,H7,146,h7_holdout
AGG53509,H7,172,h7_holdout
AGG53498,H7,173,h7_holdout
AGG53487,H7,128,h7_holdout
AGG53476,H7,128,h7_holdout
AGG53465,H7,128,h7_holdout
AGG53454,H7,128,h7_holdout
AGG53443,H7,174,h7_holdout
AGG53432,H7,128,h7_holdout
AGG53421,H7,128,h7_holdout
AGG53410,H7,128,h7_holdout
AGG53399,H7,128,h7_holdout
AGG53388,H7,175,h7_holdout
AGG53377,H7,176,h7_holdout
AGG53366,H7,176,h7_holdout
AFP99779,H7,171,h7_holdout
AFP99768,H7,130,h7_holdout
AFP99757,H7,101,h7_holdout
AFP99746,H7,38,h7_holdout
AFP99735,H7,38,h7_holdout
AFP99724,H7,38,h7_holdout
AFP99713,H7,38,h7_holdout
AFO38699,H7,38,h7_holdout
AFO38698,H7,43,h7_holdout
AFO38697,H7,260,h7_holdout
AFO38696,H7,44,h7_holdout
AFO38695,H7,252,h7_holdout
ACR56256,H7,114,h7_holdout
AEQ73295,H7,214,h7_holdout
AEQ73188,H7,218,h7_holdout
AEQ73116,H7,219,h7_holdout
AEK84776,H7,145,h7_holdout
AEK84775,H7,18,h7_holdout
AEK84774,H7,177,h7_holdout
AEK84773,H7,178,h7_holdout
AEK84772,H7,178,h7_holdout
AEK84771,H7,257,h7_holdout
AEK84770,H7,179,h7_holdout
AEK84769,H7,179,h7_holdout
AEK84768,H7,179,h7_holdout
AEK84767,H7,179,h7_holdout
AEK84766,H7,253,h7_holdout
AEK84765,H7,128,h7_holdout
AEK84764,H7,128,h7_holdout
AEK84763,H7,220,h7_holdout
AEK84762,H7,222,h7_holdout
AEK84761,H7,221,h7_holdout
AEK84759,H7,146,h7_holdout
AEK84757,H7,145,h7_holdout
AEK84756,H7,145,h7_holdout
AET50899,H7,105,h7_holdout
AEO94612,H7,70,h7_holdout
AEL99956,H7,223,h7_holdout
AEL99955,H7,223,h7_holdout
AAD26935,H7,241,h7_holdout
AAD26937,H7,232,h7_holdout
AEM24968,H7,243,h7_holdout
AEM24965,H7,244,h7_holdout
AEK65976,H7,101,h7_holdout
BAI50033,H7,180,h7_holdout
BAJ23258,H7,38,h7_holdout
BAJ23257,H7,39,h7_holdout
BAJ23256,H7,39,h7_holdout
BAJ23255,H7,39,h7_holdout
BAJ23254,H7,45,h7_holdout
BAJ23253,H7,19,h7_holdout
BAJ23252,H7,20,h7_holdout
BAJ23251,H7,38,h7_holdout
BAJ23250,H7,38,h7_holdout
BAJ23249,H7,38,h7_holdout
BAJ23248,H7,38,h7_holdout
BAJ23247,H7,46,h7_holdout
BAJ23246,H7,47,h7_holdout
BAJ23245,H7,62,h7_holdout
BAJ23244,H7,48,h7_holdout
BAJ23243,H7,48,h7_holdout
BAJ23242,H7,49,h7_holdout
BAJ23241,H7,50,h7_holdout
BAJ23240,H7,51,h7_holdout
BAJ23239,H7,51,h7_holdout
BAJ23238,H7,52,h7_holdout
BAJ23237,H7,53,h7_holdout
BAJ23236,H7,54,h7_holdout
BAJ23235,H7,26,h7_holdout
BAJ23234,H7,145,h7_holdout
BAJ23233,H7,180,h7_holdout
BAJ23232,H7,181,h7_holdout
BAJ23231,H7,181,h7_holdout
BAJ23230,H7,180,h7_holdout
BAJ23229,H7,229,h7_holdout
BAJ23228,H7,73,h7_holdout
BAJ23227,H7,5,h7_holdout
BAJ23226,H7,10,h7_holdout
BAJ23225,H7,10,h7_holdout
BAJ23224,H7,182,h7_holdout
BAJ23223,H7,182,h7_holdout
CAA44436,H7,0,h7_holdout
CAA44434,H7,0,h7_holdout
CAA44429,H7,1,h7_holdout
CAA44431,H7,2,h7_holdout
CAA44437,H7,0,h7_holdout
CAA44433,H7,3,h7_holdout
CAA43815,H7,4,h7_holdout
CAA44435,H7,0,h7_holdout
CAA44432,H7,4,h7_holdout
CAA44430,H7,1,h7_holdout
AAD26923,H7,183,h7_holdout
AAD26925,H7,184,h7_holdout
AAD26932,H7,73,h7_holdout
AAD26927,H7,73,h7_holdout
AAD26936,H7,232,h7_holdout
AAD26934,H7,233,h7_holdout
ABR66929,H7,11,h7_holdout
ABR66927,H7,186,h7_holdout
BAI50046,H7,180,h7_holdout
BAI50044,H7,180,h7_holdout
BAI50042,H7,180,h7_holdout
BAI50040,H7,180,h7_holdout
BAI50037,H7,187,h7_holdout
BAI50035,H7,180,h7_holdout
BAI50031,H7,39,h7_holdout
BAI50029,H7,39,h7_holdout
BAI50027,H7,55,h7_holdout
BAI50025,H7,55,h7_holdout
AAA56803,H7,60,h7_holdout
ACZ48597,H7,190,h7_holdout
ABQ12383,H7,133,h7_holdout
BAF81208,H7,63,h7_holdout
BAF49202,H7,63,h7_holdout
BAF49200,H7,63,h7_holdout
CAD57485,H7,56,h7_holdout
CAA87393,H7,248,h7_holdout
CAE48277,H7,255,h7_holdout
CAE48276,H7,101,h7_holdout
CAE45011,H7,56,h7_holdout
XKT99366,H7,21,h7_holdout
QFQ61851,H7,154,h7_holdout
QFQ61839,H7,154,h7_holdout
UXD21033,H7,109,h7_holdout
QPB40016,H7,57,h7_holdout
QDK58636,H7,58,h7_holdout
QGH81243,H7,151,h7_holdout
AUN86810,H7,191,h7_holdout
AUN86798,H7,192,h7_holdout
AUN86786,H7,193,h7_holdout
ATS92040,H7,109,h7_holdout
ATS92039,H7,194,h7_holdout
ATS92038,H7,109,h7_holdout
ATS92037,H7,109,h7_holdout
ATS92036,H7,195,h7_holdout
ATS92035,H7,195,h7_holdout
ATS92034,H7,109,h7_holdout
ATS92033,H7,150,h7_holdout
ATS92032,H7,194,h7_holdout
YP_009118475,H7,109,h7_holdout
ASO96874,H7,57,h7_holdout
ASO96862,H7,59,h7_holdout
AUS83949,H7,192,h7_holdout
AUS83937,H7,58,h7_holdout
ATY74262,H7,196,h7_holdout
ASR91962,H7,192,h7_holdout
ASR91961,H7,192,h7_holdout
ASR91960,H7,192,h7_holdout
ASR91959,H7,192,h7_holdout
ASR91958,H7,192,h7_holdout
ASR91957,H7,192,h7_holdout
ASR91956,H7,192,h7_holdout
ASR91955,H7,192,h7_holdout
ASR91954,H7,192,h7_holdout
ASR91953,H7,192,h7_holdout
ASR91952,H7,192,h7_holdout
ASR91951,H7,192,h7_holdout
ASR91950,H7,192,h7_holdout
ASR91949,H7,192,h7_holdout
ASR91948,H7,192,h7_holdout
ASR91947,H7,192,h7_holdout
ASR91946,H7,192,h7_holdout
ASR91945,H7,192,h7_holdout
ASR91944,H7,192,h7_holdout
ASR91943,H7,192,h7_holdout
ASR91942,H7,192,h7_holdout
ASR91941,H7,192,h7_holdout
ASR91940,H7,192,h7_holdout
ASR91939,H7,192,h7_holdout
ASR91938,H7,192,h7_holdout
ASR91937,H7,192,h7_holdout
ASF57864,H7,197,h7_holdout
ASF57858,H7,192,h7_holdout
ASF57852,H7,192,h7_holdout
ASF57846,H7,192,h7_holdout
ASF57839,H7,192,h7_holdout
ARG43206,H7,196,h7_holdout
AQY18960,H7,258,h7_holdout
AQY18959,H7,254,h7_holdout
AQY18958,H7,59,h7_holdout
AQY18948,H7,258,h7_holdout
AQY18947,H7,254,h7_holdout
AQY18946,H7,59,h7_holdout
AQW43714,H7,57,h7_holdout
APR73185,H7,198,h7_holdout
APR73174,H7,109,h7_holdout
AJU15339,H7,150,h7_holdout
AJU15338,H7,109,h7_holdout
AJU15336,H7,109,h7_holdout
AJU15335,H7,199,h7_holdout
AJU15334,H7,109,h7_holdout
AJU15322,H7,200,h7_holdout
ANU25458,H7,155,h7_holdout
ANU24930,H7,155,h7_holdout
AIK26584,H7,109,h7_holdout
AIK26572,H7,109,h7_holdout
AJS16351,H7,259,h7_holdout
AJS16350,H7,150,h7_holdout
AKI82245,H7,150,h7_holdout
AKI82233,H7,150,h7_holdout
AHJ57418,H7,195,h7_holdout
AJJ96841,H7,201,h7_holdout
AJJ96829,H7,149,h7_holdout
AJJ95668,H7,109,h7_holdout
AJJ95656,H7,154,h7_holdout
AJJ95644,H7,154,h7_holdout
AJJ95632,H7,154,h7_holdout
AJJ95620,H7,154,h7_holdout
AJJ95608,H7,155,h7_holdout
AJJ95596,H7,155,h7_holdout
AJJ91981,H7,155,h7_holdout
AJJ91969,H7,154,h7_holdout
AJJ91957,H7,109,h7_holdout
AJJ91945,H7,155,h7_holdout
AJJ91933,H7,155,h7_holdout
AJJ91921,H7,155,h7_holdout
AJJ91909,H7,202,h7_holdout
AJJ91897,H7,155,h7_holdout
AJJ91885,H7,155,h7_holdout
AJJ91873,H7,155,h7_holdout
AHL21382,H7,109,h7_holdout
AKD00316,H7,109,h7_holdout
AHJ57411,H7,109,h7_holdout
AIT93147,H7,22,h7_holdout
AIN76383,H7,151,h7_holdout
AGW82624,H7,109,h7_holdout
AHM24248,H7,109,h7_holdout
AHM24236,H7,109,h7_holdout
AHM24224,H7,109,h7_holdout
AGJ51953,H7,109,h7_holdout
AHF20568,H7,109,h7_holdout
AGW82600,H7,109,h7_holdout
AGW82612,H7,203,h7_holdout
AID70634,H7,109,h7_holdout
AID70632,H7,22,h7_holdout
AHK10800,H7,109,h7_holdout
AGI60292,H7,109,h7_holdout
AGL43637,H7,109,h7_holdout
AHW83651,H7,109,h7_holdout
AGL95098,H7,109,h7_holdout
AGL95088,H7,109,h7_holdout
AGU02227,H7,109,h7_holdout
AGU02233,H7,109,h7_holdout
AGU02230,H7,109,h7_holdout
AGR85026,H7,109,h7_holdout
AGR85014,H7,109,h7_holdout
AGR85002,H7,204,h7_holdout
AHL21383,H7,109,h7_holdout
AHF20528,H7,109,h7_holdout
AHH30760,H7,109,h7_holdout
AHH25197,H7,155,h7_holdout
AHH25185,H7,155,h7_holdout
AHH25174,H7,155,h7_holdout
AGY41893,H7,155,h7_holdout
AGR84990,H7,204,h7_holdout
AGR84978,H7,204,h7_holdout
AGR84966,H7,109,h7_holdout
AGR84954,H7,109,h7_holdout
AGR84942,H7,109,h7_holdout
AGR84930,H7,204,h7_holdout
AGO02477,H7,204,h7_holdout
AGN69522,H7,23,h7_holdout
AHD25003,H7,155,h7_holdout
AGO51374,H7,109,h7_holdout
AGQ88511,H7,109,h7_holdout
AGO51399,H7,109,h7_holdout
AGO51387,H7,205,h7_holdout
AHA11500,H7,109,h7_holdout
AGS42061,H7,109,h7_holdout
AGS42049,H7,109,h7_holdout
AGX00937,H7,155,h7_holdout
AGL44438,H7,109,h7_holdout
AGN69474,H7,109,h7_holdout
AGN69462,H7,109,h7_holdout
AGO28204,H7,109,h7_holdout
AGM16242,H7,109,h7_holdout
AGJ73503,H7,109,h7_holdout
AGK84860,H7,109,h7_holdout
AGK84857,H7,109,h7_holdout
AGI60301,H7,109,h7_holdout
AGK82158,H7,109,h7_holdout
