accession,subtype,split,cluster_id,label_is_jump_human,PC1,PC2,proj_w
YFH77964,H1,train,5,0,13.127292,-9.5659275,-20.391343002655375
YFH77875,H1,val,5,0,13.480252,-9.286513,-22.204061095708738
YFH78007,H1,train,5,0,13.37106,-9.167816,-21.803420847011353
YEV86567,H1,test,7,0,19.10034,-1.2694097,-10.281419851542223
YEV86566,H1,val,7,0,19.142612,4.169767,-9.529507181900625
YEV86565,H1,test,887,0,20.979082,0.97199756,-13.38555433188635
YEV86564,H1,train,7,0,19.557861,0.962184,-10.50025125396327
YEV86563,H1,train,6,0,19.104286,-1.0873449,-13.413575071523614
UPI56474,H1,train,8,0,17.31091,-1.8860779,-14.835605230004017
UPI56462,H1,train,9,0,18.013506,-2.160178,-11.848746106629061
YDP22939,H1,test,7,0,19.751873,-1.4202745,-7.952645147131921
YDP22890,H1,train,7,0,19.751873,-1.4202745,-7.952645147131921
YDP22889,H1,train,7,0,19.751873,-1.4202745,-7.952645147131921
YDP22888,H1,train,7,0,19.751873,-1.4202745,-7.952645147131921
YDP22887,H1,val,6,0,19.599491,-0.9643813,-8.068811213502746
YDP22886,H1,train,6,0,18.616915,-0.73819625,-9.143621993058392
YDN61860,H1,train,758,0,12.69667,-10.97496,-19.98636978428669
YDK26850,H1,val,16,0,13.537232,-7.1327434,-7.959635226749021
YDK26848,H1,val,13,0,13.050387,-6.3696012,-7.2432626905075
YDK26846,H1,train,13,0,13.273824,-6.4381022,-7.133584500661229
YDK26844,H1,val,760,0,8.316984,-7.4724984,-14.196321986063623
YDK26842,H1,train,17,0,13.181913,-6.3132014,-8.392077544828222
YDH88916,H1,train,512,0,7.8444743,-8.225422,-31.76602373369981
YDH88908,H1,val,509,0,7.3809605,-8.889881,-30.729471391767547
YDH88900,H1,train,509,0,8.450852,-8.047604,-29.232145934811037
YDH88894,H1,train,525,0,15.428704,-5.2908597,-19.18045055865447
YDH88888,H1,test,526,0,15.862077,-7.7207584,-16.03974475577047
YDH88886,H1,train,761,0,12.522648,-8.236572,-12.302788678457441
YDH88882,H1,train,527,0,15.546481,-6.3149824,-24.611367475342753
YDH88880,H1,train,512,0,7.20923,-9.15126,-30.493403851933707
YDH88876,H1,train,512,0,6.4256597,-9.217043,-30.110819295792837
YDH88854,H1,test,749,0,12.149814,-10.47098,-16.57282096369082
YDH88852,H1,train,761,0,13.005006,-7.9009547,-10.502963941808641
YDH88848,H1,train,509,0,7.5439744,-8.53534,-32.160692436683455
YDH88846,H1,val,527,0,15.546481,-6.3149824,-24.611367475342753
YDB96802,H1,train,517,0,14.572055,-8.462378,-17.32816270798847
YDB96800,H1,val,528,0,14.675349,-8.8326645,-26.903642966829864
YDB96798,H1,train,507,0,7.6908956,-4.433361,-31.8992275004516
YDB96796,H1,val,517,0,14.559463,-8.161791,-15.085198325817977
YDB96794,H1,train,756,0,12.859513,-10.849657,-13.100583820101635
YDB96792,H1,val,517,0,14.558195,-8.33568,-16.068122999029733
YDB96790,H1,train,762,0,9.638587,-9.688313,-14.705213267920229
YDB96788,H1,test,529,0,14.809659,-8.273142,-19.294778078755257
YDB96786,H1,test,507,0,6.865541,-4.9577537,-33.29619915565733
YDB96784,H1,train,517,0,15.315993,-7.5046425,-16.268658401997904
YDB96782,H1,test,517,0,15.429485,-7.4563003,-15.239280716121874
YDB96780,H1,train,530,0,13.353627,-5.554814,-18.76519058622054
YDB96778,H1,train,763,0,10.793176,-10.370924,-12.541080958277698
YDB96776,H1,test,531,0,14.992756,-7.0986886,-24.52271624365055
YDB96774,H1,train,745,0,11.10163,-11.2786045,-14.680314787397279
YDB96772,H1,train,531,0,16.852175,-5.7238793,-25.422539100528464
YDB96770,H1,test,748,0,12.038618,-8.85705,-11.392838167075706
YDB96768,H1,train,532,0,13.459668,-5.6910176,-23.13221893326931
YDB96766,H1,test,745,0,10.497884,-11.500114,-15.333216824261836
YDB96764,H1,train,745,0,11.1118145,-11.525036,-14.40827019689606
YDB96762,H1,train,18,0,18.299881,-3.6772,-19.72142533812388
YDB96760,H1,test,533,0,16.841875,-5.4421706,-22.41985070587512
YDB96758,H1,test,507,0,7.6908956,-4.433361,-31.8992275004516
YDB96756,H1,train,534,0,16.676395,-6.6908374,-21.722164799627834
YDB96754,H1,val,531,0,16.198326,-7.4204354,-20.716155097841906
YDB96752,H1,train,529,0,15.718606,-7.427566,-20.931057744407475
YDB96750,H1,train,517,0,15.315993,-7.5046425,-16.268658401997904
YDB96748,H1,train,748,0,12.038618,-8.85705,-11.392838167075706
YDB96746,H1,test,517,0,14.558195,-8.33568,-16.068122999029733
YDB96744,H1,val,755,0,11.363566,-10.754637,-17.302857565321276
YDB96742,H1,train,764,0,12.711958,-8.696205,-13.540485655640799
YDB96740,H1,train,535,0,17.143711,-7.3105106,-21.941041791657746
YDB96738,H1,train,517,0,15.315993,-7.5046425,-16.268658401997904
YDB96736,H1,train,536,0,15.353477,-5.282371,-18.476954383082383
YDB96734,H1,val,537,0,15.639334,-7.694962,-18.452284880844953
YDB96732,H1,train,759,0,11.636259,-8.125595,-20.254334548072983
YDB96730,H1,train,19,0,19.755371,-0.44972464,-5.429035596583267
YDB96728,H1,test,538,0,13.538245,-6.555323,-23.311484793962254
YDB96726,H1,train,765,0,10.47644,-9.913935,-8.4110429699176
YDB96724,H1,train,759,0,11.636259,-8.125595,-20.254334548072983
YDB96722,H1,train,766,0,11.761954,-9.282474,-10.731665349171632
YDB96720,H1,train,767,0,12.482493,-8.054081,-14.028073463281633
YDB96718,H1,train,768,0,12.219898,-8.849424,-11.838487005650709
YDB96716,H1,train,536,0,17.117092,-3.3582323,-22.784417777654483
YDB96714,H1,val,769,0,11.136682,-6.0687623,-6.949512358354311
YDB96712,H1,test,770,0,11.030774,-8.162505,-11.51235643776424
YDB96710,H1,train,767,0,12.482493,-8.054081,-14.028073463281633
YDB96708,H1,train,507,0,5.400618,-6.9547453,-30.010428321101926
XTX72824,H1,train,771,0,14.817033,18.929657,-31.170777734391834
XTX72813,H1,train,771,0,14.817033,18.929657,-31.170777734391834
XTX72802,H1,train,771,0,14.817033,18.929657,-31.170777734391834
YCZ87928,H1,test,20,0,20.062809,0.2298699,-0.5836762208411823
YCZ87926,H1,val,21,0,19.06894,-1.8174804,-4.032299525934089
YCZ87924,H1,train,772,0,12.060066,-8.287646,-5.8788227469024035
YCZ87922,H1,train,15,1,19.30748,-1.0745648,-1.986090393809123
YCZ87920,H1,train,22,0,12.891147,-7.364496,-8.589658056049522
YCZ87918,H1,train,773,0,8.747496,-11.394146,-19.893107644346344
YCZ87916,H1,val,10,0,12.572566,-7.1041193,-8.447626916732673
YCZ87914,H1,train,774,0,12.046855,-8.741575,-9.436019470432907
YCZ87912,H1,train,13,0,12.775378,-7.1765833,-8.28806304680341
YCZ87910,H1,train,23,0,11.492833,-7.0549245,-4.735057363954832
YCZ87908,H1,train,775,0,9.881692,-8.201125,-12.277461639899242
YCZ87906,H1,train,776,0,11.175639,-9.555775,-8.372130465521266
YCZ87904,H1,train,13,0,13.547435,-6.4002404,-6.768259665760972
YCZ87902,H1,test,24,0,21.067425,-0.005361178,-8.364179308081344
YCZ87900,H1,train,776,0,10.96669,-8.51082,-8.719753622351947
YCZ87898,H1,train,13,0,13.451341,-6.2887263,-6.391103025070057
YCZ87896,H1,train,777,0,9.984609,-9.109131,-7.537401290641262
YCZ87894,H1,train,10,0,12.230419,-7.276728,-8.737924646941543
YCZ87892,H1,train,25,0,12.963346,-6.135893,-10.791908326219653
YCZ87890,H1,train,10,0,11.798123,-7.737172,-7.347918342971672
YCZ87888,H1,train,10,0,12.692885,-7.126389,-7.588172960648534
YCZ87886,H1,test,10,0,12.572566,-7.1041193,-8.447626916732673
YCZ87884,H1,train,13,0,12.320394,-7.1500306,-9.080804645427534
YCZ87882,H1,train,11,0,12.341286,-7.1464934,-11.257174064726065
YCZ87880,H1,train,13,0,13.4955225,-6.274899,-5.83848776729304
YCZ87878,H1,train,16,0,13.702801,-6.942473,-7.776430621877029
YCZ87876,H1,train,26,0,20.926676,-1.294905,-1.81905391415558
YCZ87874,H1,test,27,0,11.4295225,-8.264797,-10.107495675420427
YCZ87872,H1,train,10,0,12.692885,-7.126389,-7.588172960648534
YCZ87870,H1,train,28,0,14.098214,-5.060079,-4.457366049683829
YCZ87868,H1,test,13,0,13.4955225,-6.274899,-5.83848776729304
YCZ87866,H1,test,778,0,11.538735,-7.5850587,-7.007087390743576
YCZ78801,H1,train,22,0,12.201184,-6.8832183,-10.281247401718833
YCS47975,H1,train,779,0,13.643526,-10.027781,-12.197270603917081
YCS47973,H1,val,505,0,1.0847381,-9.858156,-34.02445656815897
YCS47963,H1,train,507,0,4.193135,-7.611296,-33.21829804813603
YCQ40296,H1,test,506,0,10.259669,-8.409323,-31.908743719187953
YCQ40294,H1,val,760,0,8.616435,-7.2528358,-13.97450349341765
YCQ40292,H1,test,778,0,9.544802,-8.494636,-11.378143627106118
YCQ40290,H1,train,761,0,12.522648,-8.236572,-12.302788678457441
YCP19045,H1,test,31,0,18.264927,-2.079018,-19.084233009744207
YCP19042,H1,train,31,0,18.56545,-1.8880119,-18.84098160514351
YCP19039,H1,val,31,0,18.20549,-1.9548733,-19.496489876969765
YCP19034,H1,train,31,0,18.076736,-2.0844688,-18.953748434170244
YCP19033,H1,train,31,0,17.845116,-1.9250705,-19.000352350430035
YCO72643,H1,train,31,0,18.034763,-1.9117074,-18.103442606609555
YCO14773,H1,train,31,0,18.470985,-2.3874905,-18.828917095614372
YCO10462,H1,train,31,0,18.264927,-2.079018,-19.084233009744207
YCO10466,H1,train,31,0,18.045258,-2.5203426,-18.452640331926506
YCO10463,H1,train,31,0,17.702126,-1.7974702,-19.727870205790012
YCO10460,H1,train,31,0,18.256111,-1.8595771,-19.58958189823168
YCO10461,H1,train,31,0,17.572279,-2.3319561,-18.651286352892104
YCN41811,H1,val,31,0,17.08612,-3.1379232,-18.6514938468368
YCN39006,H1,train,31,0,18.034763,-1.9117074,-18.103442606609555
YCN38955,H1,train,31,0,17.278027,-2.4062908,-17.8557582100347
YCN38363,H1,train,31,0,17.644714,-2.2286866,-18.95966220767577
YCN38089,H1,train,31,0,17.278755,-2.7096453,-20.117122275286125
YCN38076,H1,train,31,0,17.40871,-2.001887,-19.146338443011942
YCN38070,H1,train,31,0,17.572279,-2.3319561,-18.651286352892104
YCN37439,H1,test,31,0,17.402672,-2.1815033,-20.276795422986886
YCN37429,H1,val,31,0,17.491379,-2.241401,-18.008784057518017
YCN37415,H1,test,31,0,17.489243,-2.0765004,-19.29988797628291
YCN37370,H1,train,31,0,17.572279,-2.3319561,-18.651286352892104
YCN37365,H1,train,31,0,17.489243,-2.0765004,-19.29988797628291
YCN37333,H1,test,31,0,17.572279,-2.3319561,-18.651286352892104
YCN37293,H1,train,31,0,17.572279,-2.3319561,-18.651286352892104
YCN37264,H1,train,31,0,17.572279,-2.3319561,-18.651286352892104
YCN37247,H1,train,31,0,17.489243,-2.0765004,-19.29988797628291
YCN37199,H1,val,31,0,17.691336,-2.2263446,-19.086252473321395
YCN37189,H1,train,31,0,17.572279,-2.3319561,-18.651286352892104
YCM62128,H1,val,31,0,17.572279,-2.3319561,-18.651286352892104
YCM62015,H1,test,31,0,17.5766,-1.9564387,-19.622725870644445
YCM62005,H1,train,31,0,17.31606,-2.3647635,-18.919131626424473
YCM61970,H1,train,31,0,17.572279,-2.3319561,-18.651286352892104
YCM61954,H1,train,31,0,17.572279,-2.3319561,-18.651286352892104
YCM61892,H1,train,31,0,17.323982,-1.957628,-18.613165173135542
YCM61914,H1,train,31,0,17.572279,-2.3319561,-18.651286352892104
YCM59317,H1,val,31,0,17.899492,-1.7611777,-20.00415796862996
YCJ10324,H1,train,113,1,15.616365,5.024733,3.5249291398070444
YCJ10323,H1,val,243,0,17.858065,-2.3474107,0.7252326451738487
YCJ10322,H1,train,208,1,17.36372,1.5267099,3.049972685219153
YCJ10321,H1,train,208,1,16.827784,-1.8642805,9.07798580828767
YCJ10320,H1,train,208,1,17.17955,-1.918855,10.658844847028051
YCJ10319,H1,train,208,1,15.747825,-0.18190564,2.3976969564925934
YCB58320,H1,train,759,0,10.681684,-9.854799,-20.423831625634918
YCB58318,H1,train,781,0,11.174557,-9.03674,-11.266402598657187
YCB21602,H1,val,6,0,19.613129,-1.7218663,-7.70989974629593
YCB21591,H1,train,6,0,19.466724,-1.1379186,-8.805423639730169
YCB21580,H1,train,32,0,19.58735,-0.7176077,-5.753966250207069
YCB21569,H1,test,32,0,19.630074,-0.9088387,-5.335165459079539
YCB21558,H1,test,32,0,19.630074,-0.9088387,-5.335165459079539
YCB21547,H1,train,33,0,18.671566,-1.3065765,-4.52472813155708
YCB21536,H1,train,6,0,19.652634,-1.0155841,-7.933946878264768
YCB21525,H1,train,6,0,19.604153,-1.2330511,-9.191837043149581
YCB21514,H1,test,6,0,19.604153,-1.2330511,-9.191837043149581
YCB21503,H1,train,6,0,19.652634,-1.0155841,-7.933946878264768
YCB21492,H1,test,6,0,20.03095,-0.30623415,-6.6825437067971
YCB21481,H1,train,6,0,19.652634,-1.0155841,-7.933946878264768
YCB21470,H1,train,34,1,19.045845,-1.0845344,0.9075083343542278
YCB21459,H1,train,34,1,19.045845,-1.0845344,0.9075083343542278
YCB21448,H1,test,34,1,19.864033,-0.23709764,1.4931412493968725
YCB21437,H1,train,35,0,19.502605,-1.7178719,-1.6771294260665766
YCB21426,H1,train,35,0,19.502605,-1.7178719,-1.6771294260665766
YCB21415,H1,test,34,1,19.864033,-0.23709764,1.4931412493968725
YCB21404,H1,train,35,0,19.212753,-1.0839965,-4.6372981458045555
YCB21393,H1,val,6,0,19.49199,-1.1061751,-7.088269889912155
YCB21382,H1,train,3,0,19.674068,-1.387154,-7.684196398410187
YCB21371,H1,test,6,0,20.065542,-0.5482668,-6.816928441774654
YCB21360,H1,test,34,1,19.045845,-1.0845344,0.9075083343542278
YCB21349,H1,train,6,0,19.652634,-1.0155841,-7.933946878264768
YCB21338,H1,test,6,0,19.75885,-0.6846422,-8.434911863351722
YCB21327,H1,train,6,0,19.599491,-0.9643813,-8.068811213502746
YCB21316,H1,train,35,0,19.456966,-1.400836,-3.600375928637435
YCB21305,H1,val,35,0,19.665983,-1.2777197,-3.011954626210514
YCB21294,H1,test,36,1,19.757893,-1.6817956,1.7739357590767124
YCB21283,H1,val,36,1,19.757893,-1.6817956,1.7739357590767124
YCB21272,H1,test,6,0,19.674068,-1.387154,-7.684196398410187
YCB21261,H1,train,6,0,19.792786,-0.4531853,-7.774371212463834
YCB21250,H1,train,32,0,19.630074,-0.9088387,-5.335165459079539
YCB21239,H1,train,6,0,20.03095,-0.30623415,-6.6825437067971
YCB21228,H1,train,6,0,19.652634,-1.0155841,-7.933946878264768
YCB21217,H1,train,6,0,19.581608,-0.9611204,-8.23555388475639
YCB21206,H1,train,34,1,19.35326,-0.6785863,0.20361898571260717
YCB21195,H1,train,34,1,19.35326,-0.6785863,0.20361898571260717
YCB21184,H1,train,34,1,19.864033,-0.23709764,1.4931412493968725
YCB21174,H1,train,34,1,19.864033,-0.23709764,1.4931412493968725
YCB21163,H1,train,32,0,19.58886,-0.8768794,-5.230332966110202
YCB21152,H1,train,6,0,19.620483,-0.89411575,-7.236256164014765
YCB21141,H1,train,6,0,19.71526,-1.2941549,-7.863653550253337
YCB21130,H1,train,6,0,20.123009,-0.33195984,-6.2315081013879325
YCB21119,H1,train,37,0,19.372646,-0.7525317,-1.9109656529800905
YCB21108,H1,train,35,0,19.338154,-1.7785828,-2.2803699216579343
YCB21097,H1,val,35,0,19.338154,-1.7785828,-2.2803699216579343
YCB21086,H1,train,6,0,19.907871,-1.795677,-10.46125953554701
YCB21075,H1,train,6,0,18.832632,-0.6490014,-8.199626911227544
YCB21064,H1,train,6,0,19.71526,-1.2941549,-7.863653550253337
YCB21053,H1,val,6,0,19.652634,-1.0155841,-7.933946878264768
YCB21042,H1,train,32,0,19.630074,-0.9088387,-5.335165459079539
YCB21031,H1,train,32,0,19.630074,-0.9088387,-5.335165459079539
YCB21020,H1,train,6,0,19.652634,-1.0155841,-7.933946878264768
YCB21009,H1,train,32,0,19.630074,-0.9088387,-5.335165459079539
YCB20998,H1,train,6,0,18.921951,-1.5120169,-6.024152565929027
YCB20987,H1,train,6,0,19.652634,-1.0155841,-7.933946878264768
YCB20976,H1,train,6,0,19.742077,-0.35126463,-8.21852041116962
YCB20965,H1,train,32,0,19.378666,-1.490838,-5.846126268666312
YCB20954,H1,test,7,0,19.751873,-1.4202745,-7.952645147131921
YCB20943,H1,train,6,0,19.652634,-1.0155841,-7.933946878264768
YCB20932,H1,train,6,0,19.652634,-1.0155841,-7.933946878264768
YCB20921,H1,train,6,0,19.324612,-1.7240117,-11.904093316201678
YCB20910,H1,train,34,1,19.93209,-1.115919,-0.14368608441153619
YCB20899,H1,train,32,0,19.630074,-0.9088387,-5.335165459079539
YCB20888,H1,train,35,0,19.665983,-1.2777197,-3.011954626210514
YCB20877,H1,train,34,1,19.864033,-0.23709764,1.4931412493968725
YCB20866,H1,train,6,0,19.599491,-0.9643813,-8.068811213502746
YCB20855,H1,train,6,0,19.711582,-1.3766894,-8.87792357282299
YCB20844,H1,val,6,0,19.599491,-0.9643813,-8.068811213502746
YCB20833,H1,val,34,1,19.85248,-0.26457027,0.7067611706701591
YCB20822,H1,val,34,1,19.85248,-0.26457027,0.7067611706701591
YCB20811,H1,test,6,0,19.455338,-1.1489726,-7.863093549606743
YCB20800,H1,train,6,0,19.652634,-1.0155841,-7.933946878264768
YCB20789,H1,train,6,0,19.652634,-1.0155841,-7.933946878264768
YCB20778,H1,train,37,0,18.968601,-0.59782374,-3.4519914204454683
YCB20767,H1,train,32,0,19.11324,-1.4144366,-5.735773818477723
YCB20756,H1,train,32,0,19.46157,-0.7537171,-5.917471626174844
YCB20745,H1,train,32,0,19.57614,-0.826214,-5.5835970618032125
YCB20734,H1,train,6,0,19.436638,-1.2293532,-7.647972374099313
YCB20723,H1,train,6,0,19.436638,-1.2293532,-7.647972374099313
YCB20712,H1,val,34,1,19.799934,-1.1337767,1.5904840383584755
YCB20701,H1,train,6,0,19.436638,-1.2293532,-7.647972374099313
YCB20690,H1,train,32,0,18.404793,-1.7775811,-6.44830153435815
YCB20679,H1,train,32,0,19.266788,-1.6746993,-5.278926004056885
YCB20668,H1,train,35,0,19.58724,-1.4578286,-2.9087850756544196
YCB20657,H1,train,35,0,19.58724,-1.4578286,-2.9087850756544196
YCB20646,H1,train,6,0,19.648758,-0.661686,-7.985935900279104
YCB20635,H1,val,6,0,19.701305,-0.85379934,-7.222201231887437
YCB20624,H1,train,7,0,19.836908,-2.3492796,-7.776994785119129
YCB20613,H1,val,6,0,20.03095,-0.30623415,-6.6825437067971
YCB20602,H1,val,6,0,19.652634,-1.0155841,-7.933946878264768
YCB20591,H1,train,6,0,19.652634,-1.0155841,-7.933946878264768
YCB20580,H1,train,6,0,19.652634,-1.0155841,-7.933946878264768
YCB20569,H1,train,6,0,19.652634,-1.0155841,-7.933946878264768
YCB20558,H1,train,6,0,20.112062,-0.40329742,-6.547598914076042
YCB20547,H1,train,6,0,19.618284,-0.86360466,-9.222452573404475
YCB20536,H1,train,6,0,19.652634,-1.0155841,-7.933946878264768
YCB20525,H1,train,32,0,19.630074,-0.9088387,-5.335165459079539
YCB20515,H1,train,32,0,19.630074,-0.9088387,-5.335165459079539
YCB20506,H1,train,6,0,19.652634,-1.0155841,-7.933946878264768
YCB20498,H1,val,32,0,19.630074,-0.9088387,-5.335165459079539
YCB20489,H1,train,32,0,19.630074,-0.9088387,-5.335165459079539
YCB20480,H1,train,35,0,19.665983,-1.2777197,-3.011954626210514
YCB20471,H1,test,32,0,19.621353,-1.1123405,-5.893233499509611
YCB20462,H1,test,34,1,20.077526,-0.35354793,1.0704831906445165
YCB20453,H1,train,32,0,19.630074,-0.9088387,-5.335165459079539
YCB20444,H1,val,32,0,19.630074,-0.9088387,-5.335165459079539
YCB20438,H1,test,6,0,19.652634,-1.0155841,-7.933946878264768
YCB20428,H1,val,6,0,19.652634,-1.0155841,-7.933946878264768
YCB20414,H1,train,6,0,20.105766,-0.7428036,-8.162847512341983
YCB20409,H1,train,6,0,19.652634,-1.0155841,-7.933946878264768
YCB20398,H1,train,6,0,19.599491,-0.9643813,-8.068811213502746
YCB20390,H1,train,6,0,20.115463,-1.1150078,-6.571173560669521
YCB20381,H1,train,6,0,19.620483,-0.89411575,-7.236256164014765
YCB20372,H1,train,6,0,19.962494,-0.8498579,-7.749759992244256
YCB20363,H1,train,7,0,18.37991,-1.828645,-7.956424472170561
YCB20354,H1,train,6,0,19.652634,-1.0155841,-7.933946878264768
YCB20343,H1,train,6,0,19.652634,-1.0155841,-7.933946878264768
YCB20336,H1,train,6,0,20.115463,-1.1150078,-6.571173560669521
YCB20328,H1,train,6,0,19.652634,-1.0155841,-7.933946878264768
YCB20317,H1,train,6,0,19.400782,-1.6286757,-8.317743523768884
YCB15482,H1,train,38,0,18.335064,0.15762079,-0.7566624305332503
YCB15478,H1,train,778,0,9.544802,-8.494636,-11.378143627106118
YCB15476,H1,train,517,0,15.200128,-7.1786604,-18.13207607696409
YCB15474,H1,train,540,0,17.276623,-6.337563,-24.29321890216005
YBZ29168,H1,train,35,0,19.752169,-0.95289296,-3.499683031663624
WPD40848,H1,train,39,0,19.51815,-4.573789,-6.117346527017883
YBW06060,H1,val,506,0,9.988652,-8.255265,-31.925349566965593
YBW06058,H1,val,536,0,13.786679,-6.002849,-19.831194288013815
YBW06056,H1,train,517,0,15.850384,-7.02076,-14.30837151307486
YBW06054,H1,val,541,0,14.594396,-7.831487,-15.146500381824847
YBV45747,H1,train,25,0,13.766332,-5.7917957,-9.836499370115812
YBV45739,H1,train,778,0,9.570281,-8.606674,-11.25468155305218
YBV45737,H1,train,512,0,7.1610866,-9.162077,-30.547933676470628
YBV45735,H1,train,542,0,5.392222,-7.569512,-28.035960391598113
YBV45733,H1,test,11,0,12.379279,-7.415449,-10.878467959056195
YBV45731,H1,train,517,0,15.138484,-7.275641,-15.55691976259045
YBU60584,H1,train,780,0,12.628702,-8.427797,-10.21726524478471
YBU60582,H1,train,10,0,11.986547,-7.468166,-9.484431568345261
YBU60580,H1,train,543,0,15.205642,-7.82448,-14.074116662523416
YBU60578,H1,test,536,0,14.4906025,-5.8674226,-19.467150849579006
YBU60576,H1,train,13,0,13.4955225,-6.274899,-5.83848776729304
YBU60572,H1,train,544,0,15.633544,-7.326244,-8.609218906669378
YBU60568,H1,val,13,0,13.4955225,-6.274899,-5.83848776729304
YBU60564,H1,val,13,0,13.35638,-6.1895237,-5.985559796537964
YBU60562,H1,train,776,0,11.175639,-9.555775,-8.372130465521266
YBU60558,H1,val,780,0,12.44251,-8.703178,-10.847079420307624
YBU60556,H1,train,13,0,13.273824,-6.4381022,-7.133584500661229
YBU60554,H1,train,512,0,7.1610866,-9.162077,-30.547933676470628
YBU60548,H1,val,545,0,2.7417498,-7.930907,-38.99318895139119
YBU60546,H1,val,745,0,11.700675,-10.013527,-15.378364086244444
YBU60542,H1,train,506,0,9.940097,-8.263368,-31.94468017938781
YBU60540,H1,train,40,0,12.5356455,-4.805328,-6.552624437728381
YBU60538,H1,train,546,0,13.339597,-4.674626,-28.942188626634852
YBU60536,H1,train,767,0,13.109159,-8.207628,-15.194793345513444
YBU60534,H1,test,11,0,12.537838,-7.6752586,-10.660252610849712
YBP46472,H1,train,37,0,19.385422,-0.43557408,-3.371642688005018
YBP46471,H1,test,41,1,19.560135,-0.5775796,-0.23920532069464073
YBP08991,H1,train,782,0,11.920978,-8.580685,-14.959509676504434
YBP08989,H1,train,783,0,6.6327963,-10.953531,-14.510479452669092
YBP08987,H1,val,770,0,12.046337,-8.031204,-9.544894504835291
YBP08985,H1,val,755,0,10.521838,-11.277073,-16.80913309925971
YBP08981,H1,train,42,1,19.877533,-1.0735317,0.0007723533009631467
YBP08979,H1,train,547,0,13.624249,-7.9711885,-22.394337425127908
YBP08977,H1,test,783,0,7.0044155,-10.051195,-13.796180754082723
YBP08975,H1,test,43,0,20.176632,-0.64769244,-6.876053707369003
YBK92974,H1,train,784,0,13.916801,-8.985743,-9.138803087755848
YBK92972,H1,train,44,0,-11.396007,9.495493,-17.935608458999813
YBK92968,H1,val,756,0,11.863309,-11.031579,-12.789127273742821
YBK92966,H1,val,536,0,17.057892,-3.3749597,-22.821168219417572
YBK92964,H1,test,785,0,8.842115,-8.905567,-6.691809577143686
YBK92960,H1,train,786,0,10.756608,-11.204993,-15.82137122844917
YBK92958,H1,test,23,0,11.968058,-7.0885615,-6.812006025357617
YBK92956,H1,test,13,0,13.4955225,-6.274899,-5.83848776729304
YBK92954,H1,train,524,0,15.1000185,-7.4250584,-21.872788575333693
YBK92952,H1,train,787,0,11.161647,-8.442459,-16.87335161678001
YBK92950,H1,val,10,0,12.609059,-7.173831,-8.054685605063113
YBH87783,H1,test,25,0,13.503535,-5.81286,-10.926812046535769
YBH87779,H1,train,13,0,13.4955225,-6.274899,-5.83848776729304
YBH87777,H1,train,548,0,14.70464,-9.197643,-17.895250871592623
YBH87775,H1,train,510,0,14.341287,-4.475626,-32.94295011454645
YBH87773,H1,train,543,0,15.26584,-7.8131146,-14.017892337731388
YBH87771,H1,train,512,0,7.20923,-9.15126,-30.493403851933707
YBH87769,H1,train,512,0,7.471411,-8.506428,-29.92102213889715
YBH87767,H1,train,780,0,12.44251,-8.703178,-10.847079420307624
YBH87765,H1,val,756,0,11.863309,-11.031579,-12.789127273742821
YBH87761,H1,train,776,0,11.103332,-9.656883,-8.597571688064395
YBH87757,H1,train,780,0,12.55062,-8.923561,-11.896945637826096
YBH87755,H1,train,776,0,11.774065,-9.152373,-10.376862132191345
YBH87753,H1,train,524,0,15.599935,-7.4854474,-19.61038336512733
YBH87751,H1,test,10,0,12.692885,-7.126389,-7.588172960648534
YBH87747,H1,val,13,0,14.49001,-4.638411,-3.3129155122245653
YBB93953,H1,train,6,0,19.635513,-0.72819245,-8.265933545425645
YAO56778,H1,train,10,0,13.036438,-7.0814977,-10.064934451759683
YAO56774,H1,train,765,0,10.47644,-9.913935,-8.4110429699176
YAO56768,H1,train,788,0,8.972344,-8.094112,-10.15911589792271
YAO56760,H1,train,789,0,5.982984,-10.206678,-16.936643456065298
YAO56758,H1,train,24,0,21.152163,0.08662524,-7.820072811583325
YAO56756,H1,test,42,1,20.01595,-1.2471318,-1.6171564679237882
YAO56750,H1,train,45,0,12.12733,-7.1014895,-8.797005846808641
YAO56748,H1,train,509,0,7.180777,-8.659843,-32.027030598311775
YAO56746,H1,train,766,0,12.360314,-10.659996,-12.157718291283809
YAO56742,H1,train,790,0,13.049482,-9.599742,-15.003379829937725
YAB59163,H1,train,791,0,9.315846,-10.80872,-12.424706682647043
YAB59159,H1,train,13,0,13.4955225,-6.274899,-5.83848776729304
YAB59149,H1,train,526,0,16.84539,-4.8175035,-17.334632771085502
YAB59147,H1,train,549,0,13.784121,-9.152867,-15.824781418197404
YAB59145,H1,train,550,0,9.556139,-7.7017107,-29.351384730261223
YAB59143,H1,test,551,0,8.894277,-1.0968763,-31.920078186754886
XZX72807,H1,train,515,0,8.184242,-9.986387,-26.993584793402157
XZX72805,H1,train,552,0,14.712968,-6.848975,-19.516708656456064
XZX72801,H1,val,786,0,10.442889,-11.205617,-14.464101569330344
XZX72799,H1,train,767,0,12.5104475,-9.361025,-17.364792948525775
XZX72797,H1,train,767,0,12.642453,-9.181215,-16.801301426194982
XZX72791,H1,train,512,0,7.20923,-9.15126,-30.493403851933707
XZX72789,H1,train,792,0,8.950665,-7.8706303,-6.135713843944104
XZX72787,H1,train,767,0,12.686074,-9.435837,-16.523460251801865
XZE13727,H1,train,793,0,12.132403,-8.940431,-10.496736241658716
XZE13725,H1,train,765,0,10.525365,-9.90555,-8.294561425129682
XZE13721,H1,train,760,0,11.887507,-8.121531,-10.880622718223488
XYW64021,H1,val,31,0,17.888117,-1.916104,-19.796452752209916
XYW64010,H1,train,31,0,17.888117,-1.916104,-19.796452752209916
XYW64003,H1,val,31,0,17.888117,-1.916104,-19.796452752209916
XKH15321,H1,train,46,0,16.515934,-1.1953853,-17.445538946096967
QWZ14542,H1,train,8,0,17.027206,-1.8750378,-12.092554418523946
XVC18733,H1,train,47,0,16.053385,-7.898654,-20.858280072374846
XUN73851,H1,test,6,0,19.652634,-1.0155841,-7.933946878264768
XUN73840,H1,train,6,0,19.652634,-1.0155841,-7.933946878264768
XUN73829,H1,train,6,0,17.890503,-0.79460216,-7.608863633092968
XUN73818,H1,val,6,0,19.674068,-1.387154,-7.684196398410187
XUN73807,H1,train,6,0,19.652634,-1.0155841,-7.933946878264768
XUN73796,H1,train,6,0,18.796455,-1.116591,-8.755834998208583
XUN73785,H1,train,6,0,19.652634,-1.0155841,-7.933946878264768
XUN73774,H1,val,6,0,19.449879,-0.9365233,-8.2236773334653
XUN73763,H1,train,6,0,19.411694,-1.5653926,-8.493400362239045
XUN73752,H1,train,6,0,19.674068,-1.387154,-7.684196398410187
XUN73741,H1,train,6,0,19.724377,-0.58852065,-7.187606861686531
XUN73730,H1,train,6,0,19.652634,-1.0155841,-7.933946878264768
XUN73719,H1,train,6,0,19.652634,-1.0155841,-7.933946878264768
XUN73708,H1,train,6,0,19.652634,-1.0155841,-7.933946878264768
XUN73697,H1,val,6,0,18.949335,-0.6995225,-8.846142168086695
XUN73686,H1,val,6,0,19.604153,-1.2330511,-9.191837043149581
XUN73675,H1,train,6,0,19.652634,-1.0155841,-7.933946878264768
XUN73664,H1,test,6,0,19.652634,-1.0155841,-7.933946878264768
XUN73653,H1,val,6,0,19.652634,-1.0155841,-7.933946878264768
XUN73642,H1,train,6,0,19.463333,-0.93897057,-8.096413295862055
XUN73631,H1,train,6,0,19.652634,-1.0155841,-7.933946878264768
XUN73620,H1,test,6,0,19.554127,-1.4453205,-7.42360377723246
XUN73609,H1,val,6,0,19.652634,-1.0155841,-7.933946878264768
XUN73598,H1,val,6,0,19.652634,-1.0155841,-7.933946878264768
XUN73587,H1,train,37,0,19.401192,-0.57222587,-3.554652551813966
XUN73576,H1,train,35,0,19.059137,-2.0264983,-3.2268928077799153
XUN73565,H1,train,6,0,19.554127,-1.4453205,-7.42360377723246
XUN73554,H1,train,15,1,19.563473,-1.4923451,-2.846759669960086
XUN73543,H1,train,6,0,19.504091,-0.8372635,-6.105517878019726
XUN73532,H1,train,6,0,19.504091,-0.8372635,-6.105517878019726
XUN73521,H1,train,6,0,19.674068,-1.387154,-7.684196398410187
XUN73510,H1,train,6,0,19.719921,-0.68474525,-8.168313925100835
XUN73499,H1,train,6,0,19.674068,-1.387154,-7.684196398410187
XUN73488,H1,val,6,0,19.652634,-1.0155841,-7.933946878264768
XUN73477,H1,train,6,0,19.652634,-1.0155841,-7.933946878264768
XUN73466,H1,train,6,0,19.815395,-0.6395823,-6.610479219596526
XUN73455,H1,test,6,0,19.652634,-1.0155841,-7.933946878264768
XUN73444,H1,val,6,0,19.652634,-1.0155841,-7.933946878264768
XUN73433,H1,train,35,0,19.650826,-1.153955,-2.80533943445972
XUN73422,H1,train,6,0,19.85841,-0.58081186,-7.164729085910199
XUN73411,H1,train,6,0,18.78955,-1.1476276,-7.1398581820765425
XUN73400,H1,test,6,0,19.652634,-1.0155841,-7.933946878264768
XUN73389,H1,train,6,0,19.652634,-1.0155841,-7.933946878264768
XUN73378,H1,train,6,0,19.674068,-1.387154,-7.684196398410187
XUN73367,H1,train,6,0,19.652634,-1.0155841,-7.933946878264768
XUN73356,H1,test,48,0,19.65243,-1.323455,-3.091082821956407
XUN73345,H1,train,32,0,19.630074,-0.9088387,-5.335165459079539
XUN73334,H1,train,49,0,20.349785,-1.4892132,-0.7895435988558628
XUN73323,H1,test,50,0,19.79892,-1.1579845,-0.6591662614585712
XUN73312,H1,train,32,0,19.630074,-0.9088387,-5.335165459079539
XUN73301,H1,train,6,0,19.674068,-1.387154,-7.684196398410187
XUN73290,H1,test,6,0,19.652634,-1.0155841,-7.933946878264768
XUN73279,H1,train,6,0,19.924477,-0.32708704,-9.195700567380266
XUN73268,H1,test,6,0,19.652634,-1.0155841,-7.933946878264768
XUN73257,H1,train,6,0,19.652634,-1.0155841,-7.933946878264768
XUN73246,H1,train,6,0,19.652634,-1.0155841,-7.933946878264768
XUN73235,H1,train,6,0,19.92022,-1.4259229,-8.307878781989647
XUN73224,H1,train,6,0,19.690956,-1.7756934,-7.8707516495955705
XUN73213,H1,train,6,0,19.652634,-1.0155841,-7.933946878264768
XUN73202,H1,test,6,0,19.674068,-1.387154,-7.684196398410187
XUN73191,H1,train,6,0,19.652634,-1.0155841,-7.933946878264768
XUN73180,H1,test,6,0,19.652634,-1.0155841,-7.933946878264768
XUN73169,H1,train,35,0,19.586256,-1.8807415,-3.060669963593094
XUN73158,H1,train,35,0,19.665983,-1.2777197,-3.011954626210514
XUN73147,H1,val,6,0,19.674068,-1.387154,-7.684196398410187
XUN73136,H1,train,6,0,19.674068,-1.387154,-7.684196398410187
XUN73125,H1,val,6,0,19.652634,-1.0155841,-7.933946878264768
XUN73114,H1,train,6,0,18.894768,-1.1307325,-8.589010146855319
XUN73103,H1,train,6,0,19.652634,-1.0155841,-7.933946878264768
XUN73092,H1,train,6,0,18.795397,-1.2118843,-8.803280839469373
XUN73081,H1,train,6,0,19.652634,-1.0155841,-7.933946878264768
XUN73070,H1,train,6,0,19.652634,-1.0155841,-7.933946878264768
XUN73059,H1,test,6,0,19.674068,-1.387154,-7.684196398410187
XUN73048,H1,test,6,0,19.652634,-1.0155841,-7.933946878264768
XUN73037,H1,val,35,0,19.394836,-2.032562,-2.664088743912947
XUN73026,H1,train,6,0,19.652634,-1.0155841,-7.933946878264768
XUN73015,H1,train,6,0,18.558514,-1.2950227,-8.753120867552056
XUN73004,H1,train,6,0,19.521515,-1.0114558,-9.639280131652518
XUN72993,H1,train,6,0,19.466724,-1.1379186,-8.805423639730169
XUN72982,H1,train,34,1,18.675245,-1.368909,0.584028178497265
XUN72971,H1,train,6,0,19.652634,-1.0155841,-7.933946878264768
XUN72960,H1,test,6,0,19.652634,-1.0155841,-7.933946878264768
XUN72949,H1,train,6,0,19.652634,-1.0155841,-7.933946878264768
XUN72938,H1,train,6,0,19.652634,-1.0155841,-7.933946878264768
XUN72927,H1,train,6,0,20.142265,-2.7565043,-9.665251317398257
XUN72916,H1,train,6,0,19.652634,-1.0155841,-7.933946878264768
XUN72905,H1,test,6,0,19.652634,-1.0155841,-7.933946878264768
XUN72894,H1,test,6,0,19.937294,-0.5748437,-7.772134362956459
XUN72883,H1,train,6,0,19.652634,-1.0155841,-7.933946878264768
XUN72872,H1,val,6,0,19.71268,-0.5677211,-9.169562250157973
XUN72861,H1,val,6,0,19.674068,-1.387154,-7.684196398410187
XUN72850,H1,val,6,0,19.165392,-1.1462412,-10.879914188112748
XUN72839,H1,train,32,0,18.815641,-1.9867108,-4.337272122071296
XUN72828,H1,train,6,0,20.121708,-1.2054832,-8.913557297785253
XUN72817,H1,train,6,0,19.652634,-1.0155841,-7.933946878264768
XUN72806,H1,train,6,0,19.991573,-0.8817901,-7.8046902094159325
XUN72795,H1,test,35,0,19.566929,-1.5897336,-3.5224639151136987
XUN72784,H1,train,37,0,19.547554,-0.77178395,-2.6313692733707956
XUN72773,H1,train,6,0,19.652634,-1.0155841,-7.933946878264768
XUN72762,H1,train,48,0,20.061256,-0.778323,-2.8832361512278837
XUN72751,H1,val,6,0,19.674068,-1.387154,-7.684196398410187
XUN72740,H1,train,32,0,19.630074,-0.9088387,-5.335165459079539
XUN72729,H1,train,50,0,20.11018,-1.2977964,-0.4808948378068987
XUN72718,H1,train,32,0,19.630074,-0.9088387,-5.335165459079539
XUN72707,H1,train,32,0,19.630074,-0.9088387,-5.335165459079539
XUN72696,H1,test,42,1,19.625397,-0.19618589,1.4238834678294072
XUN72685,H1,train,6,0,19.652634,-1.0155841,-7.933946878264768
XUN72674,H1,train,6,0,19.541536,-1.0211103,-7.110925500840528
XUN72663,H1,train,6,0,19.652634,-1.0155841,-7.933946878264768
XUN72652,H1,val,6,0,19.652634,-1.0155841,-7.933946878264768
XUN72641,H1,val,6,0,19.652634,-1.0155841,-7.933946878264768
XUN72630,H1,train,37,0,19.478409,-0.9149315,-3.214275537907218
XUN72619,H1,train,6,0,19.652634,-1.0155841,-7.933946878264768
XUN72608,H1,test,6,0,19.652634,-1.0155841,-7.933946878264768
XUN72597,H1,test,6,0,19.652634,-1.0155841,-7.933946878264768
XUN72586,H1,train,6,0,19.652634,-1.0155841,-7.933946878264768
XUN72575,H1,train,6,0,19.652634,-1.0155841,-7.933946878264768
XUN72564,H1,train,6,0,18.02459,-1.5728852,-7.934425173444028
XUN72553,H1,train,6,0,19.652634,-1.0155841,-7.933946878264768
XUN72542,H1,train,6,0,19.652634,-1.0155841,-7.933946878264768
XUN72531,H1,val,6,0,19.71526,-1.2941549,-7.863653550253337
XUN72520,H1,train,6,0,19.674068,-1.387154,-7.684196398410187
XUN72509,H1,train,6,0,19.652634,-1.0155841,-7.933946878264768
XUN72498,H1,train,48,0,19.517624,-1.1376628,-3.308083032367085
XUN72487,H1,train,6,0,19.76965,-1.4495156,-9.352785928232114
XUN72476,H1,test,6,0,19.652634,-1.0155841,-7.933946878264768
XUN72465,H1,train,6,0,19.652634,-1.0155841,-7.933946878264768
XUN72454,H1,train,6,0,19.867918,-2.737817,-10.655009729882027
XUN72443,H1,val,6,0,19.652634,-1.0155841,-7.933946878264768
XUN72432,H1,train,6,0,19.652634,-1.0155841,-7.933946878264768
XUN72421,H1,train,6,0,19.674068,-1.387154,-7.684196398410187
XUN72410,H1,val,37,0,19.245686,-0.09803531,-2.4665753961903825
XUN72399,H1,train,6,0,19.652634,-1.0155841,-7.933946878264768
XUN72388,H1,train,6,0,19.652634,-1.0155841,-7.933946878264768
XUN72377,H1,train,6,0,19.652634,-1.0155841,-7.933946878264768
XUN72366,H1,train,6,0,19.652634,-1.0155841,-7.933946878264768
XUN72355,H1,train,6,0,19.652634,-1.0155841,-7.933946878264768
XUN72344,H1,val,6,0,19.534744,-1.0672513,-7.665933412707746
XUN72333,H1,train,37,0,19.245686,-0.09803531,-2.4665753961903825
XUN72322,H1,train,6,0,19.674068,-1.387154,-7.684196398410187
XUN72311,H1,train,6,0,19.652634,-1.0155841,-7.933946878264768
XUN72300,H1,train,6,0,19.652634,-1.0155841,-7.933946878264768
XUN72289,H1,train,37,0,19.295757,-0.9018873,-3.0476622659305086
XUN72278,H1,train,6,0,19.652634,-1.0155841,-7.933946878264768
XUN72267,H1,train,6,0,19.652634,-1.0155841,-7.933946878264768
XUN72256,H1,train,6,0,19.652634,-1.0155841,-7.933946878264768
XUN72245,H1,val,6,0,19.483055,-1.5301335,-9.480561015546046
XUN72234,H1,train,6,0,19.652634,-1.0155841,-7.933946878264768
XUN72223,H1,train,6,0,19.674068,-1.387154,-7.684196398410187
XUN72212,H1,train,6,0,19.652634,-1.0155841,-7.933946878264768
XUN72201,H1,train,6,0,19.616571,-1.2555833,-8.479434525951907
XUN72190,H1,val,6,0,19.789349,-0.62604284,-7.601596205818675
XUN72179,H1,train,37,0,19.023853,-0.91934335,-3.880322175218618
XUN72168,H1,train,6,0,18.332932,-0.7016302,-12.638616312391248
XUN72157,H1,test,6,0,20.236996,-1.0791847,-8.363712828768035
XUN72146,H1,train,6,0,19.638493,-1.1558774,-8.121638498012734
XUN72135,H1,train,6,0,18.332932,-0.7016302,-12.638616312391248
XUN72124,H1,val,6,0,19.652634,-1.0155841,-7.933946878264768
XUN72113,H1,train,6,0,19.417284,-1.4683156,-6.504792585452881
XUN72102,H1,test,6,0,19.693138,-1.1464211,-6.525249048723985
XUN72091,H1,train,6,0,19.652634,-1.0155841,-7.933946878264768
XUN72080,H1,train,6,0,19.652634,-1.0155841,-7.933946878264768
XUN72069,H1,train,6,0,19.652634,-1.0155841,-7.933946878264768
XUN72058,H1,train,6,0,19.546747,-1.3727586,-7.8716772919145335
XUN72047,H1,train,6,0,19.652634,-1.0155841,-7.933946878264768
XUN72036,H1,train,6,0,19.652634,-1.0155841,-7.933946878264768
XUN72025,H1,train,37,0,19.718945,-0.9948239,-2.5987295618763184
XUN72014,H1,test,6,0,19.652634,-1.0155841,-7.933946878264768
XUN72003,H1,train,6,0,19.652634,-1.0155841,-7.933946878264768
XUN71992,H1,train,6,0,19.652634,-1.0155841,-7.933946878264768
XUN71981,H1,train,6,0,19.652634,-1.0155841,-7.933946878264768
XUN71970,H1,train,6,0,19.70451,-1.0863782,-7.895861187851125
XUN71959,H1,train,6,0,19.674068,-1.387154,-7.684196398410187
XUN71948,H1,test,6,0,19.652634,-1.0155841,-7.933946878264768
XUN71937,H1,val,6,0,19.652634,-1.0155841,-7.933946878264768
XUN71926,H1,test,6,0,19.652634,-1.0155841,-7.933946878264768
XUN71915,H1,val,6,0,20.253231,-0.88074267,-4.76611693565528
XUN71904,H1,train,6,0,19.652634,-1.0155841,-7.933946878264768
XUN71893,H1,test,6,0,19.652634,-1.0155841,-7.933946878264768
XUN71882,H1,train,6,0,19.652634,-1.0155841,-7.933946878264768
XUN71871,H1,train,6,0,19.652634,-1.0155841,-7.933946878264768
XUN71860,H1,train,6,0,19.652634,-1.0155841,-7.933946878264768
XUN71849,H1,train,6,0,19.652634,-1.0155841,-7.933946878264768
XUN71838,H1,train,6,0,19.652634,-1.0155841,-7.933946878264768
XUN71827,H1,val,6,0,19.580116,-1.0314186,-7.867745683037837
XUN71816,H1,train,6,0,19.652634,-1.0155841,-7.933946878264768
XUN71805,H1,test,37,0,19.322163,-1.1139557,-2.6442984273830437
XUN71794,H1,train,6,0,19.652634,-1.0155841,-7.933946878264768
XUN71783,H1,train,6,0,19.58876,-1.1531756,-7.313926911143396
XUN71772,H1,test,6,0,19.670547,-1.1945186,-7.265546879057391
XUN71761,H1,test,33,0,18.618816,-0.9368256,-6.032581522397182
XUN71750,H1,test,6,0,19.674068,-1.387154,-7.684196398410187
XUN71739,H1,val,6,0,19.989845,-0.438654,-8.783252069994697
XUN71728,H1,train,35,0,19.87547,-1.0623614,-1.433796509476137
XUN71717,H1,train,32,0,19.630074,-0.9088387,-5.335165459079539
XUN71706,H1,train,32,0,19.630074,-0.9088387,-5.335165459079539
XUN71695,H1,test,51,0,19.63416,-1.494659,-2.36998629552955
XUN71684,H1,val,35,0,19.665983,-1.2777197,-3.011954626210514
XUN71673,H1,train,32,0,19.630074,-0.9088387,-5.335165459079539
XUN71662,H1,test,32,0,19.630074,-0.9088387,-5.335165459079539
XUN71651,H1,train,6,0,19.652634,-1.0155841,-7.933946878264768
XUN71640,H1,train,6,0,19.652634,-1.0155841,-7.933946878264768
XUN71629,H1,train,6,0,19.505604,-1.0071669,-8.766514271624473
XUN71618,H1,test,6,0,19.652634,-1.0155841,-7.933946878264768
XUN71607,H1,val,6,0,19.652634,-1.0155841,-7.933946878264768
XUN71596,H1,train,6,0,19.850266,-0.7955536,-8.040740106762284
XUN71585,H1,train,6,0,19.485775,-0.6617775,-7.809157058928628
XUN71574,H1,val,6,0,19.850266,-0.7955536,-8.040740106762284
XUN71563,H1,train,52,0,19.801203,-0.54100055,-3.2555636256615266
XUN71552,H1,test,6,0,19.937294,-0.5748437,-7.772134362956459
XUN71541,H1,test,6,0,19.930237,-1.2912971,-10.936203018008905
XUN71530,H1,train,6,0,19.717525,-0.48609418,-8.077055048916296
XUN71519,H1,train,6,0,19.304367,-1.1012161,-8.918142241182068
XUN71508,H1,train,6,0,20.112492,-0.88509077,-7.1297669771717045
XUN71497,H1,val,6,0,19.776943,-0.6700862,-7.286370989771731
XUN71486,H1,train,35,0,19.665983,-1.2777197,-3.011954626210514
XUN71475,H1,train,6,0,19.965511,-0.6206836,-6.525137905709361
XUN71464,H1,val,6,0,19.652634,-1.0155841,-7.933946878264768
XUN71453,H1,test,6,0,19.652634,-1.0155841,-7.933946878264768
XUN71442,H1,train,6,0,19.674068,-1.387154,-7.684196398410187
XUN71431,H1,train,6,0,19.652634,-1.0155841,-7.933946878264768
XUN71420,H1,train,6,0,19.71526,-1.2941549,-7.863653550253337
XUN71409,H1,val,6,0,19.581608,-0.9611204,-8.23555388475639
XUN71398,H1,train,6,0,19.674068,-1.387154,-7.684196398410187
XUN71387,H1,val,34,1,19.396748,-1.2546604,-1.929593739022577
XUN71376,H1,val,6,0,19.652634,-1.0155841,-7.933946878264768
XUN71365,H1,train,6,0,19.581608,-0.9611204,-8.23555388475639
XUN71354,H1,val,6,0,19.855122,-0.76849586,-7.414994547484756
XUN71343,H1,train,6,0,19.652634,-1.0155841,-7.933946878264768
XUN71332,H1,train,6,0,19.652634,-1.0155841,-7.933946878264768
XUN71321,H1,train,6,0,17.807789,-0.7890323,-9.512493005927363
XUN71310,H1,train,6,0,19.652634,-1.0155841,-7.933946878264768
XUN71299,H1,train,6,0,19.652634,-1.0155841,-7.933946878264768
XUN71288,H1,val,6,0,18.204214,0.55754745,-9.553981459497232
XUN71277,H1,train,6,0,19.652193,-0.87059706,-7.8778989698954796
XUN71266,H1,test,6,0,19.652193,-0.87059706,-7.8778989698954796
XUN71255,H1,test,6,0,19.652634,-1.0155841,-7.933946878264768
XUN71244,H1,train,6,0,19.808825,-0.72910386,-7.855680219719334
XUN71233,H1,train,6,0,19.397507,-0.91447157,-7.7515724647552915
XUN71222,H1,train,6,0,19.652634,-1.0155841,-7.933946878264768
XUN71211,H1,test,6,0,20.102634,-1.0976762,-7.867135273435023
XUN71200,H1,val,6,0,20.200703,-1.0660946,-4.216879430034407
XUN71189,H1,train,6,0,19.202526,-1.3593669,-6.820962833262875
XUN71178,H1,train,6,0,19.637222,-1.5229349,-8.785683953452413
XUN71167,H1,train,6,0,19.652634,-1.0155841,-7.933946878264768
XUN71156,H1,train,6,0,19.652634,-1.0155841,-7.933946878264768
XUN71145,H1,train,6,0,19.652634,-1.0155841,-7.933946878264768
XUN71134,H1,train,35,0,19.636513,-1.126806,-3.2815877965916425
XUN71123,H1,train,6,0,19.652634,-1.0155841,-7.933946878264768
XUN71112,H1,train,6,0,19.652634,-1.0155841,-7.933946878264768
XUN71101,H1,test,6,0,19.622515,-1.0628309,-8.165954197387096
XUN71090,H1,test,6,0,18.685223,-0.3341731,-8.624746729739691
XUN71079,H1,train,6,0,18.957844,-0.88591325,-8.505692984116854
XUN71068,H1,train,6,0,19.652634,-1.0155841,-7.933946878264768
XUN71057,H1,val,6,0,18.957844,-0.88591325,-8.505692984116854
XUN71046,H1,test,6,0,19.652634,-1.0155841,-7.933946878264768
XUN71035,H1,train,6,0,19.65588,-0.58573157,-8.546154112682274
XUN71024,H1,train,6,0,19.198471,-1.2726312,-8.116593757963887
XUN71013,H1,train,6,0,19.652634,-1.0155841,-7.933946878264768
XUN71002,H1,train,6,0,19.652634,-1.0155841,-7.933946878264768
XUN70991,H1,test,42,1,19.625397,-0.19618589,1.4238834678294072
XUN70980,H1,val,6,0,19.652634,-1.0155841,-7.933946878264768
XUN70969,H1,test,6,0,19.198471,-1.2726312,-8.116593757963887
XUN70958,H1,train,6,0,19.652634,-1.0155841,-7.933946878264768
XUN70947,H1,train,6,0,19.734066,-1.1474216,-7.885842865469543
XUN70936,H1,train,6,0,19.449476,-1.4984303,-6.713339712467397
XUN70925,H1,test,6,0,19.757812,-1.3319843,-7.892729478945938
XUN70914,H1,train,6,0,19.652634,-1.0155841,-7.933946878264768
XUN70903,H1,train,6,0,19.652634,-1.0155841,-7.933946878264768
XUN70892,H1,val,6,0,19.43291,-1.4837654,-7.14212656932097
XUN70881,H1,val,6,0,19.808825,-0.72910386,-7.855680219719334
XUN70870,H1,train,6,0,19.652634,-1.0155841,-7.933946878264768
XUN70859,H1,train,6,0,19.459152,-1.1945194,-8.046757901882014
XUN70848,H1,train,6,0,20.46875,-0.4732245,-6.838650170555679
XUN70837,H1,train,6,0,19.47485,-1.4523152,-8.330103255567463
XUN70826,H1,train,6,0,19.41272,-1.359455,-10.02515466303055
XUN70815,H1,val,6,0,19.442484,-1.6927763,-9.259397278524718
XUN70804,H1,test,6,0,19.50571,-0.84264094,-8.672723683834542
XUN70793,H1,val,48,0,19.464394,-1.4647822,-3.6095178552021903
XUN70782,H1,train,6,0,19.652634,-1.0155841,-7.933946878264768
XUN70771,H1,train,6,0,19.776943,-0.6700862,-7.286370989771731
XUN70760,H1,val,6,0,19.652634,-1.0155841,-7.933946878264768
XUN70749,H1,train,6,0,18.950712,-1.5685172,-6.8123834334444435
XUN70738,H1,train,6,0,19.652634,-1.0155841,-7.933946878264768
XUN70727,H1,train,6,0,19.652634,-1.0155841,-7.933946878264768
XUN70716,H1,val,6,0,19.652634,-1.0155841,-7.933946878264768
XUN70705,H1,train,6,0,19.71526,-1.2941549,-7.863653550253337
XUN70694,H1,train,6,0,19.652634,-1.0155841,-7.933946878264768
XUN70683,H1,train,42,1,19.625397,-0.19618589,1.4238834678294072
XUN70672,H1,train,6,0,19.652634,-1.0155841,-7.933946878264768
XUN70661,H1,train,6,0,19.652634,-1.0155841,-7.933946878264768
XUN70650,H1,train,42,1,20.077526,-0.35354793,1.0704831906445165
XUN70639,H1,train,42,1,20.077526,-0.35354793,1.0704831906445165
XUN70628,H1,train,6,0,19.652634,-1.0155841,-7.933946878264768
XUN70617,H1,train,6,0,19.652634,-1.0155841,-7.933946878264768
XUN70606,H1,test,6,0,20.136806,-0.4882082,-8.386950140341751
XUN70595,H1,test,6,0,19.652634,-1.0155841,-7.933946878264768
XUN70584,H1,train,6,0,19.652634,-1.0155841,-7.933946878264768
XUN70573,H1,train,6,0,20.167013,-1.0204052,-9.16886650714999
XUN70562,H1,train,6,0,19.652634,-1.0155841,-7.933946878264768
XUN70551,H1,train,6,0,19.485508,-1.2422518,-8.367140660404912
XUN70540,H1,train,6,0,19.652634,-1.0155841,-7.933946878264768
XUN70529,H1,train,6,0,20.515491,-0.9031377,-14.692997890616574
XUN70518,H1,val,6,0,19.449879,-0.9365233,-8.2236773334653
XUN70507,H1,train,6,0,19.523796,-1.1902161,-8.423601769178335
XUN70496,H1,train,6,0,20.04731,-0.095300876,-8.474699579298518
XUN70485,H1,val,6,0,19.171162,-1.4287167,-7.959130011404141
XUN70474,H1,train,6,0,19.171162,-1.4287167,-7.959130011404141
XUN70463,H1,train,35,0,19.665983,-1.2777197,-3.011954626210514
XUN70452,H1,test,6,0,19.749344,-1.088184,-9.616306930633598
XUN70441,H1,train,6,0,19.442484,-1.6927763,-9.259397278524718
XUN70430,H1,train,6,0,19.652634,-1.0155841,-7.933946878264768
XUN70419,H1,train,6,0,19.652634,-1.0155841,-7.933946878264768
XUN70408,H1,train,6,0,19.58876,-1.1531756,-7.313926911143396
XUN70397,H1,test,6,0,18.618538,-1.7260997,-8.274617184083464
XUN70386,H1,train,6,0,19.61647,-1.1540921,-8.221301361095803
XUN70375,H1,test,6,0,19.652634,-1.0155841,-7.933946878264768
XUN70364,H1,train,6,0,19.652634,-1.0155841,-7.933946878264768
XUN70353,H1,test,6,0,19.652634,-1.0155841,-7.933946878264768
XUN70342,H1,val,6,0,19.652634,-1.0155841,-7.933946878264768
XUN70331,H1,train,6,0,19.652634,-1.0155841,-7.933946878264768
XUN70320,H1,train,6,0,20.151295,-0.82829094,-9.229600713390559
XUN70309,H1,val,6,0,18.704384,-1.3153216,-8.205629541681812
XUN70298,H1,train,6,0,19.652634,-1.0155841,-7.933946878264768
XUN70287,H1,train,6,0,20.04731,-0.095300876,-8.474699579298518
XUN70276,H1,val,37,0,19.229172,-0.95459574,-2.7658197138910285
XUN70265,H1,test,6,0,18.475185,-0.98276484,-8.861511878939533
XUN70254,H1,train,6,0,19.652634,-1.0155841,-7.933946878264768
XUN70243,H1,train,6,0,19.34515,-1.045059,-8.778169890027307
XUN70232,H1,test,6,0,19.652634,-1.0155841,-7.933946878264768
XUN70221,H1,train,6,0,19.591702,-1.3487835,-7.8409957170086475
XUN70210,H1,test,6,0,19.652634,-1.0155841,-7.933946878264768
XUN70199,H1,train,6,0,19.652634,-1.0155841,-7.933946878264768
XUN70188,H1,train,6,0,19.658709,-0.652189,-8.511362850283192
XUN70177,H1,train,37,0,19.633924,-1.1442761,-5.803025046144091
XUN70166,H1,test,6,0,19.776943,-0.6700862,-7.286370989771731
XUN70155,H1,train,6,0,19.674068,-1.387154,-7.684196398410187
XUN70144,H1,train,6,0,19.652634,-1.0155841,-7.933946878264768
XUN70133,H1,train,6,0,19.674068,-1.387154,-7.684196398410187
XUN70122,H1,train,6,0,19.674068,-1.387154,-7.684196398410187
XUN70111,H1,test,35,0,19.495747,-1.5575727,-2.5805444572086547
XUN70100,H1,train,6,0,19.6595,-1.3211677,-8.191759971214609
XUN70089,H1,train,6,0,19.850012,-0.7371793,-8.233263242950144
XUN70078,H1,train,6,0,19.652634,-1.0155841,-7.933946878264768
XUN70067,H1,train,37,0,19.386536,-0.096560396,-4.342073888304091
XUN70056,H1,train,6,0,19.652634,-1.0155841,-7.933946878264768
XUN70045,H1,train,6,0,19.602146,-1.1445612,-8.291345976842297
XUN70034,H1,test,6,0,19.568914,-1.0912417,-9.593424182502208
XUN70023,H1,train,6,0,19.652634,-1.0155841,-7.933946878264768
XUN70012,H1,train,37,0,19.714117,-0.63348556,-3.7128805040396156
XUN70001,H1,train,37,0,19.497877,-0.8798581,-2.9418079399174193
XUN69990,H1,val,53,0,19.163578,-2.2603257,-2.608353569687731
XUN69979,H1,train,42,1,20.077526,-0.35354793,1.0704831906445165
XUN69968,H1,test,35,0,20.453907,-0.7795109,-1.2902379473223977
XUN69957,H1,train,42,1,20.125954,-0.3607862,1.0569256350252285
XUN69946,H1,test,6,0,19.652634,-1.0155841,-7.933946878264768
XUN69935,H1,train,6,0,19.674068,-1.387154,-7.684196398410187
XUN69924,H1,train,6,0,19.808825,-0.72910386,-7.855680219719334
XUN69913,H1,train,6,0,19.808825,-0.72910386,-7.855680219719334
XUN69902,H1,train,6,0,19.449879,-0.9365233,-8.2236773334653
XUN69891,H1,train,35,0,19.665983,-1.2777197,-3.011954626210514
XUN69880,H1,train,37,0,19.38623,-1.2027446,-3.7282086975863535
XUN69869,H1,test,6,0,20.641182,-0.86290455,-9.320426126795244
XUN69858,H1,train,6,0,19.652634,-1.0155841,-7.933946878264768
XUN69847,H1,train,6,0,19.748478,-0.8660922,-8.322644322424976
XUN69836,H1,train,33,0,18.644356,-0.8543808,-4.597825762149964
XUN69825,H1,train,6,0,19.652634,-1.0155841,-7.933946878264768
XUN69814,H1,train,6,0,19.652634,-1.0155841,-7.933946878264768
XUN69803,H1,train,6,0,19.652634,-1.0155841,-7.933946878264768
XUN69792,H1,train,6,0,19.652634,-1.0155841,-7.933946878264768
XUN69781,H1,train,6,0,18.629112,-0.5555571,-10.896464068469149
XUN69770,H1,train,35,0,19.550022,-1.5713024,-2.0466631659873364
XUN69759,H1,test,35,0,20.282393,-0.8240492,-3.2256988539230225
XUN69748,H1,test,6,0,19.652634,-1.0155841,-7.933946878264768
XUN69737,H1,train,6,0,19.652634,-1.0155841,-7.933946878264768
XUN69726,H1,train,6,0,19.188028,-1.4211946,-8.887557065549165
XUN69715,H1,train,6,0,19.652634,-1.0155841,-7.933946878264768
XUN69704,H1,train,6,0,19.652634,-1.0155841,-7.933946878264768
XUN69693,H1,train,6,0,19.652634,-1.0155841,-7.933946878264768
XUN69682,H1,train,6,0,19.652634,-1.0155841,-7.933946878264768
XUN69671,H1,train,6,0,19.674068,-1.387154,-7.684196398410187
XUN69660,H1,val,6,0,19.652634,-1.0155841,-7.933946878264768
XUN69649,H1,train,6,0,19.652634,-1.0155841,-7.933946878264768
XUN69638,H1,test,6,0,19.652634,-1.0155841,-7.933946878264768
XUN69628,H1,train,6,0,19.652634,-1.0155841,-7.933946878264768
XUN69621,H1,train,6,0,19.344284,-0.9158089,-8.6222760724226
XUN69613,H1,val,6,0,19.652634,-1.0155841,-7.933946878264768
XUN69604,H1,train,6,0,17.974213,18.942558,-35.79577605339868
XUN69594,H1,val,6,0,4.399798,-5.2616963,-22.440072826542018
XUN69589,H1,train,6,0,19.674068,-1.387154,-7.684196398410187
XUN69580,H1,train,6,0,19.652634,-1.0155841,-7.933946878264768
XUN69571,H1,val,6,0,19.975891,-1.1589425,-8.775596996881056
XUN69560,H1,train,6,0,19.652634,-1.0155841,-7.933946878264768
XUN69550,H1,test,6,0,19.652634,-1.0155841,-7.933946878264768
XUN69540,H1,train,6,0,19.803627,-1.0936191,-7.383046819980356
XUN69531,H1,val,6,0,19.674068,-1.387154,-7.684196398410187
XUN69521,H1,train,6,0,19.652634,-1.0155841,-7.933946878264768
XUN69513,H1,train,6,0,19.652634,-1.0155841,-7.933946878264768
XUN69504,H1,train,6,0,18.639252,-2.0663161,-7.258785261710671
XUN69494,H1,train,6,0,19.79462,-0.738962,-7.706579537488844
XUN69487,H1,train,6,0,19.360989,-1.9676533,-10.751873766127222
XUN69480,H1,train,6,0,19.652634,-1.0155841,-7.933946878264768
XUN69473,H1,train,6,0,19.393179,-1.5784311,-7.893893183754516
XUN69467,H1,train,42,1,18.748558,-1.3119804,1.099697934033923
XUN69456,H1,train,6,0,19.652634,-1.0155841,-7.933946878264768
XUN69446,H1,val,6,0,19.652634,-1.0155841,-7.933946878264768
XUN69437,H1,train,6,0,19.87233,-1.159446,-7.769967721699247
XUN69428,H1,train,6,0,19.674068,-1.387154,-7.684196398410187
XUN69422,H1,train,6,0,19.756395,-0.740246,-7.3647077646546
XUN69412,H1,test,6,0,19.652634,-1.0155841,-7.933946878264768
XUN69402,H1,test,6,0,19.477585,-1.6206956,-8.346447674054634
XUN69394,H1,val,6,0,19.652634,-1.0155841,-7.933946878264768
XUN69387,H1,test,6,0,19.431423,-1.006021,-7.275168245136605
XUN69378,H1,test,6,0,19.681448,-0.8707579,-8.92259562064916
XUN69367,H1,train,33,0,18.768894,-1.1956363,-5.510384249545911
XUN69358,H1,train,6,0,19.989845,-0.438654,-8.783252069994697
XUN69348,H1,train,6,0,19.652634,-1.0155841,-7.933946878264768
XUN69340,H1,train,6,0,19.652634,-1.0155841,-7.933946878264768
XUN69330,H1,train,35,0,19.665983,-1.2777197,-3.011954626210514
XUN69322,H1,val,6,0,18.894768,-1.1307325,-8.589010146855319
XUN69314,H1,train,6,0,19.207426,-1.6358819,-8.397260486648095
XUN69304,H1,train,6,0,19.550009,-0.44524878,-8.047351500580127
XUN69295,H1,val,6,0,19.652634,-1.0155841,-7.933946878264768
XUN69286,H1,train,6,0,19.652634,-1.0155841,-7.933946878264768
XUN69279,H1,train,42,1,19.625397,-0.19618589,1.4238834678294072
XUN69271,H1,train,6,0,19.457205,-1.1042817,-8.056342146056883
XUN69263,H1,train,6,0,19.850012,-0.7371793,-8.233263242950144
XUM80088,H1,train,35,0,19.665983,-1.2777197,-3.011954626210514
XUM73446,H1,val,6,0,19.528324,-0.6798921,-5.6878715947476195
XUM73440,H1,train,6,0,19.358337,-1.4853485,-10.01683821102492
XUM73434,H1,test,6,0,19.528324,-0.6798921,-5.6878715947476195
XUM73215,H1,train,6,0,19.812244,-1.1028143,-9.082259033864958
XUM73003,H1,val,6,0,19.608498,-1.64483,-7.041549018345044
XSF38112,H1,train,6,0,19.812244,-1.1028143,-9.082259033864958
XSF37900,H1,train,6,0,19.608498,-1.64483,-7.041549018345044
XRI99510,H1,train,6,0,19.674068,-1.387154,-7.684196398410187
XRI98360,H1,test,37,0,19.39439,-0.74020034,-4.374036840951808
XRI98334,H1,val,6,0,19.674068,-1.387154,-7.684196398410187
XRI98286,H1,val,35,0,19.665983,-1.2777197,-3.011954626210514
XRI98280,H1,train,37,0,19.478409,-0.9149315,-3.214275537907218
XRI98239,H1,val,37,0,19.295757,-0.9018873,-3.0476622659305086
XRI97979,H1,train,32,0,18.568283,-1.4651583,-5.050379794057116
XRI60719,H1,val,33,0,18.572927,-0.78875905,-4.687421097671255
XRI58488,H1,train,32,0,19.434113,-1.4536227,-5.809962164107575
XQE53647,H1,val,54,0,18.651741,-2.7434251,-4.5038998818131475
XQE53506,H1,train,54,0,22.09729,1.377942,-14.739627288632027
XPZ07120,H1,train,35,0,19.665983,-1.2777197,-3.011954626210514
XPZ06778,H1,train,51,0,19.544777,-0.79951733,-0.3249450710461268
XPZ03546,H1,train,37,0,19.295757,-0.9018873,-3.0476622659305086
XPO71821,H1,train,860,0,23.272469,4.0972953,-11.711547479424672
XPO71820,H1,train,55,0,21.13105,-2.0001473,-39.62048809613936
XPO71819,H1,train,56,0,20.206087,-1.1632946,-29.417554237248318
XPO55351,H1,train,66,0,16.483849,2.332202,-12.520229693171494
XPO14940,H1,train,57,0,18.997276,-0.15677841,-5.104051426306805
XPO14822,H1,train,36,1,20.271173,-1.249574,-0.8057911290276909
XPO14793,H1,val,66,0,17.88607,-3.211292,-8.664708516875871
XPO14789,H1,val,66,0,19.867321,-1.2437985,-1.419876420003371
XPO14788,H1,test,66,0,20.310768,-0.99640626,-2.6757006104488585
XPO14784,H1,train,66,0,18.755722,-1.7496176,-6.673801589334685
XPO14783,H1,train,66,0,20.170181,-0.8461426,-3.450797093767532
XPO14782,H1,test,66,0,18.67377,-0.47967154,-2.3276328745454506
XOE87489,H1,train,58,0,16.909237,-2.265855,-19.908076171069723
XOE87450,H1,val,59,0,17.253609,-1.9665542,-19.11827667159345
XOD40201,H1,train,59,0,17.15498,-2.096896,-18.83956318975534
XOD40124,H1,train,58,0,16.876286,-2.3525603,-17.907127637964344
XOD39886,H1,train,59,0,17.213562,-1.7851579,-18.45432850725742
XNM01023,H1,train,31,0,17.888117,-1.916104,-19.796452752209916
XNM00997,H1,train,31,0,17.888117,-1.916104,-19.796452752209916
XNM00964,H1,train,31,0,18.175545,-1.3363836,-21.145693458787093
XNM00961,H1,train,31,0,18.499302,0.6680933,-19.685233171513566
XNM00938,H1,train,31,0,17.888117,-1.916104,-19.796452752209916
XNM00928,H1,train,31,0,17.888117,-1.916104,-19.796452752209916
XNM00885,H1,train,31,0,18.175545,-1.3363836,-21.145693458787093
XNM00847,H1,train,31,0,17.888117,-1.916104,-19.796452752209916
XNM00764,H1,train,31,0,17.888117,-1.916104,-19.796452752209916
XNM00749,H1,train,31,0,17.700092,-2.0948668,-18.76155056285272
XNM00714,H1,train,31,0,17.888117,-1.916104,-19.796452752209916
XMQ97238,H1,train,31,0,17.888117,-1.916104,-19.796452752209916
XMQ94975,H1,train,31,0,17.888117,-1.916104,-19.796452752209916
XLZ66081,H1,test,32,0,19.29428,-2.0121362,-4.8158905527584235
XCV13866,H1,val,60,0,16.859299,-2.2528095,-18.771308213801483
WZL55795,H1,val,60,0,16.859299,-2.2528095,-18.771308213801483
WZL55684,H1,train,60,0,17.218428,-2.0669057,-19.051982289353152
WZL55500,H1,train,60,0,17.218428,-2.0669057,-19.051982289353152
WZL55213,H1,train,61,0,17.273567,-1.5012661,-18.022489013367682
XHY48585,H1,val,857,0,29.266117,14.261483,-118.24705249523959
XHW86885,H1,train,34,1,19.907307,-0.57955533,1.0950270140789815
XHW86874,H1,train,35,0,19.548485,-1.2709223,-2.02156067674977
XHW86863,H1,train,34,1,19.903011,-0.66180265,1.3172592077635823
XHW86852,H1,train,32,0,19.266788,-1.6746993,-5.278926004056885
XHW86841,H1,train,32,0,18.701862,-1.6645819,-4.243306852054088
XHW86830,H1,val,32,0,19.266788,-1.6746993,-5.278926004056885
XHW86819,H1,train,34,1,19.907307,-0.57955533,1.0950270140789815
XHW86808,H1,train,6,0,19.250538,-1.3339931,-5.6385383062102346
XHW86797,H1,train,54,0,19.065155,-1.6661348,-5.271795409676759
XHW86786,H1,train,42,1,20.069418,-0.109700255,2.2521198154817004
XHW86775,H1,train,51,0,19.276802,-0.57205147,-2.046833534239246
XHW86764,H1,train,51,0,19.276802,-0.57205147,-2.046833534239246
XHW86753,H1,test,32,0,19.435848,-1.033768,-6.133258217122394
XHW86742,H1,train,32,0,19.435848,-1.033768,-6.133258217122394
XHW86731,H1,train,32,0,19.435848,-1.033768,-6.133258217122394
XHW86720,H1,train,35,0,19.665983,-1.2777197,-3.011954626210514
XHW86709,H1,val,34,1,20.062733,-0.19940133,0.9789766516170424
XHW86698,H1,train,35,0,19.463146,-1.5794265,-1.6285377320119654
XHW86687,H1,train,35,0,19.463146,-1.5794265,-1.6285377320119654
XHW86676,H1,train,32,0,19.630074,-0.9088387,-5.335165459079539
XHW86665,H1,train,32,0,19.266788,-1.6746993,-5.278926004056885
XHW86654,H1,train,62,0,19.457645,-0.68271285,-2.4124968189316256
XHW86643,H1,train,32,0,19.266788,-1.6746993,-5.278926004056885
XHW86632,H1,train,32,0,19.214016,-1.4745684,-4.556033924402531
XHW86621,H1,train,35,0,19.495747,-1.5575727,-2.5805444572086547
XHW86610,H1,train,34,1,20.062733,-0.19940133,0.9789766516170424
XHW86599,H1,train,36,1,19.811558,-0.594187,1.0963243824672393
XHW86588,H1,train,36,1,19.811558,-0.594187,1.0963243824672393
XHW86577,H1,test,34,1,19.801914,-0.69190365,1.0206625290170113
XHW86566,H1,train,35,0,19.010498,-1.4283955,-5.150663497344535
XHW86555,H1,test,32,0,19.266788,-1.6746993,-5.278926004056885
XHW86544,H1,train,34,1,19.907307,-0.57955533,1.0950270140789815
XHW86533,H1,train,34,1,20.028067,0.9596674,3.1301159537475733
XHW86522,H1,test,34,1,20.028067,0.9596674,3.1301159537475733
XHW86511,H1,train,54,0,19.18699,-1.6555467,-5.234897323509999
XHW86500,H1,train,32,0,19.266788,-1.6746993,-5.278926004056877
XHW86489,H1,train,32,0,19.610878,-0.7675173,-4.897065132803105
XHW86478,H1,train,6,0,19.250538,-1.3339931,-5.6385383062102346
XHW86467,H1,train,54,0,19.18699,-1.6555467,-5.234897323509999
XHW86456,H1,val,34,1,19.654375,-0.75690883,1.3360854152840016
XHW86445,H1,val,34,1,19.654375,-0.75690883,1.3360854152840016
XHW86435,H1,val,34,1,19.907307,-0.57955533,1.0950270140789815
XHW86424,H1,train,35,0,19.446983,-1.7117987,-2.6262146519960563
XHW86413,H1,test,34,1,20.733995,0.32016787,0.30203488580183624
XHW86402,H1,val,54,0,19.242275,-1.6353152,-4.61146804981966
XHW86391,H1,test,6,0,19.250538,-1.3339931,-5.6385383062102346
XHW86380,H1,val,32,0,19.257196,-1.3466709,-6.421524584848162
XHW86369,H1,test,6,0,19.652634,-1.0155841,-7.933946878264768
XHW86358,H1,test,51,0,19.678026,-0.86686844,-3.648420335818395
XHW86347,H1,train,35,0,19.373531,-2.0257978,-2.958321766613624
XHW86336,H1,train,34,1,19.907307,-0.57955533,1.0950270140789815
XHW86325,H1,train,34,1,19.907307,-0.57955533,1.0950270140789815
XHW86314,H1,test,34,1,19.068913,-1.2162861,0.7419919534164343
XHW86305,H1,val,32,0,18.513515,-1.270298,-4.599308474079814
XHW86298,H1,test,54,0,19.18699,-1.6555467,-5.234897323509999
XFC84613,H1,train,32,0,19.266788,-1.6746993,-5.278926004056885
XFC84602,H1,train,32,0,19.266788,-1.6746993,-5.278926004056885
XFC84591,H1,train,34,1,20.12683,-0.1977619,1.6846282426893318
XFC84580,H1,train,51,0,19.861057,-0.71737975,-1.296987474104295
XFC84569,H1,train,51,0,19.861057,-0.71737975,-1.296987474104295
XFC84558,H1,train,32,0,19.630074,-0.9088387,-5.335165459079539
XFC84547,H1,train,32,0,19.630074,-0.9088387,-5.335165459079539
XFC84536,H1,test,32,0,19.630074,-0.9088387,-5.335165459079539
XFC84525,H1,train,32,0,19.266788,-1.6746993,-5.278926004056885
XFC84514,H1,train,37,0,19.295757,-0.9018873,-3.0476622659305086
XFC84503,H1,train,37,0,19.295757,-0.9018873,-3.0476622659305086
XFC84492,H1,train,34,1,19.907307,-0.57955533,1.0950270140789815
XFC84481,H1,train,34,1,19.907307,-0.57955533,1.0950270140789815
XFC84470,H1,val,32,0,19.630074,-0.9088387,-5.335165459079539
XFC84459,H1,val,6,0,19.636066,-1.2201941,-7.963319682291001
XFC84448,H1,train,54,0,19.18699,-1.6555467,-5.234897323509999
XFC84437,H1,train,6,0,19.432175,-1.1162245,-8.395380266313433
XFC84426,H1,val,32,0,19.266788,-1.6746993,-5.278926004056885
XFC84415,H1,train,36,1,20.071562,-1.3517423,1.0505994805252197
XFC84404,H1,train,54,0,18.638138,-2.2955706,-5.698606684747325
XFC84393,H1,val,32,0,19.517916,-1.5134566,-6.399624217261504
XFC84382,H1,train,34,1,19.907307,-0.57955533,1.0950270140789815
XFC84371,H1,train,32,0,19.266788,-1.6746993,-5.278926004056885
XFC84360,H1,train,32,0,19.943033,0.122721545,-6.660071262393059
XFC84349,H1,test,32,0,18.817905,-1.3386579,-7.721451465279225
XFC84338,H1,train,54,0,19.039043,-1.8568604,-6.0849490949630685
XFC84327,H1,train,35,0,19.21154,-1.0477045,-1.9904870677727633
XFC84316,H1,train,35,0,19.495747,-1.5575727,-2.5805444572086547
XFC84305,H1,train,35,0,19.688198,-1.3902986,-3.1537776223211242
XFC84294,H1,train,32,0,19.266788,-1.6746993,-5.278926004056885
XFC84283,H1,train,32,0,19.266788,-1.6746993,-5.278926004056885
XFC84272,H1,train,32,0,18.846294,-2.1529438,-6.588316202986624
XFC84261,H1,train,32,0,19.227089,-1.3689378,-5.48659709844347
XFC84250,H1,train,32,0,19.266788,-1.6746993,-5.278926004056885
XFC84239,H1,train,32,0,19.554615,-1.2167553,-5.016139341650478
XFC84228,H1,test,32,0,18.934566,-1.1855924,-5.484036704822359
XFC84217,H1,val,32,0,19.630074,-0.9088387,-5.335165459079539
XFC84206,H1,train,32,0,19.630074,-0.9088387,-5.335165459079539
XFC84195,H1,train,32,0,19.175133,-1.8676085,-5.044855161840952
XFC84184,H1,val,32,0,19.175133,-1.8676085,-5.044855161840952
XFC84173,H1,val,32,0,19.266788,-1.6746993,-5.278926004056885
XFC84162,H1,val,36,1,20.177021,-1.1787173,-1.5913650604896237
XFC84151,H1,test,34,1,19.339645,-1.3439665,1.8126484118840374
XFC84140,H1,train,34,1,19.339645,-1.3439665,1.8126484118840374
XFC84129,H1,train,34,1,19.942173,-0.63487047,1.5670082464564512
XFC84118,H1,train,34,1,19.942173,-0.63487047,1.5670082464564512
XFC84107,H1,train,34,1,19.907307,-0.57955533,1.0950270140789815
XFC84096,H1,train,32,0,18.999878,-1.3637289,-4.936816886426191
XFC84085,H1,train,32,0,18.999878,-1.3637289,-4.936816886426191
XFC84076,H1,train,35,0,20.218548,-0.28797987,0.7673903128446042
XFC84065,H1,train,35,0,20.218548,-0.28797987,0.7673903128446042
XFC84054,H1,train,63,0,19.299444,-1.0488278,-1.5407334033620987
XFC84043,H1,train,63,0,19.299444,-1.0488278,-1.5407334033620987
XFC84032,H1,train,63,0,19.330288,-0.70925134,-0.8649892469232263
XFC84021,H1,train,63,0,19.330288,-0.70925134,-0.8649892469232263
XFC84010,H1,train,32,0,19.266788,-1.6746993,-5.278926004056885
XFC83999,H1,train,34,1,19.907307,-0.57955533,1.0950270140789815
XFC83988,H1,train,6,0,19.250538,-1.3339931,-5.6385383062102346
XFC83977,H1,train,6,0,19.250538,-1.3339931,-5.6385383062102346
XFC83966,H1,val,35,0,19.495747,-1.5575727,-2.5805444572086547
XFC83955,H1,train,35,0,19.495747,-1.5575727,-2.5805444572086547
XFC83944,H1,train,6,0,20.231504,-0.65933913,-5.765893072744042
XFC83933,H1,train,32,0,18.701862,-1.6645819,-4.243306852054088
XFC83922,H1,test,33,0,18.964577,-1.7210389,-3.9386630925137975
XFC83911,H1,train,32,0,19.266788,-1.6746993,-5.278926004056885
XFC83900,H1,train,64,0,19.17541,-1.0418298,-6.156409745562389
XFC83889,H1,val,32,0,19.266788,-1.6746993,-5.278926004056885
XFC83878,H1,test,35,0,19.495747,-1.5575727,-2.5805444572086547
XFC83867,H1,train,64,0,19.250538,-1.3339931,-5.6385383062102346
XFC83856,H1,train,65,0,18.816769,-1.947839,-2.0968813642365056
XFC83845,H1,val,35,0,19.59157,-1.4232652,-1.3477561768116288
XFC83834,H1,test,32,0,19.257196,-1.3466709,-6.421524584848162
XFC83823,H1,train,34,1,19.907307,-0.57955533,1.0950270140789815
XFC83812,H1,val,32,0,19.266788,-1.6746993,-5.278926004056885
XFC83801,H1,train,32,0,19.227089,-1.3689378,-5.48659709844347
XFC83790,H1,train,34,1,19.907307,-0.57955533,1.0950270140789815
XFC83779,H1,test,34,1,19.907307,-0.57955533,1.0950270140789815
XFC83768,H1,train,32,0,19.266788,-1.6746993,-5.278926004056885
XFC83757,H1,train,32,0,19.386444,-1.7349827,-4.786141615034388
XFC83746,H1,train,35,0,19.495747,-1.5575727,-2.5805444572086547
XFC83735,H1,val,34,1,19.907307,-0.57955533,1.0950270140789815
XFC83724,H1,val,32,0,19.227089,-1.3689378,-5.48659709844347
XFC83713,H1,train,65,0,19.427675,-1.7459426,-2.8083304412266923
XFC83702,H1,test,32,0,18.65147,-1.2675285,-4.990345494293485
XFC83691,H1,train,54,0,18.74575,-2.232272,-7.960978362928612
XFC83680,H1,train,34,1,19.907307,-0.57955533,1.0950270140789815
XFC83669,H1,train,34,1,19.907307,-0.57955533,1.0950270140789815
XFC83658,H1,test,32,0,19.266788,-1.6746993,-5.278926004056885
XFC83649,H1,train,34,1,19.907307,-0.57955533,1.0950270140789815
XFC83641,H1,val,54,0,19.065155,-1.6661348,-5.271795409676759
XFC83631,H1,train,32,0,18.600103,-1.885488,-5.968199803261676
XFC83622,H1,train,32,0,19.171429,-1.4771037,-3.709857451710267
XFC83613,H1,test,34,1,19.907307,-0.57955533,1.0950270140789815
XFC83603,H1,train,32,0,19.266788,-1.6746993,-5.278926004056885
XFC83594,H1,test,32,0,19.266788,-1.6746993,-5.278926004056885
XFC83585,H1,train,35,0,19.495747,-1.5575727,-2.5805444572086547
XFC83576,H1,train,32,0,19.227089,-1.3689378,-5.48659709844347
XFC83566,H1,val,32,0,19.630074,-0.9088387,-5.335165459079539
XFC83557,H1,train,54,0,19.18699,-1.6555467,-5.234897323509999
XFC83548,H1,train,34,1,19.907307,-0.57955533,1.0950270140789815
XFC83538,H1,train,63,0,20.3921,-0.48208937,-0.23656177757911045
XFC83529,H1,train,34,1,19.907307,-0.57955533,1.0950270140789815
XFC83518,H1,train,64,0,19.250538,-1.3339931,-5.6385383062102346
XFC83507,H1,train,32,0,19.679697,-1.7689123,-8.333048606968068
XFC83496,H1,train,32,0,19.679697,-1.7689123,-8.333048606968068
XFC83485,H1,train,64,0,19.714443,-1.3997003,-6.623408455118591
XFC83474,H1,test,32,0,19.679697,-1.7689123,-8.333048606968068
XFC83463,H1,train,32,0,19.679697,-1.7689123,-8.333048606968068
XFC83452,H1,train,64,0,19.250538,-1.3339931,-5.6385383062102346
XFC83441,H1,train,64,0,19.250538,-1.3339931,-5.6385383062102346
XFC83430,H1,val,32,0,19.266788,-1.6746993,-5.278926004056885
XFC83419,H1,train,32,0,19.266788,-1.6746993,-5.278926004056885
XFC83408,H1,val,32,0,19.679697,-1.7689123,-8.333048606968068
XFC83397,H1,train,64,0,19.011124,-1.3715547,-5.6292517511761595
XFC83386,H1,train,64,0,19.250538,-1.3339931,-5.6385383062102346
XFC83375,H1,train,54,0,18.94573,-1.7657635,-6.920998999645242
XFC83364,H1,train,54,0,18.94573,-1.7657635,-6.920998999645242
XFC83354,H1,train,32,0,18.614956,-2.2014165,-5.421317562393449
XFC83343,H1,train,32,0,18.614956,-2.2014165,-5.421317562393449
XFC83334,H1,train,32,0,18.701862,-1.6645819,-4.243306852054088
XFC83323,H1,val,54,0,18.603003,-1.2043087,-6.32629636634891
XFC83312,H1,test,54,0,18.603003,-1.2043087,-6.32629636634891
XFC83301,H1,train,32,0,19.640564,-1.070316,-5.846932362044241
XFC83290,H1,test,32,0,19.24588,-1.1925839,-4.992796836657117
XFC83279,H1,val,54,0,19.039043,-1.8568604,-6.0849490949630685
XFC83268,H1,train,54,0,19.18699,-1.6555467,-5.234897323509999
XFC83257,H1,train,36,1,19.763092,-1.6838386,2.196604349656619
XFC83246,H1,val,64,0,18.918264,-1.8632789,-6.762108183776812
XFC83235,H1,test,32,0,19.227089,-1.3689378,-5.48659709844347
XFC83224,H1,train,32,0,19.227089,-1.3689378,-5.48659709844347
XFC83213,H1,train,32,0,18.760252,-1.1589369,-5.577187633729512
XFC83202,H1,val,32,0,18.98901,-1.3122079,-4.422405801478771
XFC83191,H1,train,32,0,18.98901,-1.3122079,-4.422405801478771
XFC83180,H1,train,32,0,19.214016,-1.4745684,-4.556033924402531
XFC83169,H1,train,54,0,19.039043,-1.8568604,-6.0849490949630685
XFC83158,H1,train,32,0,19.227089,-1.3689378,-5.48659709844347
XFC83147,H1,train,32,0,19.24588,-1.1925839,-4.992796836657117
XFC83136,H1,train,32,0,19.24588,-1.1925839,-4.992796836657117
XFC83125,H1,val,32,0,19.24588,-1.1925839,-4.992796836657117
XFC83115,H1,val,32,0,19.423756,-1.526823,-6.318614304546962
XFC83104,H1,train,32,0,19.227089,-1.3689378,-5.48659709844347
XFC83093,H1,test,34,1,19.907307,-0.57955533,1.0950270140789815
XFC83082,H1,test,32,0,19.562988,-1.3945731,-4.613103265107047
XFC83071,H1,train,34,1,19.907307,-0.57955533,1.0950270140789815
XFC83060,H1,train,34,1,20.174763,-0.53348655,1.5272743283362846
XFC83049,H1,train,32,0,18.817905,-1.3386579,-7.721451465279225
XFC83038,H1,test,32,0,19.266788,-1.6746993,-5.278926004056885
XFC83027,H1,val,32,0,19.171429,-1.4771037,-3.709857451710267
XFC83016,H1,train,64,0,17.972603,-3.543515,-7.895833701097724
XFC83005,H1,train,64,0,17.972603,-3.543515,-7.895833701097724
XFC82994,H1,train,32,0,19.266788,-1.6746993,-5.278926004056885
XFC82983,H1,train,32,0,19.266788,-1.6746993,-5.278926004056885
XFC82975,H1,train,32,0,19.0621,-1.5834689,-5.665035391467557
XFC82964,H1,train,6,0,19.25304,-1.5121317,-6.381512878465866
XFC82953,H1,train,32,0,19.266788,-1.6746993,-5.278926004056885
XFC82942,H1,train,54,0,19.039043,-1.8568604,-6.0849490949630685
XFC82931,H1,train,54,0,19.039043,-1.8568604,-6.0849490949630685
XFC82920,H1,val,54,0,19.039043,-1.8568604,-6.0849490949630685
XFC82909,H1,train,54,0,18.352882,-2.493281,-6.999644147894596
XFC82898,H1,train,32,0,19.024029,-1.2310362,-5.179441054823874
XFC82887,H1,val,32,0,19.024029,-1.2310362,-5.179441054823874
XFC82876,H1,train,64,0,19.250538,-1.3339931,-5.6385383062102346
XFC82865,H1,train,32,0,19.024029,-1.2310362,-5.179441054823874
XFC82854,H1,train,32,0,19.024029,-1.2310362,-5.179441054823874
XFC82843,H1,train,32,0,19.266788,-1.6746993,-5.278926004056885
XFC82832,H1,train,32,0,19.266788,-1.6746993,-5.278926004056885
XFC82821,H1,train,36,1,19.191225,-2.3674033,2.328843234431842
XFC82810,H1,train,36,1,19.191225,-2.3674033,2.328843234431842
XFC82799,H1,test,54,0,19.039043,-1.8568604,-6.0849490949630685
XFC82788,H1,train,51,0,19.889091,-1.1302515,0.023701337651813148
XFC82777,H1,train,32,0,18.885216,-2.1401317,-7.14636941509602
XFC82766,H1,train,32,0,19.033867,-2.049668,-6.506422872095561
XFC82755,H1,train,32,0,19.033867,-2.049668,-6.506422872095561
XFC82744,H1,train,32,0,19.033867,-2.049668,-6.506422872095561
XFC82735,H1,train,32,0,19.033867,-2.049668,-6.506422872095561
XFC82724,H1,train,32,0,19.033867,-2.049668,-6.506422872095561
XFC82713,H1,train,32,0,19.033867,-2.049668,-6.506422872095561
XFC82702,H1,train,32,0,19.227089,-1.3689378,-5.48659709844347
XFC82691,H1,train,54,0,19.065155,-1.6661348,-5.271795409676759
XFC82681,H1,train,54,0,19.065155,-1.6661348,-5.271795409676759
XFC82670,H1,train,64,0,18.929644,-0.81191987,-5.63004016312175
XFC82659,H1,train,32,0,18.701862,-1.6645819,-4.243306852054088
XFC82648,H1,test,32,0,18.701862,-1.6645819,-4.243306852054088
XFC82637,H1,train,32,0,19.229828,-1.6308333,-5.860211271264893
XFC82626,H1,train,32,0,19.071238,-1.2921859,-5.637678991428236
XFC82615,H1,val,32,0,19.071238,-1.2921859,-5.637678991428236
XFC82604,H1,val,32,0,17.574621,17.61596,-34.8493478707747
XFC82593,H1,train,32,0,19.266788,-1.6746993,-5.278926004056885
XFC82582,H1,train,32,0,19.266788,-1.6746993,-5.278926004056885
XFC82571,H1,val,35,0,19.688198,-1.3902986,-3.1537776223211242
XFC82560,H1,train,32,0,19.266788,-1.6746993,-5.278926004056885
XFC82549,H1,train,32,0,19.227089,-1.3689378,-5.48659709844347
XFC82538,H1,train,54,0,18.626015,-1.1625657,-6.646823224045571
XFC82527,H1,val,66,0,20.425747,-0.7152782,-1.4212633488192203
XFC82516,H1,train,66,0,20.425747,-0.7152782,-1.4212633488192203
XFC82505,H1,train,64,0,19.116613,-1.1059506,-6.6409772858071054
XFC82494,H1,test,64,0,19.116613,-1.1059506,-6.6409772858071054
XFC82483,H1,test,64,0,19.604408,-0.7261889,-6.553921866446322
XFC82472,H1,train,32,0,19.227089,-1.3689378,-5.48659709844347
XFC82461,H1,train,32,0,18.922844,-1.6511141,-4.856183344468681
XFC82450,H1,train,64,0,19.250538,-1.3339931,-5.6385383062102346
XFC82439,H1,train,64,0,19.250538,-1.3339931,-5.6385383062102346
XFC82428,H1,train,64,0,19.250538,-1.3339931,-5.6385383062102346
XFC82417,H1,test,64,0,19.250538,-1.3339931,-5.6385383062102346
XFC82406,H1,train,32,0,19.266788,-1.6746993,-5.278926004056885
XFC82395,H1,train,64,0,19.250538,-1.3339931,-5.6385383062102346
XFC82384,H1,val,54,0,19.18699,-1.6555467,-5.234897323509999
XFC82373,H1,val,51,0,19.69046,-0.92062896,-1.291419343275086
XFC82362,H1,test,51,0,19.69046,-0.92062896,-1.291419343275086
XFC82351,H1,train,54,0,19.224285,-1.946358,-5.03979088720558
XFC82340,H1,train,54,0,19.224285,-1.946358,-5.03979088720558
XFC82329,H1,test,64,0,19.250538,-1.3339931,-5.6385383062102346
XFC82318,H1,val,64,0,19.250538,-1.3339931,-5.6385383062102346
XFC82307,H1,train,32,0,19.227089,-1.3689378,-5.48659709844347
XFC82296,H1,test,32,0,19.227089,-1.3689378,-5.48659709844347
XFC82286,H1,test,32,0,19.227089,-1.3689378,-5.48659709844347
XFC82275,H1,train,32,0,20.247238,-0.10643492,-6.773036757833024
XFC82264,H1,test,32,0,18.280413,-1.9367664,-3.25530244780583
XFC82253,H1,train,32,0,18.280413,-1.9367664,-3.25530244780583
XFC82242,H1,test,32,0,19.227089,-1.3689378,-5.48659709844347
XFC82231,H1,test,32,0,19.227089,-1.3689378,-5.48659709844347
XFC82220,H1,test,32,0,19.227089,-1.3689378,-5.48659709844347
XFC82209,H1,val,66,0,20.19014,-0.63444984,-0.7714749867913806
XFC82198,H1,val,66,0,19.884773,-1.3636595,-2.1479523025039864
XFC82187,H1,train,32,0,19.143967,-1.3448151,-4.859503053668434
XFC82176,H1,val,64,0,19.250538,-1.3339931,-5.6385383062102346
XFC82165,H1,train,32,0,18.88515,-1.8766298,-5.439640529734989
XFC82154,H1,val,32,0,19.049776,-1.8028533,-5.13036958828798
XFC82143,H1,train,32,0,18.232433,-1.4946091,-6.440577528185106
XFC82132,H1,test,32,0,18.971218,-1.8560323,-6.084140098391709
XFC82121,H1,train,32,0,18.943672,-1.6400504,-8.399411849653125
XFC82110,H1,train,32,0,18.943672,-1.6400504,-8.399411849653125
XFC82099,H1,train,32,0,18.701862,-1.6645819,-4.243306852054088
XFC82088,H1,val,32,0,18.701862,-1.6645819,-4.243306852054088
XFC82077,H1,val,32,0,18.667072,-1.6384257,-5.490876236115772
XFC82066,H1,val,64,0,19.063808,-1.430963,-6.320064721286862
XFC82055,H1,val,32,0,18.701862,-1.6645819,-4.243306852054088
XFC82044,H1,train,54,0,19.039043,-1.8568604,-6.0849490949630685
XFC82033,H1,train,54,0,19.039043,-1.8568604,-6.0849490949630685
XFC82023,H1,test,32,0,19.227089,-1.3689378,-5.48659709844347
XFC82012,H1,train,65,0,18.25909,-2.385894,-3.2877470960606043
XFC82001,H1,train,66,0,19.423302,-0.5927939,-3.0172051045037787
XFC81990,H1,test,34,1,19.907307,-0.57955533,1.0950270140789815
XFC81979,H1,train,32,0,19.266788,-1.6746993,-5.278926004056885
XFC81968,H1,train,34,1,19.907307,-0.57955533,1.0950270140789815
XFC81957,H1,train,32,0,18.701862,-1.6645819,-4.243306852054088
XFC81946,H1,train,6,0,19.653015,-1.4718215,-5.338422766026021
XFC81935,H1,train,34,1,19.815865,-0.5998528,1.3741710553752835
XFC81924,H1,train,32,0,19.18489,-1.6500154,-6.397575373847625
XFC81913,H1,train,32,0,19.259304,-1.3374836,-5.02996678102393
XFC81902,H1,test,54,0,19.306677,-1.7614741,-4.983639693345816
XFC81891,H1,train,32,0,19.266788,-1.6746993,-5.278926004056885
XFC81880,H1,train,54,0,19.464724,-1.8209553,-4.647659030825809
XFC81869,H1,val,32,0,19.266788,-1.6746993,-5.278926004056885
XFC81858,H1,val,32,0,19.250984,-1.7866342,-6.304268166780934
XFC81847,H1,train,32,0,19.266788,-1.6746993,-5.278926004056885
XFC81836,H1,train,34,1,19.710024,-1.4098825,-0.06397083457818553
XFC81825,H1,train,54,0,18.870852,-1.0525839,-6.002224271043305
XFC81814,H1,train,54,0,18.870852,-1.0525839,-6.002224271043305
XFC81803,H1,train,54,0,18.870852,-1.0525839,-6.002224271043305
XFC81792,H1,train,54,0,18.870852,-1.0525839,-6.002224271043305
XFC81781,H1,train,54,0,19.039043,-1.8568604,-6.0849490949630685
XFC81770,H1,val,32,0,19.227089,-1.3689378,-5.48659709844347
XFC81759,H1,train,64,0,19.272343,-1.2097597,-6.6400826926214185
XFC81748,H1,train,64,0,19.272343,-1.2097597,-6.6400826926214185
XFC81737,H1,train,32,0,19.266788,-1.6746993,-5.278926004056885
XFC81726,H1,train,32,0,19.266788,-1.6746993,-5.278926004056885
XFC81715,H1,train,54,0,19.18699,-1.6555467,-5.234897323509999
XFC81704,H1,test,64,0,19.250538,-1.3339931,-5.6385383062102346
XFC81693,H1,train,54,0,19.18699,-1.6555467,-5.234897323509999
XFC81682,H1,train,54,0,18.870852,-1.0525839,-6.002224271043305
XFC81671,H1,train,64,0,18.551552,-0.92972374,-5.463033113553147
XFC81660,H1,train,32,0,19.033867,-2.049668,-6.506422872095561
XFC81649,H1,train,35,0,19.47409,-1.4000983,-1.5135062328255007
XFC81638,H1,train,54,0,18.992687,-2.0158143,-5.937556938216344
XFC81627,H1,train,34,1,19.665188,-0.47833133,1.011032024472696
XFC81616,H1,train,34,1,19.665188,-0.47833133,1.011032024472696
XFC81605,H1,train,64,0,19.53059,-1.4587116,-5.706361601420596
XFC81594,H1,val,64,0,19.53059,-1.4587116,-5.706361601420596
XFC81583,H1,train,32,0,19.266788,-1.6746993,-5.278926004056885
XFC81572,H1,train,54,0,19.065155,-1.6661348,-5.271795409676759
XFC81561,H1,train,54,0,19.065155,-1.6661348,-5.271795409676759
XFC81550,H1,test,64,0,19.276764,-0.89066654,-6.004968204080467
XFC81539,H1,train,32,0,18.790434,-1.9897338,-8.017275932683049
XFC81528,H1,train,32,0,19.227089,-1.3689378,-5.48659709844347
XFC81517,H1,test,67,0,20.416086,0.780372,3.800928046185854
XFC81506,H1,train,54,0,19.165958,-1.0312344,-5.410412389216237
XFC81495,H1,val,64,0,19.250538,-1.3339931,-5.6385383062102346
XFC81484,H1,test,63,0,19.330288,-0.70925134,-0.8649892469232263
XFC81473,H1,train,54,0,19.039043,-1.8568604,-6.0849490949630685
XFC81462,H1,test,32,0,18.701862,-1.6645819,-4.243306852054088
XFC81451,H1,test,68,0,19.191303,-0.8754185,-4.522810734253948
XFC81440,H1,test,68,0,19.191303,-0.8754185,-4.522810734253948
XFC81429,H1,train,32,0,19.266788,-1.6746993,-5.278926004056885
XFC81418,H1,train,32,0,19.266788,-1.6746993,-5.278926004056885
XFC81407,H1,train,65,0,18.918522,-2.1502101,-2.0485566700766
XFC81396,H1,train,65,0,18.918522,-2.1502101,-2.0485566700766
XFC81385,H1,test,64,0,18.839272,-1.6264622,-4.625492956738606
XFC81374,H1,train,64,0,18.839272,-1.6264622,-4.625492956738606
XFC81363,H1,train,32,0,19.227089,-1.3689378,-5.48659709844347
XFC81352,H1,test,68,0,19.259304,-1.3374836,-5.02996678102393
XFC81341,H1,train,54,0,19.039043,-1.8568604,-6.0849490949630685
XFC81330,H1,train,64,0,19.250538,-1.3339931,-5.6385383062102346
XFC81319,H1,train,64,0,19.250538,-1.3339931,-5.6385383062102346
XFC81308,H1,train,32,0,19.611107,-1.3841834,-4.907064461039974
XFC81297,H1,train,32,0,19.611107,-1.3841834,-4.907064461039974
XFC81286,H1,train,64,0,19.250538,-1.3339931,-5.6385383062102346
XFC81275,H1,train,32,0,19.266788,-1.6746993,-5.278926004056885
XFC81264,H1,train,54,0,19.18699,-1.6555467,-5.234897323509999
XFC81253,H1,train,54,0,19.18699,-1.6555467,-5.234897323509999
XFC81242,H1,train,64,0,19.306679,-1.4512804,-6.259872654692803
XFC81232,H1,val,64,0,19.306679,-1.4512804,-6.259872654692803
XFC81221,H1,train,32,0,18.831806,-1.7960293,-4.484630152295827
XFC81210,H1,val,32,0,18.701862,-1.6645819,-4.243306852054088
XFC81199,H1,train,32,0,18.701862,-1.6645819,-4.243306852054088
XFC81188,H1,train,32,0,18.701862,-1.6645819,-4.243306852054088
XFC81177,H1,test,32,0,18.701862,-1.6645819,-4.243306852054088
XFC81170,H1,train,32,0,19.227089,-1.3689378,-5.48659709844347
XFC81159,H1,train,69,0,19.025475,-1.0726104,-5.642916660768268
XFC81148,H1,test,69,0,19.025475,-1.0726104,-5.642916660768268
XFC81140,H1,train,69,0,19.025475,-1.0726104,-5.642916660768268
XFC81129,H1,train,69,0,19.025475,-1.0726104,-5.642916660768268
XFC81118,H1,train,32,0,18.50231,-2.1905634,-7.857465374234732
XFC81107,H1,test,32,0,19.227089,-1.3689378,-5.48659709844347
XFC81096,H1,train,32,0,19.227089,-1.3689378,-5.48659709844347
XFC81085,H1,test,68,0,19.114178,-0.85178024,-5.5876567030136854
XFC81074,H1,train,32,0,19.227089,-1.3689378,-5.48659709844347
XFC81063,H1,val,32,0,19.227089,-1.3689378,-5.48659709844347
XFC81052,H1,train,32,0,18.701862,-1.6645819,-4.243306852054088
XFC81041,H1,val,54,0,19.039043,-1.8568604,-6.0849490949630685
XFC81030,H1,val,32,0,19.266788,-1.6746993,-5.278926004056885
XFC81019,H1,train,64,0,19.455822,-0.7566683,-3.8600755105561095
XFC81008,H1,train,32,0,19.395802,-1.7786033,-5.035340812559102
XFC80997,H1,train,32,0,19.395802,-1.7786033,-5.035340812559102
XFC80986,H1,train,32,0,19.266788,-1.6746993,-5.278926004056885
XFC80975,H1,val,32,0,19.32613,-1.7431903,-6.920498231413241
XFC80964,H1,train,64,0,19.250538,-1.3339931,-5.6385383062102346
XFC80953,H1,train,32,0,19.227089,-1.3689378,-5.48659709844347
XFC80942,H1,train,54,0,19.039043,-1.8568604,-6.0849490949630685
XFC80931,H1,train,32,0,18.75183,-1.9823639,-4.036335661605026
XFC80920,H1,val,32,0,19.750366,-1.63744,-6.056637746877575
XFC80909,H1,train,32,0,19.750366,-1.63744,-6.056637746877575
XFC80898,H1,train,32,0,19.756145,-1.307597,-4.468951087211167
XFC80887,H1,train,54,0,19.18699,-1.6555467,-5.234897323509999
XFC80876,H1,train,36,1,16.356945,-1.3073194,0.4603081498918389
XFC80865,H1,train,32,0,19.266788,-1.6746993,-5.278926004056885
XFC80854,H1,train,64,0,19.340347,-0.83740515,-5.7254808228617895
XFC80843,H1,train,32,0,19.361853,-1.6206858,-5.024324439775447
XFC80832,H1,train,64,0,19.250538,-1.3339931,-5.6385383062102346
XFC80821,H1,val,64,0,19.250538,-1.3339931,-5.6385383062102346
XFC80810,H1,test,64,0,19.250538,-1.3339931,-5.6385383062102346
XFC80799,H1,train,34,1,19.907307,-0.57955533,1.0950270140789815
XFC80788,H1,test,34,1,19.907307,-0.57955533,1.0950270140789815
XFC80777,H1,train,64,0,19.250538,-1.3339931,-5.6385383062102346
XFC80766,H1,train,64,0,19.250538,-1.3339931,-5.6385383062102346
XFC80755,H1,train,32,0,19.266788,-1.6746993,-5.278926004056885
XFC80744,H1,test,51,0,19.69046,-0.92062896,-1.291419343275086
XFC80733,H1,train,54,0,19.18699,-1.6555467,-5.234897323509999
XFC80722,H1,test,65,0,19.060907,-2.0951593,-2.8353652092403383
XFC80711,H1,train,64,0,20.231504,-0.65933913,-5.765893072744042
XFC80700,H1,train,32,0,19.266788,-1.6746993,-5.278926004056885
XFC80689,H1,train,32,0,18.701862,-1.6645819,-4.243306852054088
XFC80678,H1,train,51,0,19.69046,-0.92062896,-1.291419343275086
XFC80667,H1,train,36,1,19.597729,-1.1456549,1.6058672907566685
XFC80656,H1,train,32,0,19.400246,-1.6597911,-5.868071110436592
XFC80645,H1,train,36,1,19.329754,-1.8342693,2.201322895219816
XFC80634,H1,train,54,0,19.35601,-1.612693,-5.530311685292636
XFC80623,H1,train,32,0,19.227089,-1.3689378,-5.48659709844347
XFC80612,H1,train,36,1,19.757893,-1.6817956,1.7739357590767124
XFC80601,H1,train,32,0,19.227089,-1.3689378,-5.48659709844347
XFC80590,H1,val,32,0,19.227089,-1.3689378,-5.48659709844347
XFC80579,H1,train,32,0,19.227089,-1.3689378,-5.48659709844347
XFC80568,H1,train,32,0,19.227089,-1.3689378,-5.48659709844347
XFC80557,H1,test,51,0,19.69046,-0.92062896,-1.291419343275086
XFC80546,H1,train,51,0,19.69046,-0.92062896,-1.291419343275086
XFC80536,H1,test,65,0,18.918522,-2.1502101,-2.0485566700766
XFC80525,H1,test,66,0,20.38469,-0.98057604,-1.0128048753370003
XFC80514,H1,train,66,0,20.38469,-0.98057604,-1.0128048753370003
XFC80503,H1,train,32,0,19.227089,-1.3689378,-5.48659709844347
XFC80492,H1,test,66,0,20.38469,-0.98057604,-1.0128048753370003
XFC80481,H1,train,51,0,19.69046,-0.92062896,-1.291419343275086
XFC80470,H1,train,32,0,19.266788,-1.6746993,-5.278926004056885
XFC80459,H1,train,70,0,18.835403,-2.2870402,-5.133378959356373
XFC80448,H1,train,32,0,19.227089,-1.3689378,-5.48659709844347
XFC80437,H1,val,69,0,19.24588,-1.1925839,-4.992796836657117
XFC80426,H1,val,32,0,19.239103,-1.1040685,-4.8950500315150975
XFC80415,H1,train,32,0,19.239103,-1.1040685,-4.8950500315150975
XFC80404,H1,train,54,0,19.35114,-1.9294105,-7.964602741354801
XFC80393,H1,train,32,0,18.917904,-2.0434563,-7.140411874659248
XFC80382,H1,train,6,0,19.432175,-1.1162245,-8.395380266313433
XFC80371,H1,train,54,0,19.37016,-1.1687362,-4.111243811011741
XFC80360,H1,test,54,0,19.37016,-1.1687362,-4.111243811011741
XFC80349,H1,train,54,0,19.18699,-1.6555467,-5.234897323509999
XFC80341,H1,val,54,0,19.18699,-1.6555467,-5.234897323509999
XFC80330,H1,train,64,0,19.250538,-1.3339931,-5.6385383062102346
XFC80319,H1,train,64,0,19.250538,-1.3339931,-5.6385383062102346
XFC80308,H1,train,32,0,19.266788,-1.6746993,-5.278926004056885
XFC80297,H1,train,32,0,18.701862,-1.6645819,-4.243306852054088
XFC80286,H1,val,70,0,20.17315,-1.2964112,-3.8102625847189273
XFC80275,H1,train,70,0,20.17315,-1.2964112,-3.8102625847189273
XFC80265,H1,train,54,0,19.10167,-1.4895161,-5.746906235115416
XFC80254,H1,train,32,0,19.227089,-1.3689378,-5.48659709844347
XFC80243,H1,train,32,0,19.227089,-1.3689378,-5.48659709844347
XFC80233,H1,val,69,0,19.24588,-1.1925839,-4.992796836657117
XFC80222,H1,train,69,0,19.24588,-1.1925839,-4.992796836657117
XFC80211,H1,train,32,0,18.701862,-1.6645819,-4.243306852054088
XFC80200,H1,test,32,0,19.227089,-1.3689378,-5.48659709844347
XFC80189,H1,train,32,0,19.227089,-1.3689378,-5.48659709844347
XFC80178,H1,test,6,0,19.056347,-2.679898,-6.866793728235033
XFC80167,H1,train,64,0,19.250538,-1.3339931,-5.6385383062102346
XFC80156,H1,test,65,0,18.816769,-1.947839,-2.0968813642365056
XFC80145,H1,train,64,0,19.250538,-1.3339931,-5.6385383062102346
XFC80134,H1,train,32,0,19.227089,-1.3689378,-5.48659709844347
XFC80123,H1,train,32,0,19.266788,-1.6746993,-5.278926004056885
XFC80112,H1,val,32,0,18.89191,-1.5301508,-4.927248463910424
XFC80101,H1,train,32,0,19.227089,-1.3689378,-5.48659709844347
XFC80090,H1,train,32,0,19.266788,-1.6746993,-5.278926004056885
XFC80079,H1,train,32,0,19.266788,-1.6746993,-5.278926004056885
XFC80068,H1,train,65,0,19.427675,-1.7459426,-2.8083304412266923
XFC80057,H1,train,32,0,18.65147,-1.2675285,-4.990345494293485
XFC80046,H1,train,54,0,18.74575,-2.232272,-7.960978362928612
XFC80035,H1,val,54,0,19.039043,-1.8568604,-6.0849490949630685
XFC80024,H1,train,54,0,18.972504,-1.8210802,-5.571188938154589
XFC80013,H1,train,54,0,18.972504,-1.8210802,-5.571188938154589
XFC80002,H1,train,69,0,19.24588,-1.1925839,-4.992796836657117
XFC79991,H1,val,51,0,20.063335,-0.6929309,0.17735433401896117
XFC79980,H1,train,54,0,18.113745,-2.127712,-5.153877190803693
XFC79971,H1,test,51,0,19.69046,-0.92062896,-1.291419343275086
XFC79961,H1,train,64,0,19.250538,-1.3339931,-5.6385383062102346
XFC79951,H1,train,54,0,18.04604,-0.31383488,-4.961971888572982
XFC79941,H1,train,54,0,19.039043,-1.8568604,-6.0849490949630685
XFC79931,H1,train,54,0,19.039043,-1.8568604,-6.0849490949630685
XFC79921,H1,test,32,0,18.831982,-1.5229475,-4.9956393674331405
XFC79911,H1,test,54,0,19.18699,-1.6555467,-5.234897323509999
XFC79902,H1,train,54,0,19.091097,-1.679908,-5.126547891062396
XFC79892,H1,train,32,0,18.614956,-2.2014165,-5.421317562393449
XFC79883,H1,train,32,0,18.701862,-1.6645819,-4.243306852054088
XFC79873,H1,val,54,0,19.18699,-1.6555467,-5.234897323509999
XFC79865,H1,train,54,0,19.18699,-1.6555467,-5.234897323509999
XFC79855,H1,val,36,1,19.576107,-1.3820176,-0.3752646531651642
XFC79848,H1,train,32,0,18.701862,-1.6645819,-4.243306852054088
XFC79838,H1,train,32,0,18.614956,-2.2014165,-5.421317562393449
XFC79831,H1,train,54,0,18.957296,-1.861877,-7.310342609602834
XFC79820,H1,val,35,0,19.666962,-1.6490479,-3.4074437646407087
XFC79811,H1,train,32,0,19.64983,-1.3904471,-6.9693031053503685
XFC79801,H1,val,32,0,19.227089,-1.3689378,-5.48659709844347
XFC79791,H1,train,64,0,19.250538,-1.3339931,-5.6385383062102346
XFC79781,H1,test,32,0,19.266788,-1.6746993,-5.278926004056885
XFC79772,H1,train,32,0,18.701862,-1.6645819,-4.243306852054088
XFC79762,H1,test,64,0,19.250538,-1.3339931,-5.6385383062102346
XFC79753,H1,train,54,0,19.065155,-1.6661348,-5.271795409676759
XFC79743,H1,test,32,0,19.257196,-1.3466709,-6.421524584848162
XFC79734,H1,val,32,0,18.772465,-1.7797815,-5.176966523781038
XFC79726,H1,train,32,0,19.750366,-1.63744,-6.056637746877575
XFC79717,H1,train,54,0,19.065155,-1.6661348,-5.271795409676759
XFC79707,H1,val,34,1,19.907307,-0.57955533,1.0950270140789815
XFC79700,H1,train,36,1,19.464912,-1.4852202,2.1085477238413954
XFC79693,H1,train,32,0,19.071232,-1.5661922,-5.939027004409244
XFC79688,H1,train,54,0,18.957296,-1.861877,-7.310342609602834
XFC79677,H1,train,32,0,19.507175,-1.5555724,-5.844129674406576
XFC79668,H1,train,54,0,19.039043,-1.8568604,-6.0849490949630685
XFB56345,H1,train,794,0,12.983026,-8.69879,-12.474606595643477
XFB56343,H1,train,795,0,13.194852,-9.092253,-9.923821733294634
XFB56341,H1,train,524,0,15.268712,-7.8767705,-22.351948324517217
XFB56339,H1,train,34,1,19.78365,-0.20637937,1.2534795326584298
XFB56337,H1,train,10,0,12.692885,-7.126389,-7.588172960648534
XFB56333,H1,train,796,0,11.057225,-8.208283,-8.48636755103848
XFB56331,H1,test,796,0,11.057225,-8.208283,-8.48636755103848
XFB56327,H1,train,797,0,7.793492,-7.8358884,-17.932465837846564
XFB56325,H1,train,23,0,12.498223,-7.536015,-6.7932130832842486
XFB56311,H1,train,553,0,13.825062,-7.164219,-22.925089020726116
XFB56309,H1,test,798,0,10.171563,-9.359177,-12.28733718311315
XFB56307,H1,train,554,0,17.316547,-4.4465833,-30.41269551181592
XFB56305,H1,val,555,0,14.831522,-4.1782756,-31.67294754859121
XFB56303,H1,train,24,0,20.84693,-0.31935865,-6.702661210746777
XFB56301,H1,train,10,0,12.811168,-7.0134244,-8.12031306128926
XFB56299,H1,train,556,0,5.9058394,-9.92342,-27.955013990724115
XFB56297,H1,train,557,0,6.767753,-5.7215962,-48.41495290819911
XFB56295,H1,train,558,0,9.046059,-3.0658314,-43.26972442499265
XFB56293,H1,val,559,0,18.774284,-1.1078026,-22.481236988702726
XFA02390,H1,train,663,0,13.631772,-1.172311,-0.9213059457810591
XFA02389,H1,train,664,0,11.666692,-4.001853,-12.824221768898905
XFA02388,H1,train,665,0,13.568967,-2.2541347,-14.241762829869334
XFA02387,H1,val,666,0,-5.3260455,9.686548,-4.197583030646385
XEQ90854,H1,train,799,0,11.338557,-10.780508,-11.950500900757511
XEQ90852,H1,train,531,0,16.198326,-7.4204354,-20.716155097841906
XEQ90850,H1,train,560,0,17.6016,-6.5923676,-20.83413243853806
XEQ90846,H1,train,531,0,15.797269,-7.512563,-21.887372506924855
XEQ90844,H1,train,800,0,10.393694,-9.783194,-16.896674657487736
XEQ90842,H1,train,531,0,15.857726,-7.5089607,-21.704223102205823
XEQ90834,H1,train,796,0,11.057225,-8.208283,-8.48636755103848
XEQ90832,H1,test,796,0,11.057225,-8.208283,-8.48636755103848
XEQ90830,H1,val,36,1,19.272663,-1.0218604,-1.0965591728140573
XCV19027,H1,val,561,0,3.885888,-10.139638,-46.951888712430595
XCV19025,H1,train,71,1,19.562172,-3.414273,1.9604451650649946
XCV19024,H1,train,72,0,18.228241,-4.329486,-5.881690584232221
XCV19023,H1,train,73,1,17.584177,-2.319279,0.42951843915093413
XCV19022,H1,val,73,1,17.693443,-2.1478245,-0.03881980709667765
XCV19021,H1,train,73,1,17.567657,-2.644065,-1.3410632713060178
XCV19020,H1,train,74,0,16.53011,-3.1329205,-3.054506173767777
XCV19017,H1,train,73,1,17.141632,-2.5179832,-0.05069060718582996
XCV19016,H1,train,71,1,19.009842,-3.8065126,2.4826107330110307
XCV19014,H1,val,73,1,17.584177,-2.319279,0.42951843915093413
XCV19011,H1,val,73,1,17.790688,-1.868463,0.4399457155191886
XCV19009,H1,train,75,0,17.536083,-5.7438774,-8.901976054301612
XCV19007,H1,train,74,0,16.25444,-3.5163376,-5.165789231955829
XCV19004,H1,train,76,0,15.104245,-2.5730119,-2.4588305638123575
XCV19003,H1,val,76,0,15.104245,-2.5730119,-2.4588305638123575
XCV19002,H1,val,77,0,17.57676,-4.218611,-3.9536933146392155
XCV19000,H1,train,72,0,17.204777,-4.843249,-4.433973984861735
XCV18999,H1,train,73,1,17.376438,-2.313504,0.7681231012406453
XCV18998,H1,train,76,0,15.104245,-2.5730119,-2.4588305638123575
XCV18997,H1,train,72,0,17.15149,-4.8199487,-4.410203646046229
XCV18996,H1,train,72,0,17.142082,-5.2756476,-4.795672819611402
XCV18995,H1,train,72,0,17.15149,-4.8199487,-4.410203646046229
XCV18994,H1,train,76,0,15.104245,-2.5730119,-2.4588305638123575
XCV18993,H1,train,78,0,19.182251,-2.893245,-6.000112418845175
XCV18991,H1,train,562,0,17.393116,-0.92954314,-20.143371682606016
XCV18990,H1,train,563,0,10.550513,-7.1392574,-36.19386668796245
XCV18989,H1,train,72,0,18.05416,-3.4179318,-3.407547657477746
XCV18987,H1,train,562,0,17.440323,-0.9157953,-20.151822457589997
XCV18986,H1,val,562,0,17.440323,-0.9157953,-20.151822457589997
XCV18985,H1,train,562,0,15.339992,-2.4840295,-19.934285382092924
XCV18984,H1,train,562,0,15.567214,0.061201982,-29.11137382929565
XCV18983,H1,train,564,0,15.37492,0.14948873,-31.540489669868094
XCV18982,H1,train,564,0,15.567214,0.061201982,-29.11137382929565
XCV18981,H1,val,562,0,15.3315935,-1.5425286,-26.78320983976264
XCV18979,H1,val,565,0,6.25475,-7.060461,-32.47595659172912
XCV18976,H1,train,565,0,6.9869323,-6.4742885,-31.85207442530249
XCV18973,H1,train,565,0,6.184907,-6.9743285,-32.28323468643555
XCV18972,H1,train,565,0,6.184907,-6.9743285,-32.28323468643555
XCV18971,H1,val,565,0,6.184907,-6.9743285,-32.28323468643555
XCV18970,H1,test,562,0,16.492382,-1.3901916,-19.9392881041954
XCV18969,H1,test,78,0,18.676628,-3.1912184,-3.1169609999875743
XCV18968,H1,train,78,0,18.676628,-3.1912184,-3.1169609999875743
XCV18967,H1,train,564,0,15.540851,-0.1223656,-28.95178139103131
XCV18966,H1,test,565,0,5.947703,-6.876123,-32.672923051291846
XCV18964,H1,train,79,0,16.659584,-4.753549,-5.148781204118724
XCV18963,H1,val,564,0,15.540851,-0.1223656,-28.95178139103131
XCV18962,H1,train,80,0,16.136677,-3.3544087,-2.6454650280107614
XCV18961,H1,train,566,0,15.562329,-5.7284093,-27.582815844286415
XCV18960,H1,train,564,0,16.177975,1.1670134,-28.87919367388696
XCV18959,H1,train,564,0,16.177975,1.1670134,-28.87919367388696
XCV18958,H1,train,562,0,17.611712,-0.39413124,-20.591080232054857
XCV18957,H1,train,562,0,14.8867445,-1.2162551,-27.785297944307946
XCV18956,H1,train,562,0,16.492382,-1.3901916,-19.9392881041954
XCV18951,H1,train,71,1,19.409546,-3.91669,1.3165004380953782
XCV18949,H1,train,562,0,17.479523,-1.1336462,-20.97599831272354
XCV18947,H1,train,81,0,16.824078,-7.2166104,-6.901838435204378
XCV18946,H1,train,81,0,16.824078,-7.2166104,-6.901838435204378
XCV18944,H1,train,82,0,16.16122,-1.8376217,-2.543535216935064
XCV18943,H1,train,564,0,16.003952,0.3707583,-28.33065691962883
XCV18941,H1,val,83,0,19.960182,-3.85684,-2.0431824208879625
XCV18939,H1,train,564,0,14.855775,-1.0878452,-29.938443241086993
XCV18938,H1,val,562,0,17.809515,0.32429653,-20.285490236132638
XCV18937,H1,train,562,0,17.809515,0.32429653,-20.285490236132638
XCV18936,H1,train,83,0,20.104454,-4.1952167,-2.3020955050751173
XCV18934,H1,train,564,0,14.795522,-0.3215077,-29.522899158836303
XCV18933,H1,test,564,0,16.644644,0.8493102,-28.760965423758513
XCV18932,H1,train,567,0,15.011294,-2.6029968,-28.4479661671999
XCV18931,H1,train,562,0,17.572823,-0.93924546,-20.9069111251639
XCV18930,H1,train,568,0,13.846593,-7.668952,-24.32436530245738
XCV18929,H1,train,896,0,23.530468,11.428198,-36.43763401637399
XCV18928,H1,test,568,0,13.950009,-7.9047265,-24.495718224949883
XCV18927,H1,test,568,0,13.950009,-7.9047265,-24.495718224949883
XCV18926,H1,train,568,0,14.38665,-7.511193,-26.186534157169675
XCV18923,H1,train,569,0,16.78609,-7.1647,-19.954900296903887
XCV18922,H1,val,569,0,16.78609,-7.1647,-19.954900296903887
XCV18921,H1,train,569,0,17.257607,-6.6141677,-17.678943202339305
XCV18920,H1,train,570,0,13.760844,-4.4504294,-29.081011713290565
XCV18919,H1,train,571,0,7.3306556,-7.203489,-30.93448189308694
XCV18918,H1,train,569,0,16.78609,-7.1647,-19.954900296903887
XCV18917,H1,test,569,0,14.923635,-9.502363,-18.620721912065545
XCV18916,H1,test,569,0,16.78609,-7.1647,-19.954900296903887
XCV18915,H1,train,569,0,14.923635,-9.502363,-18.620721912065545
XCV18913,H1,train,570,0,12.472283,-4.5056787,-33.87839498875024
XCV18912,H1,test,801,0,2.646266,-5.270973,-46.58222046060925
XCV18910,H1,train,76,0,10.285051,-3.7472126,-4.149707293831742
XCV18908,H1,val,76,0,10.285051,-3.7472126,-4.149707293831742
XCV18906,H1,val,801,0,2.2880518,-6.1929045,-47.20268556384816
XCV18905,H1,train,801,0,2.448289,-5.1207566,-47.23818887010795
XCV18904,H1,train,801,0,2.448289,-5.1207566,-47.23818887010795
XCV18902,H1,train,569,0,16.490837,-6.990343,-22.738801944919615
XCV18901,H1,val,571,0,7.441988,-7.050696,-30.848092909110584
XCV18899,H1,train,572,0,19.287622,3.6406732,-29.408109734747498
XCV18898,H1,train,572,0,18.167765,1.9485625,-26.63039793016941
XCV18897,H1,test,84,0,17.8727,-4.162317,-3.1984110618696366
XCV18896,H1,test,85,0,19.09114,-4.1609564,-2.2399508677324285
XCV18895,H1,train,573,0,16.290564,2.909485,-35.82617649827752
XCV18894,H1,val,572,0,18.167765,1.9485625,-26.63039793016941
XCV18893,H1,val,573,0,16.290564,2.909485,-35.82617649827752
XCV18892,H1,train,86,0,17.236109,-4.717811,-5.755866129217646
XCV18891,H1,train,86,0,17.236109,-4.717811,-5.755866129217646
XCV18890,H1,train,574,0,17.712097,-1.5897466,-30.684578958233786
XCV18889,H1,test,575,0,10.227939,-3.86606,-41.97230657599032
XCV18887,H1,train,574,0,17.712097,-1.5897466,-30.684578958233786
XCV18886,H1,train,573,0,16.187332,0.5023257,-28.885108538512725
XCV18885,H1,train,86,0,17.132896,-4.8522954,-6.498880302850813
XCV18884,H1,val,801,0,2.3826556,-6.2671466,-46.83252141413912
XCV18882,H1,train,572,0,18.167765,1.9485625,-26.63039793016941
XCV18881,H1,train,87,1,18.713617,-3.1460352,2.7453213785356656
XCV18880,H1,train,87,1,18.713617,-3.1460352,2.7453213785356656
XCV18879,H1,train,569,0,10.083486,-8.971724,-20.339531695063595
XCV18878,H1,train,801,0,3.7821124,-2.178499,-45.25721703560198
XCV18877,H1,train,574,0,17.131618,-2.0537894,-31.990140528860906
XCV18876,H1,train,88,0,16.368576,-4.221576,-4.1249111739825
XCV18875,H1,train,572,0,18.071339,1.8619815,-26.344599493396966
XCV18874,H1,train,802,0,4.357064,-2.673423,-45.731612620552085
XCV18873,H1,train,803,0,12.697964,-10.024969,-13.989968421582645
XCV18872,H1,train,803,0,12.761273,-9.985381,-15.886026296502038
XCV18871,H1,train,87,1,18.612034,-2.9075415,2.258311114395786
XCV18870,H1,train,802,0,4.320171,-3.1556008,-45.92251109419908
XCV18869,H1,val,87,1,18.712141,-2.2171738,2.651157860081078
XCV18868,H1,val,576,0,10.600542,-6.100991,-27.607924641811806
XCV18867,H1,test,572,0,17.466572,1.3898327,-25.400247844686916
XCV18866,H1,train,572,0,17.466572,1.3898327,-25.400247844686916
XCV18865,H1,train,89,0,18.163227,-3.5992517,-7.949909727983384
XCV18864,H1,test,577,0,15.556909,-6.0128126,-19.55832198517944
XCV18863,H1,val,573,0,16.892197,3.5105515,-34.508203955913345
XCV18862,H1,train,84,0,18.069466,-3.7468765,-3.3052292662020992
XCV18861,H1,val,804,0,9.5540495,-11.125316,-11.104465646637884
XCV18860,H1,train,84,0,18.069466,-3.7468765,-3.3052292662020992
XCV18858,H1,train,578,0,9.331363,-6.893203,-30.106201061983235
XCV18857,H1,train,579,0,14.639926,-0.24337985,-25.15805137267369
XCV18856,H1,val,569,0,17.308277,-4.818428,-21.720938785166087
XCV18855,H1,test,576,0,9.81887,-5.5631614,-27.395340663720507
XCV18854,H1,val,90,0,18.81408,-3.804126,-7.349361532133122
XCV18853,H1,test,84,0,18.069466,-3.7468765,-3.3052292662020992
XCV18852,H1,train,84,0,18.069466,-3.7468765,-3.3052292662020992
XCV18850,H1,test,580,0,15.804291,-7.2868614,-19.79208741344768
XCV18848,H1,train,581,0,15.119365,0.9263862,-37.13706247401803
XCV18847,H1,train,572,0,18.562132,2.4223974,-26.325437047572507
XCV18846,H1,test,91,0,18.274918,-3.9543107,-5.354278476513798
XCV18845,H1,train,573,0,16.688372,2.582007,-35.49034318230989
XCV18843,H1,train,805,0,11.401309,-10.967857,-14.093804479310311
XCV18842,H1,train,573,0,16.766132,2.9680033,-38.71385704686171
XCV18841,H1,train,579,0,15.402518,0.7941741,-25.888088027895364
XCV18840,H1,train,577,0,15.418532,-5.5754533,-21.571205194372517
XCV18839,H1,test,92,1,18.4944,-2.5531325,3.6770282912886127
XCV18838,H1,test,93,0,17.454176,-2.7664282,1.4341902739097954
XCV18837,H1,val,582,0,15.718225,-1.3592738,-25.430064979167
XCV18836,H1,val,583,0,16.22481,-5.633845,-20.257387851175043
XCV18835,H1,train,583,0,16.22481,-5.633845,-20.257387851175043
XCV18834,H1,train,580,0,16.11282,-6.6306653,-20.449521731824177
XCV18833,H1,train,580,0,16.315704,-7.756514,-21.663300164459848
XCV18831,H1,train,580,0,14.029067,-7.2775826,-18.299566016586326
XCV18830,H1,test,92,1,18.467113,-2.5144823,3.775995971181084
XCV18829,H1,val,92,1,19.27911,-1.5239924,4.25342808589218
XCV18827,H1,train,94,0,18.93789,-4.2057567,-13.810554381094805
XCV18826,H1,test,94,0,18.929295,-4.2242446,-13.211959905016888
XCV18825,H1,test,94,0,18.93789,-4.2057567,-13.810554381094805
XCV18824,H1,train,584,0,15.821867,-0.28323185,-22.650637986783906
XCV18823,H1,train,92,1,18.64515,-5.122399,2.658836929932372
XCV18822,H1,train,91,0,18.274918,-3.9543107,-5.354278476513798
XCV18821,H1,train,585,0,14.046586,1.098227,-31.52218411379257
XCV18820,H1,train,585,0,16.315315,0.4715646,-28.374272069000973
XCV18819,H1,val,1,1,18.102222,-1.9839017,2.3824144846561115
XCV18818,H1,train,1,1,18.102222,-1.9839017,2.3824144846561115
XCV18817,H1,train,1,1,18.102222,-1.9839017,2.3824144846561115
XCV18816,H1,train,95,1,18.43652,-1.5236931,1.8111469068215378
XCV18815,H1,train,585,0,17.143274,2.2018461,-27.10151498210606
XCV18814,H1,val,806,0,12.404595,-10.571598,-12.970853681624472
XCV18812,H1,train,805,0,11.478212,-10.108728,-16.672606942681476
XCV18811,H1,train,96,0,18.256908,-3.756047,-1.6693259976788664
XCV18810,H1,train,586,0,18.45334,1.6160576,-26.554169960371475
XCV18809,H1,train,587,0,14.972476,-2.1242151,-19.9292710928189
XCV18808,H1,train,97,0,14.999311,-8.426559,-5.023209419178023
XCV18806,H1,train,588,0,18.119574,-2.4902492,-21.13802719478908
XCV18805,H1,train,589,0,12.334563,-7.5686307,-27.270076770041833
XCV18804,H1,train,587,0,15.088182,-2.1219022,-17.43567959793055
XCV18801,H1,train,587,0,14.695102,-2.0837355,-21.43280437911774
XCV18800,H1,train,587,0,14.695102,-2.0837355,-21.43280437911774
XCV18798,H1,train,590,0,15.6173315,-0.95756584,-32.08013837409146
XCV18793,H1,train,98,0,12.726152,-3.357159,-10.923496764482778
XCV18791,H1,val,807,0,11.275111,-10.956899,-12.883839087855156
XCV18790,H1,train,591,0,13.645753,-8.749977,-27.297903177485374
XCV18787,H1,val,98,0,12.685216,-3.7610252,-10.801293601571818
XCV18785,H1,test,806,0,11.720262,-9.9172535,-11.034898508136576
XCV18783,H1,train,98,0,13.583673,-3.178654,-13.212942842455995
XCV18782,H1,val,592,0,16.922451,3.081824,-24.286392248807246
XCV18778,H1,test,592,0,16.922451,3.081824,-24.286392248807246
XCV18776,H1,train,593,0,16.286118,-6.472057,-25.473586963840766
XCV18770,H1,train,592,0,16.922451,3.081824,-24.286392248807246
XCV18769,H1,train,98,0,12.685216,-3.7610252,-10.801293601571818
XCV18768,H1,train,98,0,12.685216,-3.7610252,-10.801293601571818
XCV18767,H1,test,592,0,16.609514,2.3537576,-24.391893329361046
XCV18766,H1,train,593,0,15.894168,-5.9024634,-23.631192239110824
XCV18764,H1,test,591,0,13.645753,-8.749977,-27.297903177485374
XCV18763,H1,train,592,0,17.604061,4.1462255,-24.15006985107688
XCV18762,H1,train,98,0,13.300387,-3.713147,-9.715147318081941
XCV18761,H1,train,99,0,17.833958,-3.1732786,-3.3678985079311055
XCV18760,H1,val,592,0,16.922451,3.081824,-24.286392248807246
XCV18759,H1,train,98,0,13.300387,-3.713147,-9.715147318081941
XCV18758,H1,train,592,0,14.34823,3.9684608,-27.641040081843045
XCV18757,H1,train,100,0,11.402939,-5.6425147,-14.075642498371451
XCV18756,H1,test,98,0,12.0412,-3.384964,-11.017877129768829
XCV18755,H1,train,98,0,11.823045,-4.809903,-9.051601950693303
XCV18754,H1,train,98,0,11.823045,-4.809903,-9.051601950693303
XCV18752,H1,train,98,0,13.664224,-6.5704966,-8.453090163356912
XCV18748,H1,train,592,0,17.190886,3.728258,-24.155041415906013
XCV18747,H1,train,807,0,11.457713,-10.499149,-12.450590395957411
XCV18743,H1,val,805,0,11.374054,-10.799816,-13.672302884571295
XCV18741,H1,train,99,0,17.323956,-3.890113,-5.039016772887214
XCV18740,H1,test,99,0,17.519955,-3.0391147,-3.881904202401314
XCV18739,H1,train,99,0,17.323956,-3.890113,-5.039016772887214
XCV18738,H1,train,99,0,17.519955,-3.0391147,-3.881904202401314
XCV18737,H1,train,808,0,12.615577,-10.131821,-15.004097031086848
XCV18736,H1,train,101,0,15.249215,-6.8463683,-10.390994077146358
XCV18735,H1,train,98,0,12.676484,-3.49799,-9.930798935139261
XCV18731,H1,test,99,0,18.31884,-3.3763564,-3.831749190418595
XCV18729,H1,test,99,0,17.323956,-3.890113,-5.039016772887214
XCV18728,H1,val,805,0,11.374054,-10.799816,-13.672302884571295
XCV18727,H1,train,808,0,12.068496,-10.543552,-14.485288572439927
XCV18726,H1,train,99,0,17.450878,-4.0127883,-4.902906159524989
XCV18725,H1,train,99,0,18.287626,-3.4724138,-4.4798859216334
XCV18724,H1,train,99,0,17.323956,-3.890113,-5.039016772887214
XCV18721,H1,train,99,0,18.306812,-2.4281476,-4.146869900661326
XCV18720,H1,train,99,0,17.489925,-4.127602,-4.778592342027942
XCV18718,H1,train,807,0,11.457713,-10.499149,-12.450590395957411
XCV18712,H1,train,99,0,17.489925,-4.127602,-4.778592342027942
XCV18711,H1,train,99,0,17.541344,-3.9867027,-5.226705719635222
XCV18709,H1,train,102,0,11.656438,-7.818135,-9.744803978136376
XCV18708,H1,train,99,0,17.086739,-4.200644,-6.417983260681742
XCV18707,H1,test,99,0,17.154207,-4.240856,-6.770253816729767
XCV18706,H1,train,809,0,11.582729,-8.741052,-8.43878509970721
XCV18705,H1,val,592,0,16.801777,3.0792468,-22.40583975129325
XCV18704,H1,train,807,0,11.457713,-10.499149,-12.450590395957411
XCV18703,H1,train,594,0,16.899925,3.8661537,-22.873317451097535
XCV18701,H1,train,595,0,18.37756,0.0027992043,-20.307927543817307
XCV18700,H1,train,595,0,18.37756,0.0027992043,-20.307927543817307
XCV18699,H1,train,596,0,22.773779,4.228639,-31.11242664659408
XCV18698,H1,test,595,0,17.561932,-1.756464,-19.32459555452908
XCV18697,H1,train,596,0,22.506573,3.8309453,-29.873095810592403
XCV18695,H1,train,597,0,19.030018,-7.3273025,-15.834350606194862
XCV18693,H1,val,103,1,18.479094,-3.5517013,4.85455511796158
XCV18692,H1,test,103,1,18.155375,-4.307465,3.861041640506004
XCV18690,H1,train,103,1,18.479094,-3.5517013,4.85455511796158
XCV18684,H1,train,104,0,15.1287985,-5.215547,-10.261983090610567
XCV18683,H1,train,103,1,19.277832,-2.6542165,5.4810694768814106
XCV18681,H1,val,598,0,18.518385,-2.5900035,-16.560096186316528
XCV18680,H1,test,105,0,14.496187,-7.0939364,-5.2357953779563084
XCV18679,H1,test,599,0,15.650126,-4.2516465,-21.282421061762868
XCV18677,H1,train,599,0,14.826737,-4.1319327,-21.922435203542744
XCV18676,H1,test,106,0,15.201459,-6.3832088,-1.4644006278910204
XCV18675,H1,val,600,0,15.452239,-2.0550303,-20.969730474801516
XCV18674,H1,test,107,0,19.750412,-2.3662822,-2.279357981791227
XCV18673,H1,test,886,0,17.608044,6.800719,-29.766086337460855
XCV18672,H1,train,107,0,18.393051,-3.5848377,0.14641209500024033
XCV18671,H1,test,108,0,16.768429,-5.596911,-2.0172790337101905
XCV18669,H1,train,600,0,13.628415,-0.9380272,-29.122493402553296
XCV18668,H1,train,601,0,16.97474,-0.5311633,-18.949164861452022
XCV18667,H1,train,601,0,18.000889,0.11973672,-19.640034161383813
XCV18665,H1,train,600,0,16.11319,-0.15689452,-19.278233244982463
XCV18664,H1,test,600,0,16.151423,-1.9546939,-21.296428208116367
XCV18663,H1,train,109,0,18.676916,-3.3040779,-2.720921580038519
XCV18662,H1,train,105,0,16.524834,-5.752726,-3.888651656862935
XCV18661,H1,val,110,0,12.64036,-6.003197,-4.6210974932130195
XCV18660,H1,train,600,0,16.02332,-0.7360942,-20.486306218111945
XCV18659,H1,val,602,0,15.3645935,-3.37795,-18.031853844796117
XCV18658,H1,val,600,0,15.775327,-1.4803936,-21.411021906849705
XCV18657,H1,train,600,0,15.844521,-1.9144245,-21.013682631801338
XCV18656,H1,train,111,0,15.891763,-5.430871,-5.524970024665418
XCV18655,H1,train,600,0,16.597057,-1.2855786,-20.897276643086073
XCV18654,H1,train,564,0,15.143262,-0.55349666,-28.38881513072866
XCV18653,H1,val,112,0,13.442309,-4.193652,-0.8400466705641154
XCV18652,H1,train,603,0,14.500335,-7.8304477,-21.381666702473858
XCV18651,H1,train,562,0,16.871246,-1.4370595,-22.609749081905854
XCV18650,H1,train,604,0,17.070328,-0.6984202,-26.27257218039775
XCV18649,H1,train,810,0,11.483747,-9.526976,-15.608406751487296
XCV18648,H1,train,600,0,16.743603,-0.8054803,-19.972884502503973
XCV18647,H1,train,600,0,17.964666,-1.3158507,-19.637765451950614
XCV18646,H1,val,600,0,16.743603,-0.8054803,-19.972884502503973
XCV18645,H1,train,600,0,16.743603,-0.8054803,-19.972884502503973
XCV18644,H1,val,605,0,16.053452,-1.6951838,-19.473677127227933
XCV18643,H1,test,564,0,15.985242,-1.1452156,-24.06181594170569
XCV18642,H1,train,606,0,16.712948,-3.720276,-24.176920788991943
XCV18641,H1,train,562,0,17.386797,-0.05879516,-25.33643422470818
XCV18640,H1,train,72,0,18.804245,-3.2022862,-4.814279401552989
XCV18639,H1,val,607,0,15.9607935,-6.0752273,-25.757136655946724
XCV18638,H1,train,603,0,14.980118,-7.9257646,-21.686417167392797
XCV18637,H1,train,607,0,15.9607935,-6.0752273,-25.757136655946724
XCV18636,H1,train,112,0,13.380174,-3.1414502,-1.2695312194794415
XCV18635,H1,train,601,0,17.340942,-0.3311445,-18.505083410544835
XCV18634,H1,val,605,0,16.873096,-1.5844984,-19.157813085289902
XCV18633,H1,train,113,1,19.547081,-2.9397273,3.9711947699546055
XCV18631,H1,train,113,1,19.452427,-3.1288369,3.6367628765514066
XCV18630,H1,train,114,0,15.806294,-3.2772286,-2.68749980765657
XCV18629,H1,train,113,1,19.452427,-3.1288369,3.6367628765514066
XCV18628,H1,train,562,0,16.757805,-1.5496997,-19.714561776116245
XCV18627,H1,test,562,0,17.26014,-1.5643146,-18.245687109552172
XCV18626,H1,train,608,0,16.932438,-6.516299,-26.276735071574564
XCV18624,H1,val,72,0,18.050556,-3.6323473,-4.050065421923447
XCV18623,H1,test,72,0,18.050556,-3.6323473,-4.050065421923447
XCV18622,H1,test,115,0,15.747836,-5.6105704,-21.11565730152131
XCV18621,H1,train,607,0,15.620936,-6.394339,-26.627527389750412
XCV18620,H1,val,116,0,14.482597,-2.9129617,0.21523154421950963
XCV18619,H1,test,562,0,16.075241,-1.5515541,-19.91948699277117
XCV18618,H1,train,609,0,17.06968,-1.1121268,-25.98182520378939
XCV18617,H1,test,603,0,15.458344,-6.8838615,-26.583845073429103
XCV18615,H1,val,117,0,18.245337,-3.0321977,-8.67102810615699
XCV18614,H1,val,118,0,17.391556,-3.1165211,-3.587309824314307
XCV18613,H1,train,118,0,17.391556,-3.1165211,-3.587309824314307
XCV18612,H1,train,562,0,17.182451,-0.5039559,-22.869146832420725
XCV18610,H1,train,562,0,17.428417,-0.49373585,-23.60485803717569
XCV18609,H1,train,562,0,17.590279,-0.5656324,-23.960806919546222
XCV18608,H1,train,562,0,17.590279,-0.5656324,-23.960806919546222
XCV18607,H1,test,119,0,16.996868,-4.53688,-9.532788889601358
XCV18606,H1,train,562,0,17.129025,-1.7876533,-20.96803653524583
XCV18605,H1,val,119,0,17.75404,-4.432328,-11.185941547601223
XCV18604,H1,val,562,0,16.644932,-1.7499095,-22.846559885984448
XCV18603,H1,train,603,0,15.458344,-6.8838615,-26.583845073429103
XCV18602,H1,test,562,0,17.343208,-1.4885492,-19.078866086255495
XCV18601,H1,test,562,0,17.18124,-0.7212157,-23.271548059163287
XCV18600,H1,train,610,0,14.753608,-7.785866,-24.588806826516468
XCV18599,H1,train,120,0,15.727657,-4.505675,-7.214573362374196
XCV18595,H1,train,121,0,16.135748,-3.0857565,-2.4429175391641103
XCV18594,H1,train,122,0,19.65319,-5.0489144,-21.64916117404879
XCV18593,H1,test,123,0,9.166783,-3.7757251,-32.417656505001645
XCV18592,H1,test,123,0,8.271413,-6.048985,-33.56988603373415
XCV18591,H1,train,123,0,8.271413,-6.048985,-33.56988603373415
XCV18589,H1,val,120,0,16.830498,-2.7866619,-5.463879767596133
XCV18588,H1,train,123,0,10.586379,-3.349696,-30.95786818303646
XCV18586,H1,train,120,0,17.010506,-3.591535,-7.407276047735982
XCV18585,H1,train,122,0,18.114075,-4.6140456,-21.99894559695255
XCV18584,H1,train,73,1,17.584177,-2.319279,0.42951843915093413
XCV18583,H1,train,120,0,16.212646,-2.8554928,-3.547232310356968
XCV18582,H1,train,120,0,16.212646,-2.8554928,-3.547232310356968
XCV18581,H1,train,120,0,16.212646,-2.8554928,-3.547232310356968
XCV18580,H1,train,120,0,16.212646,-2.8554928,-3.547232310356968
XCV18579,H1,val,611,0,9.279771,-7.158828,-30.477962393475657
XCV18578,H1,train,611,0,9.279771,-7.158828,-30.477962393475657
XCV18577,H1,train,120,0,16.212646,-2.8554928,-3.547232310356968
XCV18575,H1,train,120,0,16.212646,-2.8554928,-3.547232310356968
XCV18574,H1,val,124,0,18.186865,-1.5019977,-2.1474372325245437
XCV18573,H1,train,123,0,10.140235,-2.9404895,-34.5921241800888
XCV18572,H1,train,124,0,16.728596,-2.1736963,-5.494406812175592
XCV18571,H1,test,897,0,24.86361,11.187199,-37.11361849458018
XCV18570,H1,train,122,0,14.818127,-4.802214,-21.702640763802997
XCV18569,H1,train,123,0,8.859068,-5.274342,-35.42449869468243
XCV18568,H1,train,125,0,15.757082,-4.3354597,-1.191654872231032
XCV18567,H1,train,612,0,12.719365,-5.5659094,-32.096014727326256
XCV18566,H1,train,74,0,17.6679,-2.3182878,-3.3340526577368568
XCV18565,H1,train,613,0,6.1068606,-8.617668,-42.60751385193213
XCV18564,H1,train,123,0,8.886739,-6.0916033,-37.00309050064257
XCV18563,H1,train,122,0,18.601318,-3.4408383,-22.52327234124028
XCV18562,H1,train,614,0,5.9940467,-6.3967333,-40.46294787499529
XCV18561,H1,train,124,0,17.969324,-1.4973238,-3.2697627808320373
XCV18560,H1,val,615,0,8.6331,-6.7745247,-38.25224477999934
XCV18558,H1,test,613,0,6.1068606,-8.617668,-42.60751385193213
XCV18557,H1,train,126,0,17.265179,-2.4281318,-4.821791235221001
XCV18556,H1,train,123,0,8.859068,-5.274342,-35.42449869468243
XCV18555,H1,train,615,0,8.85883,-6.5163465,-38.376559830671454
XCV18554,H1,train,126,0,17.265179,-2.4281318,-4.821791235221001
XCV18553,H1,train,616,0,10.160268,-5.7005067,-34.265446284326
XCV18552,H1,train,612,0,12.243012,-5.635509,-30.173103337185083
XCV18551,H1,train,123,0,9.7546625,-5.1824923,-32.66253075453619
XCV18550,H1,train,615,0,8.85883,-6.5163465,-38.376559830671454
XCV18549,H1,train,126,0,16.569353,-3.2051554,-4.9351316700194445
XCV18548,H1,train,127,0,17.931393,-3.664881,-22.217226825983452
XCV18547,H1,train,126,0,17.520134,-2.109243,-3.1995253794045926
XCV18546,H1,train,125,0,15.618678,-4.082928,-3.984522301374385
XCV18544,H1,train,73,1,17.548763,-2.2761176,-0.02885493459341859
XCV18543,H1,train,73,1,16.565262,-2.2490141,-0.11651648815326965
XCV18542,H1,train,905,0,26.860476,21.087856,-12.719397948615134
XCV18540,H1,train,128,0,15.815089,-1.399693,-2.8724314022283384
XCV18538,H1,train,128,0,15.734538,-1.1963325,-1.630731980361448
XCV18537,H1,train,126,0,16.770348,-3.265395,-3.8566294074045953
XCV18536,H1,val,616,0,9.846129,-6.340763,-36.386811292510835
XCV18535,H1,train,616,0,9.893016,-6.3304815,-36.385348047176656
XCV18533,H1,test,617,0,8.375503,-7.319631,-42.11228683666087
XCV18528,H1,train,617,0,8.076255,-8.4887295,-36.153785403531224
XCV18527,H1,test,617,0,8.616194,-8.392576,-32.008804629827196
XCV18511,H1,train,618,0,16.674976,-8.113469,-21.942650760200813
XCV18509,H1,val,848,0,14.259642,-4.387941,-12.296926526352422
XCV18507,H1,val,0,0,13.607785,12.071054,-30.119519423524842
XCV18505,H1,val,129,0,19.249191,-3.356022,-20.448780175191438
XCV18504,H1,train,619,0,17.66919,-6.7561226,-18.122760476478277
XCV18503,H1,val,619,0,17.66919,-6.7561226,-18.122760476478277
XCV18500,H1,train,620,0,10.203406,-4.156859,-31.320013553410796
XCV18337,H1,train,98,0,12.407704,-4.190637,-13.005588887372177
XCV18336,H1,train,621,0,15.98512,-5.8649325,-17.140250638065165
XCV18335,H1,train,589,0,11.743897,-8.014011,-27.323992115445783
XCV18334,H1,train,589,0,12.474335,-7.8127103,-27.211979877326428
XCV18332,H1,train,98,0,12.688023,-3.4417372,-12.096199748061863
XCV18330,H1,test,98,0,12.967391,-3.6380377,-11.607492296627596
XCV18329,H1,train,98,0,12.967391,-3.6380377,-11.607492296627596
XCV18327,H1,train,98,0,12.740891,-3.7851408,-11.335495442411405
XCV18323,H1,train,622,0,16.930143,-5.9493737,-21.974796819706846
XCV18321,H1,test,623,0,17.11555,-5.124406,-17.690968991830143
XCV18320,H1,val,623,0,15.634617,-6.0688224,-21.451849620760605
XCV18319,H1,val,623,0,16.246857,-5.4957747,-16.500857190480684
XCV18318,H1,train,623,0,17.653826,-3.3078258,-15.52595171421752
XCV18317,H1,train,624,0,15.648952,-6.31243,-20.345064422605788
XCV18316,H1,train,623,0,15.686883,-5.6532173,-16.096564481426107
XCV18315,H1,train,130,0,18.674269,-5.5147376,-6.803368361628111
XCV18314,H1,train,623,0,16.389835,-5.9529934,-21.356448436010993
XCV18313,H1,train,91,0,17.508137,-4.439527,-2.8910968632570313
XCV18312,H1,val,625,0,8.106983,-2.8461654,-45.12004510546359
XCV18311,H1,test,583,0,16.46286,-6.118849,-21.55483832843781
XCV18310,H1,train,623,0,16.185698,-5.5102987,-16.56092708382937
XCV18309,H1,train,98,0,12.456334,-3.569989,-11.797723466104248
XCV18308,H1,test,131,0,13.403323,-6.275329,-7.408677028097751
XCV18307,H1,train,132,0,17.504616,-3.9651492,-4.400621292040629
XCV18306,H1,test,133,0,14.816522,-4.773055,-5.295351863047801
XCV18304,H1,train,623,0,16.185698,-5.5102987,-16.56092708382937
XCV18303,H1,train,573,0,16.199022,2.3384037,-36.284921593244
XCV18302,H1,train,131,0,13.579223,-6.213553,-7.696309985453272
XCV18301,H1,train,91,0,17.387344,-4.765282,-5.27280053581141
XCV18300,H1,train,131,0,13.295742,-5.8442883,-7.458670932176544
XCV18299,H1,train,583,0,16.570164,-5.891706,-20.375434774531158
XCV18298,H1,val,131,0,13.579223,-6.213553,-7.696309985453272
XCV18297,H1,train,569,0,17.729649,-5.051505,-21.52157632794932
XCV18296,H1,test,622,0,16.781704,-6.3894205,-20.480208424408392
XCV18295,H1,train,91,0,17.586248,-4.163856,-2.7592642476699876
XCV18294,H1,train,91,0,16.99142,-4.2578816,-6.345071618498501
XCV18292,H1,val,569,0,16.909939,-6.970119,-20.425944209261356
XCV18291,H1,train,811,0,11.701129,-10.746604,-19.48088427855395
XCV18288,H1,train,134,0,12.836476,-6.4205556,-8.012074871975237
XCV18287,H1,test,91,0,18.379173,-3.5442736,-7.013991277717709
XCV18286,H1,train,91,0,18.379173,-3.5442736,-7.013991277717709
XCV18285,H1,train,91,0,17.614826,-4.464557,-5.510566750587959
XCV18284,H1,train,623,0,16.389835,-5.9529934,-21.356448436010993
XCV18283,H1,test,135,0,16.672283,-4.079722,-7.745392616889427
XCV18281,H1,train,623,0,17.077644,-5.7097983,-21.64155979492829
XCV18279,H1,train,583,0,17.22795,-5.5366178,-23.296826652519638
XCV18277,H1,train,583,0,16.447523,-5.9169517,-21.982956035321934
XCV18276,H1,test,583,0,16.607498,-6.0522203,-21.398455861995842
XCV18272,H1,train,583,0,16.607498,-6.0522203,-21.398455861995842
XCV18271,H1,train,91,0,18.274918,-3.9543107,-5.354278476513798
XCV18270,H1,train,569,0,17.005554,-4.725283,-21.351879352752015
XCV18269,H1,train,583,0,16.546131,-6.0663476,-21.451116887276108
XCV18268,H1,train,583,0,16.546131,-6.0663476,-21.451116887276108
XCV18267,H1,test,1,1,19.386557,-2.530044,2.1896719342020194
XCV18266,H1,test,569,0,17.308277,-4.818428,-21.720938785166087
XCV18265,H1,train,108,0,17.645203,-3.8092782,-2.3791467376604967
XCV18264,H1,train,569,0,15.819821,-7.73772,-20.008390169649672
XCV18263,H1,val,569,0,16.480534,-4.83758,-19.802294149084478
XCV18262,H1,train,569,0,17.067207,-4.7075734,-21.300959441427302
XCV18261,H1,test,583,0,16.646404,-5.885414,-21.86914889547515
XCV18260,H1,train,583,0,16.607498,-6.0522203,-21.398455861995842
XCV18259,H1,val,583,0,16.546131,-6.0663476,-21.451116887276108
XCV18258,H1,test,569,0,16.80865,-4.815266,-21.203326240439118
XCV18257,H1,train,92,1,18.4944,-2.5531325,3.6770282912886127
XCV18254,H1,train,136,0,15.683194,-4.9475036,-6.087653611374428
XCV18253,H1,train,569,0,17.308277,-4.818428,-21.720938785166087
XCV18250,H1,val,91,0,18.069466,-3.7468765,-3.3052292662020992
XCV18249,H1,test,569,0,17.308277,-4.818428,-21.720938785166087
XCV18248,H1,train,626,0,17.057812,-4.255034,-21.512143177546392
XCV18246,H1,train,94,0,18.864792,-3.4951217,-12.676762219725576
XCV18245,H1,train,583,0,16.546131,-6.0663476,-21.451116887276108
XCV18244,H1,train,91,0,18.050777,-4.0479426,-3.278804177699854
XCV18243,H1,train,91,0,17.977375,-3.9314182,-2.0547730295231865
XCV18242,H1,train,91,0,17.977375,-3.9314182,-2.0547730295231865
XCV18241,H1,train,627,0,19.015945,-3.4590738,-22.849662107438338
XCV18240,H1,val,137,0,15.559947,-7.831445,-12.056009591943198
XCV18239,H1,train,569,0,17.26754,-4.9822826,-21.052259446750192
XCV18238,H1,test,138,0,13.194892,-6.3908396,-7.357215137904293
XCV18237,H1,train,569,0,17.308277,-4.818428,-21.720938785166087
XCV18236,H1,train,583,0,16.546131,-6.0663476,-21.451116887276108
XCV18235,H1,test,91,0,18.069466,-3.7468765,-3.3052292662020992
XCV18234,H1,train,94,0,18.80297,-3.3341675,-11.971171024114808
XCV18233,H1,test,569,0,17.308277,-4.818428,-21.720938785166087
XCV18230,H1,train,109,0,17.760288,-3.6602445,-2.521909195425616
XCV18229,H1,train,569,0,17.26754,-4.9822826,-21.052259446750192
XCV18228,H1,train,139,0,18.029354,-3.3642466,0.20555766016470933
XCV18227,H1,train,569,0,16.875221,-4.979833,-21.28903304670068
XCV18226,H1,test,812,0,12.324979,-10.806327,-15.617529137267976
XCV18224,H1,train,628,0,16.819681,-4.773214,-20.7471618299908
XCV18223,H1,train,569,0,17.253849,-4.9729567,-22.22702622807185
XCV18221,H1,test,569,0,17.26754,-4.9822826,-21.052259446750192
XCV18220,H1,test,139,0,18.233265,-4.116021,-1.7614551727211971
XCV18217,H1,val,629,0,18.391895,2.5131552,-24.240073404465733
XCV18215,H1,train,629,0,17.957207,-0.29360777,-19.922830158513378
XCV18214,H1,test,583,0,16.546131,-6.0663476,-21.451116887276108
XCV18213,H1,val,139,0,18.284029,-3.1970625,0.18409187681549355
XCV18210,H1,train,84,0,17.449005,-4.241278,-4.737019044071417
XCV18209,H1,train,806,0,11.720262,-9.9172535,-11.034898508136576
XCV18207,H1,train,98,0,12.6730585,-3.6735065,-11.08983764045214
XCV18204,H1,train,98,0,12.740891,-3.7851408,-11.335495442411405
XCV18202,H1,train,593,0,16.286118,-6.472057,-25.473586963840766
XCV18201,H1,train,99,0,17.929806,-2.9677074,-4.006792235860539
XCV18200,H1,test,98,0,13.335219,-3.6832716,-10.623253519614407
XCV18199,H1,train,591,0,14.598712,-8.2864895,-29.917694728239056
XCV18197,H1,train,630,0,15.18143,-8.6671295,-17.85213190150497
XCV18196,H1,train,589,0,12.474335,-7.8127103,-27.211979877326428
XCV18195,H1,train,589,0,12.474335,-7.8127103,-27.211979877326428
XCV18193,H1,train,593,0,16.198994,-6.200484,-25.40678394250906
XCV18192,H1,train,98,0,12.586546,-4.231029,-10.745887624155023
XCV18190,H1,test,98,0,12.815396,-3.251985,-12.042326721061157
XCV18187,H1,train,631,0,11.978705,-7.566116,-22.680083937301738
XCV18186,H1,train,593,0,14.047802,-6.3306265,-30.74224308005524
XCV18185,H1,train,98,0,13.118302,-4.0245514,-10.311893207973409
XCV18181,H1,train,632,0,18.225521,-3.7819734,-13.834675546808716
XCV18179,H1,test,569,0,16.402035,-7.5723834,-18.378346307526634
XCV18176,H1,train,569,0,16.402035,-7.5723834,-18.378346307526634
XCV18175,H1,train,813,0,11.73986,-10.321212,-24.974027959310767
XCV18174,H1,train,593,0,16.286118,-6.472057,-25.473586963840766
XCV18173,H1,train,593,0,15.837589,-6.280123,-21.72808450944497
XCV18172,H1,train,569,0,16.282042,-7.488563,-18.12279562322915
XCV18171,H1,val,98,0,12.572572,-4.0847754,-10.485505641522334
XCV18170,H1,train,589,0,12.334563,-7.5686307,-27.270076770041833
XCV18169,H1,train,589,0,12.527143,-7.8030725,-27.178222223622228
XCV18167,H1,test,589,0,12.334563,-7.5686307,-27.270076770041833
XCV18166,H1,train,595,0,17.959606,-0.86395276,-17.851443153732863
XCV18165,H1,train,633,0,14.2448435,-7.437199,-24.79114022812857
XCV18164,H1,test,634,0,14.107987,-6.0188007,-16.863098688253178
XCV18161,H1,train,589,0,14.353077,-6.5363545,-26.041744592902546
XCV18160,H1,train,593,0,16.347364,-6.4591613,-25.43845705126456
XCV18159,H1,test,589,0,13.841859,-6.6212964,-26.29832570242383
XCV18157,H1,train,140,0,17.201672,-5.743399,-6.013302565273168
XCV18153,H1,val,635,0,19.117281,-1.1123282,-21.02363147179863
XCV18152,H1,val,589,0,12.282456,-7.5782065,-27.295101929032974
XCV18151,H1,train,593,0,16.611696,-4.582658,-25.571636763421708
XCV18149,H1,test,593,0,15.574811,-6.843801,-24.91318045087929
XCV18148,H1,train,140,0,17.17799,-5.7483935,-6.6837701316180915
XCV18147,H1,train,593,0,15.374097,-6.0164485,-30.09809260533804
XCV18146,H1,train,593,0,16.286118,-6.472057,-25.473586963840766
XCV18145,H1,test,634,0,13.184888,-5.3431425,-17.720327587231843
XCV18144,H1,test,95,1,17.669754,-3.7838075,1.0153180386704896
XCV18142,H1,train,595,0,17.696415,-0.2209837,-19.715683079622412
XCV18141,H1,test,99,0,17.985273,-3.252915,-3.5130096107103057
XCV18140,H1,train,593,0,16.286118,-6.472057,-25.473586963840766
XCV18139,H1,test,141,0,16.767483,-6.7519813,-6.466650314197601
XCV18137,H1,train,95,1,17.669754,-3.7838075,1.0153180386704896
XCV18136,H1,train,636,0,17.611326,-6.651588,-21.515068371500533
XCV18135,H1,train,593,0,16.035053,-7.7150693,-25.909619685413247
XCV18134,H1,test,589,0,13.8027315,-6.3687196,-25.969943125089387
XCV18133,H1,train,569,0,16.402035,-7.5723834,-18.378346307526634
XCV18132,H1,test,637,0,15.003707,-5.893541,-23.419000678493028
XCV18129,H1,train,593,0,16.198994,-6.200484,-25.40678394250906
XCV18127,H1,train,142,0,17.236282,-5.805926,-5.492648395531523
XCV18126,H1,train,140,0,16.835382,-6.073607,-6.774965025537043
XCV18125,H1,train,636,0,15.405509,-6.327316,-21.68806954554925
XCV18124,H1,train,141,0,16.962524,-6.5133457,-4.957665943394373
XCV18122,H1,train,633,0,14.189887,-7.447733,-24.832450030141956
XCV18121,H1,train,589,0,13.52552,-6.6030116,-25.339469825749255
XCV18120,H1,train,96,0,18.604376,-3.212363,-1.3465383958751378
XCV18119,H1,test,143,0,18.314548,-3.7389019,-5.268686271619618
XCV18118,H1,train,569,0,16.343798,-7.582027,-18.413894017969128
XCV18116,H1,test,96,0,18.604376,-3.212363,-1.3465383958751378
XCV18115,H1,train,141,0,17.057228,-6.5828085,-7.1804851239923355
XCV18114,H1,train,593,0,16.454702,-6.510038,-24.86043643344003
XCV18113,H1,test,95,1,18.588287,-1.564507,0.6526428567048974
XCV18112,H1,train,589,0,15.097513,-4.5922217,-22.231178813323886
XCV18111,H1,val,638,0,12.851068,-6.327293,-27.511466545360456
XCV18110,H1,train,633,0,12.219563,-9.169889,-30.669661616909274
XCV18109,H1,train,95,1,17.669754,-3.7838075,1.0153180386704896
XCV18107,H1,train,593,0,16.286118,-6.472057,-25.473586963840766
XCV18106,H1,train,633,0,14.2448435,-7.437199,-24.79114022812857
XCV18105,H1,train,639,0,16.75504,-6.1931634,-22.08528258641467
XCV18104,H1,train,589,0,14.458522,-5.7826653,-25.338194945347453
XCV18103,H1,train,589,0,14.021112,-6.304726,-24.96045484309692
XCV18102,H1,val,891,0,17.01014,-6.9236674,-2.6659691782197434
XCV18100,H1,train,144,1,17.028194,-1.1036869,1.6052366964255462
XCV18099,H1,test,145,0,16.73698,-6.682198,-5.416507778251687
XCV18098,H1,train,146,0,18.502495,-3.225743,-1.5498023763368014
XCV18097,H1,train,147,0,11.21647,-8.751785,-9.197717511913995
XCV18096,H1,train,872,0,18.732563,6.784286,-4.487926457819971
XCV18095,H1,val,148,0,16.899519,-6.591214,-7.34593437211872
XCV18094,H1,train,895,0,21.02399,-8.625671,-24.970245996154397
XCV18093,H1,train,96,0,18.309309,-3.9578536,-1.975157122195581
XCV18091,H1,train,145,0,16.740929,-6.128322,-6.61143668754038
XCV18090,H1,train,145,0,16.659302,-6.2938695,-6.335980358329755
XCV18089,H1,train,145,0,16.659302,-6.2938695,-6.335980358329755
XCV18086,H1,train,149,0,16.788942,-3.9811332,-5.944847793849268
XCV18084,H1,test,145,0,16.425793,-6.492665,-6.074298901910311
XCV18083,H1,test,147,0,11.21647,-8.751785,-9.197717511913995
XCV18079,H1,val,96,0,18.491749,-3.3176792,1.3012443679416226
XCV18078,H1,train,145,0,16.555548,-6.811531,-4.773435883075573
XCV18077,H1,val,640,0,12.357739,-7.2887936,-23.356733244694418
XCV18075,H1,train,145,0,17.386173,-6.066566,-4.992811204302054
XCV18074,H1,train,814,0,11.949101,-9.23113,-12.511320598700845
XCV18073,H1,train,144,1,16.993034,-2.5894701,2.890827213951667
XCV18071,H1,train,96,0,18.491749,-3.3176792,1.3012443679416226
XCV18070,H1,train,641,0,16.511648,-5.70477,-21.63460532484403
XCV18069,H1,train,145,0,16.730778,-6.3452907,-5.6667623522915145
XCV18068,H1,train,146,0,18.571646,-3.286381,-0.48242444871028844
XCV18067,H1,train,145,0,16.730778,-6.3452907,-5.6667623522915145
XCV18066,H1,train,145,0,16.730778,-6.3452907,-5.6667623522915145
XCV18064,H1,val,149,0,16.788942,-3.9811332,-5.944847793849268
XCV18063,H1,train,91,0,17.831581,-3.609597,-5.7014214175033455
XCV18062,H1,train,636,0,3.1842177,-10.640321,-33.972753085588366
XCV18061,H1,val,145,0,16.730778,-6.3452907,-5.6667623522915145
XCV18060,H1,train,144,1,17.953163,2.3037608,3.324119132638911
XCV18059,H1,train,144,1,16.19352,-2.5399659,1.1626695064664663
XCV18058,H1,val,145,0,16.407417,-5.625055,-6.129877985407546
XCV18057,H1,val,144,1,16.98415,-2.039087,2.071636750086613
XCV18056,H1,val,144,1,17.312363,-2.0128715,2.6172276638723577
XCV18055,H1,train,144,1,16.98415,-2.039087,2.071636750086613
XCV18053,H1,train,144,1,16.98415,-2.039087,2.071636750086613
XCV18052,H1,train,144,1,17.550327,-2.2671738,1.7020106368488737
XCV18051,H1,train,641,0,16.832634,-6.1597247,-23.75004569566287
XCV18050,H1,train,144,1,16.98415,-2.039087,2.071636750086613
XCV18047,H1,train,149,0,16.788942,-3.9811332,-5.944847793849268
XCV18045,H1,train,815,0,9.237517,-11.547249,-11.659396133024437
XCV18043,H1,train,577,0,15.849154,-5.5015187,-22.182441626449112
XCV18042,H1,train,147,0,11.21647,-8.751785,-9.197717511913995
XCV18039,H1,train,150,1,17.626556,-3.6187613,0.09527824580818667
XCV18038,H1,train,149,0,16.788942,-3.9811332,-5.944847793849268
XCV18037,H1,train,642,0,14.793794,-0.110993214,-31.78539866255779
XCV18033,H1,train,577,0,18.040937,-6.885962,-23.318258825696326
XCV18031,H1,test,643,0,15.520204,-4.229376,-7.894488544085229
XCV18030,H1,val,643,0,15.322095,-3.8960774,-7.635532324800577
XCV18029,H1,train,643,0,15.278196,-4.3173647,-7.655968972530152
XCV18027,H1,train,146,0,18.370363,-3.7088902,-1.9708148503979235
XCV18026,H1,train,593,0,14.801225,-6.1359167,-23.15391621054013
XCV18025,H1,train,816,0,11.304799,-9.633424,-18.854653555130472
XCV18024,H1,val,151,0,19.206373,-3.820129,-14.919146167551965
XCV18023,H1,test,92,1,18.559353,-2.475145,3.7528717507894047
XCV18017,H1,test,644,0,16.321293,-5.583751,-25.922558804251956
XCV18016,H1,test,152,0,16.083784,-6.885389,-6.380779148252566
XCV18014,H1,train,147,0,10.419854,-9.0645275,-7.845244913324107
XCV18013,H1,train,151,0,19.394936,-3.43412,-13.78362855413093
XCV18011,H1,train,645,0,17.284012,-5.80099,-20.008061383653807
XCV18010,H1,train,153,0,17.544418,-6.037747,-7.991588117757608
XCV18004,H1,val,577,0,15.857086,-5.66787,-20.48336917269655
XCV18003,H1,val,645,0,17.284012,-5.80099,-20.008061383653807
XCV18002,H1,train,645,0,16.095806,-7.701998,-24.93836951348026
XCV18001,H1,val,637,0,12.962636,-7.044314,-26.058225886944186
XCV17999,H1,train,154,0,16.25866,-3.8150678,-6.33950093295217
XCV17997,H1,val,805,0,8.425155,-8.741316,-9.16633453993023
XCV17995,H1,train,593,0,15.826154,-5.8079333,-20.920006835357277
XCV17994,H1,train,805,0,12.065836,-10.732716,-14.966136433456157
XCV17993,H1,test,805,0,11.401309,-10.967857,-14.093804479310311
XCV17992,H1,train,155,0,19.21117,-1.5414883,-8.084335756745185
XCV17991,H1,train,593,0,14.613715,-6.2385573,-23.852684180790437
XCV17990,H1,train,92,1,18.199257,-3.2306516,3.929775726711254
XCV17989,H1,train,154,0,16.339096,-3.8029292,-6.467993688864489
XCV17987,H1,train,646,0,17.636276,-1.6372492,-18.370118857302792
XCV17986,H1,test,156,0,19.350039,-2.8512676,-0.25353146483260325
XCV17985,H1,val,87,1,18.430588,-2.9165242,2.11399747422049
XCV17984,H1,train,816,0,11.327832,-9.898172,-16.478477579477243
XCV17983,H1,val,153,0,17.879944,-6.031937,-7.188411392214004
XCV17982,H1,train,155,0,19.477028,-1.5380489,-7.140106456537195
XCV17980,H1,test,92,1,18.623512,-3.513682,3.627429270478837
XCV17979,H1,val,92,1,18.199257,-3.2306516,3.929775726711254
XCV17978,H1,train,150,1,18.602041,-3.1607902,1.71434897447571
XCV17976,H1,val,92,1,18.199257,-3.2306516,3.929775726711254
XCV17972,H1,test,155,0,19.547394,-1.5511315,-7.2900121677871255
XCV17970,H1,train,817,0,11.123727,-8.853052,-17.20728428087542
XCV17969,H1,test,156,0,18.60456,-3.2435987,0.9681123374657474
XCV17968,H1,train,157,0,15.557574,-5.3385577,-3.7131151291468605
XCV17967,H1,train,816,0,10.871341,-10.076996,-16.626920418484687
XCV17966,H1,train,109,0,17.510433,-3.650658,-2.324003557662243
XCV17965,H1,train,577,0,15.847053,-5.8645577,-21.840867413305702
XCV17964,H1,train,158,0,13.845275,-5.8024216,-8.344769215284863
XCV17960,H1,val,154,0,14.350745,-5.762726,-8.790598145775672
XCV17959,H1,train,580,0,16.19924,-7.2255836,-19.664335645952054
XCV17958,H1,train,135,0,16.486832,-4.0647287,-5.493392600403288
XCV17957,H1,train,135,0,17.207727,-4.174108,-6.312195527373767
XCV17956,H1,train,593,0,15.636948,-5.698682,-22.643449793815403
XCV17953,H1,train,816,0,10.871341,-10.076996,-16.626920418484687
XCV17952,H1,train,577,0,15.798977,-5.900986,-21.109674982121405
XCV17951,H1,train,816,0,10.878154,-11.287058,-15.831931947492954
XCV17950,H1,train,577,0,15.798977,-5.900986,-21.109674982121405
XCV17949,H1,train,159,0,14.531098,-3.8268635,-7.910948776293397
XCV17948,H1,train,135,0,15.662883,-5.009028,-5.657747665911249
XCV17947,H1,test,160,0,18.548866,-1.3909153,-7.891845586476569
XCV17945,H1,train,818,0,12.697112,-10.22628,-18.380257983421345
XCV17944,H1,train,135,0,15.662883,-5.009028,-5.657747665911249
XCV17942,H1,train,819,0,10.342166,-10.299191,-17.70668361519236
XCV17941,H1,test,159,0,15.748723,-2.5571835,-7.228368817128615
XCV17940,H1,train,158,0,15.394921,-4.6852674,-6.464195262374989
XCV17939,H1,train,820,0,12.30996,-9.340525,-16.022088519188408
XCV17938,H1,train,135,0,15.834819,-5.2884097,-6.074760289127417
XCV17937,H1,train,135,0,15.333789,-5.1450286,-5.988271776319805
XCV17936,H1,test,161,0,17.733807,-4.197793,-3.4950124559111977
XCV17935,H1,val,162,0,17.728489,-4.686337,-6.204677520493705
XCV17934,H1,train,159,0,14.531098,-3.8268635,-7.910948776293397
XCV17933,H1,train,160,0,5.4468207,-2.3217533,-24.498007139007154
XCV17929,H1,train,821,0,11.825688,-9.738115,-13.177251360964217
XCV17928,H1,train,91,0,19.156162,-3.1150658,-5.106719778699842
XCV17927,H1,train,159,0,14.531098,-3.8268635,-7.910948776293397
XCV17925,H1,train,159,0,14.531098,-3.8268635,-7.910948776293397
XCV17924,H1,train,159,0,14.531098,-3.8268635,-7.910948776293397
XCV17923,H1,train,822,0,11.563392,-10.779152,-16.963931952827807
XCV17920,H1,test,647,0,15.55229,-6.9718184,-21.36034513137369
XCV17919,H1,train,803,0,12.875661,-9.074158,-15.46806426819298
XCV17918,H1,test,648,0,16.938465,-5.504785,-26.384859421565707
XCV17917,H1,test,135,0,15.554047,-5.7295585,-5.539350836035692
XCV17915,H1,train,135,0,16.475657,-4.5846686,-6.518605039971243
XCV17914,H1,test,135,0,15.560694,-5.278274,-6.784114015516241
XCV17913,H1,train,135,0,15.554047,-5.7295585,-5.539350836035692
XCV17911,H1,train,819,0,12.198628,-10.797268,-16.480456982525865
XCV17910,H1,train,91,0,18.034199,-4.061577,-4.894383497861686
XCV17909,H1,train,648,0,17.16152,-5.1681676,-24.81376697058935
XCV17908,H1,train,821,0,11.49566,-10.334953,-14.447307074909917
XCV17907,H1,test,649,0,15.45252,-4.26434,-20.36235280543284
XCV17906,H1,val,135,0,15.779088,-5.216531,-5.3971543119539716
XCV17905,H1,test,135,0,15.779088,-5.216531,-5.3971543119539716
XCV17904,H1,train,88,0,16.24741,-3.9978802,-3.387033740071601
XCV17903,H1,train,91,0,19.156162,-3.1150658,-5.106719778699842
XCV17902,H1,val,86,0,17.02958,-4.8396506,-6.0805748663130466
XCV17901,H1,train,572,0,18.507393,2.7773929,-28.029317194766584
XCV17900,H1,train,135,0,15.779088,-5.216531,-5.3971543119539716
XCV17899,H1,test,157,0,17.03212,-4.703076,-4.258419697753887
XCV17897,H1,val,649,0,15.41121,-3.9387212,-21.374652485662494
XCV17896,H1,train,135,0,15.570899,-5.024208,-5.650411050064044
XCV17895,H1,train,649,0,15.378232,-4.127597,-20.616029435184043
XCV17894,H1,train,821,0,12.995326,-9.514388,-13.935261726329493
XCV17893,H1,test,84,0,17.783878,-4.2362933,-4.469928713001401
XCV17890,H1,val,821,0,13.294833,-9.85891,-14.863944066942741
XCV17889,H1,test,650,0,16.816887,-0.5285675,-19.94872888814562
XCV17885,H1,train,163,0,16.114048,-3.6186984,-6.285652819286128
XCV17884,H1,train,96,0,18.570395,-3.1534507,-3.423491508151212
XCV17883,H1,val,803,0,11.134029,-11.482796,-16.355056935347132
XCV17882,H1,train,98,0,11.98602,-4.027231,-13.12936665004937
XCV17881,H1,train,803,0,11.656604,-11.501492,-16.94179596471775
XCV17880,H1,test,651,0,17.655678,-3.2003703,-11.998354501929857
XCV17879,H1,train,803,0,11.474153,-10.3736105,-14.105424261903881
XCV17878,H1,test,803,0,11.981153,-10.506014,-14.351231878715023
XCV17877,H1,train,823,0,12.638591,-9.466348,-13.521036653448437
XCV17876,H1,test,823,0,11.90746,-9.052708,-11.137860733002329
XCV17875,H1,train,94,0,18.543938,-3.6004784,-12.102981000067912
XCV17874,H1,val,164,0,11.187217,-4.86945,-12.406043526409778
XCV17873,H1,val,803,0,12.26814,-10.0565815,-14.778075690250212
XCV17872,H1,val,569,0,16.343798,-7.582027,-18.413894017969128
XCV17867,H1,train,150,1,18.491749,-3.3176792,1.3012443679416226
XCV17865,H1,train,803,0,11.981153,-10.506014,-14.351231878715023
XCV17864,H1,train,803,0,11.981153,-10.506014,-14.351231878715023
XCV17863,H1,train,165,0,11.099268,-8.271416,-4.565843198055627
XCV17861,H1,train,646,0,17.74843,-3.0094056,-14.209214554059557
XCV17857,H1,test,94,0,18.628082,-4.0270677,-11.6310299143018
XCV17856,H1,val,652,0,16.541424,-3.7338936,-18.765455732398447
XCV17853,H1,train,803,0,12.1791115,-9.933314,-14.328971715088734
XCV17851,H1,train,803,0,12.031317,-10.498819,-14.253617937100513
XCV17850,H1,val,803,0,12.031317,-10.498819,-14.253617937100513
XCV17847,H1,train,803,0,13.378345,-3.2405012,-17.100813089643985
XCV17846,H1,train,803,0,11.981153,-10.506014,-14.351231878715023
XCV17845,H1,val,803,0,12.268813,-10.057878,-14.766342042776165
XCV17844,H1,train,151,0,18.694387,-3.7262797,-12.761568946921738
XCV17843,H1,train,803,0,11.981153,-10.506014,-14.351231878715023
XCV17842,H1,train,653,0,12.928922,-1.3487853,-32.145163294799694
XCV17841,H1,train,166,0,18.842846,-3.8147624,-12.778985165471003
XCV17840,H1,train,803,0,11.981153,-10.506014,-14.351231878715023
XCV17839,H1,test,803,0,11.981153,-10.506014,-14.351231878715023
XCV17838,H1,train,803,0,11.981153,-10.506014,-14.351231878715023
XCV17836,H1,train,155,0,19.775219,-1.7754798,-8.48059381699676
XCV17835,H1,train,654,0,12.258274,-4.7655387,-28.122206922321016
XCV17834,H1,train,157,0,10.614644,-8.093488,-5.633823918893798
XCV17833,H1,train,155,0,19.775219,-1.7754798,-8.48059381699676
XCV17832,H1,test,155,0,19.775219,-1.7754798,-8.48059381699676
XCV17831,H1,val,155,0,19.775219,-1.7754798,-8.48059381699676
XCV17830,H1,train,155,0,19.775219,-1.7754798,-8.48059381699676
XCV17829,H1,train,166,0,18.72913,-4.3516994,-13.22473508365234
XCV17828,H1,train,166,0,18.72913,-4.3516994,-13.22473508365234
XCV17827,H1,test,166,0,18.638767,-3.9196386,-13.301729153024288
XCV17826,H1,train,166,0,18.638767,-3.9196386,-13.301729153024288
XCV17825,H1,train,94,0,17.94476,-4.003165,-13.942912772802428
XCV17822,H1,train,803,0,12.522501,-10.005543,-13.420403685293717
XCV17821,H1,val,803,0,12.522501,-10.005543,-13.420403685293717
XCV17820,H1,train,803,0,12.522501,-10.005543,-13.420403685293717
XCV17819,H1,train,803,0,12.573468,-9.997772,-13.32090618628208
XCV17818,H1,train,803,0,12.573468,-9.997772,-13.32090618628208
XCV17817,H1,train,803,0,12.573468,-9.997772,-13.32090618628208
XCV17815,H1,train,803,0,11.150258,-10.784559,-12.146105776256071
XCV17814,H1,train,803,0,11.098225,-10.795097,-12.268223519294033
XCV17812,H1,train,94,0,18.841839,-3.767533,-12.364651255901391
XCV17811,H1,train,94,0,18.841839,-3.767533,-12.364651255901391
XCV17810,H1,train,94,0,18.841839,-3.767533,-12.364651255901391
XCV17809,H1,train,151,0,18.727207,-3.7987404,-12.453379737474842
XCV17808,H1,train,151,0,18.727207,-3.7987404,-12.453379737474842
XCV17807,H1,train,803,0,12.522501,-10.005543,-13.420403685293717
XCV17806,H1,val,803,0,11.36592,-10.691295,-12.428254502568576
XCV17805,H1,train,803,0,11.36592,-10.691295,-12.428254502568576
XCV17804,H1,train,167,0,18.850864,-4.10917,-13.697210453979094
XCV17803,H1,val,167,0,18.850864,-4.10917,-13.697210453979094
XCV17802,H1,train,94,0,18.848469,-3.6522095,-12.538977249620439
XCV17801,H1,train,94,0,18.848469,-3.6522095,-12.538977249620439
XCV17800,H1,test,655,0,16.337141,-0.8975732,-23.873946005394686
XCV17799,H1,train,655,0,16.337141,-0.8975732,-23.873946005394686
XCV17796,H1,train,655,0,16.151752,-0.2264796,-28.856677196330594
XCV17795,H1,train,151,0,18.644882,-3.501733,-14.547738208187821
XCV17794,H1,train,151,0,18.644882,-3.501733,-14.547738208187821
XCV17792,H1,val,94,0,18.692513,-3.9405284,-12.884588418511202
XCV17791,H1,train,94,0,18.692513,-3.9405284,-12.884588418511202
XCV17790,H1,val,656,0,16.008396,-0.27578354,-29.789570157081116
XCV17789,H1,val,656,0,16.199324,-0.21009077,-28.862470746152482
XCV17788,H1,test,656,0,16.199324,-0.21009077,-28.862470746152482
XCV17786,H1,train,572,0,18.238102,2.073732,-27.20752202077047
XCV17785,H1,test,572,0,18.238102,2.073732,-27.20752202077047
XCV17784,H1,train,655,0,16.385157,-0.88205343,-23.871613575349286
XCV17783,H1,test,655,0,16.385157,-0.88205343,-23.871613575349286
XCV17782,H1,test,655,0,16.385157,-0.88205343,-23.871613575349286
XCV17781,H1,test,655,0,16.337141,-0.8975732,-23.873946005394686
XCV17780,H1,train,655,0,15.281144,-1.3118916,-22.284292866305965
XCV17779,H1,test,168,0,17.627392,-3.1138496,-6.592080772451602
XCV17778,H1,test,168,0,17.627392,-3.1138496,-6.592080772451602
XCV17777,H1,train,135,0,14.967126,-5.1811996,-7.762388867090375
XCV17776,H1,train,657,0,16.473892,-1.6909003,-29.555512125429722
XCV17775,H1,train,135,0,14.967126,-5.1811996,-7.762388867090375
XCV17774,H1,test,657,0,16.473892,-1.6909003,-29.555512125429722
XCV17773,H1,train,135,0,16.622627,-4.272422,-5.369565964479797
XCV17772,H1,val,135,0,16.622627,-4.272422,-5.369565964479797
XCV17766,H1,train,572,0,18.052961,1.4873661,-26.988961980580157
XCV17765,H1,train,824,0,12.696487,-10.376713,-13.419580697236254
XCV17764,H1,train,572,0,18.101501,1.5047727,-27.021937295344927
XCV17763,H1,test,803,0,12.522501,-10.005543,-13.420403685293717
XCV17762,H1,train,572,0,18.463215,0.69043374,-25.873741114812354
XCV17761,H1,val,572,0,18.463215,0.69043374,-25.873741114812354
XCV17760,H1,train,572,0,17.552967,-0.6680388,-23.985204335103532
XCV17759,H1,test,572,0,17.552967,-0.6680388,-23.985204335103532
XCV17758,H1,train,572,0,18.413383,0.6737843,-25.842815866724408
XCV17757,H1,train,169,0,14.886275,-5.5374374,-11.796817966082966
XCV17756,H1,train,655,0,16.543423,-0.4123882,-27.971871767905085
XCV17755,H1,train,91,0,18.13611,-3.820112,-4.258856860403059
XCV17754,H1,test,91,0,18.13611,-3.820112,-4.258856860403059
XCV17753,H1,train,109,0,17.833433,-4.610554,-3.554415077393939
XCV17752,H1,train,658,0,18.846102,1.855628,-23.979534661775293
XCV17751,H1,train,658,0,18.846102,1.855628,-23.979534661775293
XCV17750,H1,val,658,0,18.846102,1.855628,-23.979534661775293
XCV17749,H1,train,658,0,18.846102,1.855628,-23.979534661775293
XCV17748,H1,train,655,0,16.543423,-0.4123882,-27.971871767905085
XCV17747,H1,train,659,0,12.42056,-4.3465023,-7.332568398735583
XCV17746,H1,test,170,0,17.255928,-4.5097747,-5.843270192389847
XCV17745,H1,train,655,0,16.543423,-0.4123882,-27.971871767905085
XCV17744,H1,train,655,0,16.52914,-0.34111014,-27.514641225249513
XCV17743,H1,train,655,0,16.826143,-0.788372,-34.61310397712222
XCV17742,H1,train,655,0,16.826143,-0.788372,-34.61310397712222
XCV17741,H1,train,655,0,17.035728,-0.7536161,-23.8424761333725
XCV17740,H1,train,660,0,11.852782,-4.608927,-30.151667907058012
XCV17739,H1,val,655,0,17.789473,-0.48097354,-25.204514424773485
XCV17738,H1,train,655,0,17.789473,-0.48097354,-25.204514424773485
XCV17737,H1,val,655,0,11.617076,-1.2405376,-32.34230557206712
XCV17736,H1,train,659,0,14.227738,-3.2515576,-7.3524563542093535
XCV17735,H1,train,659,0,14.227738,-3.2515576,-7.3524563542093535
XCV17734,H1,train,655,0,16.59164,-0.39607754,-27.97518893355219
XCV17733,H1,train,655,0,16.59164,-0.39607754,-27.97518893355219
XCV17732,H1,val,655,0,16.59164,-0.39607754,-27.97518893355219
XCV17729,H1,train,661,0,14.109806,-2.6941516,-3.6150051446916684
XCV17728,H1,train,661,0,14.37175,-2.796747,-2.725068146210356
XCV17727,H1,train,661,0,14.109806,-2.6941516,-3.6150051446916684
XCV17726,H1,test,661,0,14.37175,-2.796747,-2.725068146210356
XCV17724,H1,test,660,0,11.852782,-4.608927,-30.151667907058012
XCV17722,H1,test,660,0,11.852782,-4.608927,-30.151667907058012
XCV17720,H1,train,660,0,11.852782,-4.608927,-30.151667907058012
XCV17719,H1,train,662,0,17.09068,-0.14337815,-26.60974530511122
XCV17718,H1,train,662,0,17.09068,-0.14337815,-26.60974530511122
XCV17717,H1,test,662,0,17.088232,-0.18209113,-27.764055106050968
XCV17716,H1,test,663,0,17.829264,-1.8902378,-3.0625208466207194
XCV17713,H1,val,663,0,17.829264,-1.8902378,-3.0625208466207194
XCV17706,H1,val,662,0,16.920967,-0.88972986,-28.539744420018394
XCV17705,H1,val,662,0,16.920967,-0.88972986,-28.539744420018394
XCV17704,H1,train,662,0,16.920967,-0.88972986,-28.539744420018394
XCV17703,H1,train,662,0,16.920967,-0.88972986,-28.539744420018394
XCV17701,H1,train,664,0,14.839581,-2.9852138,-6.0444491550559984
XCV17697,H1,test,664,0,13.12799,-1.1981803,-4.743377156976759
XCV17696,H1,train,664,0,12.86041,-3.446414,-4.839618264507885
XCV17694,H1,test,664,0,12.86041,-3.446414,-4.839618264507885
XCV17693,H1,train,664,0,14.839581,-2.9852138,-6.0444491550559984
XCV17692,H1,train,664,0,12.86041,-3.446414,-4.839618264507885
XCV17691,H1,train,664,0,12.86041,-3.446414,-4.839618264507885
XCV17690,H1,train,664,0,13.12799,-1.1981803,-4.743377156976759
XCV17683,H1,train,662,0,17.088232,-0.18209113,-27.764055106050968
XCV17682,H1,train,662,0,17.088232,-0.18209113,-27.764055106050968
XCV17681,H1,val,662,0,17.088232,-0.18209113,-27.764055106050968
XCV17680,H1,train,662,0,17.088232,-0.18209113,-27.764055106050968
XCV17679,H1,train,664,0,12.339095,-3.8654878,-6.251106963696292
XCV17678,H1,test,664,0,12.339095,-3.8654878,-6.251106963696292
XCV17677,H1,train,660,0,9.3787985,-7.015781,-34.08355616226941
XCV17674,H1,val,664,0,13.904303,-2.42958,-4.348607671848345
XCV17668,H1,val,825,0,11.9994955,-10.28688,-12.591204181138751
XCV17667,H1,test,113,1,19.452427,-3.1288369,3.6367628765514066
XCV17666,H1,train,113,1,19.452427,-3.1288369,3.6367628765514066
XCV17665,H1,train,113,1,19.452427,-3.1288369,3.6367628765514066
XCV17664,H1,train,72,0,18.286657,-3.3044817,-2.8431287604378266
XCV17660,H1,train,171,0,18.864548,-1.3331416,-7.462525835612729
XCV17659,H1,train,113,1,19.288456,-3.1547124,3.66184783524856
XCV17658,H1,train,113,1,19.512268,-2.970417,4.61155730036233
XCV17657,H1,train,113,1,19.288456,-3.1547124,3.66184783524856
XCV17656,H1,train,113,1,19.512268,-2.970417,4.61155730036233
XCV17652,H1,train,665,0,10.054591,-5.2567506,-33.912961525137455
XCV17650,H1,test,665,0,10.054591,-5.2567506,-33.912961525137455
XCV17649,H1,train,172,0,19.599403,-2.3848245,-6.951036581892181
XCV17644,H1,train,72,0,18.286657,-3.3044817,-2.8431287604378266
XCV17643,H1,train,72,0,18.286657,-3.3044817,-2.8431287604378266
XCV17642,H1,train,171,0,18.864548,-1.3331416,-7.462525835612729
XCV17641,H1,train,171,0,18.864548,-1.3331416,-7.462525835612729
XCV17639,H1,train,665,0,10.054591,-5.2567506,-33.912961525137455
XCV17638,H1,test,172,0,19.599403,-2.3848245,-6.951036581892181
XCV17637,H1,train,172,0,19.599403,-2.3848245,-6.951036581892181
XCV17635,H1,train,665,0,10.054591,-5.2567506,-33.912961525137455
XCV17632,H1,train,173,0,15.763154,-3.0937257,-7.104537088684976
XCV17631,H1,test,173,0,15.763154,-3.0937257,-7.104537088684976
XCV17629,H1,train,173,0,15.763154,-3.0937257,-7.104537088684976
XCV17628,H1,val,173,0,15.763154,-3.0937257,-7.104537088684976
XCV17626,H1,train,666,0,7.4529767,-7.081223,-37.01870095599212
XCV17625,H1,test,72,0,18.59516,-3.4395182,-3.915727863621786
XCV17624,H1,train,666,0,7.4529767,-7.081223,-37.01870095599212
XCV17623,H1,train,666,0,7.4529767,-7.081223,-37.01870095599212
XCV17622,H1,train,173,0,15.763154,-3.0937257,-7.104537088684976
XCV17621,H1,train,72,0,18.59516,-3.4395182,-3.915727863621786
XCV17620,H1,train,72,0,18.59516,-3.4395182,-3.915727863621786
XCV17618,H1,train,173,0,15.763154,-3.0937257,-7.104537088684976
XCV17616,H1,train,173,0,15.763154,-3.0937257,-7.104537088684976
XCV17615,H1,train,173,0,15.763154,-3.0937257,-7.104537088684976
XCV17612,H1,train,666,0,7.8608985,-6.115629,-35.97615604403013
XCV17610,H1,train,173,0,15.763154,-3.0937257,-7.104537088684976
XCV17609,H1,train,173,0,15.763154,-3.0937257,-7.104537088684976
XCV17608,H1,train,174,0,19.050682,0.2757162,-17.047837705875168
XCV17605,H1,train,174,0,19.050682,0.2757162,-17.047837705875168
XCV17602,H1,val,175,0,17.535238,-4.24878,-8.41200495154893
XCV17598,H1,train,174,0,19.13208,-0.7136715,-17.92370146727216
XCV17595,H1,val,174,0,19.13208,-0.7136715,-17.92370146727216
XCV17594,H1,train,666,0,7.4529767,-7.081223,-37.01870095599212
XCV17591,H1,train,666,0,7.2769065,-7.129767,-36.86052368929493
XCV17590,H1,train,176,0,23.086432,3.0263476,-23.16224710708149
XCV17588,H1,train,177,0,18.579445,-0.7314605,-16.973939785817876
XCV17587,H1,train,175,0,17.535238,-4.24878,-8.41200495154893
XCV17586,H1,test,175,0,17.535238,-4.24878,-8.41200495154893
XCV17583,H1,train,175,0,18.041798,-3.3856192,-7.7105721164026715
XCV17582,H1,train,178,0,21.05552,-0.7929978,-6.627594198644179
XCV17581,H1,test,175,0,18.5042,-3.427285,-8.599085783709182
XCV17580,H1,test,175,0,18.5042,-3.427285,-8.599085783709182
XCV17579,H1,train,175,0,18.5042,-3.427285,-8.599085783709182
XCV17578,H1,val,175,0,18.5042,-3.427285,-8.599085783709182
XCV17577,H1,train,175,0,17.577324,-3.9181845,-7.589809553417949
XCV17576,H1,train,611,0,9.473941,-6.5942216,-30.598412925293957
XCV17575,H1,train,179,0,19.923317,-1.1373669,-19.52035562212574
XCV17574,H1,train,839,0,11.780295,-6.139787,-25.015561899533687
XCV17573,H1,train,176,0,19.487741,-0.9093272,-19.50771793422203
XCV17572,H1,train,667,0,10.056422,-5.4816046,-32.076551878294886
XCV17571,H1,train,179,0,18.286114,-3.749304,-19.249905699354827
XCV17570,H1,val,179,0,19.504116,-1.0849066,-18.75611635142171
XCV17569,H1,train,667,0,8.239205,-7.682137,-30.22921058194737
XCV17568,H1,val,176,0,20.712582,-0.5588554,-17.48670469022275
XCV17567,H1,test,179,0,19.32949,-1.8772731,-18.768848987145994
XCV17566,H1,train,179,0,19.413788,-1.4067796,-19.319572988274224
XCV17565,H1,val,668,0,9.570818,-7.12122,-29.73538164329905
XCV17564,H1,train,180,0,19.366934,-2.7540061,-4.9304272988824795
XCV17563,H1,train,669,0,9.540151,-7.175971,-31.460372713444016
XCV17562,H1,train,181,0,16.576607,-5.1826706,-2.9484188371487754
XCV17560,H1,train,182,0,15.984717,-3.5447261,-2.479920251876889
XCV17559,H1,train,611,0,9.236596,-7.051628,-31.038328634141784
XCV17558,H1,test,183,0,19.18284,-3.0686252,-3.940155172299818
XCV17557,H1,train,183,0,18.77201,-3.3103518,-1.8613207006874024
XCV17556,H1,train,183,0,18.77201,-3.3103518,-1.8613207006874024
XCV17555,H1,train,611,0,9.473941,-6.5942216,-30.598412925293957
XCV17554,H1,train,181,0,16.576607,-5.1826706,-2.9484188371487754
XCV17553,H1,train,183,0,18.77201,-3.3103518,-1.8613207006874024
XCV17552,H1,train,183,0,18.86969,-2.8617318,-2.6620967220223477
XCV17551,H1,train,611,0,9.236596,-7.051628,-31.038328634141784
XCV17550,H1,val,611,0,9.236596,-7.051628,-31.038328634141784
XCV17549,H1,train,183,0,18.86969,-2.8617318,-2.6620967220223477
XCV17548,H1,val,184,0,18.528158,-3.5318124,-2.552760694379831
XCV17543,H1,train,183,0,18.918541,-2.80522,-2.944169236839061
XCV17542,H1,train,183,0,18.918541,-2.80522,-2.944169236839061
XCV17541,H1,train,611,0,8.790191,-7.040627,-28.357086169687165
XCV17540,H1,test,611,0,8.790191,-7.040627,-28.357086169687165
XCV17539,H1,test,611,0,8.790191,-7.040627,-28.357086169687165
XCV17538,H1,train,611,0,8.977542,-7.154633,-29.856524426904734
XCV17537,H1,train,185,0,16.025879,-1.3509867,-1.9386621826870307
XCV17536,H1,train,185,0,16.025879,-1.3509867,-1.9386621826870307
XCV17535,H1,test,185,0,16.025879,-1.3509867,-1.9386621826870307
XCV17534,H1,test,611,0,8.790191,-7.040627,-28.357086169687165
XCV17533,H1,train,183,0,18.918541,-2.80522,-2.944169236839061
XCV17532,H1,train,185,0,16.025879,-1.3509867,-1.9386621826870307
QDH26117,H1,train,186,0,16.959496,-1.952606,-18.711751485936862
QDH12016,H1,train,8,0,17.38256,-2.2225988,-13.67889537075284
QDH12004,H1,test,8,0,17.31091,-1.8860779,-14.835605230004017
XCB11815,H1,train,87,1,19.031502,-3.4109013,4.43879334254934
XCB11814,H1,train,87,1,19.031502,-3.4109013,4.43879334254934
XCB07764,H1,train,10,0,12.022797,-7.076035,-8.169489575394069
XBA05588,H1,train,54,0,18.651741,-2.7434251,-4.5038998818131475
XBA05456,H1,train,54,0,22.09729,1.377942,-14.739627288632027
WZE57314,H1,train,32,0,19.611107,-1.3841834,-4.907064461039974
WZE57303,H1,train,32,0,19.611107,-1.3841834,-4.907064461039974
WZE57292,H1,val,32,0,19.611107,-1.3841834,-4.907064461039974
WZE57281,H1,train,32,0,19.679697,-1.7689123,-8.333048606968068
WZE57270,H1,train,32,0,19.679697,-1.7689123,-8.333048606968068
WZE57259,H1,train,32,0,19.227089,-1.3689378,-5.48659709844347
WZE57248,H1,train,32,0,19.328526,-1.3300667,-7.526477892971073
WZE57237,H1,train,68,0,19.259304,-1.3374836,-5.02996678102393
WZE57226,H1,train,32,0,18.956856,-1.6681957,-5.182695109938084
WZE57215,H1,val,32,0,19.227089,-1.3689378,-5.48659709844347
WZE57204,H1,train,32,0,19.227089,-1.3689378,-5.48659709844347
WZE57193,H1,test,32,0,18.503206,-1.1100092,-9.315490174713648
WZE57182,H1,val,32,0,19.611107,-1.3841834,-4.907064461039974
WZE57171,H1,train,187,0,19.769373,-1.1965365,-0.36723588913785754
WZE57160,H1,train,188,0,19.72588,-0.59607965,0.18185492068359288
WZE57149,H1,train,32,0,19.227089,-1.3689378,-5.48659709844347
WZE57138,H1,test,32,0,19.227089,-1.3689378,-5.48659709844347
WZE57127,H1,train,32,0,19.266788,-1.6746993,-5.278926004056885
WZE57116,H1,train,32,0,18.503206,-1.1100092,-9.315490174713648
WZE57105,H1,train,32,0,19.227089,-1.3689378,-5.48659709844347
WZE57094,H1,train,54,0,19.18699,-1.6555467,-5.234897323509999
WZE57083,H1,val,68,0,19.178741,-1.2236426,-5.463415791095565
WZE57072,H1,train,64,0,19.250538,-1.3339931,-5.6385383062102346
WZE57061,H1,train,32,0,19.227089,-1.3689378,-5.48659709844347
WZE57050,H1,train,64,0,19.250538,-1.3339931,-5.6385383062102346
WZE57039,H1,train,54,0,19.065155,-1.6661348,-5.271795409676759
WZE57028,H1,train,54,0,19.18699,-1.6555467,-5.234897323509999
WZE57017,H1,train,6,0,19.25304,-1.5121317,-6.381512878465866
WZE57006,H1,test,6,0,19.25304,-1.5121317,-6.381512878465866
WZE56995,H1,train,32,0,19.076122,-1.9329711,-5.469991054823235
WZE56986,H1,train,32,0,19.266788,-1.6746993,-5.278926004056885
WZE56975,H1,train,54,0,18.616718,-2.1473813,-6.174290790959811
WZE56964,H1,train,64,0,19.250538,-1.3339931,-5.6385383062102346
WZE56953,H1,train,54,0,19.039043,-1.8568604,-6.0849490949630685
WZE56942,H1,train,54,0,19.039043,-1.8568604,-6.0849490949630685
WZE56931,H1,train,54,0,19.039043,-1.8568604,-6.0849490949630685
WZE56920,H1,train,34,1,19.907307,-0.57955533,1.0950270140789815
WZE56909,H1,train,54,0,19.039043,-1.8568604,-6.0849490949630685
WZE56898,H1,test,54,0,19.039043,-1.8568604,-6.0849490949630685
WZE56887,H1,train,32,0,19.227089,-1.3689378,-5.48659709844347
WZE56876,H1,train,32,0,19.292995,-1.9178822,-6.871773451137431
WZE56865,H1,train,32,0,19.292995,-1.9178822,-6.871773451137431
WZE56854,H1,train,32,0,19.227089,-1.3689378,-5.48659709844347
WZE56843,H1,train,32,0,19.227089,-1.3689378,-5.48659709844347
WZE56832,H1,train,64,0,19.356659,-1.4718125,-5.160322881867792
WZE56821,H1,train,51,0,20.063335,-0.6929309,0.17735433401896117
WZE56810,H1,train,66,0,20.304121,-1.0047504,-0.7515892570345493
WZE56799,H1,val,32,0,19.038683,-1.6825869,-4.7473344865369835
WZE56788,H1,test,32,0,19.377457,-1.0572481,-5.138864938068638
WZE56777,H1,train,36,1,19.745874,-1.4404266,1.6212315164248725
WZE56766,H1,test,32,0,19.611107,-1.3841834,-4.907064461039974
WZE56755,H1,train,6,0,19.652634,-1.0155841,-7.933946878264768
WZE56744,H1,test,32,0,18.701862,-1.6645819,-4.243306852054088
WZE56733,H1,train,51,0,19.69046,-0.92062896,-1.291419343275086
WZE56722,H1,train,51,0,19.69046,-0.92062896,-1.291419343275086
WZE56711,H1,test,32,0,18.701862,-1.6645819,-4.243306852054088
WZE56700,H1,train,32,0,19.509354,-1.4403019,-5.814440949043429
WZE56689,H1,train,32,0,19.195724,-1.3988963,-6.066789774725999
WZE56678,H1,train,32,0,19.266788,-1.6746993,-5.278926004056885
WZE56667,H1,train,62,0,19.128067,-1.583385,-4.794857547414395
WZE56656,H1,val,62,0,19.128067,-1.583385,-4.794857547414395
WZE56645,H1,train,32,0,19.116375,-1.8058612,-5.258771597618301
WZE56634,H1,train,54,0,19.107063,-1.612809,-7.585285979484583
WZE56623,H1,test,54,0,19.107063,-1.612809,-7.585285979484583
WZE56612,H1,train,54,0,19.253567,-1.4157547,-5.433029629450626
WZE56601,H1,train,32,0,19.51094,-1.361123,-5.019492549088598
WZE56590,H1,train,64,0,19.250538,-1.3339931,-5.6385383062102346
WZE56579,H1,train,64,0,19.250538,-1.3339931,-5.6385383062102346
WZE56568,H1,train,54,0,18.884119,-2.7761283,-6.634607149156958
WZE56557,H1,train,54,0,19.039043,-1.8568604,-6.0849490949630685
WZE56546,H1,train,32,0,19.266788,-1.6746993,-5.278926004056885
WZE56534,H1,train,36,1,19.757893,-1.6817956,1.7739357590767124
WZE56524,H1,train,69,0,19.92503,-1.0616497,-6.143977009184145
WZE56513,H1,test,69,0,19.92503,-1.0616497,-6.143977009184145
WZE56502,H1,train,36,1,19.862082,-1.4150636,1.7190468650865949
WZE56491,H1,test,64,0,19.687292,-1.0367913,-5.965973202892373
WZE56480,H1,train,32,0,18.701862,-1.6645819,-4.243306852054088
WZE56469,H1,val,36,1,19.535387,-1.5682414,1.5541428069368077
WZE56458,H1,train,36,1,19.757893,-1.6817956,1.7739357590767124
WZE56447,H1,val,64,0,19.250538,-1.3339931,-5.6385383062102346
WZE56436,H1,train,32,0,19.239103,-1.1040685,-4.8950500315150975
WZE56425,H1,train,32,0,19.239103,-1.1040685,-4.8950500315150975
WZE56414,H1,val,64,0,19.250538,-1.3339931,-5.6385383062102346
WZE56403,H1,train,64,0,19.250538,-1.3339931,-5.6385383062102346
WZE56394,H1,val,54,0,19.18699,-1.6555467,-5.234897323509999
WZE56383,H1,train,64,0,19.132326,-1.523459,-4.69152407132832
WZE56372,H1,test,32,0,19.227089,-1.3689378,-5.48659709844347
WZE56361,H1,train,32,0,19.611107,-1.3841834,-4.907064461039974
WZE56350,H1,val,54,0,19.18699,-1.6555467,-5.234897323509999
WZE56339,H1,train,6,0,19.548122,-0.9548267,-7.7905213313980415
WZE56328,H1,train,65,0,18.918522,-2.1502101,-2.0485566700766
WZE56317,H1,train,54,0,19.18699,-1.6555467,-5.234897323509999
WZE56306,H1,train,54,0,19.18699,-1.6555467,-5.234897323509999
WZE56295,H1,train,64,0,19.250538,-1.3339931,-5.6385383062102346
WZE56284,H1,train,32,0,18.701862,-1.6645819,-4.243306852054088
WZE56273,H1,train,32,0,19.789108,-1.0280887,-4.997569513015698
WZE56262,H1,train,69,0,19.24588,-1.1925839,-4.992796836657117
WZE56251,H1,train,35,0,19.495747,-1.5575727,-2.5805444572086547
WZE56240,H1,train,54,0,19.010464,-1.8100193,-6.638611769647412
WZE56229,H1,train,64,0,19.250538,-1.3339931,-5.6385383062102346
WZE56218,H1,train,64,0,19.250538,-1.3339931,-5.6385383062102346
WZE56210,H1,test,32,0,18.701862,-1.6645819,-4.243306852054088
WZE56199,H1,train,32,0,18.701862,-1.6645819,-4.243306852054088
WZE56188,H1,train,32,0,19.227089,-1.3689378,-5.48659709844347
WZE56177,H1,val,36,1,19.188667,-2.7001555,-1.5619731682699989
WZE56166,H1,val,36,1,19.757893,-1.6817956,1.7739357590767124
WZE56155,H1,train,66,0,20.38469,-0.98057604,-1.0128048753370003
WZE56144,H1,test,34,1,19.877895,-0.8450564,2.0522610722025707
WZE56133,H1,train,32,0,19.611107,-1.3841834,-4.907064461039974
WZE56122,H1,train,32,0,19.268997,-1.5294335,-5.539492853774992
WZE56111,H1,train,66,0,19.596737,-1.7250165,-2.5769575832845373
WZE56100,H1,train,65,0,18.245842,-2.3240068,-3.384639665059586
WZE56089,H1,train,66,0,20.025927,-0.5615096,-2.1479003330818163
WZE56078,H1,train,69,0,19.549973,-1.0271703,-4.512943530412453
WZE56067,H1,train,69,0,19.549973,-1.0271703,-4.512943530412453
WZE56056,H1,train,32,0,18.513515,-1.270298,-4.599308474079814
WZE56045,H1,train,54,0,19.37016,-1.1687362,-4.111243811011741
WZE56034,H1,train,32,0,19.266788,-1.6746993,-5.278926004056885
WZE56023,H1,train,54,0,19.039043,-1.8568604,-6.0849490949630685
WZE56012,H1,train,36,1,19.745874,-1.4404266,1.6212315164248725
WZE56001,H1,train,32,0,18.88515,-1.8766298,-5.439640529734989
WZE55990,H1,train,36,1,19.757893,-1.6817956,1.7739357590767124
WZE55979,H1,train,36,1,19.757893,-1.6817956,1.7739357590767124
WZE55968,H1,train,32,0,18.88515,-1.8766298,-5.439640529734989
WZE55957,H1,val,36,1,19.757893,-1.6817956,1.7739357590767124
WZE55948,H1,val,36,1,19.757893,-1.6817956,1.7739357590767124
WZE55937,H1,test,54,0,17.836393,-0.53733194,-5.751303965772625
WZE55926,H1,train,65,0,19.187244,-2.4228904,-4.723538044849722
WZE55915,H1,train,65,0,19.187244,-2.4228904,-4.723538044849722
WZE55904,H1,train,64,0,19.250538,-1.3339931,-5.6385383062102346
WZE55893,H1,train,64,0,19.250538,-1.3339931,-5.6385383062102346
WZE55882,H1,test,64,0,19.250538,-1.3339931,-5.6385383062102346
WZE55871,H1,test,64,0,19.778801,-1.1557529,-6.091902565838121
WZE55860,H1,test,32,0,19.611107,-1.3841834,-4.907064461039974
WZE55849,H1,test,64,0,19.250538,-1.3339931,-5.6385383062102346
WZE55838,H1,train,64,0,19.250538,-1.3339931,-5.6385383062102346
WZE55827,H1,train,32,0,19.227089,-1.3689378,-5.48659709844347
WZE55816,H1,train,32,0,19.227089,-1.3689378,-5.48659709844347
WZE55805,H1,train,32,0,19.180374,-1.515747,-5.887398615149476
WZE55794,H1,train,32,0,19.227089,-1.3689378,-5.48659709844347
WZE55783,H1,train,32,0,19.227089,-1.3689378,-5.48659709844347
WZE55772,H1,train,32,0,19.266788,-1.6746993,-5.278926004056885
WZE55761,H1,train,54,0,19.039043,-1.8568604,-6.0849490949630685
WZE55750,H1,train,36,1,19.757893,-1.6817956,1.7739357590767124
WZE55739,H1,val,54,0,19.18699,-1.6555467,-5.234897323509999
WZE55728,H1,val,32,0,18.701862,-1.6645819,-4.243306852054088
WZE55717,H1,train,32,0,19.266788,-1.6746993,-5.278926004056885
WZE55706,H1,train,70,0,20.17315,-1.2964112,-3.8102625847189273
WZE55695,H1,test,32,0,19.075375,-1.1569271,-6.605215008578483
WZE55684,H1,test,32,0,18.50231,-2.1905634,-7.857465374234732
WZE55673,H1,val,64,0,19.250538,-1.3339931,-5.6385383062102346
WZE55662,H1,train,66,0,19.884773,-1.3636595,-2.1479523025039864
WZE55651,H1,train,6,0,19.25304,-1.5121317,-6.381512878465866
WZE55640,H1,train,32,0,19.227089,-1.3689378,-5.48659709844347
WZE55629,H1,val,32,0,19.227089,-1.3689378,-5.48659709844347
WZE55618,H1,test,64,0,19.250538,-1.3339931,-5.6385383062102346
WZE55607,H1,train,64,0,19.060476,-1.6712614,-5.808512586276267
WZE55596,H1,train,64,0,19.060476,-1.6712614,-5.808512586276267
WZE55585,H1,train,32,0,19.266788,-1.6746993,-5.278926004056885
WZE55574,H1,train,32,0,19.266788,-1.6746993,-5.278926004056885
WZE55563,H1,test,36,1,19.757893,-1.6817956,1.7739357590767124
WZE55552,H1,train,64,0,19.40107,-1.013014,-5.293563253652812
WZE55541,H1,train,54,0,19.37016,-1.1687362,-4.111243811011741
WZE55530,H1,train,36,1,19.757893,-1.6817956,1.7739357590767124
WZE55519,H1,train,32,0,19.227089,-1.3689378,-5.48659709844347
WZE55508,H1,train,66,0,20.208843,-2.0827553,-1.0804897757903689
WZE55497,H1,train,66,0,20.208843,-2.0827553,-1.0804897757903689
WZE55486,H1,test,36,1,19.329754,-1.8342693,2.201322895219816
WZE55475,H1,train,32,0,18.701862,-1.6645819,-4.243306852054088
WZE55464,H1,train,32,0,18.75183,-1.9823639,-4.036335661605026
WZE55453,H1,train,32,0,19.266788,-1.6746993,-5.278926004056885
WZE55442,H1,train,32,0,19.266788,-1.6746993,-5.278926004056885
WZE55431,H1,train,32,0,19.03658,-1.2514436,-5.626699392473631
WZE55420,H1,train,32,0,19.03658,-1.2514436,-5.626699392473631
WZE55409,H1,train,64,0,19.82468,-1.5231519,-6.073823104635758
WZE55398,H1,test,64,0,19.754494,-0.3711221,-6.157914102854084
WZE55387,H1,train,64,0,19.250538,-1.3339931,-5.6385383062102346
WZE55376,H1,train,64,0,19.250538,-1.3339931,-5.6385383062102346
WZE55365,H1,train,64,0,19.250538,-1.3339931,-5.6385383062102346
WZE55354,H1,train,64,0,19.291683,-1.6186008,-6.1440289574305
WZE55343,H1,train,64,0,19.291683,-1.6186008,-6.1440289574305
WZE55332,H1,train,33,0,18.786383,-1.4920135,-2.6868936855779157
WZE55321,H1,test,54,0,18.783577,-2.7913284,-4.261513113762229
WZE55310,H1,train,32,0,18.701862,-1.6645819,-4.243306852054088
WZE55299,H1,train,32,0,18.701862,-1.6645819,-4.243306852054088
WZE55288,H1,test,32,0,19.227089,-1.3689378,-5.48659709844347
WZE55277,H1,train,54,0,19.18699,-1.6555467,-5.234897323509999
WZE55266,H1,train,51,0,19.69046,-0.92062896,-1.291419343275086
WZE55255,H1,val,65,0,19.060907,-2.0951593,-2.8353652092403383
WZE55244,H1,train,33,0,18.964577,-1.7210389,-3.9386630925137975
WZE55233,H1,train,32,0,19.227089,-1.3689378,-5.48659709844347
WZE55222,H1,train,6,0,19.25304,-1.5121317,-6.381512878465866
WZE55211,H1,val,32,0,19.227089,-1.3689378,-5.48659709844347
WZE55200,H1,train,32,0,18.863811,-2.1827657,-6.417598232004538
WZE55189,H1,val,32,0,19.227089,-1.3689378,-5.48659709844347
WZE55178,H1,val,66,0,19.883593,-1.5973334,-3.262781864686234
WZE55167,H1,train,6,0,19.432175,-1.1162245,-8.395380266313433
WZE55156,H1,train,64,0,19.880215,-0.7633925,-7.142547315222119
WZE55145,H1,train,66,0,18.712154,-1.3634617,-1.7167532312473188
WZE55134,H1,train,32,0,19.227089,-1.3689378,-5.48659709844347
WZE55123,H1,val,32,0,19.611107,-1.3841834,-4.907064461039974
WZE55112,H1,train,32,0,19.166,-2.5597668,-6.644506103505092
WZE55101,H1,train,6,0,19.010296,-1.7404628,-5.664253223775624
WZE55090,H1,train,69,0,19.24588,-1.1925839,-4.992796836657117
WZE55079,H1,train,32,0,19.266788,-1.6746993,-5.278926004056885
WZE55068,H1,val,187,0,19.67228,-1.6986873,-3.7494633925877885
WZE55057,H1,train,66,0,20.53748,-0.6447781,-1.9508102214535317
WZE55046,H1,test,32,0,19.266788,-1.6746993,-5.278926004056885
WZE55035,H1,train,32,0,17.758217,17.752258,-34.701033974102224
WZE55024,H1,train,32,0,19.377457,-1.0572481,-5.138864938068638
WZE55013,H1,train,66,0,20.224176,-1.0761471,-2.657100688821478
WZE55002,H1,test,32,0,20.176376,-0.7344729,-5.25379014564407
WZE54991,H1,train,32,0,20.176376,-0.7344729,-5.25379014564407
WZE54981,H1,train,32,0,19.227089,-1.3689378,-5.48659709844347
WZE54970,H1,val,32,0,19.227089,-1.3689378,-5.48659709844347
WZE54959,H1,train,32,0,19.227089,-1.3689378,-5.48659709844347
WZE54948,H1,train,32,0,19.266788,-1.6746993,-5.278926004056885
WZE54937,H1,train,34,1,19.907307,-0.57955533,1.0950270140789815
WZE54926,H1,train,32,0,19.326057,-1.1224117,-3.9422346104295727
WZE54915,H1,train,51,0,19.69046,-0.92062896,-1.291419343275086
WZE54904,H1,train,32,0,19.227089,-1.3689378,-5.48659709844347
WZE54893,H1,train,32,0,19.080963,-2.0385218,-7.796752363641248
WZE54882,H1,test,54,0,19.18699,-1.6555467,-5.234897323509999
WZE54871,H1,train,64,0,19.250538,-1.3339931,-5.6385383062102346
WZE54860,H1,test,64,0,19.250538,-1.3339931,-5.6385383062102346
WZE54849,H1,val,32,0,19.266788,-1.6746993,-5.278926004056885
WZE54838,H1,train,54,0,19.62809,-1.3267438,-6.854400111432598
WZE54827,H1,test,32,0,19.604137,-2.0227444,-5.405968864822796
WZE54816,H1,test,32,0,19.201305,-1.6031022,-5.485505054878367
WZE54805,H1,train,32,0,19.266788,-1.6746993,-5.278926004056885
WZE54794,H1,train,66,0,20.080404,-1.3945265,-1.6748799090995536
WZE54783,H1,train,32,0,19.266788,-1.6746993,-5.278926004056885
WZE54772,H1,train,54,0,19.039043,-1.8568604,-6.0849490949630685
WZE54765,H1,train,64,0,19.250538,-1.3339931,-5.6385383062102346
WZE54755,H1,train,54,0,19.058884,-1.6320915,-5.319563069362989
WZE54745,H1,train,54,0,19.065155,-1.6661348,-5.271795409676759
WZE54735,H1,val,6,0,19.895885,-3.196493,-8.701967809036995
WZE54727,H1,train,32,0,19.080963,-2.0385218,-7.796752363641248
WZE54717,H1,train,32,0,18.799744,-1.1552484,-6.531749734751822
WZE54707,H1,train,32,0,19.024029,-1.2310362,-5.179441054823874
WZE54697,H1,train,54,0,19.18699,-1.6555467,-5.234897323509999
WZE54688,H1,test,32,0,19.202621,-2.4591968,-5.940743654612991
WZE54679,H1,train,69,0,19.92503,-1.0616497,-6.143977009184145
WZE54671,H1,test,35,0,19.666962,-1.6490479,-3.4074437646407087
WZE54663,H1,train,54,0,19.039043,-1.8568604,-6.0849490949630685
WZE54653,H1,train,32,0,19.184,-2.3156314,-6.717488720953016
WZE54643,H1,train,70,0,19.761456,-1.8644437,-2.4352708954349254
WZE54635,H1,train,32,0,19.227089,-1.3689378,-5.48659709844347
WZE54624,H1,val,66,0,19.770245,-1.7408023,-0.5128894533122867
WZE54617,H1,train,6,0,19.432175,-1.1162245,-8.395380266313433
WZE54607,H1,test,66,0,19.883593,-1.5973334,-3.262781864686234
WZE54597,H1,train,32,0,19.227089,-1.3689378,-5.48659709844347
WZE54588,H1,test,54,0,19.18699,-1.6555467,-5.234897323509999
WZE54578,H1,train,36,1,19.079409,-2.1706636,1.148118502457395
WZE54568,H1,test,65,0,19.06717,-2.4500628,-1.5160588129794892
WZE54558,H1,train,66,0,20.38469,-0.98057604,-1.0128048753370003
WZE54548,H1,train,32,0,19.611107,-1.3841834,-4.907064461039974
WZE54539,H1,test,36,1,19.757893,-1.6817956,1.7739357590767124
WZE54530,H1,train,64,0,20.136604,-0.4101553,-5.184135664232792
WZE54521,H1,train,54,0,18.813519,-1.9925814,-5.296163536957483
WZE54511,H1,train,32,0,18.701862,-1.6645819,-4.243306852054088
WZD33219,H1,train,54,0,19.039043,-1.8568604,-6.0849490949630685
UDV76346,H1,test,189,0,16.795624,-5.4842105,-19.98116800906793
UDV76345,H1,test,189,0,17.106516,-5.2510076,-20.104464595508198
UDV76344,H1,test,190,0,17.117134,-3.345495,-13.053267046504759
UDV76343,H1,test,190,0,16.930027,-2.8636098,-16.213881496670346
UDV76342,H1,train,189,0,16.795624,-5.4842105,-19.98116800906793
UDV76341,H1,train,191,0,18.282104,-0.27251616,-13.08224127235143
UDV76340,H1,train,191,0,16.064203,-4.7950625,-15.686255162249116
UDV76339,H1,train,191,0,16.53811,-3.1063526,-15.657166098126803
UDV76338,H1,train,191,0,16.682991,-3.2764308,-13.331197253796867
UDV76337,H1,test,190,0,17.00552,-3.6894214,-12.615779224395729
WVR18237,H1,train,670,0,15.838219,-6.2847095,-26.52531594468818
QIB02447,H1,train,671,0,16.826595,-4.408128,-19.834088030071115
WPN07623,H1,train,87,1,19.031502,-3.4109013,4.43879334254934
WPN07622,H1,train,208,1,19.020687,-3.4494197,6.165762885465435
WPN07621,H1,test,208,1,19.133968,-3.2139027,5.1132645361282005
WPN07620,H1,train,150,1,18.480299,-3.307925,1.0509037572296833
WOY09360,H1,val,192,0,18.4982,-0.29324135,-6.23687265182428
WOL41566,H1,test,193,0,-2.8097875,30.363647,-24.757555426343153
WHO43055,H1,train,32,0,19.743423,-1.423578,-4.803545488547227
WHO43018,H1,train,68,0,19.259304,-1.3374836,-5.02996678102393
WHO18970,H1,val,70,0,19.01123,-2.1769166,-5.962631554147437
WFH86284,H1,train,68,0,19.171211,-1.1867445,-5.300244175505346
WFH86237,H1,train,66,0,20.170357,-1.1674035,-1.0977887507801576
WFH86214,H1,train,68,0,19.259304,-1.3374836,-5.02996678102393
WFH86131,H1,train,68,0,18.843298,-0.37132463,-5.847138413809335
WFH86120,H1,train,66,0,20.170357,-1.1674035,-1.0977887507801576
WFH86049,H1,train,68,0,18.915932,-1.3794187,-5.728081845361508
WFH85954,H1,train,68,0,19.259304,-1.3374836,-5.02996678102393
WFH85931,H1,train,68,0,18.843298,-0.37132463,-5.847138413809335
WFH85920,H1,val,68,0,18.892365,-0.74782616,-6.41014102488332
WFH85897,H1,train,68,0,19.259304,-1.3374836,-5.02996678102393
WFH85874,H1,train,32,0,19.32074,-1.0602255,-6.908748616019381
WFH85851,H1,train,68,0,19.259304,-1.3374836,-5.02996678102393
WFH85828,H1,train,68,0,19.263815,-0.9308956,-5.398382649701687
WFH85781,H1,train,66,0,20.170357,-1.1674035,-1.0977887507801576
WFH85710,H1,train,68,0,19.32589,-1.0984111,-5.1765356163371585
WFH85699,H1,train,32,0,19.227089,-1.3689378,-5.48659709844347
WFH85688,H1,train,66,0,20.170357,-1.1674035,-1.0977887507801576
WFH85665,H1,train,32,0,19.227089,-1.3689378,-5.48659709844347
WFH85654,H1,train,32,0,19.227089,-1.3689378,-5.48659709844347
WFH85643,H1,train,66,0,20.170357,-1.1674035,-1.0977887507801576
WFH85632,H1,val,66,0,20.170357,-1.1674035,-1.0977887507801576
WFH85621,H1,train,68,0,19.161224,-1.3525591,-5.815691546502162
WFH85610,H1,train,68,0,19.57259,-1.4586585,-5.50486962348648
WFH85599,H1,train,68,0,19.57259,-1.4586585,-5.50486962348648
WFH85438,H1,train,33,0,19.106457,-1.0887283,-6.434155115788855
WFH85437,H1,test,68,0,19.259304,-1.3374836,-5.02996678102393
WFH85436,H1,train,32,0,19.227089,-1.3689378,-5.48659709844347
WFH85435,H1,train,66,0,18.405506,-0.94828206,-2.5229865360144412
WFH85357,H1,train,68,0,19.259304,-1.3374836,-5.02996678102393
WFH85356,H1,train,95,1,17.520533,-2.4345624,1.0728956259353293
WFH85311,H1,train,68,0,19.458916,-0.73166335,-5.228740671411536
WFH85310,H1,train,68,0,19.067228,-1.4194999,-5.682174832491345
WFH85273,H1,val,66,0,20.170357,-1.1674035,-1.0977887507801576
WFH85237,H1,test,68,0,19.161224,-1.3525591,-5.815691546502162
WFH85181,H1,train,66,0,19.730087,-1.1696984,-1.6222922584333794
WFH85180,H1,train,64,0,19.374302,-0.6246694,-6.491510480452478
WFH85179,H1,train,66,0,19.541397,-1.3330487,-1.7167639355880926
WFH85178,H1,train,68,0,19.259304,-1.3374836,-5.02996678102393
WFH85111,H1,train,68,0,18.966534,-1.8545418,-3.8881172327809477
WFH85110,H1,train,32,0,19.227089,-1.3689378,-5.48659709844347
WFH85109,H1,val,68,0,19.57259,-1.4586585,-5.50486962348648
WFH85108,H1,val,66,0,20.170357,-1.1674035,-1.0977887507801576
WFH85107,H1,train,68,0,19.259304,-1.3374836,-5.02996678102393
WFH84988,H1,train,68,0,19.161224,-1.3525591,-5.815691546502162
WFH84987,H1,test,68,0,19.259304,-1.3374836,-5.02996678102393
WBG53463,H1,val,194,0,13.046411,-7.2273436,-17.196380466519827
WBG53452,H1,train,195,0,16.144747,-4.9093375,-16.34368110253063
WES70816,H1,train,32,0,19.227089,-1.3689378,-5.48659709844347
WES70811,H1,val,32,0,19.227089,-1.3689378,-5.48659709844347
WDK38115,H1,train,32,0,19.438446,-0.39987758,-5.691057731895722
WDK38110,H1,train,32,0,19.257196,-1.3466709,-6.421524584848162
WBS16660,H1,train,1,1,18.304428,-2.5010402,2.375735362089319
WBS16659,H1,train,904,0,28.529196,22.336105,-31.545196082302446
WBS16658,H1,train,66,0,20.170357,-1.1674035,-1.0977887507801576
WBS16657,H1,val,66,0,20.170357,-1.1674035,-1.0977887507801576
WBS16656,H1,train,66,0,20.170357,-1.1674035,-1.0977887507801576
WBS16655,H1,train,66,0,20.170357,-1.1674035,-1.0977887507801576
WBS16654,H1,train,66,0,20.170357,-1.1674035,-1.0977887507801576
WBS16653,H1,train,66,0,20.689388,-1.0545921,-0.6502549448669299
WBP78003,H1,test,208,1,19.883127,-2.5932622,10.388504088409919
WBP78002,H1,train,87,1,19.031502,-3.4109013,4.43879334254934
WBP78001,H1,train,87,1,19.031502,-3.4109013,4.43879334254934
WBP78000,H1,val,208,1,19.020687,-3.4494197,6.165762885465435
WBP77999,H1,train,208,1,19.133968,-3.2139027,5.1132645361282005
WBP77998,H1,train,150,1,18.480299,-3.307925,1.0509037572296833
WBP77997,H1,val,208,1,18.908012,-2.9567134,3.31420513335064
WBP77996,H1,test,208,1,19.020687,-3.4494197,6.165762885465435
WBP77995,H1,train,208,1,17.392792,1.2769845,3.322536067770157
WBP77994,H1,train,208,1,21.114967,-1.0382276,6.042757675842461
WBP77993,H1,train,208,1,16.478268,-0.1381848,8.032324631158213
WBP77992,H1,val,208,1,17.641926,1.5653406,3.6739118074738695
WBP77991,H1,train,208,1,17.542662,1.1642289,4.517095313499562
WBP77990,H1,train,208,1,17.93477,-1.3326162,6.08721767901862
WBP77989,H1,train,87,1,18.842346,-3.5627496,3.677905145990886
WBP77988,H1,val,87,1,19.017988,-3.165507,3.454290581855947
WBP77987,H1,test,208,1,18.996502,-1.607312,3.3218412951635425
WBP77986,H1,val,208,1,20.718311,-1.0909611,6.551740448499492
WBP77985,H1,train,208,1,19.450375,-3.3051934,7.193229192677462
WBP77984,H1,test,208,1,20.224672,-2.035558,6.529885211254269
WBP77983,H1,test,87,1,19.013542,-3.0759027,5.101123976320055
WBP77982,H1,train,87,1,18.816696,-3.4447112,3.7772531108324916
WBP77981,H1,train,87,1,19.031502,-3.4109013,4.43879334254934
WBP77980,H1,test,208,1,19.883127,-2.5932622,10.388504088409919
WBP77979,H1,train,87,1,19.031502,-3.4109013,4.43879334254934
WBP77978,H1,train,87,1,19.031502,-3.4109013,4.43879334254934
WBP77977,H1,train,208,1,19.020687,-3.4494197,6.165762885465435
WBP77976,H1,train,208,1,19.133968,-3.2139027,5.1132645361282005
WBP77975,H1,train,150,1,18.480299,-3.307925,1.0509037572296833
WBP77974,H1,train,208,1,18.908012,-2.9567134,3.31420513335064
WBP77973,H1,train,208,1,19.080357,-3.4360878,6.226174304674318
WBP77972,H1,train,208,1,17.392792,1.2769845,3.322536067770157
WBP77971,H1,train,208,1,21.071724,-1.0384499,5.940802560031651
WBP77970,H1,test,208,1,16.478268,-0.1381848,8.032324631158213
WBP77969,H1,train,208,1,17.641926,1.5653406,3.6739118074738695
WBP77968,H1,test,208,1,17.542662,1.1642289,4.517095313499562
WBP77967,H1,train,208,1,18.003216,-1.3118603,6.189334543076482
WBP77966,H1,val,87,1,18.842346,-3.5627496,3.677905145990886
WBP77965,H1,train,87,1,19.017988,-3.165507,3.454290581855947
WBP77964,H1,train,208,1,18.996502,-1.607312,3.3218412951635425
WBP77963,H1,train,208,1,20.718311,-1.0909611,6.551740448499499
WBP77962,H1,train,208,1,19.450375,-3.3051934,7.193229192677476
WBP77961,H1,train,208,1,20.224672,-2.035558,6.529885211254269
WBP77960,H1,test,87,1,19.013542,-3.0759027,5.101123976320055
WBP77959,H1,train,87,1,18.816696,-3.4447112,3.7772531108324916
WBP77958,H1,train,87,1,19.031502,-3.4109013,4.43879334254934
WBP77957,H1,train,208,1,19.883127,-2.5932622,10.388504088409919
WBP77956,H1,train,87,1,19.031502,-3.4109013,4.43879334254934
WBP77955,H1,train,87,1,19.031502,-3.4109013,4.43879334254934
WBP77954,H1,train,208,1,19.020687,-3.4494197,6.165762885465435
WBP77953,H1,test,208,1,19.133968,-3.2139027,5.1132645361282005
WBP77952,H1,train,150,1,18.480299,-3.307925,1.0509037572296833
WBG96000,H1,train,196,0,15.769595,0.16832088,-1.2845909198683056
WBG95998,H1,train,103,1,18.490025,-3.3172114,4.212950066005208
WBG95997,H1,train,197,0,18.819767,-1.8090997,-2.2549606214608495
WBG95994,H1,train,198,0,18.23451,-3.75265,-0.22413563222701427
WBG95993,H1,train,87,1,18.430588,-2.9165242,2.11399747422049
WBG95992,H1,train,96,0,18.509531,-3.3081133,-4.920167886550155
WBG95988,H1,train,139,0,18.233265,-4.116021,-1.7614551727211971
WBG95987,H1,test,199,0,20.229301,-2.6117067,-5.641314083247206
WBG95981,H1,train,200,0,16.724201,-2.7037013,-12.020058877487994
WBG95980,H1,train,41,1,19.3227,-0.37710765,1.170047060422208
WBG95972,H1,train,201,0,16.963894,-3.474382,-1.5115707078371425
WBG95967,H1,train,150,1,19.037418,-2.2788515,0.1518129141203044
WBG95961,H1,train,41,1,19.710941,-0.6464446,1.4173673553002466
WBG95958,H1,train,202,0,19.789597,1.3811052,-1.547899150948881
WBG95954,H1,train,203,0,19.74244,-0.7918859,-3.8251761628196324
WBG95951,H1,val,204,0,18.463173,-3.7074776,0.7423880284275839
WBG95946,H1,train,41,1,19.698349,-0.480043,0.864801639408471
WBG95944,H1,train,205,0,17.886105,-1.9355159,-5.433584457045795
WBG95937,H1,train,144,1,17.028194,-1.1036869,1.6052366964255462
WBG95934,H1,test,41,1,19.799381,-1.0058208,-0.26267374999148174
WBG95933,H1,test,96,0,18.604376,-3.212363,-1.3465383958751378
WBG95931,H1,train,95,1,18.102222,-1.9839017,2.3824144846561115
WBG95930,H1,train,95,1,17.597267,-3.7671316,1.3784244465524012
WBG95928,H1,train,203,0,19.428793,-1.3969061,-4.502465558900463
WBG95927,H1,val,95,1,17.669754,-3.7838075,1.0153180386704896
WBG95925,H1,train,113,1,19.10678,-2.5436745,1.9389611423529427
WBG95924,H1,train,206,0,15.519914,-0.6744133,-4.068167009603249
WBG95919,H1,train,150,1,18.43739,-3.1966922,1.8807535874037153
WBG95916,H1,train,113,1,18.57451,-3.3599074,2.4615516401640907
WBG95912,H1,test,1,1,16.334631,-3.9591796,-3.4964706700737125
WBG95909,H1,train,156,0,19.292654,-2.8646975,-0.33329689944833163
WBG95907,H1,val,150,1,18.433826,-3.3317826,1.2124866099184928
WBG95897,H1,train,207,0,19.845434,-1.3224657,-3.4714947760306583
WBG95890,H1,train,208,1,19.205471,-3.5429041,3.7419540488906105
WBG95886,H1,train,204,0,16.025656,-5.374518,-1.7165376353824051
WBG95883,H1,train,113,1,19.4043,-2.618812,-0.38752646166030935
WBG95878,H1,train,150,1,18.491749,-3.3176792,1.3012443679416226
WBG95875,H1,val,113,1,18.325405,-3.1327326,1.1543528739480209
WBG95873,H1,train,92,1,18.199257,-3.2306516,3.929775726711254
WBG95871,H1,train,209,0,16.628487,-2.0574882,0.21030144742785772
WBG95860,H1,train,150,1,18.321898,-2.583511,-0.07844682672014258
WBG95858,H1,train,210,0,17.320332,-1.6381648,-0.6410078090698814
WBG95855,H1,train,150,1,16.943066,-4.2960753,-0.15612686668563747
WBG95851,H1,train,211,1,19.47317,-2.6558077,-0.10562651222335795
WBG95847,H1,train,107,0,18.393051,-3.5848377,0.14641209500024033
WBG95844,H1,test,41,1,19.457674,-0.06480066,0.5047211529476741
WBG95843,H1,val,150,1,18.75593,-3.4868815,1.8726286726086183
WBG95842,H1,train,212,0,16.418972,-5.0508685,-1.3170012869301164
WBG95839,H1,test,213,0,18.204514,-0.15807822,-10.150043075583078
WBG95834,H1,train,87,1,18.430588,-2.9165242,2.11399747422049
WBG95832,H1,train,99,0,17.985273,-3.252915,-3.5130096107103057
WBG95831,H1,train,95,1,17.330025,-2.6328375,0.9421046532385571
WBG95823,H1,train,41,1,18.318577,-0.37928256,0.8421542399635911
WBG95820,H1,train,203,0,19.030226,-1.0158972,-4.383568903857547
WBG95818,H1,test,214,0,18.904457,-3.0031025,-3.9672220303094434
WBG95814,H1,test,215,0,19.144001,-2.2940154,-5.252565738146799
WBG95811,H1,train,216,0,20.048424,-1.253277,-1.8224742843756925
WBG95809,H1,train,217,0,14.263907,-5.3405128,-1.9883387982575602
WBG95808,H1,train,218,0,20.107628,-0.105064906,-2.8938619326696244
WBG95806,H1,val,204,0,18.631035,-2.833283,2.333627404705494
WBG95804,H1,train,197,0,18.819767,-1.8090997,-2.2549606214608495
WBG95801,H1,val,219,0,17.859606,-2.3689232,-4.4228916979871915
WBG95797,H1,train,92,1,18.559353,-2.475145,3.7528717507894047
WBG95796,H1,train,1,1,18.55241,-2.4168813,0.6449958497511279
WBG95794,H1,train,220,0,16.522491,-4.669241,-11.609012972081576
WBG95791,H1,val,41,1,19.885162,-0.11845014,0.6900939046823655
WBG95789,H1,train,221,0,18.35926,-3.0301783,-2.5166934888829697
WBG95783,H1,train,222,0,17.274076,-3.7857227,-2.07762601136778
WBG95780,H1,train,210,0,17.61526,-1.4896412,-0.5683871213102396
WBG95778,H1,train,203,0,19.432259,-0.7983353,-4.297984104287705
WBG95772,H1,train,197,0,18.819767,-1.8090997,-2.2549606214608495
WBG95769,H1,train,223,0,18.421484,-2.6511104,1.4354698619551822
WBG95763,H1,train,224,0,19.634165,-2.5843093,-2.3070572001220366
WBG95762,H1,test,146,0,18.502495,-3.225743,-1.5498023763368014
WBG95761,H1,train,225,0,19.07984,-2.6484802,-0.018570924007979883
WBG95759,H1,train,222,0,17.274076,-3.7857227,-2.07762601136778
WBG95754,H1,train,150,1,18.491749,-3.3176792,1.3012443679416226
WBG95748,H1,train,41,1,19.694195,-0.18278506,0.8255442711765166
WBG95746,H1,train,210,0,17.320332,-1.6381648,-0.6410078090698814
WBG95737,H1,test,226,0,19.853382,-0.93659395,-0.28287311459903286
WBG95734,H1,train,227,0,17.837751,-2.4640214,0.8133383687415527
WBG95733,H1,train,95,1,16.242168,-1.825721,2.8983786165551546
WBG95726,H1,train,228,1,19.353706,-3.8396866,0.46495196294712215
WBG95721,H1,train,103,1,18.479094,-3.5517013,4.85455511796158
WBG95717,H1,train,222,0,17.274076,-3.7857227,-2.07762601136778
WBG95716,H1,train,203,0,19.853767,-0.7418628,-3.3980772535444235
WBG95715,H1,train,95,1,18.102222,-1.9839017,2.3824144846561115
WBG95712,H1,train,150,1,18.491749,-3.3176792,1.3012443679416226
WBG95711,H1,train,113,1,19.337782,-2.9844487,3.438916973750743
WBG95709,H1,train,226,0,19.55444,-0.6296282,-0.055217241121797045
WBG95701,H1,test,41,1,19.748293,-0.5659165,-0.959033574892322
WBG95694,H1,test,210,0,17.61526,-1.4896412,-0.5683871213102396
WBG95691,H1,train,113,1,19.452427,-3.1288369,3.6367628765514066
WBG95687,H1,val,41,1,19.827671,-0.13475725,0.6412934446156573
WBG95679,H1,train,95,1,18.29191,-1.7842209,2.545833944331319
WBG95676,H1,val,215,0,19.005278,-2.3730872,-5.56350411926886
WBG95675,H1,train,3,0,19.22744,0.5926036,-0.8477836985820257
WBG95671,H1,test,41,1,19.694195,-0.18278506,0.8255442711765166
WBG95670,H1,train,218,0,20.107628,-0.105064906,-2.8938619326696244
WBG95669,H1,train,203,0,19.858124,-0.6645977,-3.300512299575324
WBG95667,H1,val,150,1,18.7716,-3.110954,0.9282439404710079
WBG95665,H1,train,229,0,18.417866,-1.6039732,-0.06331326278733762
WBG95663,H1,train,144,1,16.993034,-2.5894701,2.890827213951667
WBG95656,H1,train,203,0,19.782276,-0.64441186,-3.4933410175173645
WBG95654,H1,train,204,0,18.273724,-3.3688757,1.2664611016940484
WBG95649,H1,train,226,0,18.733515,-1.0875068,-0.3183066921290596
WBG95646,H1,test,230,0,18.316473,-3.1826,3.5487618638070604
WBG95645,H1,test,231,0,18.66336,0.10957753,-2.0837355623323397
WBG95643,H1,train,95,1,17.087706,-2.7687755,2.2168999366379136
WBG95639,H1,train,232,0,18.589344,-2.8229907,-12.961255165862411
WBG95637,H1,train,95,1,17.669754,-3.7838075,1.0153180386704896
WBG95630,H1,train,233,0,17.346855,-1.8266244,-2.0285284825431145
WBG95622,H1,train,150,1,18.491749,-3.3176792,1.3012443679416226
WBG95621,H1,test,229,0,18.511492,-2.2297506,-1.6449325927604423
WBG95620,H1,train,203,0,20.473099,-0.08426041,-3.1049655323011596
WBG95619,H1,test,234,0,18.939058,-3.2380965,1.4266731381243911
WBG95615,H1,train,235,0,18.472317,-5.9634204,-0.22157117699945417
WBG95608,H1,train,95,1,18.588287,-1.564507,0.6526428567048974
WBG95607,H1,train,209,0,16.65839,-1.1499718,-0.4003158532320352
WBG95606,H1,train,236,0,16.855526,-4.6486793,-6.962387461194712
WBG95605,H1,train,237,0,19.089338,-1.8197179,-8.636502053018866
WBG95604,H1,train,208,1,19.261162,-3.6424553,5.815279938253232
WBG95586,H1,train,238,0,17.596237,-1.153663,-0.94849156709118
WBG95580,H1,val,239,0,17.86662,-4.127143,-3.3032971245894256
WBG95574,H1,train,99,0,17.985273,-3.252915,-3.5130096107103057
WBG95572,H1,train,41,1,19.173183,-0.5741712,0.029284742429460664
WBG95558,H1,train,41,1,20.354626,0.9385764,-0.625905166010714
WBG95553,H1,train,144,1,16.19352,-2.5399659,1.1626695064664663
WBG95549,H1,train,95,1,14.317589,-4.99507,2.6796882285525943
WBG95548,H1,val,113,1,18.111837,-4.43302,-5.982966780310566
WBG95547,H1,test,113,1,16.97629,-3.1131542,-0.0369089355364185
WBG95544,H1,test,218,0,17.16798,0.3540733,-4.281892588286924
WBG95538,H1,train,197,0,18.819767,-1.8090997,-2.2549606214608495
WBG95535,H1,train,41,1,19.337303,-0.09756083,0.8156942538768153
WBG95532,H1,test,240,0,16.399355,-0.43738085,1.8608574313477355
WBG95527,H1,test,236,0,18.103518,-4.537339,-7.76465780474912
WBG95524,H1,val,234,0,17.876053,-3.749296,-1.4157416171801476
WBG95522,H1,train,241,0,19.45864,-4.1670146,-0.1590131489168094
WBG95520,H1,train,242,0,20.13749,-2.606107,-1.3250939775781827
WAZ55127,H1,val,878,0,14.917266,5.0601764,-24.543693986592046
UXC94675,H1,train,208,1,17.93477,-1.3326162,6.08721767901862
UXC94674,H1,train,87,1,18.356867,-1.7430658,3.9408455092797343
UXC94673,H1,train,87,1,19.67971,-1.7537206,6.364367951115492
UXC94672,H1,train,208,1,22.383495,0.29682797,3.751594863912471
UXC94671,H1,test,208,1,18.288177,3.929164,0.048408458750994754
UXC94670,H1,train,208,1,20.447353,-1.3621436,2.801731335674523
UXC94669,H1,train,208,1,20.743076,-1.5889229,5.71134312193462
UXC94668,H1,val,208,1,18.711817,-3.2940238,3.0892302387521493
UXC94667,H1,train,87,1,18.505955,-2.8569272,3.621119329965948
UXC94666,H1,train,87,1,17.94334,-3.3829741,3.4651525633533335
UXC94665,H1,train,208,1,18.519592,-3.4199562,3.9880402323289186
UXC94664,H1,test,208,1,18.585701,-3.2390106,2.7568867748250963
UXC94663,H1,val,208,1,19.991867,-2.7174747,7.39841781723805
UXC94662,H1,test,103,1,18.579948,-3.2315397,5.757822630613008
UXC94661,H1,train,208,1,19.367237,-3.2125075,9.46177044580074
UXC94660,H1,train,208,1,18.842346,-3.5627496,3.677905145990886
UXC94659,H1,test,208,1,18.585701,-3.2390106,2.7568867748250963
UXC94658,H1,train,902,0,25.32909,10.474597,-2.7170886592838492
UXC94657,H1,train,208,1,19.031502,-3.4109013,4.43879334254934
UXC94656,H1,train,208,1,19.20118,-2.4495785,6.77474674875984
UXC94655,H1,train,208,1,19.031502,-3.4109013,4.43879334254934
UWY17006,H1,train,113,1,20.602215,-2.1489396,7.722412715914457
UWY17005,H1,train,208,1,18.63277,-3.7305882,3.199785831278122
UWY17004,H1,train,243,0,18.836926,-2.967721,0.8919855416927565
UWY17003,H1,train,208,1,19.367237,-3.2125075,9.46177044580074
UWY17002,H1,train,208,1,19.377628,-2.6545393,7.342629173783534
UWY16824,H1,train,208,1,18.908012,-2.9567134,3.31420513335064
UWY16823,H1,train,208,1,19.080357,-3.4360878,6.226174304674318
UWY16822,H1,test,208,1,17.392792,1.2769845,3.322536067770157
UWY16821,H1,train,208,1,21.114967,-1.0382276,6.042757675842461
UWY16820,H1,test,208,1,16.478268,-0.1381848,8.032324631158213
UWY16819,H1,val,208,1,17.641926,1.5653406,3.6739118074738695
UWY16818,H1,train,208,1,17.542662,1.1642289,4.517095313499562
UWY16817,H1,train,208,1,17.93477,-1.3326162,6.08721767901862
UWY16816,H1,train,208,1,18.842346,-3.5627496,3.677905145990886
UWY16815,H1,train,208,1,19.017988,-3.165507,3.454290581855947
UWY16814,H1,val,208,1,18.996502,-1.607312,3.3218412951635425
UWY16813,H1,train,208,1,20.718311,-1.0909611,6.551740448499499
UWY16812,H1,train,208,1,19.450375,-3.3051934,7.193229192677476
UWY16811,H1,train,208,1,20.224672,-2.035558,6.529885211254269
UWY16810,H1,train,208,1,19.013542,-3.0759027,5.101123976320055
UWY16809,H1,train,208,1,18.816696,-3.4447112,3.7772531108324916
UWY16808,H1,val,208,1,19.031502,-3.4109013,4.43879334254934
UWY16807,H1,train,208,1,19.883127,-2.5932622,10.388504088409919
UWY16806,H1,train,208,1,19.031502,-3.4109013,4.43879334254934
UWY16805,H1,train,208,1,19.031502,-3.4109013,4.43879334254934
UWY16804,H1,train,208,1,19.020687,-3.4494197,6.165762885465435
UWY16803,H1,test,208,1,19.133968,-3.2139027,5.1132645361282005
UWY16802,H1,test,150,1,18.480299,-3.307925,1.0509037572296833
UWW34154,H1,train,87,1,18.586432,-2.6448295,1.3035096471294096
UWW34153,H1,train,150,1,18.589376,-2.974338,1.7056345855941348
UWW34152,H1,val,87,1,18.699295,-2.6732204,3.301967870188731
UWW34151,H1,train,87,1,18.623283,-3.220426,2.6717411773530504
UWW34150,H1,train,208,1,19.110882,-3.6188219,7.538077482100205
UWW34149,H1,test,208,1,19.031502,-3.4109013,4.43879334254934
UWW34148,H1,train,208,1,19.048912,-4.288587,5.9834639797585165
UWW34147,H1,train,208,1,19.00933,-3.18214,2.876093565920618
UWW34146,H1,test,208,1,19.020687,-3.4494197,6.165762885465435
UWW34145,H1,train,208,1,17.542679,1.1642408,4.517108537361155
UWW34144,H1,test,208,1,19.031502,-3.4109013,4.43879334254934
UWW34143,H1,train,113,1,19.147861,-3.4576793,3.8266618068523055
UWW34142,H1,train,208,1,19.031502,-3.4109013,4.43879334254934
UWW34141,H1,train,113,1,18.953337,-3.4700177,4.307624627942127
UWW34140,H1,test,208,1,19.241188,-3.61936,7.117000931462124
UWW34139,H1,train,113,1,19.147861,-3.4576793,3.8266618068523055
UWW34138,H1,train,208,1,19.031502,-3.4109013,4.43879334254934
UWW34137,H1,train,113,1,18.953337,-3.4700177,4.307624627942127
UWW34136,H1,train,208,1,19.031502,-3.4109013,4.43879334254934
UWV31774,H1,train,4,0,18.980305,-1.3419143,-10.772062728623752
UWV31773,H1,train,4,0,21.413258,1.5163004,-6.8056248943443345
UWV31772,H1,train,4,0,20.546133,-0.19310944,-9.169430171167193
UWV31771,H1,val,4,0,19.4099,-0.39447385,-2.660464080017398
UWV31770,H1,train,4,0,18.543362,-0.4766491,-5.131857287519596
UWV31769,H1,train,4,0,19.449654,-1.5910261,-2.072850383299601
UWV31768,H1,val,4,0,19.117165,-2.5922265,-7.901495866747826
UWV31767,H1,train,4,0,18.146704,-1.9683399,-2.52151326423483
UWV31766,H1,val,4,0,21.500797,1.2331715,-4.2351419165482564
UWV31765,H1,val,4,0,18.125647,6.4857507,-11.056754277978428
UWV31764,H1,test,4,0,21.500797,1.2331715,-4.2351419165482564
UWV31763,H1,test,4,0,19.478466,-2.3398468,-7.3041323926743225
UWV31762,H1,train,4,0,22.759247,3.4574413,-6.878349661240998
UWV31761,H1,train,4,0,19.874552,-1.7721169,-3.39363064734229
UWV31760,H1,train,4,0,21.053297,0.14725591,-5.990044434561657
USO97900,H1,train,244,0,17.643799,-5.233253,-13.29222499740843
USO97899,H1,val,318,0,-18.485504,0.32102007,-5.414899651964581
USO97050,H1,val,246,0,18.279669,-5.3361526,-13.611312186839596
USO97049,H1,train,319,0,-3.155171,23.830153,-6.367691601032968
USO97037,H1,test,248,0,17.535288,-4.305058,-13.263534777590026
USO97036,H1,train,320,0,-4.80222,21.729374,-9.726103448207553
UFO90101,H1,val,250,0,12.402707,8.102328,-160.89233626066516
UDL16909,H1,test,672,0,16.394184,-5.2859855,-20.119114580052667
UEF70290,H1,val,251,0,16.582047,-1.946937,-18.816856111265245
UEF70281,H1,train,251,0,16.582047,-1.946937,-18.816856111265245
AMY16096,H1,test,325,0,-11.350254,3.9654226,-26.66824661032065
ALT19980,H1,val,673,0,12.111575,-1.9113123,-33.02238629582441
ALP01920,H1,train,253,0,15.452971,-2.749945,-7.953300533528893
ALJ54615,H1,train,80,0,17.107325,-3.1887076,-2.306002825417197
QPQ50099,H1,train,254,0,17.699375,-4.1539197,-16.999020684634687
QPQ50087,H1,train,255,0,17.795229,-5.4516387,-28.718124752235987
QPQ50076,H1,train,1,1,18.524649,-2.1095486,2.5360962253281603
QPQ50065,H1,train,256,0,2.479178,-13.934153,-38.1630693750124
QPQ50053,H1,val,257,0,4.7672215,-9.010975,-37.753112491723996
QPQ50041,H1,test,258,0,17.991491,-6.206467,-21.255286184442802
QPQ50030,H1,test,259,0,13.550527,-7.4664884,-2.162297350848961
QPQ50019,H1,val,260,0,16.78194,-3.8515651,-3.40358351413788
QPQ50007,H1,train,261,0,15.373225,-3.7950923,-15.40563470260779
QPQ49995,H1,test,262,0,17.126015,-2.682666,-29.516839730454627
QPQ49984,H1,train,263,0,18.351261,-5.1012273,-19.40593789792522
QPQ49972,H1,train,264,0,16.738533,-6.4423833,-25.4245964500751
QPQ49960,H1,test,265,1,16.57891,-3.2433352,-1.3720504828846813
QPQ49948,H1,train,266,0,1.8552756,-14.225407,-39.150722859732745
QPQ49936,H1,train,267,0,17.343828,-3.340905,-25.649871854048776
QPQ49935,H1,train,268,0,17.792873,-0.2721225,-19.69340097753878
QPQ49934,H1,train,873,0,18.871153,-2.0525682,-21.26052344615163
QPQ49933,H1,train,882,0,19.650627,0.046850406,-26.68792555302074
QPQ49932,H1,train,269,0,2.5774045,-13.092782,-42.36311865327578
QPQ49931,H1,train,270,0,18.734657,-4.096723,-28.094456311949543
QPQ49930,H1,train,261,0,15.373225,-3.7950923,-15.40563470260779
QPQ49929,H1,train,261,0,15.43632,-4.3181686,-14.297611787831654
QPQ49928,H1,train,261,0,15.466781,-3.4240196,-15.78563722665889
QPQ49927,H1,train,271,0,-0.3828861,-15.510693,-38.236347448806306
QPQ49926,H1,train,272,0,16.048311,-5.780376,-21.470889468908076
QPQ49925,H1,train,273,0,3.2890446,-14.325792,-27.372259867760008
QPQ49924,H1,train,274,0,17.543732,-6.6003976,-26.81124727722961
QPQ49923,H1,train,275,0,4.3606553,-10.101549,-37.54098992828427
QPQ49922,H1,val,276,0,6.881508,-10.747661,-28.739109256958585
QPQ49921,H1,train,874,0,19.498829,-2.3664072,-19.83555790361641
QPQ49920,H1,train,261,0,15.527595,-4.146934,-15.471361968276915
QPQ49919,H1,train,277,0,-1.3414519,-14.899637,-40.87584086175999
QPQ49918,H1,train,874,0,20.705772,-1.1724862,-22.478311323076873
QPQ49917,H1,train,267,0,19.588196,-0.4843236,-29.366665747217866
QPQ49916,H1,val,875,0,18.90543,-2.0973992,-22.393936797520105
QPQ49915,H1,test,854,0,1.2345396,-12.453044,-32.80314989307325
QPQ49914,H1,train,674,0,2.8815713,-12.495952,-47.05201300539811
QPQ49913,H1,train,275,0,4.7366567,-10.27221,-38.4049840473241
QPQ49912,H1,val,278,0,3.7098892,-14.088855,-34.863989570891825
QPQ49911,H1,train,876,0,18.480915,0.13061778,-14.581871559114552
QPQ49910,H1,val,279,0,16.988277,-3.7911406,-19.58872775053144
QPQ49909,H1,train,280,0,7.267224,-10.734417,-28.225309735415372
QPQ49908,H1,train,281,0,17.40369,-4.6860557,-21.372707460676196
QPQ49907,H1,val,868,0,16.383358,-3.7875395,-3.167441657982385
QPQ49906,H1,train,282,0,18.472088,-4.619163,-26.187720539011217
QPQ49905,H1,train,282,0,18.472088,-4.619163,-26.187720539011217
QPQ49904,H1,train,871,0,2.450757,-7.2839217,-37.221354349915664
QPQ49903,H1,test,883,0,21.767822,1.0448933,-13.543188281800953
QPQ49902,H1,test,283,0,17.092186,-1.6255444,-10.90625243822243
QPQ49901,H1,train,268,0,18.662455,0.055825733,-18.517841648682094
QPQ49900,H1,train,884,0,18.304436,-0.5294363,-13.412403480143636
QPQ49899,H1,val,257,0,2.953463,-9.939622,-37.85362142114356
QPQ49898,H1,train,284,0,17.296356,-1.1928644,-14.66634300469721
QPQ49886,H1,test,271,0,-0.3828861,-15.510693,-38.236347448806306
QPQ49874,H1,train,285,0,-0.003761132,-13.632132,-47.248689285773395
BAI83396,H1,train,286,0,17.25882,-3.4795697,-20.526539221151744
BAI83395,H1,train,286,0,16.878246,-3.0753229,-22.38619810420834
BAI83388,H1,test,287,0,17.873833,-2.5707018,-5.965974165445077
QQV26769,H1,test,675,0,16.175385,-2.1550171,-19.815081713635124
ASB32474,H1,test,327,0,-13.276416,7.2560782,-4.647489290924649
QOL72093,H1,val,289,0,16.47478,-2.122451,-18.53816641450505
QOL72057,H1,test,290,0,15.838004,-4.4069667,-20.077889055850946
QOL72033,H1,train,290,0,15.948646,-3.7079134,-21.45151625167353
QOL24301,H1,train,291,0,15.258128,-4.012816,-17.96043313821574
AXO64440,H1,train,292,0,16.246326,-2.9936025,-18.62390850070892
QNH89147,H1,train,152,0,16.12982,-6.629415,-6.771610766252687
QNH89136,H1,val,293,0,15.245501,-7.5949435,-5.366631348979473
QNH89115,H1,val,293,0,15.245501,-7.5949435,-5.366631348979473
QNH89099,H1,val,577,0,15.914355,-5.057135,-21.585632473705658
QNH89089,H1,val,577,0,15.914355,-5.057135,-21.585632473705658
QNH89082,H1,test,577,0,15.914355,-5.057135,-21.585632473705658
QNH89071,H1,train,577,0,16.072609,-4.8892035,-21.794876431435103
QNH89060,H1,val,577,0,16.102085,-5.0521026,-22.045209145748323
QNH89049,H1,train,577,0,15.914355,-5.057135,-21.585632473705658
QNH89038,H1,train,577,0,16.52027,-4.916431,-23.270496345596577
QNH89027,H1,val,577,0,15.914355,-5.057135,-21.585632473705658
QNH89018,H1,train,577,0,15.914355,-5.057135,-21.585632473705658
QNH89009,H1,test,577,0,15.979402,-5.022637,-22.289521078161123
QNH88998,H1,train,577,0,17.40119,-6.2795057,-20.65690687624264
QNH88987,H1,train,577,0,15.914355,-5.057135,-21.585632473705658
QNH88976,H1,train,577,0,15.914355,-5.057135,-21.585632473705658
QNH88965,H1,train,577,0,15.914355,-5.057135,-21.585632473705658
QNH88867,H1,train,577,0,15.90682,-5.8513594,-21.8094617286135
QNH88858,H1,train,577,0,15.90682,-5.8513594,-21.8094617286135
QNH88847,H1,train,577,0,15.90682,-5.8513594,-21.8094617286135
QNH88836,H1,val,577,0,15.90682,-5.8513594,-21.8094617286135
QNH88815,H1,train,577,0,15.90682,-5.8513594,-21.8094617286135
QNH88804,H1,train,577,0,15.90682,-5.8513594,-21.8094617286135
QNH88795,H1,train,577,0,15.90682,-5.8513594,-21.8094617286135
QNH88784,H1,val,577,0,15.90682,-5.8513594,-21.8094617286135
QNH88775,H1,train,577,0,15.90682,-5.8513594,-21.8094617286135
QNH88763,H1,train,577,0,15.90682,-5.8513594,-21.8094617286135
QNH88754,H1,train,577,0,15.90682,-5.8513594,-21.8094617286135
QNH88734,H1,train,577,0,15.90682,-5.8513594,-21.8094617286135
QNH88716,H1,val,577,0,15.90682,-5.8513594,-21.8094617286135
QNH88705,H1,train,577,0,15.90682,-5.8513594,-21.8094617286135
QNH88694,H1,train,577,0,15.847053,-5.8645577,-21.840867413305702
QNH88683,H1,train,577,0,15.847053,-5.8645577,-21.840867413305702
QNH88672,H1,val,577,0,15.847053,-5.8645577,-21.840867413305702
QKS74770,H1,val,292,0,15.927402,-2.9303606,-15.718237475626777
QKS74696,H1,val,292,0,16.514578,-2.7614884,-18.550275155792356
QKS74596,H1,train,294,0,16.101486,-2.4901156,-19.238698489001866
QKX08576,H1,train,295,0,18.458786,-2.1257598,-6.340820432864772
QKX08606,H1,train,71,1,19.194185,-3.7055566,2.1616223446976637
QKX08605,H1,train,71,1,19.164852,-3.9305015,1.8869325314329561
QKX08604,H1,test,295,0,19.087952,-1.1410809,-4.408651986446282
QKX08598,H1,train,126,0,18.017113,-1.718873,-3.9984098429457706
QKX08602,H1,val,71,1,19.184687,-3.3254964,2.553446557188778
QKX08603,H1,train,71,1,19.562172,-3.414273,1.9604451650649946
QKX08587,H1,train,126,0,17.637213,-2.085713,-4.4071755962864625
QKX08601,H1,test,71,1,19.184687,-3.3254964,2.553446557188778
QKX08588,H1,train,73,1,16.396122,-3.8390887,-1.1007442564123586
QKX08586,H1,train,296,0,21.35103,-1.6289643,-16.76604344911994
QKX08585,H1,test,71,1,19.184687,-3.3254964,2.553446557188778
QKX08584,H1,train,297,0,16.520887,-3.51334,-0.336405192806259
QKX08582,H1,train,113,1,19.113293,-3.2272193,3.1201495289985512
QKX08580,H1,train,71,1,19.03453,-3.2161548,2.7228875473415837
QKX08581,H1,train,298,0,16.73138,-2.7669103,-6.470650694696241
QKX08579,H1,test,299,0,19.395788,-4.0625157,-2.6932813821668535
QKX08578,H1,train,71,1,18.945826,-3.7142575,4.55872881833468
QKX08577,H1,train,71,1,19.407364,-3.5662038,2.1462281782877763
QKX08574,H1,train,71,1,19.678165,-3.5334723,3.5407584147174074
QKX08575,H1,val,113,1,19.452427,-3.1288369,3.6367628765514066
QKX08548,H1,train,71,1,19.780766,-1.4459666,2.1567290397355485
QKX08572,H1,val,71,1,19.522419,-0.39793864,-1.0890803847851256
QKX08561,H1,val,126,0,18.714373,-2.1152065,-6.220629350437745
QKX08557,H1,test,126,0,18.16977,-1.1057084,-3.4358747851320164
QKX08547,H1,train,300,0,20.13259,-1.1053199,-2.2131139008126564
QKX08573,H1,train,301,0,19.570293,-2.1124926,-1.9731485884389635
QKX08571,H1,val,302,0,21.841192,-3.3456862,0.8613512466518749
QKX08546,H1,train,71,1,19.548054,-3.3970997,1.4138641403862433
QKX08545,H1,val,71,1,19.68555,-3.544206,2.964647230295805
QKX08543,H1,test,126,0,18.66505,-2.0461829,-6.810733064414011
QKX08544,H1,train,126,0,18.866364,-2.3071144,-7.282541929024948
QKX08532,H1,train,71,1,19.289719,-3.6064332,3.2480870580986068
QKX08533,H1,train,71,1,19.577385,-3.3140306,2.5722785805484865
QKX08531,H1,train,71,1,19.577385,-3.3140306,2.5722785805484865
QKX08530,H1,train,71,1,19.184687,-3.3254964,2.553446557188778
QKX08529,H1,train,126,0,18.850803,-2.1375656,-6.3901421366057765
QKX08527,H1,train,126,0,18.866364,-2.3071144,-7.282541929024948
QKX08526,H1,test,71,1,19.577385,-3.3140306,2.5722785805484865
QKX08525,H1,train,71,1,19.413816,-3.422169,1.9341304275643871
QKX08524,H1,val,71,1,19.562172,-3.414273,1.9604451650649946
QJI52656,H1,train,95,1,17.931465,-1.9048264,1.9479775680385334
QIZ31704,H1,test,41,1,19.472366,-0.89157826,-0.5048202201052892
QIZ31694,H1,train,41,1,19.885162,-0.11845014,0.6900939046823655
QIV14108,H1,train,95,1,18.489372,-2.0442855,2.3309465706436487
QIQ44212,H1,train,95,1,18.102222,-1.9839017,2.3824144846561115
QIA57521,H1,train,144,1,17.249844,-1.2933229,4.112589132132422
ATV88318,H1,train,303,0,-17.4308,0.8326492,-1.8232416636931195
ATV88317,H1,train,304,0,19.182495,-3.0218656,-1.4178645865615476
ATV83578,H1,train,305,0,-18.363876,0.5383888,-5.092350472832114
ATV83577,H1,test,113,1,19.263004,-3.2314703,3.629139571800591
ATJ01981,H1,train,306,0,-11.943124,1.6011086,-24.562980779089223
ATJ01980,H1,train,113,1,19.020702,-1.2628088,2.663411073887959
ASY92872,H1,train,307,0,-12.805313,6.5225196,-11.848079478465761
ASY92871,H1,val,562,0,14.303168,0.8495739,-31.20811070850374
ASJ81281,H1,train,308,0,-2.4631417,19.67253,-15.373295583563412
ASJ81280,H1,train,309,0,16.210468,-3.7649424,-19.450845622569712
ASJ81244,H1,train,308,0,-2.4631417,19.67253,-15.373295583563412
ASJ81243,H1,train,826,0,-11.062638,5.5668855,-25.73836504219884
ASJ81242,H1,train,309,0,16.210468,-3.7649424,-19.450845622569712
AQT31304,H1,val,310,0,-8.481471,6.7258844,-11.509316064355147
AQT31303,H1,test,676,0,15.920737,-1.858156,-24.554856300005593
ABU98986,H1,val,906,0,19.94616,18.47693,-47.90685855942932
QFU20133,H1,train,92,1,17.557426,-3.9256244,2.734639581312498
QEV84083,H1,test,851,0,-3.6994357,-6.21032,-17.517241829115044
BBN23844,H1,train,311,0,19.242176,-2.774319,-1.3349548362638988
BBN23843,H1,train,677,0,14.788577,-7.893318,-25.30246570932286
BBN23842,H1,test,312,0,17.972755,-3.183843,-20.612163517221674
QEE84129,H1,train,94,0,18.764317,-3.6299336,-12.101527528177817
QDR48025,H1,test,92,1,18.199257,-3.2306516,3.929775726711254
QDE05253,H1,test,144,1,17.064323,-2.2321174,1.9978539791108432
QCG82571,H1,train,1,1,18.411243,-2.3237064,2.546448567786898
QBY33566,H1,train,313,0,18.85986,-3.0817525,5.11914732361368
QBR98631,H1,train,840,0,20.1834,-2.518048,-2.305669813102032
QBR98608,H1,val,890,0,19.40337,2.1123059,-12.279764997762811
QBR98518,H1,train,314,0,18.676527,13.791761,-115.50798650486149
QBM03088,H1,val,92,1,18.199257,-3.2306516,3.929775726711254
QBL90347,H1,val,150,1,18.491749,-3.3176792,1.3012443679416226
AYA22049,H1,train,71,1,19.028915,-3.5957563,1.360337629465624
AYA22048,H1,train,71,1,19.658447,-2.9819486,2.601344114191763
AVV64955,H1,train,113,1,19.331436,-2.9176276,2.489093571106771
AVV64954,H1,train,113,1,19.316532,-1.0775846,4.278808678586261
AVV64953,H1,train,113,1,16.780642,-1.4597406,6.567332043644717
AVV64952,H1,train,113,1,19.48455,-0.830572,4.788666673202718
AVV64951,H1,train,71,1,19.29421,-1.1372811,1.6882208858982963
AVV64950,H1,train,71,1,19.494978,-3.4072196,-0.012090478694080531
AVV64949,H1,train,71,1,19.246464,-3.2661831,2.6597926297178702
AVV64948,H1,test,71,1,20.100286,-2.5160396,0.24139646862841246
AVV64947,H1,train,71,1,19.936356,-3.35687,5.336500500697243
AVV64946,H1,train,71,1,19.606304,-1.1257888,1.4498950227050607
AVV64945,H1,val,71,1,19.091537,-3.578138,1.4496642467979903
AVV64944,H1,train,71,1,18.152618,-2.6722438,1.8610801699098936
AVV64943,H1,train,71,1,17.09584,-1.1624954,1.272020284960158
AVV64942,H1,train,841,0,19.455122,-0.40113354,-0.8871565406176192
AVV64941,H1,train,841,0,20.059921,-2.4355018,0.8682464136348447
AXY81023,H1,train,208,1,19.216497,-3.6547377,3.1415982856520426
AXY80579,H1,train,208,1,19.216497,-3.6547377,3.1415982856520426
AXO64583,H1,train,292,0,16.550755,-2.6306984,-20.33125275815327
AXO64514,H1,train,292,0,16.574932,-2.6584644,-19.472463718534005
AXO63971,H1,train,315,0,17.826618,-1.3519713,-20.123520621348053
AXO63951,H1,train,315,0,17.826618,-1.3519713,-20.123520621348053
AXF93468,H1,train,87,1,18.612034,-2.9075415,2.258311114395786
AXF93440,H1,train,87,1,19.308199,-2.2726512,1.9677954696947229
AXF93428,H1,train,87,1,18.838848,-2.6119487,1.4512210825938734
AXF93419,H1,train,265,1,17.933056,-2.3067458,0.32691834691236643
AXF93417,H1,test,317,0,17.08655,-4.275056,1.885562310404337
AXF93412,H1,val,208,1,18.891392,-3.2607543,5.407903243022085
AXF93400,H1,train,208,1,19.042461,-3.45069,4.307143959585085
AXF93393,H1,train,103,1,18.759632,-2.9922695,3.754678645177828
AXF93323,H1,train,208,1,19.297815,-3.1258585,4.098053979515347
AXF92791,H1,test,87,1,18.467525,-3.387162,2.38334809627494
AWZ61801,H1,val,292,0,16.574932,-2.6584644,-19.472463718534005
AWZ61198,H1,train,292,0,16.574932,-2.6584644,-19.472463718534005
ARV89885,H1,val,678,0,15.54398,-5.8819804,-31.57438540912824
AMQ46551,H1,train,843,0,-4.2524056,-5.0626435,-32.141103495630226
AMQ26450,H1,train,318,0,15.844388,-1.8734868,-17.39062011372976
AHN00405,H1,test,319,0,16.622799,-2.4637318,-19.381306712489632
AHN00404,H1,train,844,0,-3.0665073,-4.3971972,-28.116453775580496
AHL78909,H1,train,320,0,16.842815,0.41126284,-23.68464572786324
AHL78908,H1,val,827,0,-9.813914,6.755108,-27.943372871356814
AHL78795,H1,train,828,0,-8.106498,6.37947,-32.90734386430659
AHL78794,H1,val,320,0,16.373146,-3.173815,-18.106103157774786
AHL78604,H1,train,320,0,16.373146,-3.173815,-18.106103157774786
AHL78603,H1,val,828,0,-8.106498,6.37947,-32.90734386430659
AHL78446,H1,test,320,0,16.069075,-3.135654,-18.510324966318294
AHL78445,H1,train,828,0,-8.106498,6.37947,-32.90734386430659
AHB23130,H1,train,321,0,-6.869375,6.08104,-9.464678250042532
AHB23129,H1,val,679,0,5.004389,-10.84843,-39.21436656829203
AHB21268,H1,train,322,0,-10.427203,5.2764983,-14.66454925919292
AHB21267,H1,train,323,0,14.4808655,-3.6730692,-1.7613158187167048
AGG83052,H1,train,326,0,-5.0083985,16.041447,-20.06163157019929
AGG83051,H1,test,325,0,16.084024,-2.6689448,-18.56641371397744
AGG82865,H1,train,292,0,16.10024,-2.680609,-17.916228434430046
AGG82864,H1,train,326,0,-5.1077104,15.355335,-22.63928425750528
AGG82848,H1,test,326,0,-5.1878505,15.26446,-25.69948651178172
AGG82847,H1,train,292,0,16.10024,-2.680609,-17.916228434430046
AGG27468,H1,train,292,0,16.123316,-3.0654552,-17.462380606274277
AGG27467,H1,val,845,0,-3.4754472,-4.958752,-29.43644300390548
AGG27466,H1,train,830,0,-11.098157,5.71168,-24.068234151506154
AGG26919,H1,train,849,0,10.760382,4.9059577,-42.898849611570704
AGG26918,H1,train,324,0,17.216946,-3.1434813,-14.976002536583515
AGG26904,H1,test,849,0,15.620605,8.421714,-35.55768324362755
AGG26903,H1,test,324,0,17.216946,-3.1434813,-14.976002536583515
AGG26716,H1,train,328,0,7.5318804,-0.93722904,-20.990541146050553
AGG26715,H1,train,327,0,17.066483,-2.264125,-15.811169988542996
AGG26666,H1,train,319,0,16.246414,-2.4087677,-20.4430643321721
AGG26665,H1,train,329,0,8.3533,1.4842639,-9.821562307003934
AGC73436,H1,train,831,0,-10.858644,5.685652,-28.71650116137979
AGC73435,H1,train,331,0,16.344124,-3.216622,-17.13421619432238
AGC00249,H1,val,332,0,-9.364815,8.375213,-18.625749012146663
AGC00248,H1,val,617,0,7.335654,-8.561267,-38.46850037885172
AGC00237,H1,train,332,0,-9.364815,8.375213,-18.625749012146663
AGC00236,H1,val,617,0,7.335654,-8.561267,-38.46850037885172
AGC00181,H1,train,332,0,-9.364815,8.375213,-18.625749012146663
AGC00180,H1,test,617,0,7.335654,-8.561267,-38.46850037885172
AGC00169,H1,train,617,0,7.335654,-8.561267,-38.46850037885172
AGC00168,H1,test,332,0,-9.364815,8.375213,-18.625749012146663
AGC00135,H1,train,332,0,-9.364815,8.375213,-18.625749012146663
AGC00134,H1,val,617,0,7.335654,-8.561267,-38.46850037885172
AGC00101,H1,train,617,0,7.335654,-8.561267,-38.46850037885172
AGC00100,H1,train,332,0,-9.364815,8.375213,-18.625749012146663
AGC00078,H1,train,617,0,7.335654,-8.561267,-38.46850037885172
AGC00077,H1,val,332,0,-9.364815,8.375213,-18.625749012146663
AGC00044,H1,test,617,0,7.335654,-8.561267,-38.46850037885172
AGC00043,H1,train,332,0,-9.364815,8.375213,-18.625749012146663
AGC00021,H1,train,617,0,7.335654,-8.561267,-38.46850037885172
AGC00020,H1,val,332,0,-9.364815,8.375213,-18.625749012146663
AGC00007,H1,val,617,0,6.6805053,-8.519652,-38.85401879830455
AGC00006,H1,test,332,0,-9.364815,8.375213,-18.625749012146663
AGB99970,H1,train,617,0,6.6805053,-8.519652,-38.85401879830455
AGB99969,H1,train,332,0,-9.364815,8.375213,-18.625749012146663
AGB99934,H1,train,332,0,-9.364815,8.375213,-18.625749012146663
AGB99933,H1,train,617,0,6.6805053,-8.519652,-38.85401879830455
AGB99887,H1,test,332,0,-9.364815,8.375213,-18.625749012146663
AGB99886,H1,train,617,0,6.6805053,-8.519652,-38.85401879830455
AGB99840,H1,train,332,0,-9.364815,8.375213,-18.625749012146663
AGB99839,H1,train,617,0,6.6805053,-8.519652,-38.85401879830455
AGB99782,H1,train,332,0,-9.364815,8.375213,-18.625749012146663
AGB99781,H1,train,617,0,6.6805053,-8.519652,-38.85401879830455
AGB99746,H1,train,617,0,7.335654,-8.561267,-38.46850037885172
AGB99745,H1,train,332,0,-9.364815,8.375213,-18.625749012146663
AFY07178,H1,train,333,0,-3.8815641,20.839495,-17.84878562084137
AFY07177,H1,val,292,0,16.297993,-3.0442595,-18.29663440720331
AFY06548,H1,train,832,0,-9.408007,8.100651,-25.987423548753185
AFY06547,H1,val,292,0,16.2443,-3.0646489,-19.295528331034294
AFY05765,H1,train,292,0,16.297993,-3.0442595,-18.29663440720331
AFY05764,H1,train,832,0,-8.691778,8.980513,-24.77791038398083
AFJ12407,H1,train,846,0,-2.561914,-2.5141647,-35.190839335234195
AFJ12406,H1,train,334,0,16.960161,-3.7535045,-24.501213789549396
AFH74465,H1,train,211,1,19.67426,-3.398935,0.6637824127854124
AFH74464,H1,train,335,0,-16.403435,2.5471165,-7.927458253402995
AET78197,H1,train,324,0,17.216946,-3.1434813,-14.976002536583515
AET78196,H1,train,849,0,10.760382,4.9059577,-42.898849611570704
AET77850,H1,train,325,0,16.405212,-2.9070861,-19.20673097695072
AET77849,H1,train,336,0,-4.2118087,16.375008,-17.48924161369355
AET74493,H1,train,337,0,-6.5555167,12.751506,-19.927383727433757
AET74492,H1,train,327,0,17.288944,-2.1781166,-16.891313137628998
AEO91690,H1,test,391,0,-10.50525,4.8346176,-14.879847434414739
AEO91689,H1,val,392,0,16.549633,-3.1214397,-4.658320372626484
AEO91644,H1,val,341,0,22.960476,5.0201945,-21.103639034258002
AEO91643,H1,val,322,0,-10.015632,6.4881873,-18.30964218221912
AEO91595,H1,val,342,0,-6.6196074,4.3260655,-58.74836520433651
AEO91594,H1,train,343,0,22.701944,-0.25812715,-19.509137459104316
AEM75339,H1,train,344,0,16.305494,0.7118419,-76.58152840997299
AEM75338,H1,train,336,0,-3.941541,15.927332,-21.53250852734689
AEI91999,H1,train,335,0,-17.55472,1.677552,-9.326501944642128
AEI91998,H1,train,211,1,19.96537,-3.1170778,0.21717978142148198
AEI91978,H1,train,335,0,-12.616663,7.6975,-12.148034810629769
AEI91977,H1,train,211,1,19.985798,-3.2448127,0.420338184475483
ATE49500,H1,val,393,0,19.684902,0.20405985,-2.363734603613752
ATE49491,H1,train,394,0,-10.6140585,1.9246118,-25.644225045040205
ATE49040,H1,train,345,0,19.416311,0.007825605,-3.2583204551987652
ATE48935,H1,val,345,0,19.450523,0.15224116,-2.591874982730671
ATE48871,H1,train,393,0,19.416311,0.007825605,-3.2583204551987652
ATE48859,H1,test,394,0,-10.6140585,1.9246118,-25.644225045040205
ASV62302,H1,train,347,0,15.515641,-3.7159288,-4.349793003571177
AOZ86615,H1,train,113,1,19.356365,-3.191529,2.826158237634015
AOZ86532,H1,test,113,1,19.725958,-3.2970762,1.009666471598857
AOZ86516,H1,train,113,1,19.452427,-3.1288369,3.6367628765514066
AOZ86357,H1,train,113,1,19.455727,-3.1923602,2.6945850367575783
AOZ86331,H1,train,113,1,20.356062,-2.2721736,5.235910838079365
AOZ86289,H1,test,113,1,19.725958,-3.2970762,1.009666471598857
AOZ86283,H1,val,113,1,19.452427,-3.1288369,3.6367628765514066
AOZ86247,H1,train,113,1,19.452427,-3.1288369,3.6367628765514066
AOZ85573,H1,train,113,1,19.452427,-3.1288369,3.6367628765514066
ANE23927,H1,train,71,1,18.909685,-3.4261982,1.1340688434872224
AKT07978,H1,train,889,0,21.432823,2.7868547,-3.2778017850580294
AGI55521,H1,val,211,1,19.67426,-3.398935,0.6637824127854124
ABW23337,H1,train,682,0,7.0877166,-7.648724,-35.5819111048366
ASO97503,H1,train,593,0,2.3487763,-5.494679,-46.11894161794919
ASO97501,H1,train,175,0,-11.874271,3.1114905,-24.595646240582777
ASO97485,H1,train,407,0,-7.9262967,17.575163,-14.072411101899236
ASO97483,H1,train,408,0,15.693724,-4.311083,-10.2134273729856
ARQ84253,H1,train,351,0,17.917252,-2.5741224,-20.25806635560244
ARQ84252,H1,train,351,0,17.917252,-2.5741224,-20.25806635560244
ARQ84251,H1,train,352,0,17.381573,-3.5926247,-15.8984274550359
ARQ84250,H1,val,352,0,17.381573,-3.5926247,-15.8984274550359
ARQ84249,H1,train,353,0,17.28397,-2.8146603,-15.27996412451655
ARQ84248,H1,test,354,0,17.721624,-2.0678124,-17.978784521545165
ARQ84247,H1,test,354,0,17.924526,-2.136751,-18.74552814202712
ARQ84246,H1,test,354,0,17.721624,-2.0678124,-17.978784521545165
ARQ84245,H1,train,354,0,17.940937,-2.8061879,-19.48053545915347
ARQ84244,H1,val,354,0,18.269701,-2.1729004,-17.70403176721957
ARQ84243,H1,train,354,0,17.385704,-3.3180625,-18.999105808102954
ARQ84242,H1,test,354,0,17.721624,-2.0678124,-17.978784521545165
ARQ84241,H1,val,355,0,15.543896,-5.6831365,-21.133691391653617
ARQ84240,H1,test,355,0,15.543896,-5.6831365,-21.133691391653617
ARQ84239,H1,train,356,0,15.463432,-4.0569673,-19.523197392161844
ARQ84238,H1,val,354,0,17.187683,-2.0030873,-18.618452885264198
ARQ84237,H1,train,357,0,17.35347,-2.0539894,-17.09515968736129
ARQ84236,H1,test,358,0,17.516855,-0.83222276,-19.92145453567337
ARQ84235,H1,train,357,0,17.35347,-2.0539894,-17.09515968736129
ARQ84234,H1,train,357,0,17.35347,-2.0539894,-17.09515968736129
ARQ84233,H1,train,357,0,17.35347,-2.0539894,-17.09515968736129
ARQ84232,H1,train,357,0,17.35347,-2.0539894,-17.09515968736129
ARQ84231,H1,train,357,0,17.35347,-2.0539894,-17.09515968736129
ARQ84230,H1,test,357,0,17.35347,-2.0539894,-17.09515968736129
ARQ84229,H1,val,359,0,17.645212,-3.4883945,-15.69410568135774
ARQ84228,H1,train,360,0,15.809166,-3.8381321,-20.94155343655773
ARQ84227,H1,train,359,0,17.089401,-2.4000492,-15.563281681067284
ARQ84226,H1,train,360,0,15.809166,-3.8381321,-20.94155343655773
ASB33702,H1,test,409,0,-8.472517,6.2955537,-5.000063343861132
ASB33690,H1,train,558,0,6.077708,-7.9212365,-38.61647780508858
ASB32935,H1,test,73,1,17.548763,-2.2761176,-0.02885493459341859
ASB32842,H1,train,410,0,-7.145938,6.270967,-7.0949932485337035
ASB32833,H1,train,411,1,17.548763,-2.2761176,-0.02885493459341859
ARX97449,H1,train,363,0,17.130455,-4.7032366,-4.561274514069499
ARX97390,H1,test,559,0,15.671559,-5.2969947,-24.343439691323933
ARX97388,H1,val,412,0,-11.741775,8.516981,-12.916441845760403
ARU07171,H1,train,408,0,15.183194,1.2098391,-8.944869389933253
ARU07169,H1,val,170,0,-12.945996,5.741186,-10.789985753988953
ARQ86095,H1,train,113,1,19.452427,-3.1288369,3.6367628765514066
ARM59335,H1,val,367,0,17.314806,-2.2445915,0.6697780560584565
ARJ63957,H1,train,413,0,17.346588,-4.463446,-4.049648487862504
ARJ63955,H1,train,170,0,-14.758036,2.481766,-13.889329311571624
ARJ63954,H1,train,414,0,-14.004582,-0.5961861,-18.459850383159292
ARJ63952,H1,test,594,0,12.186965,-9.592339,-13.302268724765181
AQY18739,H1,train,369,0,18.112787,-4.192266,-2.677343411196869
AQU12413,H1,train,415,0,-12.867116,0.59449345,-20.1763341811978
AQN75804,H1,val,371,0,17.197113,-3.71826,-4.56756372864705
APY25381,H1,train,685,0,13.18639,-0.3169245,-33.006935894172784
APW84919,H1,train,858,0,13.539092,-0.072275646,-32.67244700377008
APG56782,H1,train,111,0,16.592644,-4.0440736,-3.8620235674638668
ANE37509,H1,train,686,0,11.608556,-3.0976477,-37.17917892238192
ANE37492,H1,train,372,0,16.671982,-3.9940758,-5.906656098222861
AMU04445,H1,train,687,0,16.914276,-4.6151023,-23.60293869810114
AMQ49139,H1,test,673,0,12.111575,-1.9113123,-33.02238629582441
AMP44891,H1,train,564,0,14.795522,-0.3215077,-29.522899158836303
AMM43276,H1,val,115,0,15.747836,-5.6105704,-21.11565730152131
AMH93673,H1,test,373,0,12.310091,-4.2055306,-7.785605059806064
AMB72621,H1,train,81,0,16.824078,-7.2166104,-6.901838435204378
AMA65421,H1,train,72,0,18.286882,-3.6292841,-4.886691400289493
ALX27323,H1,train,688,0,16.586235,-5.9965367,-23.180100156708413
ALT19930,H1,train,565,0,6.142982,-6.9863286,-32.2701325511796
ALT19823,H1,train,374,0,17.695454,-3.0674226,-1.5125362667168254
ALR83415,H1,train,82,0,16.144428,-2.330681,-4.733956912260382
ALR83366,H1,test,82,0,16.144428,-2.330681,-4.733956912260382
ALR83348,H1,train,375,0,17.022758,-1.5229194,-4.939331287308402
ALR83338,H1,train,376,0,15.958186,-3.5886714,-4.382742693232716
ALR83329,H1,val,565,0,6.94177,-6.4896417,-31.876038683033805
ALR83300,H1,test,565,0,6.21311,-7.0720706,-32.46481430504918
ALP31258,H1,val,377,0,14.807784,-5.1758943,-1.551851608545853
ALP01838,H1,train,689,0,14.808511,-2.748665,-28.756632527170957
ALJ54534,H1,test,690,0,15.405667,-6.6490016,-26.798503345329635
ALH21541,H1,val,691,0,17.271553,-4.7846637,-27.72406382032439
ALA50505,H1,val,378,0,16.5102,-4.851107,-2.7189813217245167
ALA50500,H1,val,378,0,16.5102,-4.851107,-2.7189813217245167
AKV57693,H1,train,173,0,15.763154,-3.0937257,-7.104537088684976
AKP04496,H1,train,111,0,17.18286,-3.5280504,-1.9487727527887575
AKH14609,H1,train,79,0,17.204777,-4.843249,-4.433973984861735
AJY54596,H1,train,73,1,17.584177,-2.319279,0.42951843915093413
AJF45788,H1,train,424,0,16.769802,-2.7282946,-1.1371996940608877
AJF45784,H1,train,425,0,-7.5827546,7.3486404,-16.808386774775414
AJF45779,H1,val,560,0,16.404028,-6.7602534,-21.04302206551598
AJF45775,H1,train,426,0,-10.838447,6.09953,-16.0006418404702
AJD78081,H1,test,419,0,-12.547835,6.9942975,-11.022270139686889
AJD78008,H1,train,610,0,15.120503,-8.209944,-27.1515103662192
AJD77986,H1,train,261,0,-13.295691,0.34969687,-18.644314750163588
AJD77982,H1,train,427,0,19.13208,-0.7136715,-17.92370146727216
AIZ70289,H1,train,420,0,-11.070533,4.5308976,-14.185953476211614
AIZ70285,H1,train,561,0,4.698521,-9.190294,-32.66508342007904
AIZ70269,H1,train,561,0,3.885888,-10.139638,-46.951888712430595
AIZ70247,H1,test,428,0,18.605255,-3.004467,-2.0954533012721406
AIZ70243,H1,train,429,0,-10.884175,5.1100183,-15.161603681273338
AIZ70218,H1,train,561,0,5.2324877,-9.2127,-31.22053912376183
AIZ70214,H1,train,420,0,-11.070533,4.5308976,-14.185953476211614
AIZ70208,H1,train,430,0,16.237106,-1.7541838,-7.142767635003059
AIZ70204,H1,train,420,0,-10.709862,6.5808444,-17.1100648963608
ARG44523,H1,train,693,0,14.045196,-1.7926941,-34.41249639004941
APR73245,H1,train,73,1,16.56263,-2.7461214,-0.4932893560489813
APR73244,H1,test,385,1,19.995533,-3.6662667,2.6393763136527806
APR73243,H1,train,694,0,6.4097323,-8.4992485,-39.16730795767017
APR73242,H1,train,695,0,17.375786,-7.285583,-22.858599724369235
APR73241,H1,train,386,0,20.573158,-3.139732,0.5849626036707942
APR73240,H1,val,387,0,14.053438,-4.01952,-2.398375805158304
APR73239,H1,train,388,0,19.737873,-3.069568,-21.340790835638515
APR73238,H1,train,389,0,18.944204,-2.8356721,0.4295387371543047
APR73237,H1,train,390,0,17.810017,-2.7083457,0.2752415827366157
APR73236,H1,train,391,0,15.073113,-4.9484215,-3.5366721338744416
APR73235,H1,train,73,1,16.56263,-2.7461214,-0.4932893560489813
APR73234,H1,train,615,0,7.1780086,-8.228603,-38.41913467175928
APR73233,H1,train,696,0,9.391761,-3.2257369,-44.74651163099759
APR73232,H1,val,615,0,7.220585,-8.220972,-38.41437889403869
APQ31976,H1,train,697,0,17.781557,-4.264937,-24.523721210118875
APQ31975,H1,train,698,0,16.690472,-6.515279,-19.231817582708416
APO39357,H1,train,562,0,16.101824,-7.5159345,-27.778354622911976
APO39355,H1,train,415,0,-12.277015,2.1665924,-17.054515427591234
ACD62353,H1,val,861,0,-16.964075,1.428715,-11.181705893107482
AAF04721,H1,train,445,0,9.413188,2.7327044,-14.783936671690507
ADX98705,H1,train,859,0,19.209429,-2.3860316,-2.3230164194205614
ADW54451,H1,train,892,0,23.689686,4.0621076,-16.943119147539008
ADM73554,H1,test,903,0,22.188278,-0.5440382,-8.367518461586231
ADM73553,H1,train,903,0,21.925823,-1.8387077,-8.692345215513518
ADM73552,H1,train,903,0,22.218822,-0.8006439,-7.511677746040247
ADM73551,H1,train,903,0,22.556202,1.8789858,-8.909406788080878
ADM73550,H1,test,903,0,22.511066,-1.0191468,-8.895449197056346
ADM73549,H1,train,903,0,22.641891,0.40533155,-11.07344994883371
ADM73548,H1,train,903,0,18.163029,1.2192017,-16.45385569526778
ADM73547,H1,train,903,0,22.304869,-0.4880281,-7.7346228365821705
ADM73546,H1,train,903,0,22.885464,0.05620902,-8.890000275541075
ADM73545,H1,train,903,0,22.20343,-0.055530973,-11.742101488840584
ADM73544,H1,train,903,0,22.304869,-0.4880281,-7.7346228365821705
ADM73543,H1,test,903,0,22.304869,-0.4880281,-7.7346228365821705
ADM73542,H1,test,903,0,22.304869,-0.4880281,-7.7346228365821705
ADM73541,H1,train,903,0,22.304869,-0.4880281,-7.7346228365821705
ADM73540,H1,train,903,0,22.304869,-0.4880281,-7.7346228365821705
ADM73539,H1,train,903,0,22.191414,-0.8187631,-5.505008049071593
ADM73538,H1,train,903,0,22.304869,-0.4880281,-7.7346228365821705
ADM73537,H1,train,903,0,22.042004,-1.7851906,-8.058405186600934
ADM73536,H1,val,903,0,23.50606,0.5136753,-8.484675629278643
ADM73535,H1,train,903,0,21.600742,-0.13049681,-5.7218270294370885
ADM73534,H1,train,903,0,22.304869,-0.4880281,-7.7346228365821705
ADM73533,H1,test,903,0,22.304869,-0.4880281,-7.7346228365821705
ADM73532,H1,train,903,0,22.304869,-0.4880281,-7.7346228365821705
ADM73531,H1,train,903,0,22.304869,-0.4880281,-7.7346228365821705
ADM73530,H1,train,903,0,22.304869,-0.4880281,-7.7346228365821705
ADM73529,H1,train,903,0,22.542212,-0.90509397,-8.033526970845253
ADM73528,H1,val,903,0,22.237911,-0.6994328,-7.708819332762532
ADM73527,H1,train,903,0,22.304869,-0.4880281,-7.7346228365821705
ADM73526,H1,train,903,0,23.665733,-2.1088219,-9.755643926554354
ADM73525,H1,train,903,0,22.304869,-0.4880281,-7.7346228365821705
ADM73524,H1,train,903,0,22.12565,-2.075003,-8.908327992883452
ADM73523,H1,val,903,0,22.304869,-0.4880281,-7.7346228365821705
ADM73522,H1,train,903,0,22.840866,-0.0697282,-7.394944057016351
ADM73521,H1,train,903,0,21.743187,-0.60748595,-6.9187484275577855
ADM73520,H1,train,903,0,21.833735,-2.254539,-7.876671324431099
ADM73519,H1,train,903,0,21.924816,-0.3335932,-6.93423015739309
ADM73518,H1,train,903,0,22.171667,-0.96001583,-6.690786158165219
ADM73517,H1,train,903,0,18.767284,-0.028993914,-10.075335350424803
ADM73516,H1,train,903,0,22.042004,-1.7851906,-8.058405186600934
ADM73515,H1,val,903,0,21.925812,-1.8387129,-8.692318737278987
ADM73514,H1,train,903,0,21.719604,-2.309049,-8.522333717455188
ADM73513,H1,train,903,0,22.260666,-0.62458193,-7.150102526149643
ADM26518,H1,train,428,0,18.548798,-0.3350371,-14.156838770753842
ADM26517,H1,train,862,0,18.721,-0.19054295,-15.57270316232249
ADM26516,H1,val,428,0,20.102865,1.4050405,-11.043481112405312
ADM26515,H1,train,428,0,18.100075,-0.7211035,-14.48627152126727
ADM26514,H1,train,428,0,18.157713,0.045057945,-15.52589431534629
ADM26513,H1,train,428,0,18.499504,-0.74962634,-11.071272181312011
ADM26512,H1,train,428,0,19.270233,1.2543619,-10.600028902835897
ADM26511,H1,test,428,0,19.446636,1.0453055,-12.311193598945932
ADM26510,H1,train,428,0,19.108362,0.917866,-11.686785938238534
ADM26509,H1,val,428,0,18.357784,0.17975448,-10.96020161033771
ADM26508,H1,train,863,0,19.00749,1.2454667,-6.3123907067112
ADM26507,H1,train,864,0,19.281345,0.68881553,-7.716979438281799
ADM26506,H1,val,428,0,19.408577,1.401829,-13.176949775050305
ADM18099,H1,train,865,0,21.007717,3.7255838,-18.85552096446393
ADM18098,H1,train,700,0,14.872321,-0.534453,-32.990208629628555
ADM18097,H1,test,73,1,16.694105,-2.7413046,-0.22667313721220772
ADM18096,H1,train,701,0,25.09788,4.92611,-21.270423811216276
ADM18095,H1,test,392,0,21.29539,1.7818899,-8.231076701336763
ADM18094,H1,train,702,0,6.3560605,0.8381962,-42.3893131690139
ADM18093,H1,train,340,0,16.21217,-3.6158226,-3.6559422128991876
ADM18092,H1,test,393,0,14.964444,-3.8811026,-7.050202955824675
ADM18091,H1,test,885,0,18.725784,3.8481228,-23.771942931942228
ADM18090,H1,test,703,0,16.171906,0.4778946,-25.60061202395004
ADM18089,H1,train,394,0,18.397194,-2.65074,-23.771796373414602
ADM18088,H1,test,704,0,7.234068,-8.094189,-36.46554464244671
ACY67477,H1,val,675,0,17.03059,1.3046068,-22.314027589163924
ACY67454,H1,train,870,0,17.306221,1.1132627,-23.88415472504511
ACR26757,H1,train,494,0,18.221813,-2.446161,-0.16996271161445797
ACR26754,H1,train,499,0,21.225315,-1.8064319,-16.939698431426834
ACR26744,H1,train,834,0,18.949694,-3.3215117,-21.723987048542647
ACQ73205,H1,train,850,0,18.799765,-6.975717,-17.266082049581257
ACQ73202,H1,train,855,0,16.660435,0.7908007,-6.985368357762114
ACQ73201,H1,train,842,0,19.378372,-3.2437148,-19.20499350617633
ABQ09967,H1,test,907,0,19.051743,15.299084,-45.795170385667504
ANK57860,H1,train,899,0,27.26986,14.194456,-14.46240588524079
ANK57856,H1,test,673,0,10.402615,-1.8545849,-33.686039936088015
ANG55912,H1,train,377,0,14.931479,-4.9905744,-2.555471062509314
ANF29079,H1,train,686,0,11.706214,-2.8587914,-37.33753460709065
ANF29075,H1,train,418,0,-14.259746,-2.119103,-20.107311440253078
AIC64617,H1,train,396,0,19.569748,-3.8625176,-0.8123872318067473
AIC64615,H1,train,397,0,19.924656,-3.49225,-1.4769708606625862
AIC64600,H1,train,398,0,17.356186,-3.4937544,-6.328948211827444
AKZ42082,H1,train,399,0,17.235329,-1.950906,-18.33349056243547
AKZ41843,H1,train,400,0,16.616318,-2.228011,-17.83685359753072
AJJ98649,H1,train,401,0,17.332424,-2.7727187,-15.02153296421126
AJJ98648,H1,test,401,0,16.693857,-3.2057834,-17.17541704505929
AJJ98647,H1,train,402,0,16.352465,-1.6105338,-15.353163586074794
AJJ98646,H1,train,401,0,17.591541,-2.3181012,-17.02008066480637
AJJ98645,H1,train,289,0,16.885326,-2.222748,-19.024956172665714
AJJ98644,H1,train,402,0,16.749954,-2.0595713,-16.670565275726048
AJJ98643,H1,train,403,0,17.10405,-1.3335605,-14.583664919913044
AJJ98642,H1,val,403,0,17.666214,-1.2484523,-13.621097881580438
AJJ98641,H1,train,404,0,17.211864,-2.0684073,-17.94183029784989
AJJ98640,H1,test,402,0,16.923565,-1.788075,-17.20584970711971
AJJ98639,H1,train,289,0,16.885326,-2.222748,-19.024956172665714
AJJ98638,H1,train,405,0,17.740799,2.515612,-19.898436845298747
AJJ98637,H1,val,405,0,17.740799,2.515612,-19.898436845298747
AJJ98636,H1,train,406,0,17.006989,-1.9267306,-16.534685423916002
AJJ98635,H1,test,405,0,16.974133,-2.1711757,-19.155952344466208
AHB59322,H1,val,866,0,18.363121,-2.5335464,1.213581187520134
AHZ41463,H1,train,407,0,19.8598,-3.929601,-4.4279445627520655
ALE66682,H1,train,72,0,17.186796,-4.1379185,-3.866660693652763
ALD19393,H1,train,562,0,17.76709,-0.25548178,-24.587982822655327
AKM15195,H1,train,408,0,18.575224,-2.6654932,-0.1614036829698744
AKM15194,H1,train,409,0,15.990961,-6.082728,-30.76001743185396
AKM15189,H1,train,410,0,16.493122,-4.6644335,-27.737194808009
AKM15186,H1,train,411,1,19.71743,-3.0936754,0.4027801462226517
ALA50333,H1,val,867,0,20.361328,-1.3885114,-3.2430790610134395
ALA50332,H1,train,412,0,17.202358,-4.75485,-18.62239098308686
ALA50331,H1,val,413,0,16.4197,-5.5385256,-20.591601668006
AKL90745,H1,train,563,0,15.491119,-2.913076,-28.33297177450615
AKL90741,H1,test,170,0,-12.805313,6.5225196,-11.848079478465761
AKJ84209,H1,train,564,0,7.2243266,-7.801531,-36.59148153082539
AGB13105,H1,train,414,0,20.295324,-3.1699128,-1.4781098389852136
AGB13082,H1,train,211,1,19.20718,-3.0532753,-0.4189715378642447
BAQ19486,H1,train,468,0,-14.957595,-2.483063,-12.374665325339269
BAQ19476,H1,train,469,0,18.651575,-2.2207525,-19.185811873877682
BAQ19466,H1,train,469,0,18.651575,-2.2207525,-19.185811873877682
BAQ19456,H1,train,470,0,18.86653,-1.5829256,-20.449815112000884
BAQ19446,H1,train,471,0,18.235273,-3.83965,-8.72704024917538
BAQ19436,H1,train,472,0,20.004269,-2.2625377,-0.7703447366983891
BAQ19426,H1,train,473,0,18.982363,-3.2207868,-0.5462975959767782
BAQ19416,H1,train,474,1,20.656305,-3.728596,1.3285828213017954
BAQ19406,H1,train,475,0,17.95694,-3.8908885,-15.300298495126292
BAQ19396,H1,train,476,0,17.229424,-4.654018,-2.175840320556757
BAQ19386,H1,train,477,0,17.848293,-4.0284123,-1.680042489593479
AIX94903,H1,train,17,0,8.354301,-1.0018212,-19.199187584593755
AIU46705,H1,test,171,0,-10.506171,6.177193,-17.29319732116315
AIT38426,H1,train,565,0,3.6924605,-10.576807,-45.98982694983133
AIT38419,H1,train,478,0,-10.402471,3.431357,-31.646217743426746
AIA62021,H1,train,427,0,19.308952,-4.3519373,-22.791168579813316
AIA62010,H1,train,289,0,17.102339,-2.7813907,-20.20206140403935
AIA61999,H1,train,428,0,17.056684,-1.9451795,-18.52831497037938
AIA61989,H1,train,427,0,18.137424,-3.7075746,-22.021139594469282
AIA61978,H1,train,835,0,15.994404,-4.7265797,-10.354411197263554
AIA61967,H1,train,429,0,18.406822,-1.6316271,-23.544783532987488
AIA61956,H1,val,430,0,16.88601,-4.472247,-17.6035657116704
AIA61945,H1,train,428,0,16.652,-1.837164,-18.118675210929112
AIQ77768,H1,val,430,0,16.39244,-2.189535,-4.359437070243564
AIQ77764,H1,train,479,0,-10.301826,6.008928,-19.642124752646172
AIQ77756,H1,train,479,0,-10.301826,6.008928,-19.642124752646172
AIO11735,H1,train,209,0,-11.848825,3.9722295,-17.806639157561353
AIO11726,H1,train,411,0,18.759846,-1.2677257,-3.234124902286162
AIO11715,H1,val,209,0,-12.344531,3.1173527,-17.248047225285497
AIO11706,H1,val,411,0,18.759846,-1.2677257,-3.234124902286162
AIO11695,H1,train,480,0,18.958393,-0.45676383,-5.029901741580774
AIO11686,H1,train,209,0,-12.344531,3.1173527,-17.248047225285497
AIN25596,H1,train,73,1,17.9886,-2.1469445,-2.033421027228444
AIN25586,H1,train,73,1,17.5856,-1.8158953,-0.2364083640043102
AIN25575,H1,test,209,0,-12.344531,3.1173527,-17.248047225285497
AIN25566,H1,train,480,0,18.759846,-1.2677257,-3.234124902286162
AIN25558,H1,val,209,0,-11.9309,4.213239,-17.597420374931353
AIN25551,H1,test,411,1,17.584177,-2.319279,0.42951843915093413
AIN25541,H1,train,411,1,17.584177,-2.319279,0.42951843915093413
AIN25531,H1,val,209,0,-11.9309,4.213239,-17.597420374931353
AII31203,H1,train,434,0,10.2710085,-4.6991277,-21.98414702254638
AII30768,H1,val,209,0,-12.344531,3.1173527,-17.248047225285497
AIE53446,H1,train,414,0,20.0442,-3.1118233,-2.8848121582602833
AIE52177,H1,train,566,0,17.86827,-4.452968,-27.249970432463563
AIE52173,H1,train,484,0,-13.2471075,0.82385445,-12.656103108009926
AHK10692,H1,train,436,0,15.631907,-2.5286963,-3.9054394418382756
AHK10659,H1,train,436,0,15.631907,-2.5286963,-3.9054394418382756
AHI43444,H1,train,485,0,-13.602978,2.4215257,-22.392510039492237
AHI43440,H1,train,567,0,7.9479194,-4.9329042,-31.930905652759122
AHZ65653,H1,train,438,0,15.803758,-2.7779295,-4.293289838770521
AHY95057,H1,train,568,0,10.348189,-2.920224,-34.07431311815861
AHY95053,H1,train,486,0,-13.674933,-0.7832148,-30.22548239283166
AHM98831,H1,train,298,0,20.091938,-2.1530702,-0.4102783760133928
AHW46689,H1,train,569,0,9.875819,-4.962188,-39.21195859354119
AHW46685,H1,train,171,0,-10.678819,6.657798,-16.48873060876358
AHW46664,H1,train,569,0,9.86617,-4.027434,-33.8315785162312
AHW46660,H1,test,171,0,-10.678819,6.657798,-16.48873060876358
AHW46564,H1,train,123,0,9.975862,-3.581615,-34.48213623327056
AHM24129,H1,train,488,0,15.929564,-2.7569253,-4.410732753496575
AHM24125,H1,val,171,0,-10.678819,6.657798,-16.48873060876358
AHL21547,H1,train,168,0,-13.682199,-1.7337567,-19.20022486589731
AHL21543,H1,test,411,1,17.805302,-2.1866028,-0.8421908544032011
AHL21470,H1,train,570,0,12.164157,-1.5711361,-32.393991260318685
AHL21466,H1,test,171,0,-10.678819,6.657798,-16.48873060876358
AHK10688,H1,train,707,0,17.331688,-4.713286,-25.290101992203315
AHK10683,H1,val,438,0,15.803758,-2.7779295,-4.293289838770521
AHK10681,H1,train,488,0,15.929564,-2.7569253,-4.410732753496575
AHK10677,H1,train,489,0,-12.991978,1.609221,-15.60061842450132
AHK10667,H1,val,489,0,-12.10227,5.76915,-25.24653355937962
AHK10663,H1,train,488,0,15.929564,-2.7569253,-4.410732753496575
AHI43412,H1,test,438,0,13.362767,-5.3082623,-2.576994714700712
AHI43402,H1,train,490,0,17.431778,-2.6225083,-4.431768927966052
AHI43398,H1,train,171,0,-10.669183,5.5120425,-13.797933523070482
AHI43290,H1,train,171,0,-10.678819,6.657798,-16.48873060876358
AHH00822,H1,train,491,0,16.062685,-2.4938133,-2.91555951241558
AHG26656,H1,train,571,0,16.487213,-4.462352,-25.705633541264625
AHG26652,H1,train,492,0,-11.4184265,4.796876,-14.707623732154286
AHD25184,H1,test,488,0,17.416172,-1.6064494,-6.288106499571363
AHD25180,H1,train,493,0,-12.717016,1.9129007,-15.258700644512487
AHD25167,H1,test,565,0,3.6924605,-10.576807,-45.98982694983133
AHD25163,H1,train,492,0,-10.555405,6.0636153,-16.265704243535694
AHD25147,H1,train,438,0,17.416172,-1.6064494,-6.288106499571363
AHD25146,H1,train,494,0,-11.621663,4.0120416,-15.385445133871475
AHD25142,H1,val,566,0,17.205124,-4.9996076,-25.292447649877104
AHB73608,H1,train,494,0,-10.516803,5.5748286,-15.938049743216482
AHB24479,H1,train,712,0,17.6353,-5.100516,-21.93248541423297
AHB52150,H1,train,836,0,19.282108,-2.4370766,-7.114115194560124
AHA57102,H1,train,713,0,11.501221,-2.499242,-31.741000967334067
AGZ62310,H1,train,438,0,15.889491,-2.9943159,-2.7873581296585144
AGZ62293,H1,test,123,0,8.786174,-5.218408,-35.44089871902078
AGY14417,H1,test,714,0,6.2365704,-10.508418,-38.21570539275965
AGX00902,H1,test,123,0,10.6271105,-3.5443647,-32.177405890822556
AGX00877,H1,test,123,0,9.910171,-4.0145445,-33.846055687998444
AGW25658,H1,test,123,0,9.648551,-4.877582,-35.153518391865504
AGU69952,H1,train,447,0,14.37205,-4.794333,-4.038333775810928
AGU01765,H1,val,414,0,-7.038755,-6.96788,-9.030344226958107
AEN69435,H1,train,448,0,19.851484,-3.1683419,-0.8725048572489786
AGT41695,H1,train,488,0,14.967441,-4.848615,-4.217038788630335
AGT41690,H1,train,495,0,-11.678887,5.028884,-17.248355794884166
AGO51467,H1,train,496,0,-9.364815,8.375213,-18.625749012146663
AGO51460,H1,val,572,0,7.3922095,-9.114556,-42.64924737536362
AGL51629,H1,train,492,0,-10.555405,6.0636153,-16.265704243535694
AFJ76170,H1,train,900,0,-5.9766946,13.320378,-62.06463047137423
AFJ76169,H1,train,211,1,16.29674,-4.1130805,0.7306138953002463
AFJ76155,H1,train,450,0,19.187153,-3.482784,-1.2845824166809177
AFJ76131,H1,train,450,0,19.72285,-3.8008344,0.4445646692651355
AEQ61195,H1,test,893,0,-4.811307,7.1682158,-32.55950420023756
AFY09646,H1,train,385,1,19.662102,-1.4706802,0.9267837877241423
AFX96359,H1,train,228,1,18.875896,-2.9824324,2.6784908560638065
AFX96347,H1,train,211,1,19.67426,-3.398935,0.6637824127854124
AFN69199,H1,train,500,0,-9.85023,2.4024591,-24.429027937319947
AFN69198,H1,train,182,0,15.999755,-2.5640032,-0.9856237772535099
ADG85249,H1,train,452,0,17.343472,-4.7780623,-1.267232788857152
ADG85245,H1,train,211,1,19.989511,-3.1763508,0.41717925675463796
ADG85241,H1,train,211,1,19.989511,-3.1763508,0.41717925675463796
ADG85237,H1,val,385,1,19.470322,-3.6797602,0.397185445610706
ADG85233,H1,val,453,0,19.63647,-3.6595142,-0.7152631978365811
ADG85229,H1,train,211,1,19.989511,-3.1763508,0.41717925675463796
ADG85225,H1,train,390,0,18.616985,-3.188116,-1.7884730737495556
ADG85221,H1,train,454,0,18.860645,-4.2815585,-0.03970141315125275
AEX63539,H1,train,856,0,18.344276,0.40243697,-16.816174589173425
AFM78666,H1,train,455,0,19.342634,-2.8388178,0.24494594866093955
AFM46540,H1,train,215,0,-10.244493,5.7042713,-13.314095374655722
AFM46539,H1,train,457,0,19.61103,-3.991731,-2.942554602252022
AFJ75615,H1,train,716,0,5.4884686,-9.116634,-30.75155491665256
AFJ74819,H1,train,458,0,-14.206534,2.6249511,-9.71549081160843
AFJ74804,H1,val,458,0,-13.950975,3.1528363,-10.166669194097713
AFJ74780,H1,train,458,0,-15.601062,1.614739,-7.752898949522484
AFJ74779,H1,train,717,0,8.512822,-6.7002015,-27.367329604668154
AFJ74761,H1,train,458,0,-15.629976,2.0208519,-6.096313825109606
AFJ74760,H1,test,717,0,8.512822,-6.7002015,-27.367329604668154
AFJ74744,H1,val,458,0,-15.601062,1.614739,-7.752898949522484
AFJ74743,H1,train,717,0,8.512822,-6.7002015,-27.367329604668154
AFJ74727,H1,train,458,0,-14.9935255,2.5809643,-8.219170036715218
AFJ74726,H1,test,894,0,18.009811,3.1649556,-40.94651684002407
AFJ74695,H1,train,459,0,-12.627908,3.1302192,-7.502181498897219
AFJ74694,H1,val,717,0,8.512822,-6.7002015,-27.367329604668154
AFJ74674,H1,train,460,0,-13.527927,3.7892978,-12.118889446161534
AFJ74673,H1,train,717,0,7.965383,-6.265028,-28.606007037367405
AFJ74654,H1,train,458,0,-15.908711,0.94504243,-7.135238217036976
AFJ74653,H1,val,717,0,8.512822,-6.7002015,-27.367329604668154
AFJ74634,H1,train,458,0,-15.601062,1.614739,-7.752898949522484
AFJ74633,H1,val,717,0,8.512822,-6.7002015,-27.367329604668154
AFJ74560,H1,train,461,0,-11.152905,6.2445025,-9.911045929920805
AFJ74559,H1,train,717,0,10.3986435,-3.2322876,-27.047269438972044
AFJ74546,H1,train,898,0,-14.44217,-6.3676114,-18.613746686332377
AEQ50025,H1,test,353,0,17.712437,-1.9573822,-17.263412329396623
AEQ50015,H1,train,353,0,17.712437,-1.9573822,-17.263412329396623
AEQ50005,H1,train,353,0,17.712437,-1.9573822,-17.263412329396623
AEQ49995,H1,val,353,0,17.712437,-1.9573822,-17.263412329396623
AEQ49985,H1,train,353,0,17.712437,-1.9573822,-17.263412329396623
AEO08977,H1,test,289,0,17.646893,-1.659862,-20.787033754491933
AEO08966,H1,train,462,0,17.82305,-3.4629545,-17.229819066122744
AEO08955,H1,val,462,0,17.470867,-2.3093765,-16.563339680675504
AEO08944,H1,train,462,0,17.709522,-2.2305315,-17.69778717767695
AFJ12421,H1,val,463,0,9.841498,-3.4621508,-77.69785834658822
AET50910,H1,train,332,0,-10.053302,6.4737954,-15.833332896975243
ADV69109,H1,train,718,0,5.3977304,-9.753909,-40.39371453142908
ADV69108,H1,train,719,0,12.110052,-6.724115,-26.10312544074778
ADV69107,H1,val,620,0,8.50505,-5.5876136,-34.864398324031946
ADV69106,H1,train,720,0,11.818575,-4.202664,-25.197127031615437
ADV69105,H1,val,721,0,8.785592,-7.028288,-36.04754468396148
ADV69104,H1,train,615,0,6.8102098,-8.493667,-38.5925360989264
ADV69103,H1,train,722,0,16.726938,-5.3119073,-22.535734053802877
ADV69102,H1,train,615,0,6.4109035,-8.765985,-38.23369278307037
ADV69101,H1,train,615,0,6.3034883,-8.1779175,-37.396006152317995
ADV69100,H1,train,679,0,6.2191706,-9.324869,-38.733879883952156
ADV69099,H1,train,723,0,18.001955,-1.7598032,-27.288390196180437
ADV69098,H1,train,723,0,18.03566,-2.9933245,-25.47951734769915
ADV69097,H1,val,724,0,14.233662,-2.8757641,-31.083605730599466
ADV69096,H1,val,725,0,17.126532,-5.619633,-27.353973373142814
ADV69095,H1,train,697,0,17.259754,-5.722985,-26.268104430764403
ADV69094,H1,train,726,0,15.972505,-7.015797,-29.032064868777155
ADV69093,H1,train,725,0,17.097095,-5.1203284,-25.315944920051827
ADV69092,H1,test,619,0,21.78823,-2.8020313,-30.389906871177182
ADV69091,H1,train,619,0,19.163395,-6.148976,-19.59940199399304
ADV69090,H1,train,727,0,8.020916,-7.458122,-29.82787447920105
ADV69089,H1,train,728,0,7.525209,-7.034778,-38.50290450998671
ADV69088,H1,train,729,0,13.740514,-3.416488,-30.74100527470963
ADV69087,H1,train,697,0,17.232473,-5.4565606,-25.777684201845304
ADV69086,H1,test,619,0,19.428453,-5.3763804,-22.773838017135798
ADV69085,H1,test,719,0,17.54756,-5.3165536,-29.188116537321214
ADV69084,H1,test,730,0,15.432168,-5.772561,-24.631820299297615
ADV69083,H1,train,722,0,16.983822,-5.63162,-22.492356505859995
ADV69082,H1,train,719,0,17.54756,-5.3165536,-29.188116537321214
ADV69081,H1,train,731,0,15.930706,-6.3619895,-22.764359099547686
ADV69080,H1,train,732,0,7.112207,-5.600203,-40.98423475106151
ADV69079,H1,train,733,0,16.4858,-5.5483384,-26.49214339709586
ADV69078,H1,train,734,0,8.31549,-6.987386,-35.72353338807137
ADV69077,H1,train,735,0,16.079494,-6.1752276,-23.481882789426614
ADV69076,H1,train,735,0,16.079494,-6.1752276,-23.481882789426614
ADV69075,H1,train,735,0,8.116727,-0.5616237,-28.554800258791538
ADV69074,H1,train,735,0,8.200267,-4.8632755,-32.077537726894285
ADV69073,H1,train,735,0,8.200267,-4.8632755,-32.077537726894285
AEI92018,H1,val,716,0,5.12097,-9.60294,-31.596028372348215
AEI91963,H1,val,716,0,5.47533,-9.194525,-31.625926726831253
AEH42796,H1,train,465,0,16.905933,-1.8890953,-13.580669224447815
AEH42785,H1,val,466,0,13.610304,-5.620335,-15.670143229839898
AEH42774,H1,train,466,0,13.673739,-5.61114,-17.04899678735875
AEH42763,H1,val,465,0,16.85111,-2.129031,-11.91052818416122
AEH42752,H1,train,465,0,17.517555,-4.1933017,-12.435693706301551
AEH42741,H1,test,467,0,18.43148,-4.7620616,-16.688197084689655
ADW80272,H1,test,469,0,7.7495975,-3.09958,-11.339651072452302
ADU33163,H1,train,470,0,8.394801,1.8834527,-12.031263455140207
ADU24533,H1,val,837,0,-10.889281,6.8946724,-23.08172886616098
BAJ40064,H1,train,228,1,19.253777,-3.2017314,1.5856850994369633
BAJ40063,H1,train,211,1,20.036991,-3.2520552,0.1418277007426827
BAJ40062,H1,train,228,1,19.608414,-3.057332,2.489317937724996
BAJ40061,H1,train,211,1,20.036991,-3.2520552,0.1418277007426827
BAJ40060,H1,train,211,1,19.985798,-3.2448127,0.420338184475483
BAJ40059,H1,train,228,1,19.176607,-2.8677573,3.074959770902529
BAJ40058,H1,train,228,1,19.253777,-3.2017314,1.5856850994369633
BAJ40057,H1,train,228,1,18.667694,-2.9670465,2.147682941774738
BAJ40056,H1,train,471,0,19.959934,-4.0370584,-3.656077247275565
BAJ40055,H1,test,411,1,19.92564,-2.433156,1.1816641990686794
BAJ40054,H1,train,211,1,19.985798,-3.2448127,0.420338184475483
BAJ40053,H1,train,228,1,19.305387,-3.0464175,2.8286844036983894
BAJ40052,H1,train,228,1,19.238121,-3.6303136,-0.013074771830551057
BAJ40051,H1,val,211,1,19.985798,-3.2448127,0.420338184475483
BAJ40050,H1,train,211,1,20.050083,-3.6132364,0.8702952426729045
BAJ40049,H1,train,228,1,19.305387,-3.0464175,2.8286844036983894
BAJ40048,H1,train,228,1,19.176607,-2.8677573,3.074959770902529
BAJ40047,H1,val,228,1,19.187243,-4.296829,0.6941213765019949
BAJ40046,H1,test,472,0,20.075977,-3.4522302,0.05945629459770174
BAJ40045,H1,train,228,1,19.107315,-3.9426029,0.29179527416078344
BAJ40044,H1,test,473,0,19.919117,-4.326081,-1.1115201135327144
BAJ40043,H1,train,228,1,19.253777,-3.2017314,1.5856850994369633
BAJ40042,H1,train,474,0,19.549397,-3.971082,-2.9806767754860903
BAJ40041,H1,train,228,1,19.253777,-3.2017314,1.5856850994369633
BAJ40040,H1,val,474,0,19.474697,-4.602873,0.6254736991738117
BAJ40039,H1,train,211,1,19.67426,-3.398935,0.6637824127854124
BAJ40038,H1,train,385,1,19.060747,-3.1508787,2.1908460754234085
BAJ40037,H1,train,228,1,19.253777,-3.2017314,1.5856850994369633
BAJ40036,H1,train,475,0,19.73627,-2.8532875,-0.8341903998462215
BAJ40035,H1,test,228,1,19.113987,-2.968096,2.3875453475285475
BAJ40034,H1,train,228,1,19.224411,-2.757407,2.6325164237465
BAJ40033,H1,train,474,0,19.187243,-4.296829,0.6941213765019949
BAJ40032,H1,train,228,1,19.176607,-2.8677573,3.074959770902529
BAJ40031,H1,test,211,1,19.67426,-3.398935,0.6637824127854124
BAJ40030,H1,train,474,0,19.187243,-4.296829,0.6941213765019949
BAJ40029,H1,train,228,1,19.176607,-2.8677573,3.074959770902529
BAJ40028,H1,test,473,0,20.47599,-3.8117034,1.0501395257771566
BAJ40027,H1,test,475,0,20.466496,-3.0684536,-0.45325233822846656
BAJ40026,H1,train,473,0,19.985798,-3.2448127,0.420338184475483
BAJ40025,H1,train,228,1,19.176607,-2.8677573,3.074959770902529
BAJ40024,H1,train,228,1,19.313967,-3.0845523,1.115194648210906
BAJ40023,H1,val,473,0,19.985798,-3.2448127,0.420338184475483
BAJ40022,H1,val,474,0,19.187243,-4.296829,0.6941213765019949
BAJ40021,H1,test,473,0,20.145105,-3.2670987,-1.0136457283473153
BAJ40020,H1,train,474,0,19.107315,-3.9426029,0.29179527416078344
BAJ40019,H1,test,474,0,19.107315,-3.9426029,0.29179527416078344
BAJ40018,H1,train,473,0,19.985798,-3.2448127,0.420338184475483
BAJ40017,H1,train,211,1,19.848091,-3.1611717,0.3085009712995177
BAJ40016,H1,train,228,1,19.176607,-2.8677573,3.074959770902529
BAJ40015,H1,test,228,1,18.564655,-3.688864,2.0459029332053476
BAJ40014,H1,val,228,1,19.176607,-2.8677573,3.074959770902529
BAJ40013,H1,train,228,1,19.176607,-2.8677573,3.074959770902529
BAJ40012,H1,train,211,1,19.671461,-3.4008958,1.3522721432886033
BAJ40011,H1,train,228,1,19.176607,-2.8677573,3.074959770902529
BAJ40010,H1,train,421,1,19.983349,-3.1769452,-1.0126203356916168
BAJ40009,H1,val,476,0,20.19978,-3.4641888,-0.4807419190035773
BAJ40008,H1,val,211,1,20.102081,-2.9491293,3.6367006884225166
BAJ40007,H1,test,211,1,19.67426,-3.398935,0.6637824127854124
BAJ40006,H1,test,474,0,19.107315,-3.9426029,0.29179527416078344
BAJ40005,H1,train,473,0,20.036991,-3.2520552,0.1418277007426827
BAJ40004,H1,train,448,0,20.522915,-2.9538448,-0.8690268526285738
BAJ40003,H1,val,475,0,20.018686,-3.2199032,1.2838747362372196
BAJ40002,H1,train,211,1,19.67426,-3.398935,0.6637824127854124
BAJ40001,H1,train,475,0,20.018686,-3.2199032,1.2838747362372196
BAJ40000,H1,train,228,1,19.483686,-2.7882295,1.9769144775061278
BAJ39999,H1,train,228,1,19.176607,-2.8677573,3.074959770902529
BAJ39998,H1,test,211,1,19.67426,-3.398935,0.6637824127854124
BAJ39997,H1,train,228,1,19.735699,-3.114842,1.9950382215661069
BAJ39996,H1,train,211,1,19.67426,-3.398935,0.6637824127854124
BAJ39995,H1,train,228,1,19.176607,-2.8677573,3.074959770902529
BAJ39994,H1,train,477,0,20.061867,-2.8441103,2.740326124972791
BAJ39993,H1,train,211,1,19.67426,-3.398935,0.6637824127854124
BAJ39992,H1,test,477,0,19.735699,-3.114842,1.9950382215661069
BAJ39991,H1,train,228,1,19.483686,-2.7882295,1.9769144775061278
BAJ39990,H1,train,211,1,19.67426,-3.398935,0.6637824127854124
BAJ39989,H1,test,211,1,19.665117,-3.3589804,0.36135073348733826
BAJ39988,H1,train,211,1,19.811779,-3.386931,0.5352490761494586
BAJ39987,H1,test,228,1,19.310678,-2.7781355,1.2752156374496302
BAJ39986,H1,test,474,0,19.107315,-3.9426029,0.29179527416078344
BAJ39985,H1,train,211,1,19.67426,-3.398935,0.6637824127854124
BAJ39984,H1,test,421,1,19.907894,-3.068415,0.08004569632272762
BAJ39983,H1,train,211,1,20.13713,-3.084854,1.8477887618153108
BAJ39982,H1,val,211,1,19.833626,-3.2169912,-0.8506151182871928
BAJ39981,H1,train,475,0,20.087399,-3.2241805,-0.19473081510045276
BAJ39980,H1,train,228,1,19.253777,-3.2017314,1.5856850994369633
BAJ39979,H1,val,476,0,19.980148,-3.3189406,-0.8811425759577336
BAJ39978,H1,val,450,0,19.801113,-3.321472,-0.44687837117023754
BAJ39977,H1,val,211,1,19.67426,-3.398935,0.6637824127854124
BAJ39976,H1,train,473,0,18.958626,-3.1361163,-1.5768214486773129
BAJ39975,H1,test,211,1,19.806671,-3.3957007,0.6601245368085724
BAJ39974,H1,train,211,1,19.67426,-3.398935,0.6637824127854124
BAJ39973,H1,val,475,0,19.616566,-3.0215771,2.239884901223739
BAJ39972,H1,test,211,1,19.574337,-3.3043652,0.9945216522254139
BAJ39971,H1,val,211,1,19.67426,-3.398935,0.6637824127854124
BAJ39970,H1,train,211,1,19.67426,-3.398935,0.6637824127854124
BAJ39969,H1,val,228,1,19.253777,-3.2017314,1.5856850994369633
BAJ39968,H1,train,211,1,18.726131,-3.899475,0.08379382103737854
BAJ39967,H1,train,478,0,20.021759,-3.0022402,0.8173531787037085
BAJ39966,H1,train,211,1,19.67426,-3.398935,0.6637824127854124
BAJ39965,H1,val,211,1,19.67426,-3.398935,0.6637824127854124
BAJ39964,H1,train,228,1,19.253777,-3.2017314,1.5856850994369633
BAJ39963,H1,train,211,1,19.67426,-3.398935,0.6637824127854124
BAJ39962,H1,train,479,0,20.043442,-4.0161085,-1.746755019509866
BAJ39961,H1,train,211,1,19.574337,-3.3043652,0.9945216522254139
BAJ39960,H1,val,211,1,19.67426,-3.398935,0.6637824127854124
BAJ39959,H1,train,479,0,19.79855,-3.647457,-2.5805424202244414
BAJ39958,H1,train,475,0,19.908836,-3.0561264,0.0452610149996584
BAJ39957,H1,train,228,1,19.253777,-3.2017314,1.5856850994369633
BAJ39956,H1,test,211,1,20.13713,-3.084854,1.8477887618153108
BAJ39955,H1,train,480,0,17.561516,-3.5764148,-3.2369126972269324
BAJ39954,H1,val,228,1,19.253777,-3.2017314,1.5856850994369633
BAJ39953,H1,val,228,1,19.085754,-3.3902328,2.9020318679894554
BAJ39952,H1,train,228,1,19.253777,-3.2017314,1.5856850994369633
BAJ39951,H1,train,228,1,19.329357,-3.2845166,0.6607907464157687
BAJ39950,H1,val,211,1,20.13713,-3.084854,1.8477887618153108
BAJ39949,H1,train,228,1,19.109539,-3.308692,4.270936063480429
ACY06463,H1,test,63,0,-6.017045,25.342302,-26.01336814208362
ACY06462,H1,train,63,0,-5.7581077,28.499767,-24.26452117726931
ACY06461,H1,train,63,0,-5.0347495,28.580524,-24.261345353859113
ACY06460,H1,test,63,0,-3.838478,29.72638,-31.85088708545083
ACY06459,H1,val,63,0,-4.7497053,30.234596,-29.037578500781883
ACY06458,H1,train,516,0,-14.539985,2.875913,-13.912392998114782
ACY06457,H1,train,516,0,-13.157193,1.7332304,-7.8990031332314405
ACY06456,H1,train,517,0,-15.595466,-0.08570545,-12.078909499591166
ACY06455,H1,train,517,0,-15.181197,0.13378422,-12.171691429355695
ACY06454,H1,train,518,0,18.019543,-1.6534374,-7.12253452271896
ACY06453,H1,train,519,0,18.712063,-4.075665,-13.708403150809835
ACY06452,H1,train,520,0,17.471191,-5.150805,-14.133847957296974
ACY06451,H1,val,519,0,18.65829,-4.027783,-12.9504614306397
ACY06450,H1,val,521,0,18.152378,-3.3625555,-18.709557730330364
ACY06449,H1,train,521,0,17.851543,-4.197783,-17.9549621756354
ACY06448,H1,val,521,0,18.233082,-4.452452,-16.355088145272894
ACY06447,H1,val,521,0,18.233082,-4.452452,-16.355088145272894
ACY06446,H1,train,521,0,18.233082,-4.452452,-16.355088145272894
ACY06445,H1,train,521,0,18.233082,-4.452452,-16.355088145272894
AAA16880,H1,val,489,0,17.042984,-2.0580592,-19.67292733874706
AAA16879,H1,train,490,0,16.896027,-3.2620206,-20.122614419104956
BAI83394,H1,train,286,0,17.375172,-3.4728634,-21.96840280102243
BAI83387,H1,train,287,0,17.851254,-2.340914,-5.528655800777214
AAK71687,H1,train,491,0,17.147625,-3.0756726,-7.086187376130367
AAF04720,H1,train,357,0,-7.0188756,-7.8926377,-5.7833420131650985
ACV90512,H1,train,736,0,1.046224,-12.743416,-27.358976613915047
ACR26760,H1,test,493,0,20.538803,-3.938519,-25.9596261839883
ACR26759,H1,train,494,0,17.86132,-3.0225961,-3.7631285271074617
ACR26758,H1,train,494,0,16.987867,-2.3764102,-5.158934635308984
ACR26756,H1,test,494,0,16.926981,-2.0798619,-6.8396157677028295
ACR26755,H1,val,494,0,17.752144,-2.7490208,-5.218166807223442
ACR26753,H1,val,495,0,20.391787,-2.696897,-21.379864157188493
ACR26752,H1,train,496,0,13.520132,-3.8011086,-11.32292729982566
ACR26751,H1,test,494,0,18.035095,-3.2809536,-3.6009235799198596
ACR26750,H1,train,494,0,18.511509,-3.3746793,-1.8593902820041937
ACR26749,H1,train,494,0,17.728367,-2.9787319,-3.746700084926685
ACR26748,H1,val,494,0,17.752144,-2.7490208,-5.218166807223442
ACR26747,H1,train,494,0,18.077343,-3.594719,-5.355736744246407
ACR26746,H1,train,497,0,20.331467,-1.3286234,-13.23384279817954
ACR26745,H1,train,498,0,20.311153,-2.3781712,-19.810303477371463
ACR26743,H1,train,499,0,20.63728,-2.1665359,-20.109997484771778
ACR26742,H1,train,494,0,17.26876,-2.742513,-3.414407983174131
ABI96109,H1,train,737,0,13.046319,-4.081489,-32.29008511725008
ABI96108,H1,test,737,0,6.235692,-8.479342,-35.676996051010946
ABI96107,H1,train,738,0,8.917747,-5.3857684,-33.052113667692545
ABI96106,H1,train,739,0,10.587214,-2.9333892,-35.62050139462438
ABI96104,H1,train,740,0,7.728952,-4.4514165,-37.29961151118525
ABI96103,H1,train,737,0,8.62996,-6.165399,-30.49344148121662
AAA19934,H1,train,500,0,21.455427,-1.0300974,-9.93866256130922
ACQ73204,H1,train,73,1,16.56263,-2.7461214,-0.4932893560489813
ACQ73203,H1,val,73,1,16.56263,-2.7461214,-0.4932893560489813
BAA00718,H1,test,741,0,16.469515,-6.1705756,-11.838566559231053
ACF28529,H1,train,225,0,-16.894848,2.0733294,-7.3368720756177055
ACF28528,H1,train,226,0,-17.588676,-0.84695375,-1.9287685922218447
ACF28527,H1,train,226,0,-17.146473,0.9416258,-5.051957843826465
ACD37507,H1,train,716,0,5.825355,-9.367287,-30.472400186767885
ACD37430,H1,train,742,0,16.216667,-5.946802,-23.796387869848456
ACA28844,H1,test,716,0,5.603288,-9.129496,-30.799148237030998
BAA00719,H1,train,901,0,22.50533,11.975874,-32.614434319561646
BAA00720,H1,train,503,0,13.794543,-2.1852248,-11.502543033066935
ABF71860,H1,train,30,0,19.368559,-4.297593,-14.201501203877783
HMIV17,H1,test,30,0,19.368559,-4.297593,-14.201501203877783
YEV49150,H3,train,1,0,-18.528568,-2.4270375,-11.270133676026125
YEV49138,H3,train,1,0,-18.551678,-1.6867453,-11.405945657849587
YES77109,H3,train,3,0,19.808022,-0.9673329,-8.518297346846968
YES76852,H3,train,3,0,19.808022,-0.9673329,-8.518297346846968
YES73451,H3,val,5,0,-4.1564307,17.107264,-17.30900203273523
YEP46523,H3,train,5,0,0.062062424,16.201887,-29.442864776495213
YEP46230,H3,train,5,0,-5.3000712,15.598347,-18.371394946221397
YEP46219,H3,test,5,0,-5.3000712,15.598347,-18.371394946221397
YEP46207,H3,val,5,0,0.062062424,16.201887,-29.442864776495213
YEP46180,H3,train,5,0,-5.702431,15.497003,-19.002572295745125
YEP45492,H3,train,5,0,-4.984602,16.048916,-18.056049891962964
WXA14664,H3,test,6,0,-3.3801675,26.613949,-24.78352863505711
WWZ86447,H3,val,7,0,-3.7880626,33.176437,-30.892519098714118
WWZ86435,H3,train,8,0,-1.6288989,30.824522,-29.864946392622734
WWZ86424,H3,train,8,0,-3.8872495,26.906929,-23.933506709013564
WWZ86408,H3,train,9,0,-2.704453,27.82272,-28.487526212043015
WWZ86396,H3,val,10,0,-3.7638597,25.188366,-35.98643707580441
WWZ86384,H3,train,11,0,-4.0369897,29.817528,-27.180655855520463
WWZ86372,H3,val,12,0,-3.177695,25.740618,-23.695201326582534
WWZ86360,H3,train,12,0,-2.7528815,25.76772,-24.86464930041007
WWZ86348,H3,train,13,0,-3.118711,28.942465,-26.330005022314758
WWZ86252,H3,test,8,0,-3.6665483,29.891415,-28.836181377233032
WWZ86174,H3,test,14,0,-4.243626,23.240395,-27.969008878699967
WWZ86162,H3,train,14,0,-4.243626,23.240395,-27.969008878699967
WWZ86148,H3,train,15,0,-3.6283126,24.963787,-33.94229197624799
WWZ86136,H3,train,11,0,-3.9161317,27.538244,-26.537192894264983
WWZ86124,H3,train,11,0,-1.2243431,34.956665,-36.44508395170503
WWZ86106,H3,train,14,0,-3.311958,25.428822,-30.388259124382607
WWZ86094,H3,train,16,0,-6.0748143,23.655258,-25.300094080703396
WWZ86080,H3,val,17,0,-6.1335816,26.776253,-28.521071682380352
WWZ86068,H3,train,18,0,-4.2262397,27.015018,-26.962227450358533
WWZ86056,H3,val,13,0,-2.9065652,28.874641,-26.851463262536306
WWZ86043,H3,train,11,0,-3.7079449,29.541153,-26.38048633596607
WWZ86030,H3,train,13,0,-3.3031762,29.466045,-26.769586289972548
WWZ86015,H3,train,13,0,-3.347074,30.152714,-26.862848014449057
WWZ86003,H3,train,19,0,-4.088368,20.497208,-25.97696803895105
WWZ85990,H3,val,20,0,-2.4050908,33.426376,-30.196865567304584
WWZ85977,H3,train,19,0,-4.088368,20.497208,-25.97696803895105
WWZ85964,H3,train,21,0,-0.3333676,34.60631,-31.5928043805659
WWZ85952,H3,train,22,0,-3.7106838,31.593197,-30.172114611726165
YEI35128,H3,train,23,0,-15.426543,-2.5814936,-8.920104910103772
UPI56582,H3,train,8,0,-2.9702313,31.939196,-28.854108861886083
UPI56570,H3,test,8,0,-3.0041301,34.7772,-31.496510184999877
UPI56558,H3,val,15,0,-3.6283126,24.963787,-33.94229197624799
UPI56510,H3,train,24,0,-2.6618733,27.99812,-31.140987112523625
UPI56498,H3,train,15,0,-4.543686,14.225777,-36.33573754138071
UPI56486,H3,train,11,0,-2.9486017,30.100132,-28.286461751009718
YDY13990,H3,test,25,0,-3.172889,32.80098,-35.8524694961303
YDS75963,H3,val,2,0,-18.700779,-3.9728916,-12.049928896955786
YDS75924,H3,train,577,0,-16.80288,-6.754765,-63.17481151917127
YDQ55499,H3,train,32,0,1.2107272,17.751083,-28.188722236687166
YDQ55430,H3,train,33,0,0.8421172,16.48052,-30.614560987221893
YDQ51060,H3,train,33,0,0.92418176,15.901871,-25.675943174803763
YDQ51052,H3,train,5,0,-0.31312984,15.586136,-30.502235290672033
YDQ51002,H3,train,5,0,-0.48322222,16.477379,-26.059245391843895
YDQ50990,H3,train,32,0,-2.629456,12.581129,-30.63766078318004
YDP23701,H3,val,1,0,-18.236507,-2.202494,-11.550419269754881
YDP23700,H3,train,1,0,-17.866678,-0.75006074,-9.075498450831173
YDP23699,H3,train,1,0,-18.5332,-3.1400428,-8.247714305056604
YDP23698,H3,val,1,0,-18.236507,-2.202494,-11.550419269754881
YDP23697,H3,train,1,0,-17.68084,-0.48046586,-7.690438767031928
YDP23696,H3,train,1,0,-18.158728,-2.7032812,-12.236955586809852
YDP23695,H3,train,1,0,-18.236507,-2.202494,-11.550419269754881
YDP23694,H3,val,1,0,-18.6148,-2.5304244,-11.867996429844924
YDP23693,H3,train,1,0,-18.236507,-2.202494,-11.550419269754881
YDP23692,H3,test,1,0,-18.236507,-2.202494,-11.550419269754881
YDP23691,H3,train,1,0,-18.236507,-2.202494,-11.550419269754881
YDP23690,H3,test,1,0,-18.236507,-2.202494,-11.550419269754881
YDP23689,H3,val,1,0,-18.872566,-3.372555,-11.833106976905064
YDP23688,H3,test,1,0,-18.236507,-2.202494,-11.550419269754881
YDP23687,H3,test,1,0,-18.480165,-2.2713227,-10.743119487704922
YDP23686,H3,train,1,0,-18.6148,-2.5304244,-11.867996429844924
YDP23685,H3,test,1,0,-17.866678,-0.75006074,-9.075498450831173
YDP23684,H3,train,1,0,-18.6148,-2.5304244,-11.867996429844924
YDP23683,H3,train,1,0,-18.236507,-2.202494,-11.550419269754881
YDP23682,H3,train,1,0,-18.236507,-2.202494,-11.550419269754881
YDP23681,H3,train,1,0,-18.236507,-2.202494,-11.550419269754881
YDP23680,H3,val,1,0,-18.236507,-2.202494,-11.550419269754881
YDP23679,H3,train,1,0,-18.236507,-2.202494,-11.550419269754881
YDP23678,H3,train,1,0,-18.236507,-2.202494,-11.550419269754881
YDP23677,H3,train,1,0,-18.73221,-3.0925572,-10.605925769958787
YDP23676,H3,train,1,0,-16.845873,1.8427832,-5.94684884747194
YDP23675,H3,val,1,0,-18.282078,-2.2086854,-10.881126338230798
YDP23674,H3,test,1,0,-18.236507,-2.202494,-11.550419269754881
YDP23673,H3,train,1,0,-18.236507,-2.202494,-11.550419269754881
YDP23672,H3,train,1,0,-18.236507,-2.202494,-11.550419269754881
YDP23671,H3,train,1,0,-18.872566,-3.372555,-11.833106976905064
YDP23670,H3,train,1,0,-18.236507,-2.202494,-11.550419269754881
YDK24523,H3,train,2,0,-18.88277,-4.313934,-12.199941990159063
YDH88936,H3,test,42,0,-11.442071,6.655884,-9.898898146395128
YDH88934,H3,train,43,0,-8.423911,12.64985,-6.084933306789794
YDH88932,H3,train,44,0,-8.552304,15.286802,-7.017773628020554
YDH88930,H3,train,45,0,-15.120462,1.7949157,-26.981623204426
YDH88928,H3,train,29,0,-3.1263046,22.309687,-10.600261533391864
YDH88926,H3,val,46,0,-6.57993,18.008614,-5.54597803040372
YDH88924,H3,val,27,0,-7.2321935,2.9343626,-7.254495655937397
YDH88922,H3,val,29,0,-3.1263046,22.309687,-10.600261533391864
YDH88920,H3,val,47,0,-12.732696,5.8985405,-19.775764580767213
YDH88918,H3,test,48,0,-7.569455,3.9413373,-16.590667445458323
YDH88914,H3,train,49,0,-9.707962,5.0803523,-14.684202941431128
YDH88912,H3,train,46,0,-6.4677305,17.618834,-6.069108043352598
YDH88910,H3,train,26,0,-7.178822,14.607815,-10.418817746516888
YDH88906,H3,train,26,0,-7.178822,14.607815,-10.418817746516888
YDH88904,H3,train,50,0,-9.310027,12.171385,-15.909204406224429
YDH88902,H3,val,41,0,-7.8750987,20.694653,-12.55401901077019
YDH88898,H3,val,51,0,-3.2006412,15.353703,-14.573784009998262
YDH88896,H3,val,52,0,-7.886581,23.150154,-8.506073239884639
YDH88892,H3,val,53,0,-11.323428,17.017942,-21.027684974711633
YDH88890,H3,test,54,0,-10.681422,8.494972,-16.303678977197357
YDH88884,H3,val,46,0,-7.1957355,15.177412,-8.189587419014366
YDH88878,H3,val,53,0,-11.323428,17.017942,-21.027684974711633
YDH88874,H3,train,55,0,-9.160712,7.74439,-11.609198278432245
YDH88872,H3,test,28,0,-13.567109,2.3319364,-14.468750168833592
YDH88870,H3,train,40,0,-10.625169,7.7302694,-11.918698215620205
YDH88868,H3,train,57,0,-8.22972,16.243546,-15.255208944557339
YDH88866,H3,train,56,0,-2.4123106,20.102703,-11.28502772354148
YDH88864,H3,train,38,0,-13.643182,2.9679766,-24.037844126634454
YDH88862,H3,train,50,0,-11.655771,8.253426,-14.710105928020532
YDH88860,H3,train,41,0,-3.914269,21.298069,-10.904666986372614
YDH88858,H3,train,43,0,-8.532657,12.365278,-6.660702143278572
YDH88856,H3,train,57,0,-8.267148,16.860977,-14.768426055273721
YDH88850,H3,train,58,0,-12.033879,2.241728,-18.357827487611384
YDH88844,H3,val,59,0,-6.588012,14.757805,-12.067341656500377
YDH88842,H3,test,43,0,-7.492583,14.733282,-8.121561521905473
YDH88840,H3,train,43,0,-12.103865,6.3086095,-7.624567060671136
YDH88838,H3,train,46,0,-6.1041856,19.04649,-6.630254741106478
YDH88836,H3,train,60,0,-7.40031,14.672415,-10.47400022646968
YDH88834,H3,train,61,0,-8.536214,15.776558,-15.91370141591839
YDH88832,H3,val,44,0,-4.5378213,20.939571,-2.533026586776826
YDE42140,H3,train,1,0,-18.400785,-2.0066833,-10.16345803245712
YDE42128,H3,val,2,0,-18.88277,-4.313934,-12.199941990159063
YDE42116,H3,train,2,0,-18.342464,-3.95703,-10.518686905737466
YDE42104,H3,train,2,0,-18.88277,-4.313934,-12.199941990159063
YDE42092,H3,train,1,0,-18.6148,-2.5304244,-11.867996429844924
YDE42080,H3,train,1,0,-15.4767065,1.7288136,-7.858587625706343
YDC08355,H3,train,2,0,-18.88277,-4.313934,-12.199941990159063
YDC08343,H3,val,1,0,-17.559084,-0.46897042,-11.480539276288937
YDC08320,H3,train,2,0,-18.88277,-4.313934,-12.199941990159063
YDC08308,H3,train,2,0,-18.88277,-4.313934,-12.199941990159063
YDC08296,H3,test,1,0,-18.710468,-2.5896866,-11.031682703049555
YDC08263,H3,train,1,0,-18.236507,-2.202494,-11.550419269754881
YDC08231,H3,train,1,0,-18.236507,-2.202494,-11.550419269754881
YDB83251,H3,test,2,0,-18.88277,-4.313934,-12.199941990159063
YDB83239,H3,train,2,0,-18.88277,-4.313934,-12.199941990159063
YDB83227,H3,train,1,0,-18.652096,-2.1207504,-11.603589437918826
YDB83215,H3,train,1,0,-18.17771,-4.045105,-19.62175032647918
YDB83203,H3,train,2,0,-18.600243,-3.7060525,-12.113337053471787
YDB83191,H3,train,2,0,-19.566238,-4.879751,-12.342558592519234
YDB83179,H3,train,1,0,-18.236507,-2.202494,-11.550419269754881
YDB83167,H3,train,2,0,-18.88277,-4.313934,-12.199941990159063
YDB83155,H3,val,1,0,-18.672127,-2.7907832,-11.611299435374047
YDB34090,H3,test,1,0,-18.42706,-3.1571448,-11.237671553877128
YDB33865,H3,train,1,0,-17.026865,-0.6654898,-9.635390493763667
YDB30413,H3,train,1,0,-16.066761,0.59744257,-9.595225543769464
YDB30267,H3,train,1,0,-18.236507,-2.202494,-11.550419269754881
YCZ79439,H3,train,1,0,-18.236507,-2.202494,-11.550419269754881
YCZ79427,H3,train,2,0,-18.88277,-4.313934,-12.199941990159063
YCZ79415,H3,train,1,0,-18.236507,-2.202494,-11.550419269754881
YCZ79403,H3,train,1,0,-18.236507,-2.202494,-11.550419269754881
YCZ79391,H3,train,1,0,-18.236507,-2.202494,-11.550419269754881
YCZ79379,H3,train,1,0,-18.236507,-2.202494,-11.550419269754881
YCZ79356,H3,train,1,0,-18.806532,-3.440632,-11.64981300334904
YCZ79344,H3,train,1,0,-18.016287,-2.6501896,-12.171358151123194
YCZ79332,H3,train,2,0,-19.649408,-4.8958845,-12.265048777220608
YCS47977,H3,train,62,0,-12.845763,2.593889,-13.896307578917739
YCQ40288,H3,test,70,0,-11.080195,6.5307555,-11.244364964006412
YCP90565,H3,val,1,0,-18.064266,-1.3705465,-10.235238471376865
YCP90553,H3,train,1,0,-18.421219,-2.2413065,-11.02767889893924
YCP90541,H3,train,1,0,-18.236507,-2.202494,-11.550419269754881
YCP90529,H3,train,1,0,-14.001225,12.300718,-10.047927667456118
YCO90435,H3,train,2,0,-18.88277,-4.313934,-12.199941990159063
YCO90423,H3,train,1,0,-19.155617,-4.390046,-10.809186002940883
YCO90395,H3,val,2,0,-18.88277,-4.313934,-12.199941990159063
YCO90383,H3,train,1,0,-18.236507,-2.202494,-11.550419269754881
YCO90371,H3,train,1,0,-18.621674,-2.1463275,-13.388340321504703
YCO90354,H3,train,2,0,-18.88277,-4.313934,-12.199941990159063
YCO90311,H3,test,1,0,-18.236507,-2.202494,-11.550419269754881
YCM62951,H3,train,2,0,-18.88277,-4.313934,-12.199941990159063
YCM62917,H3,train,1,0,-18.236507,-2.202494,-11.550419269754881
YCM62884,H3,train,2,0,-18.88277,-4.313934,-12.199941990159063
YCM62864,H3,train,2,0,-18.88277,-4.313934,-12.199941990159063
YCM62852,H3,test,2,0,-18.88277,-4.313934,-12.199941990159063
YCM62829,H3,train,1,0,-18.090263,-2.4353645,-11.731639865189324
YCM62817,H3,test,1,0,-19.194698,-2.0969102,-11.870701631458163
YCL75363,H3,val,1,0,-18.236507,-2.202494,-11.550419269754881
YCL10971,H3,train,1,0,-18.236507,-2.202494,-11.550419269754881
YCK96278,H3,train,71,0,-18.804089,-4.341907,-12.02625556381965
YCK18600,H3,val,1,0,-18.236507,-2.202494,-11.550419269754881
YCB21382,H3,train,3,0,19.674068,-1.387154,-7.684196398410187
YCB20091,H3,train,72,0,-19.923153,-4.121364,-9.515577798582235
YCB18995,H3,train,72,0,-19.908947,-5.545547,-11.839266167248267
YCB17135,H3,train,1,0,-18.236507,-2.202494,-11.550419269754881
YCB15480,H3,train,73,0,-12.356481,6.0493054,-13.796138085953347
YBZ29190,H3,train,72,0,-19.905708,-4.8826118,-12.244004311963373
YBV45745,H3,val,43,0,-8.2797985,12.961725,-8.426451232758705
YBV45743,H3,train,74,0,-11.007741,7.1007514,-11.650893279625068
YBV45741,H3,test,75,0,-5.953072,18.913322,-3.64584285251245
YBU60574,H3,train,51,0,-3.2006412,15.353703,-14.573784009998262
YBU60570,H3,val,73,0,-13.943301,1.2507613,-12.698823161864292
YBU60566,H3,val,76,0,-3.8284185,21.974844,-11.22769446517848
YBU60560,H3,train,41,0,-3.914269,21.298069,-10.904666986372614
YBU60552,H3,train,77,0,-6.265041,21.131348,-13.6061667071623
YBU60550,H3,train,78,0,-5.582292,18.473803,-9.762490920998104
YBU60544,H3,val,50,0,-10.810246,9.506155,-15.221303282443294
YBP47878,H3,train,79,0,-18.907312,-3.6006649,-13.925516967537073
YBP47877,H3,train,80,0,-15.33659,5.521136,-4.974431315648523
YBP08993,H3,train,81,0,-6.1215606,19.611881,-6.316771477307361
YBP08983,H3,train,82,0,-4.176045,20.949684,-8.81947631282012
YBK92970,H3,train,76,0,-4.1507235,22.140068,-10.281090216697189
YBK92962,H3,train,43,0,-8.423911,12.64985,-6.084933306789794
YBH87781,H3,train,46,0,-7.3648086,15.894941,-9.814989464650672
YBH87763,H3,train,83,0,-4.3764544,20.119976,-3.097762120714277
YBH87759,H3,train,84,0,-3.625126,19.659683,-12.006996938052188
YBH87749,H3,train,85,0,-7.333341,11.516142,-17.241536071744143
YBB93693,H3,train,86,0,-19.544285,-3.9928343,-14.238314146614842
YAO56776,H3,train,52,0,-6.6697435,21.263939,-6.590669249439861
YAO56772,H3,val,87,0,-7.001678,16.057396,-10.096816456033194
YAO56770,H3,train,58,0,-12.733705,1.6346371,-17.851751146278428
YAO56766,H3,train,88,0,-9.122397,13.138271,-10.933393200068465
YAO56764,H3,train,89,0,-3.0735688,20.217865,-9.813209757258507
YAO56762,H3,train,61,0,-9.772828,13.075928,-17.32328698092671
YAO56754,H3,train,47,0,-13.905608,7.828116,-18.774871172281497
YAO56752,H3,train,90,0,-10.980493,8.77396,-10.466936824815582
YAO56744,H3,train,91,0,-4.312589,17.24878,-7.696974695434401
YAB59161,H3,train,92,0,-12.158664,9.833954,-12.781694068807422
YAB59157,H3,test,36,0,-5.5974936,18.42662,-7.286541476458139
YAB59155,H3,train,36,0,-5.2350955,21.181915,-6.614510602559472
YAB59153,H3,val,93,0,-9.96901,10.366583,-12.895138783597814
YAB59151,H3,train,94,0,-4.037167,21.772453,-5.2486863569032725
XZX72811,H3,train,95,0,-10.119079,2.610512,-16.55656056095801
XZX72809,H3,val,61,0,-7.5573144,18.521696,-14.590349971499911
XZX72803,H3,train,96,0,-13.510503,-0.2724835,-28.262842000257045
XZX72795,H3,train,96,0,-14.09221,-0.92741776,-26.930316876579237
XZX72793,H3,val,97,0,-12.170215,4.179195,-9.470151936515247
XZX72785,H3,train,98,0,-8.269376,9.0902405,-11.615749157629267
XZE13723,H3,train,99,0,-9.034277,11.224125,-8.404027069791526
XYE66472,H3,train,79,0,-19.807388,-5.5640936,-12.315357601941104
QWZ14494,H3,val,100,0,-4.8235307,21.305363,-20.51585171441336
XUM71524,H3,train,79,0,-19.908947,-5.545547,-11.839266167248267
XUM71429,H3,val,72,0,-20.173996,-4.8589077,-11.98419922798277
XUM70752,H3,train,79,0,-19.908947,-5.545547,-11.839266167248267
XUM70721,H3,train,79,0,-19.908947,-5.545547,-11.839266167248267
XUM70695,H3,train,72,0,-20.217125,-5.7392087,-10.926125625851663
XRI88233,H3,train,101,0,-19.35527,-5.0851884,-10.002950989326417
XRI88227,H3,train,72,0,-21.142904,-5.4588494,-8.917992201894789
XRI88009,H3,train,79,0,-19.925354,-5.787865,-13.360894296565556
XRI88002,H3,train,79,0,-19.64896,-5.355083,-10.310796519849674
XRI87993,H3,train,79,0,-19.908947,-5.545547,-11.839266167248267
XRI87874,H3,test,79,0,-19.908947,-5.545547,-11.839266167248267
XRI87856,H3,train,79,0,-19.908947,-5.545547,-11.839266167248267
XRI87771,H3,train,79,0,-18.644829,-3.8405256,-12.424656214441155
XRI87750,H3,train,79,0,-19.908947,-5.545547,-11.839266167248267
XRI87374,H3,train,102,0,-20.105202,-3.484913,-12.97952998058224
XRI80278,H3,test,79,0,-19.472424,-4.889451,-11.963786809735252
XQE93749,H3,test,79,0,-19.908947,-5.545547,-11.839266167248267
XQE93704,H3,test,79,0,-19.908947,-5.545547,-11.839266167248267
XQE93561,H3,train,103,0,-21.779053,-5.9225907,-14.912296093956767
XQE93555,H3,test,79,0,-19.908947,-5.545547,-11.839266167248267
XQE93384,H3,val,104,0,-22.10068,-5.8908925,-16.279278406080405
XQE93286,H3,test,72,0,-21.142904,-5.4588494,-8.917992201894789
XQE93272,H3,train,102,0,-21.170612,-6.453164,-11.888190181693133
XQE93265,H3,train,105,0,-20.151459,0.5590784,-6.2942822631181246
XQE93105,H3,train,105,0,-21.171455,-5.442062,-9.352721067313245
XQE93069,H3,test,72,0,-19.963392,-5.528752,-10.853318680466641
XQE92966,H3,train,72,0,-20.965948,-5.725532,-12.174586199261812
XPY38374,H3,train,106,0,-20.862099,-6.1145034,-10.059292473110505
XPY38234,H3,train,79,0,-19.908947,-5.545547,-11.839266167248267
XPO56668,H3,train,107,0,-20.26101,-2.9742048,-8.51875348489602
XPO56656,H3,train,107,0,-20.26101,-2.9742048,-8.51875348489602
XPO56644,H3,train,107,0,-20.794693,-5.7317653,-3.427127518191467
XPO56632,H3,train,107,0,-19.25378,-2.1934638,-5.5268302412512575
XPO56620,H3,test,610,0,-2.1921806,14.868487,-86.24533202119716
XPL72946,H3,test,108,0,-19.539894,-5.4417696,-12.839579272349022
XPL72934,H3,train,79,0,-19.908947,-5.545547,-11.839266167248267
XPL72922,H3,train,72,0,-20.212452,-4.9673944,-11.809914200482362
XPL72910,H3,val,79,0,-19.996181,-6.0092254,-12.329939085545307
XPL72898,H3,train,104,0,-20.21199,-5.3566785,-16.36903327195764
XPL72886,H3,train,104,0,-20.21199,-5.3566785,-16.36903327195764
XPL72869,H3,test,72,0,-18.666903,-2.7263913,-11.606259226234602
XPL72862,H3,train,105,0,-21.319633,-5.508004,-8.66215683195643
XPL72850,H3,test,72,0,-20.374598,-5.586494,-11.267936236925093
XPL72838,H3,train,72,0,-20.212452,-4.9673944,-11.809914200482362
XPL72826,H3,train,105,0,-21.168049,-5.5394864,-8.308478293699755
XPL72814,H3,val,108,0,-19.92836,-6.0866513,-12.454844615169087
XPL72802,H3,train,108,0,-19.92836,-6.0866513,-12.454844615169087
XPL72790,H3,train,79,0,-19.908947,-5.545547,-11.839266167248267
XPL72778,H3,train,79,0,-19.908947,-5.545547,-11.839266167248267
XPL72766,H3,train,79,0,-20.637733,-5.813291,-12.07381576495659
XPL72754,H3,train,79,0,-20.637733,-5.813291,-12.07381576495659
XPL72742,H3,train,103,0,-21.669231,-6.191871,-15.627635011954224
XPL72730,H3,train,105,0,-21.142904,-5.4588494,-8.917992201894789
XPL72718,H3,train,79,0,-19.908947,-5.545547,-11.839266167248267
XPL72706,H3,train,108,0,-19.467367,-5.008798,-12.947116403146596
XPL72682,H3,test,72,0,-20.374598,-5.586494,-11.267936236925093
XPL72670,H3,test,108,0,-19.467367,-5.008798,-12.947116403146596
XPL72658,H3,val,108,0,-19.467367,-5.008798,-12.947116403146596
XPL72646,H3,train,109,0,-18.644287,0.315486,-6.169152236557766
XPL72634,H3,train,109,0,-18.644287,0.315486,-6.169152236557766
XPL72622,H3,train,104,0,-20.973396,-6.437126,-12.60068449525332
XPL72610,H3,train,103,0,-21.602837,-4.6284575,-14.058568873255417
XPL72598,H3,train,103,0,-21.602837,-4.6284575,-14.058568873255417
XPL72586,H3,train,103,0,-21.602837,-4.6284575,-14.058568873255417
XPL72574,H3,train,104,0,-20.634071,-4.7892003,-12.78078488201566
XPL72562,H3,train,104,0,-21.10933,-5.593391,-12.496361451835613
XPL72550,H3,train,72,0,-20.377342,-6.0040507,-8.64112374222688
XPL72538,H3,test,79,0,-19.770435,-5.3874583,-13.326682314094075
XPL72526,H3,train,79,0,-19.770435,-5.3874583,-13.326682314094075
XPL72514,H3,train,104,0,-20.977673,-5.8046956,-12.553629140876057
XPL72502,H3,train,79,0,-20.637733,-5.813291,-12.07381576495659
XPL72490,H3,train,79,0,-20.637733,-5.813291,-12.07381576495659
XPL72478,H3,train,103,0,-19.233809,-4.7604628,-18.18726536797661
XPL72466,H3,train,79,0,-19.908947,-5.545547,-11.839266167248267
XPL72454,H3,test,79,0,-20.066269,-6.01048,-10.08315363557665
XPL72442,H3,train,79,0,-19.908947,-5.545547,-11.839266167248267
XPL72430,H3,train,110,0,-21.466782,-7.7359214,-11.611265874349872
XPL72418,H3,train,103,0,-19.233809,-4.7604628,-18.18726536797661
XPL72406,H3,train,79,0,-19.908947,-5.545547,-11.839266167248267
XPL72394,H3,val,105,0,-20.107319,-3.9488585,-8.600726726121028
XPL72382,H3,train,105,0,-20.107319,-3.9488585,-8.600726726121028
XPL72370,H3,train,72,0,-20.382565,-4.9427814,-10.495762461813387
XPL72358,H3,train,79,0,-19.908947,-5.545547,-11.839266167248267
XPL72346,H3,train,105,0,-20.107319,-3.9488585,-8.600726726121028
XPL72334,H3,test,79,0,-19.908947,-5.545547,-11.839266167248267
XPL72322,H3,train,104,0,-21.01868,-6.0227914,-11.899754612935759
XPL72310,H3,train,104,0,-20.950867,-5.9330864,-12.639144635990556
XPL72298,H3,train,104,0,-21.270588,-6.202846,-12.0823072432128
XPL72287,H3,train,79,0,-19.908947,-5.545547,-11.839266167248267
XPL72275,H3,train,79,0,-19.908947,-5.545547,-11.839266167248267
XPL72263,H3,train,79,0,-19.908947,-5.545547,-11.839266167248267
XPL72251,H3,train,79,0,-19.908947,-5.545547,-11.839266167248267
XPL72239,H3,train,79,0,-19.908947,-5.545547,-11.839266167248267
XPL72227,H3,val,79,0,-19.908947,-5.545547,-11.839266167248267
XPL72215,H3,train,79,0,-19.908947,-5.545547,-11.839266167248267
XPL72203,H3,test,79,0,-19.908947,-5.545547,-11.839266167248267
XPL72191,H3,train,104,0,-20.186676,-4.787101,-15.609391355773798
XPL72179,H3,test,104,0,-20.950867,-5.9330864,-12.639144635990556
XPL72167,H3,train,103,0,-22.26959,-7.7018743,-17.850464755381978
XPL72155,H3,val,79,0,-19.908947,-5.545547,-11.839266167248267
XPL72143,H3,train,104,0,-21.01868,-6.0227914,-11.899754612935759
XPL72131,H3,train,104,0,-21.8292,-5.5321765,-13.29886577066269
XPL72119,H3,test,104,0,-21.8292,-5.5321765,-13.29886577066269
XPL72107,H3,train,105,0,-21.371544,-6.8053493,-8.75849889783332
XPL72095,H3,train,79,0,-19.908947,-5.545547,-11.839266167248267
XPL72083,H3,test,72,0,-18.463964,-2.0103552,-12.467635541952239
XPL72071,H3,train,72,0,-20.217125,-5.7392087,-10.926125625851663
XPL72059,H3,train,104,0,-20.950867,-5.9330864,-12.639144635990556
XPL72047,H3,train,104,0,-21.026344,-5.730726,-11.937779350093328
XPL72035,H3,train,79,0,-19.908947,-5.545547,-11.839266167248267
XPL72023,H3,test,79,0,-19.908947,-5.545547,-11.839266167248267
XPL72011,H3,train,105,0,-21.142904,-5.4588494,-8.917992201894789
XPL71999,H3,train,105,0,-21.371544,-6.8053493,-8.75849889783332
XPL71987,H3,train,79,0,-19.908947,-5.545547,-11.839266167248267
XPL71975,H3,train,79,0,-19.908947,-5.545547,-11.839266167248267
XPL71964,H3,test,111,0,-18.921194,-2.7016468,-4.433344849803571
XPL71952,H3,train,111,0,-18.921194,-2.7016468,-4.433344849803571
XPL71940,H3,train,112,0,-21.038576,-7.4056067,-9.584427017009999
XPL71928,H3,train,105,0,-19.618645,-2.5563936,-7.296496169468215
XPL71916,H3,train,105,0,-19.618645,-2.5563936,-7.296496169468215
XPL71904,H3,train,113,0,-20.303904,-6.9845595,-12.009335610238407
XPL71892,H3,test,104,0,-21.025154,-5.4952283,-10.655780409253035
XPL71880,H3,test,79,0,-19.908947,-5.545547,-11.839266167248267
XPL71868,H3,train,79,0,-17.960995,-2.2037203,-13.782542850396663
XPL71856,H3,train,79,0,-19.908947,-5.545547,-11.839266167248267
XPL71844,H3,train,72,0,-20.374598,-5.586494,-11.267936236925093
XPL71829,H3,train,79,0,-19.908947,-5.545547,-11.839266167248267
XPL71820,H3,train,104,0,-20.925922,-6.0775933,-12.322328367841992
XPL71808,H3,train,104,0,-20.925922,-6.0775933,-12.322328367841992
XPL71796,H3,train,79,0,-19.514359,-5.4573684,-11.031323246538978
XPL71784,H3,train,104,0,-20.950867,-5.9330864,-12.639144635990556
XPL71772,H3,test,72,0,-20.090477,-5.4208817,-14.863555489034056
XPL71760,H3,train,72,0,-20.090477,-5.4208817,-14.863555489034056
XPL71748,H3,train,114,0,-21.206593,-9.464022,-11.452431331949356
XPL71736,H3,train,114,0,-21.206593,-9.464022,-11.452431331949356
XPL71724,H3,val,114,0,-21.021952,-6.540914,-11.763243348205885
XPL71712,H3,val,114,0,-21.01144,-6.121961,-12.599805341682382
XPL71700,H3,train,114,0,-21.081116,-6.090153,-15.622467835459108
XPL71688,H3,train,103,0,-21.87497,-6.5786986,-12.392224478561403
XPL71676,H3,train,79,0,-19.908947,-5.545547,-11.839266167248267
XPL71664,H3,test,79,0,-19.908947,-5.545547,-11.839266167248267
XPL71652,H3,train,103,0,-19.233809,-4.7604628,-18.18726536797661
XPL71640,H3,train,103,0,-19.233809,-4.7604628,-18.18726536797661
XPL71628,H3,val,115,0,-20.363537,-6.163093,-9.242117133472131
XPL71616,H3,test,105,0,-21.142904,-5.4588494,-8.917992201894789
XPL71604,H3,train,108,0,-19.467367,-5.008798,-12.947116403146596
XPL71592,H3,train,72,0,-20.374598,-5.586494,-11.267936236925093
XPL71580,H3,train,116,0,-20.902855,-4.231321,-6.7572684504866185
XPL71568,H3,val,72,0,-20.720123,-6.626313,-13.169019461885183
XPL71556,H3,val,116,0,-20.902855,-4.231321,-6.7572684504866185
XPL71544,H3,train,105,0,-21.142904,-5.4588494,-8.917992201894789
XPL71536,H3,train,105,0,-21.142904,-5.4588494,-8.917992201894789
XPL71524,H3,train,103,0,-20.318647,-5.8986974,-12.74741022538722
XPL71512,H3,train,117,0,-20.30899,-4.1920323,-13.652109134041254
XPL71500,H3,train,118,0,-20.555197,-6.4732966,-10.715306176718142
XPL71488,H3,val,118,0,-21.080166,-6.590815,-11.078947069220883
XPL71476,H3,train,118,0,-21.080166,-6.590815,-11.078947069220883
XPL71464,H3,train,106,0,-19.76607,-5.4073315,-12.878836536582446
XPL71452,H3,val,106,0,-19.76607,-5.4073315,-12.878836536582446
XPL71440,H3,test,118,0,-21.080166,-6.590815,-11.078947069220883
XPL71428,H3,train,103,0,-19.594429,-5.653609,-11.97895961232706
XPL71416,H3,train,106,0,-19.76607,-5.4073315,-12.878836536582446
XPL71404,H3,train,106,0,-19.76607,-5.4073315,-12.878836536582446
XPL71392,H3,train,118,0,-21.080166,-6.590815,-11.078947069220883
XPL71380,H3,train,118,0,-20.555197,-6.4732966,-10.715306176718142
XPL71368,H3,test,118,0,-21.080166,-6.590815,-11.078947069220883
XPL71356,H3,train,118,0,-21.080166,-6.590815,-11.078947069220883
XPL71344,H3,val,118,0,-21.080166,-6.590815,-11.078947069220883
XPL71332,H3,val,86,0,-20.965164,-6.9561152,-11.899798320799233
XPL71320,H3,train,103,0,-18.632664,-3.6086233,-16.38642425856454
XPL71308,H3,train,103,0,-20.318647,-5.8986974,-12.74741022538722
XPL71296,H3,val,103,0,-20.318647,-5.8986974,-12.74741022538722
XPL71284,H3,train,72,0,-20.374598,-5.586494,-11.267936236925093
XPL71272,H3,train,72,0,-20.374598,-5.586494,-11.267936236925093
XPL71260,H3,train,119,0,-20.816795,-4.95892,-12.582905197741471
XPL71248,H3,test,72,0,-20.374598,-5.586494,-11.267936236925093
XPL71236,H3,train,72,0,-19.963392,-5.528752,-10.853318680466641
XPL71224,H3,train,72,0,-20.374598,-5.586494,-11.267936236925093
XPL71212,H3,train,72,0,-20.374598,-5.586494,-11.267936236925093
XPL71200,H3,train,72,0,-20.374598,-5.586494,-11.267936236925093
XPL71188,H3,val,72,0,-20.374598,-5.586494,-11.267936236925093
XPL71176,H3,train,104,0,-21.01868,-6.0227914,-11.899754612935759
XPL71164,H3,val,79,0,-19.908947,-5.545547,-11.839266167248267
XPL71152,H3,train,79,0,-19.908947,-5.545547,-11.839266167248267
XPL71140,H3,train,79,0,-19.269976,-4.5172424,-13.534709450473006
XPL71128,H3,train,79,0,-19.269976,-4.5172424,-13.534709450473006
XPL71116,H3,train,79,0,-19.908947,-5.545547,-11.839266167248267
XPL71104,H3,val,104,0,-20.925922,-6.0775933,-12.322328367841992
XPL71092,H3,train,79,0,-19.908947,-5.545547,-11.839266167248267
XPL71080,H3,train,79,0,-19.908947,-5.545547,-11.839266167248267
XPL71068,H3,train,104,0,-20.925922,-6.0775933,-12.322328367841992
XPL71056,H3,train,79,0,-19.908947,-5.545547,-11.839266167248267
XPL71044,H3,val,72,0,-20.217125,-5.7392087,-10.926125625851663
XPL71032,H3,train,72,0,-20.217125,-5.7392087,-10.926125625851663
XPL71020,H3,train,72,0,-20.217125,-5.7392087,-10.926125625851663
XPL71008,H3,train,72,0,-18.463964,-2.0103552,-12.467635541952239
XPL70996,H3,train,79,0,-19.908947,-5.545547,-11.839266167248267
XPL70984,H3,train,79,0,-19.908947,-5.545547,-11.839266167248267
XPL70972,H3,train,79,0,-19.908947,-5.545547,-11.839266167248267
XPL70960,H3,train,79,0,-19.908947,-5.545547,-11.839266167248267
XPL70948,H3,train,79,0,-19.908947,-5.545547,-11.839266167248267
XPL70936,H3,train,79,0,-19.908947,-5.545547,-11.839266167248267
XPL70924,H3,train,120,0,-18.923008,-5.415685,-13.799791749436174
XPL70912,H3,train,79,0,-19.531479,-4.9706235,-11.809611901264585
XPL70900,H3,train,79,0,-19.908947,-5.545547,-11.839266167248267
XPL70888,H3,train,79,0,-19.908947,-5.545547,-11.839266167248267
XPL70876,H3,train,79,0,-19.908947,-5.545547,-11.839266167248267
XPL70864,H3,train,79,0,-19.908947,-5.545547,-11.839266167248267
XPL70852,H3,train,79,0,-19.908947,-5.545547,-11.839266167248267
XPL70840,H3,train,79,0,-19.908947,-5.545547,-11.839266167248267
XPL70828,H3,val,79,0,-19.908947,-5.545547,-11.839266167248267
XPL70816,H3,val,104,0,-20.950867,-5.9330864,-12.639144635990556
XPL70804,H3,train,104,0,-20.950867,-5.9330864,-12.639144635990556
XPL70792,H3,train,104,0,-20.950867,-5.9330864,-12.639144635990556
XPL70780,H3,val,104,0,-20.950867,-5.9330864,-12.639144635990556
XPL70768,H3,test,120,0,-19.152348,-4.384559,-13.712643176246033
XPL70756,H3,train,120,0,-19.152348,-4.384559,-13.712643176246033
XPL70744,H3,val,120,0,-19.152348,-4.384559,-13.712643176246033
XPL70732,H3,train,120,0,-19.152348,-4.384559,-13.712643176246033
XPL70720,H3,train,121,0,-19.79869,-5.2784667,-10.649464988411188
XPL70708,H3,train,79,0,-19.908947,-5.545547,-11.839266167248267
XPL70697,H3,test,79,0,-19.770435,-5.3874583,-13.326682314094075
XPL70685,H3,train,122,0,-19.956373,-4.064228,-17.407675779495733
XPL70673,H3,test,79,0,-20.207996,-7.055703,-10.478644414416513
XPL70661,H3,train,114,0,-20.84412,-6.093624,-10.585776875041555
XPL70649,H3,train,123,0,-19.820065,-5.629522,-12.69856013112468
XPL70637,H3,train,108,0,-20.103321,-6.301153,-12.243689044279657
XPL70625,H3,train,79,0,-20.539257,-6.4363303,-10.609243653077124
XPL70613,H3,train,72,0,-20.468182,-6.3908324,-9.559057504380062
XPL70601,H3,train,124,0,-20.617577,-5.2580876,-11.73303576951835
XPL70589,H3,train,108,0,-19.467367,-5.008798,-12.947116403146596
XPL70577,H3,train,105,0,-21.498116,-6.0967236,-7.430184431010016
XPL70565,H3,train,121,0,-20.993792,-7.8300576,-16.322689930518326
XPL70553,H3,test,108,0,-19.199913,-5.371887,-13.308924175680607
XPL70541,H3,val,79,0,-19.908947,-5.545547,-11.839266167248267
XPL70529,H3,val,104,0,-20.113453,-5.2213254,-15.198140578627818
XPL70517,H3,train,79,0,-19.908947,-5.545547,-11.839266167248267
XPL70505,H3,train,104,0,-20.950867,-5.9330864,-12.639144635990556
XPL70493,H3,train,79,0,-19.87405,-5.3764625,-12.355216923852888
XPL70481,H3,train,104,0,-20.950867,-5.9330864,-12.639144635990556
XPL70469,H3,train,79,0,-19.908947,-5.545547,-11.839266167248267
XPL70457,H3,train,79,0,-19.908947,-5.545547,-11.839266167248267
XPL70445,H3,train,79,0,-19.908947,-5.545547,-11.839266167248267
XPL70433,H3,train,72,0,-19.391144,-6.6916223,-17.212299152666567
XPL70421,H3,train,79,0,-19.908947,-5.545547,-11.839266167248267
XPL70409,H3,train,79,0,-20.44278,-6.3151536,-12.112022589210484
XPL70397,H3,train,101,0,-19.35527,-5.0851884,-10.002950989326417
XPL70385,H3,test,104,0,-20.565212,-5.0319767,-13.553195625421948
XPL70373,H3,train,72,0,-19.18241,-6.235065,-16.100365571604737
XPL70361,H3,train,79,0,-19.866173,-5.6177297,-11.463719806013486
XPL70349,H3,train,104,0,-20.950867,-5.9330864,-12.639144635990556
XPL70337,H3,train,72,0,-19.18241,-6.235065,-16.100365571604737
XPL70325,H3,train,103,0,-21.669231,-6.191871,-15.627635011954224
XPL70313,H3,val,72,0,-19.18241,-6.235065,-16.100365571604737
XPL70301,H3,train,72,0,-18.930977,-5.778531,-15.8335439208721
XPL70289,H3,train,72,0,-19.18241,-6.235065,-16.100365571604737
XPL70277,H3,val,125,0,-17.031479,-2.2374818,-20.561361411526484
XPL70265,H3,train,72,0,-19.18241,-6.235065,-16.100365571604737
XPL70253,H3,val,72,0,-20.3462,-5.8021684,-9.68543100415268
XPL70241,H3,train,72,0,-19.876846,-3.8974369,-13.892230731690429
XPL70229,H3,test,79,0,-20.02749,-5.794479,-11.022336410239959
XPL70217,H3,train,72,0,-19.876846,-3.8974369,-13.892230731690429
XPL70193,H3,train,72,0,-20.737537,-6.4315886,-11.667100991237511
XPL70181,H3,train,123,0,-20.720123,-6.626313,-13.169019461885183
XPL70169,H3,val,122,0,-19.956373,-4.064228,-17.407675779495733
XPL70157,H3,val,79,0,-20.02749,-5.794479,-11.022336410239959
XPL70145,H3,test,79,0,-20.265778,-5.5402775,-11.474200598385904
XPL70133,H3,train,79,0,-20.02749,-5.794479,-11.022336410239959
XPL70121,H3,train,79,0,-20.265778,-5.5402775,-11.474200598385904
XPL70109,H3,train,122,0,-19.956373,-4.064228,-17.407675779495733
XPL70097,H3,train,105,0,-15.953485,8.678813,-10.289720753177763
XPL70085,H3,train,108,0,-19.467367,-5.008798,-12.947116403146596
XPL70073,H3,train,79,0,-19.844097,-5.4693885,-11.440273689357905
XPL70061,H3,train,72,0,-19.876846,-3.8974369,-13.892230731690429
XPL70049,H3,train,72,0,-20.374598,-5.586494,-11.267936236925093
XPL70037,H3,train,72,0,-20.374598,-5.586494,-11.267936236925093
XPL70026,H3,train,112,0,-21.323158,-7.157576,-8.906817239423614
XPL70014,H3,train,122,0,-19.956373,-4.064228,-17.407675779495733
XPL70002,H3,val,108,0,-19.467367,-5.008798,-12.947116403146596
XPL69990,H3,train,108,0,-19.88482,-5.7225885,-13.289202986793661
XPL69978,H3,train,79,0,-21.405903,-6.3979964,-12.332337504770358
XPL69966,H3,train,72,0,-20.374598,-5.586494,-11.267936236925093
XPL69954,H3,train,72,0,-20.374598,-5.586494,-11.267936236925093
XPL69942,H3,train,104,0,-20.993511,-6.9484906,-10.609497011027978
XPL69930,H3,train,72,0,-20.374598,-5.586494,-11.267936236925093
XPL69918,H3,val,122,0,-19.822863,-3.8561199,-20.087327803891846
XPL69906,H3,train,104,0,-20.950867,-5.9330864,-12.639144635990556
XPL69894,H3,val,104,0,-20.950867,-5.9330864,-12.639144635990556
XPL69882,H3,train,104,0,-20.824938,-6.577992,-10.751152213810311
XPL69870,H3,train,104,0,-20.824938,-6.577992,-10.751152213810311
XPL69858,H3,test,115,0,-22.367373,-8.7979355,-13.586062154608996
XPL69846,H3,train,79,0,-19.884083,-5.2268753,-13.212237036775049
XPL69834,H3,train,105,0,-20.305954,-4.2767615,-8.815372797548237
XPL69822,H3,train,108,0,-19.140425,-3.9918373,-13.149162017996309
XPL69810,H3,test,125,0,-18.632664,-3.6086233,-16.38642425856454
XPL69798,H3,val,79,0,-19.908947,-5.545547,-11.839266167248267
XPL69786,H3,val,125,0,-19.122482,-4.929793,-17.529051480378335
XPL69774,H3,train,79,0,-19.531479,-4.9706235,-11.809611901264585
XPL69762,H3,train,79,0,-19.908947,-5.545547,-11.839266167248267
XPL69750,H3,train,79,0,-19.908947,-5.545547,-11.839266167248267
XPL69738,H3,val,126,0,-20.720932,-6.6424785,-11.846803832773785
XPL69726,H3,test,126,0,-20.720932,-6.6424785,-11.846803832773785
XPL69714,H3,train,79,0,-19.908947,-5.545547,-11.839266167248267
XPL69702,H3,train,79,0,-19.908947,-5.545547,-11.839266167248267
XPL69690,H3,test,79,0,-19.908947,-5.545547,-11.839266167248267
XPL69678,H3,train,79,0,-19.908947,-5.545547,-11.839266167248267
XPL69666,H3,train,79,0,-19.908947,-5.545547,-11.839266167248267
XPL69654,H3,train,79,0,-19.908947,-5.545547,-11.839266167248267
XPL69642,H3,test,103,0,-20.688892,-5.88169,-12.409569181912204
XPL69630,H3,val,104,0,-20.925922,-6.0775933,-12.322328367841992
XPL69618,H3,train,79,0,-19.908947,-5.545547,-11.839266167248267
XPL69606,H3,val,72,0,-20.661259,-6.317748,-9.671880216386503
XPL69594,H3,test,122,0,-19.956373,-4.064228,-17.407675779495733
XPL69582,H3,train,105,0,-21.142904,-5.4588494,-8.917992201894789
XPL69570,H3,train,104,0,-21.270588,-6.202846,-12.0823072432128
XPL69558,H3,train,104,0,-21.270588,-6.202846,-12.0823072432128
XPL69546,H3,train,104,0,-21.270588,-6.202846,-12.0823072432128
XPL69534,H3,train,104,0,-21.270588,-6.202846,-12.0823072432128
XPL69522,H3,test,104,0,-21.270588,-6.202846,-12.0823072432128
XPL69510,H3,train,124,0,-20.307636,-6.3500195,-12.153729024208035
XPL69498,H3,val,103,0,-20.688892,-5.88169,-12.409569181912204
XPL69486,H3,val,105,0,-21.142904,-5.4588494,-8.917992201894789
XPL69474,H3,train,103,0,-20.606092,-5.3447328,-12.490498414083895
XPL69462,H3,train,126,0,-20.559654,-6.5593543,-10.503315360200997
XPL69450,H3,val,79,0,-19.908947,-5.545547,-11.839266167248267
XPL69438,H3,train,126,0,-20.559654,-6.5593543,-10.503315360200997
XPL69426,H3,train,79,0,-19.908947,-5.545547,-11.839266167248267
XPL69414,H3,train,79,0,-19.908947,-5.545547,-11.839266167248267
XPL69402,H3,train,79,0,-19.908947,-5.545547,-11.839266167248267
XPL69390,H3,test,79,0,-19.908947,-5.545547,-11.839266167248267
XPL69378,H3,test,79,0,-19.908947,-5.545547,-11.839266167248267
XPL69366,H3,test,72,0,-20.681738,-6.3225102,-9.910849965588556
XPL69354,H3,train,79,0,-20.346428,-6.2033234,-12.578027227736026
XPL69342,H3,train,79,0,-19.908947,-5.545547,-11.839266167248267
XPL69330,H3,train,79,0,-19.908947,-5.545547,-11.839266167248267
XPL69318,H3,test,79,0,-19.908947,-5.545547,-11.839266167248267
XPL69306,H3,train,108,0,-19.06918,-4.3249507,-11.517320844300622
XPL69294,H3,train,108,0,-18.176636,-2.4439762,-11.079424411515458
XPL69282,H3,test,101,0,-19.35527,-5.0851884,-10.002950989326417
XPL69270,H3,train,79,0,-19.908947,-5.545547,-11.839266167248267
XPL69258,H3,test,79,0,-19.908947,-5.545547,-11.839266167248267
XPL69246,H3,test,79,0,-19.908947,-5.545547,-11.839266167248267
XPL69234,H3,train,79,0,-19.770435,-5.3874583,-13.326682314094075
XPL69222,H3,train,79,0,-19.908947,-5.545547,-11.839266167248267
XPL69210,H3,train,103,0,-19.415773,-4.748721,-17.475835972412746
XPL69198,H3,train,125,0,-19.233809,-4.7604628,-18.18726536797661
XPL69186,H3,train,122,0,-19.956373,-4.064228,-17.407675779495733
XPL69174,H3,train,105,0,-20.305954,-4.2767615,-8.815372797548237
XPL69162,H3,train,72,0,-20.588474,-6.3505864,-8.617785502647312
XPL69150,H3,test,105,0,-20.617702,-3.305507,-5.104071707624858
XPL69138,H3,train,125,0,-19.233809,-4.7604628,-18.18726536797661
XPL69130,H3,train,123,0,-20.720123,-6.626313,-13.169019461885183
XPL69114,H3,train,125,0,-19.990276,-5.280299,-21.13070954013032
XPL69102,H3,train,125,0,-19.289057,-4.7848887,-19.41667685149948
XPL69090,H3,train,72,0,-20.506977,-6.7062154,-10.212997402552524
XPL69078,H3,train,72,0,-20.506977,-6.7062154,-10.212997402552524
XPL69066,H3,train,105,0,-20.406612,-5.5257316,-11.792652682498082
XPL69054,H3,train,125,0,-19.233809,-4.7604628,-18.18726536797661
XPL69042,H3,train,104,0,-20.21199,-5.3566785,-16.36903327195764
XPL69030,H3,test,72,0,-21.654682,-7.876193,-11.651429661708562
XPL69018,H3,train,105,0,-20.207619,-4.4328485,-9.635634805615723
XPL69006,H3,train,111,0,-19.96103,-5.1105566,-4.712682394290171
XPL68994,H3,train,72,0,-18.42398,-0.6314599,-7.442036303344576
XPL68983,H3,train,115,0,-20.135649,-5.667793,-9.726890582425224
XPL68972,H3,train,104,0,-20.950867,-5.9330864,-12.639144635990556
XPL68960,H3,train,115,0,-20.135649,-5.667793,-9.726890582425224
XPL68949,H3,train,104,0,-20.950867,-5.9330864,-12.639144635990556
XPL68937,H3,train,114,0,-21.01144,-6.121961,-12.599805341682382
XPL68925,H3,val,104,0,-20.950867,-5.9330864,-12.639144635990556
XPL68913,H3,test,126,0,-19.913582,-5.6296096,-10.762816841837122
XPL68901,H3,val,104,0,-20.950867,-5.9330864,-12.639144635990556
XPL68889,H3,val,104,0,-20.950867,-5.9330864,-12.639144635990556
XPL68877,H3,test,104,0,-20.950867,-5.9330864,-12.639144635990556
XPL68865,H3,train,104,0,-20.947483,-5.30564,-11.370944357250423
XPL68853,H3,train,115,0,-20.135649,-5.667793,-9.726890582425224
XPL68841,H3,test,104,0,-20.950867,-5.9330864,-12.639144635990556
XPL68829,H3,train,104,0,-20.950867,-5.9330864,-12.639144635990556
XPL68817,H3,train,121,0,-19.625711,-5.8035464,-16.026248533449408
XPL68805,H3,train,104,0,-20.950867,-5.9330864,-12.639144635990556
XPL68793,H3,train,104,0,-20.925922,-6.0775933,-12.322328367841992
XPL68781,H3,train,121,0,-20.217125,-5.7392087,-10.926125625851663
XPL68769,H3,train,104,0,-20.9408,-6.146939,-10.963376480317894
XPL68757,H3,test,79,0,-19.908947,-5.545547,-11.839266167248262
XPL68745,H3,test,104,0,-21.405617,-6.9593835,-12.004250517127543
XPL68733,H3,train,79,0,-20.074205,-6.0788007,-11.114865659706016
XPL68721,H3,train,104,0,-21.415606,-5.8505764,-16.090076184527938
XPL68709,H3,train,104,0,-21.171656,-5.338748,-14.654825833353188
XPL68697,H3,train,79,0,-19.856869,-6.087953,-12.627214162877069
XPL68685,H3,train,79,0,-19.73776,-5.391431,-12.594614690163747
XPL68673,H3,val,104,0,-21.020283,-6.0001407,-12.943811119498216
XPL68661,H3,train,127,0,-19.973366,-6.398296,-15.849549118759315
XPL68649,H3,train,79,0,-19.908947,-5.545547,-11.839266167248267
XPL68637,H3,test,104,0,-21.18246,-6.050924,-12.252671725050277
XPL68625,H3,train,79,0,-19.908947,-5.545547,-11.839266167248267
XPL68613,H3,train,122,0,-19.956373,-4.064228,-17.407675779495733
XPL68601,H3,train,104,0,-20.950867,-5.9330864,-12.639144635990556
XPL68589,H3,train,122,0,-19.980675,-5.017595,-18.381100348487255
XPL68577,H3,train,122,0,-19.956373,-4.064228,-17.407675779495733
XPL68567,H3,train,104,0,-20.692005,-5.952121,-12.18332039026921
XPL68556,H3,train,121,0,-20.993792,-7.8300576,-16.322689930518326
XPL68546,H3,train,79,0,-19.908947,-5.545547,-11.839266167248267
XPL68536,H3,train,72,0,-20.374598,-5.586494,-11.267936236925093
XPL68526,H3,train,79,0,-19.908947,-5.545547,-11.839266167248267
XPL68516,H3,train,108,0,-19.233963,-4.696817,-15.04857435484573
XPL68506,H3,train,72,0,-18.42398,-0.6314599,-7.442036303344576
XPL68498,H3,train,72,0,-21.224272,-5.5758014,-9.053542532171894
XPL68488,H3,train,72,0,-21.224272,-5.5758014,-9.053542532171894
XPL68476,H3,train,72,0,-20.374598,-5.586494,-11.267936236925093
XPL68466,H3,train,79,0,-19.908947,-5.545547,-11.839266167248267
XPL68459,H3,train,79,0,-19.908947,-5.545547,-11.839266167248267
XPL68452,H3,train,123,0,-20.965164,-6.9561152,-11.899798320799233
XPL68442,H3,train,104,0,-20.770847,-5.618725,-12.208233526498404
XPL68435,H3,train,122,0,-19.956373,-4.064228,-17.407675779495733
XPL68425,H3,val,123,0,-20.965164,-6.9561152,-11.899798320799233
XPL68415,H3,train,79,0,-19.908947,-5.545547,-11.839266167248267
XPL68404,H3,train,104,0,-21.072487,-6.3552175,-13.291910651746752
XPL68393,H3,test,105,0,-20.305954,-4.2767615,-8.815372797548237
XPL68385,H3,train,108,0,-19.119873,-3.696708,-15.851455439693131
XPL68375,H3,train,72,0,-20.212452,-4.9673944,-11.809914200482362
XPL68364,H3,val,72,0,-20.212452,-4.9673944,-11.809914200482362
XPL68353,H3,train,125,0,-19.289057,-4.7848887,-19.41667685149948
XPL68344,H3,train,117,0,-20.30899,-4.1920323,-13.652109134041254
XPL68334,H3,train,104,0,-20.925922,-6.0775933,-12.322328367841992
XPL68324,H3,train,72,0,-20.382565,-4.9427814,-10.495762461813387
XPL68315,H3,train,79,0,-19.908947,-5.545547,-11.839266167248267
XPL68309,H3,train,72,0,-19.059677,-3.1819222,-10.750173005262766
XPL68300,H3,train,79,0,-19.770435,-5.3874583,-13.326682314094075
XPL68280,H3,test,72,0,-18.463964,-2.0103552,-12.467635541952239
XPL68272,H3,train,118,0,-21.080166,-6.590815,-11.078947069220883
XPL68265,H3,train,79,0,-20.02749,-5.794479,-11.022336410239959
XPL68255,H3,test,79,0,-19.908947,-5.545547,-11.839266167248267
XPL68244,H3,test,103,0,-21.899494,-5.775559,-14.741009022271777
XOD40155,H3,train,5,0,0.8241522,17.501747,-28.822205358485917
XOD39944,H3,test,5,0,0.8241522,17.501747,-28.822205358485917
XNM01050,H3,train,128,0,-4.2459764,12.188852,-31.203030437989057
XNM00869,H3,train,128,0,-4.622112,11.805548,-30.24758947416565
XNM00820,H3,train,128,0,-4.622112,11.805548,-30.24758947416565
XNM00791,H3,train,128,0,-4.622112,11.805548,-30.24758947416565
XNM00781,H3,train,128,0,-4.622112,11.805548,-30.24758947416565
XMQ97291,H3,train,128,0,-4.622112,11.805548,-30.24758947416565
XMQ97200,H3,train,128,0,-3.714589,12.293114,-30.092646498672373
XMQ97174,H3,val,128,0,-4.622112,11.805548,-30.24758947416565
XMQ95356,H3,train,128,0,-4.622112,11.805548,-30.24758947416565
XMQ95228,H3,train,128,0,-4.622112,11.805548,-30.24758947416565
XMQ94971,H3,train,128,0,-3.714589,12.293114,-30.092646498672373
XCX90934,H3,train,129,0,1.9551647,23.063711,-23.91316114842676
XCV14100,H3,val,32,0,2.1326866,17.86744,-28.33230624789485
XCV14090,H3,train,5,0,-4.4480286,16.430536,-19.615335210668654
XCV14058,H3,train,5,0,3.269917,18.523224,-30.80273966643145
XCV14073,H3,train,5,0,0.6265652,17.187317,-29.4687801522863
XCV14041,H3,train,32,0,-2.783273,16.826971,-17.955292986026333
XCV14057,H3,train,32,0,2.1326866,17.86744,-28.33230624789485
XCV14035,H3,train,5,0,2.5347831,16.116554,-30.03161593532586
XCV14023,H3,val,5,0,-0.09759585,16.226845,-28.704213163954833
XCV14005,H3,val,32,0,-2.783273,16.826971,-17.955292986026333
XCV13966,H3,test,129,0,1.7511036,17.987537,-30.91004399096886
XCV13979,H3,train,32,0,-2.783273,16.826971,-17.955292986026333
XCV13984,H3,train,5,0,0.47077158,16.285847,-29.145628840050158
XCV13951,H3,train,129,0,1.7623262,23.409882,-23.308977241546735
XCV13931,H3,train,5,0,0.47077158,16.285847,-29.145628840050158
XCV13935,H3,train,129,0,1.3555317,18.413265,-27.56124253174612
XCV13905,H3,train,32,0,2.1326866,17.86744,-28.33230624789485
XCV13923,H3,train,32,0,-2.783273,16.826971,-17.955292986026333
XCV13896,H3,train,32,0,2.1326866,17.86744,-28.33230624789485
XCV13886,H3,train,129,0,1.3555317,18.413265,-27.56124253174612
XCV13871,H3,train,129,0,1.3418996,23.407116,-23.83477174897722
XCV13831,H3,train,129,0,1.9551647,23.063711,-23.91316114842676
WZW45842,H3,test,5,0,0.47422037,16.650745,-28.442274010639608
WZW45697,H3,train,5,0,0.8241522,17.501747,-28.822205358485917
WZW45509,H3,train,5,0,-4.145781,17.337826,-19.33900401154798
WZW45496,H3,train,5,0,-4.145781,17.337826,-19.33900401154798
WZW45481,H3,val,5,0,0.8241522,17.501747,-28.822205358485917
WZW45474,H3,val,5,0,0.8241522,17.501747,-28.822205358485917
WZW45454,H3,test,5,0,0.8241522,17.501747,-28.822205358485917
WZW45410,H3,train,5,0,0.8241522,17.501747,-28.822205358485917
WZW45389,H3,test,5,0,0.6152064,15.59408,-28.977728503133
WZL55743,H3,train,5,0,0.6152064,15.59408,-28.977728503133
WZL55724,H3,val,5,0,0.782828,16.876633,-28.51940260197962
WZL55700,H3,train,130,0,1.0877881,16.735952,-29.9081243068986
WZL55697,H3,train,5,0,-1.8029408,18.806984,-17.964852594423014
WZL55654,H3,test,5,0,3.269917,18.523224,-30.80273966643145
WZL55649,H3,train,129,0,1.3932221,17.125996,-28.96338038216208
WZL55637,H3,train,5,0,-4.5455775,16.973057,-19.473047950601917
WZL55569,H3,test,5,0,-4.5455775,16.973057,-19.473047950601917
WZL55565,H3,train,5,0,0.782828,16.876633,-28.51940260197962
WZL55546,H3,train,5,0,-4.442302,16.83767,-18.703460447840627
WZL55539,H3,train,5,0,-4.442302,16.83767,-18.703460447840627
WZL55524,H3,train,130,0,-4.1170564,15.255737,-21.61562046007453
WZL55489,H3,test,32,0,2.1326866,17.86744,-28.33230624789485
WZL55478,H3,train,129,0,1.9551647,23.063711,-23.91316114842676
WZL55455,H3,train,131,0,0.8371781,17.35997,-29.45643680928938
WZL55438,H3,train,132,0,1.6017082,16.287828,-22.464392258388944
WZL55414,H3,train,129,0,1.3555317,18.413265,-27.56124253174612
WZL55409,H3,train,131,0,0.8241522,17.501747,-28.822205358485917
WZL55394,H3,test,32,0,-1.5911388,20.012749,-14.849427080293397
WZL55384,H3,test,131,0,0.6265652,17.187317,-29.4687801522863
WZL55354,H3,train,5,0,0.782828,16.876633,-28.51940260197962
WZL55348,H3,train,131,0,1.1409783,16.4087,-28.92759104640161
WZL55333,H3,train,131,0,0.8241522,17.501747,-28.822205358485917
WZL55320,H3,val,129,0,1.9551647,23.063711,-23.91316114842676
WZL55296,H3,train,32,0,2.1326866,17.86744,-28.33230624789485
WZL55279,H3,train,130,0,-4.183262,15.725225,-20.70089337612844
WZL55258,H3,test,5,0,0.47077158,16.285847,-29.145628840050158
WZL55255,H3,train,5,0,1.3171964,17.14618,-26.79029481336438
WZL55236,H3,train,5,0,0.47422037,16.650745,-28.442274010639608
WZL55221,H3,train,32,0,2.1326866,17.86744,-28.33230624789485
WZL55199,H3,train,5,0,1.8473611,16.904243,-27.024848973312807
WZL55195,H3,train,5,0,0.47077158,16.285847,-29.145628840050158
WZL55175,H3,test,131,0,1.1409783,16.4087,-28.92759104640161
WZL55171,H3,train,32,0,2.1326866,17.86744,-28.33230624789485
WZL55136,H3,val,32,0,2.1326866,17.86744,-28.33230624789485
WZL55127,H3,train,5,0,-1.8029408,18.806984,-17.964852594423014
WZL55105,H3,test,131,0,0.8241522,17.501747,-28.822205358485917
WZL55117,H3,train,32,0,-2.5383217,17.576666,-16.714406181058685
WZL55092,H3,train,5,0,-1.8029408,18.806984,-17.964852594423014
WZL55076,H3,train,131,0,-4.2325144,17.043264,-19.59950358900563
WZL55074,H3,train,32,0,2.46882,18.427208,-26.023846338008326
WZL55056,H3,train,5,0,0.782828,16.876633,-28.51940260197962
WZL55042,H3,train,32,0,2.1326866,17.86744,-28.33230624789485
WZL55038,H3,train,5,0,-4.442302,16.83767,-18.703460447840627
WZL55026,H3,test,129,0,1.3555317,18.413265,-27.56124253174612
WZL55018,H3,val,129,0,2.3927536,18.957764,-28.016741657588938
WZL55003,H3,val,133,0,-1.0927222,20.893925,-15.979075762337178
WYD67653,H3,train,32,0,2.1326866,17.86744,-28.33230624789485
XHV22734,H3,train,103,0,-21.939121,-6.2161956,-15.05516994930201
XHV22522,H3,test,103,0,-21.669231,-6.191871,-15.627635011954224
XHH12998,H3,train,134,0,-21.268867,-3.6868334,-3.942687470173352
XHH12986,H3,train,134,0,-21.268867,-3.6868334,-3.942687470173352
XHH12984,H3,train,134,0,-21.268867,-3.6868334,-3.942687470173352
XHH12962,H3,train,134,0,-21.268867,-3.6868334,-3.942687470173352
XHH12960,H3,train,134,0,-21.268867,-3.6868334,-3.942687470173352
XHH12948,H3,train,134,0,-21.268867,-3.6868334,-3.942687470173352
XHH12936,H3,train,134,0,-21.268867,-3.6868334,-3.942687470173352
XHH12924,H3,test,134,0,-21.268867,-3.6868334,-3.942687470173352
XHH12902,H3,test,134,0,-21.268867,-3.6868334,-3.942687470173352
XHH12890,H3,test,134,0,-21.268867,-3.6868334,-3.942687470173352
XHH12888,H3,train,134,0,-21.268867,-3.6868334,-3.942687470173352
XHH12866,H3,val,134,0,-21.268867,-3.6868334,-3.942687470173352
XHH12854,H3,test,134,0,-21.268867,-3.6868334,-3.942687470173352
XFD34707,H3,test,108,0,-19.467367,-5.008798,-12.947116403146596
XFD34695,H3,train,108,0,-19.467367,-5.008798,-12.947116403146596
XFD34683,H3,val,108,0,-19.467367,-5.008798,-12.947116403146596
XFD34671,H3,train,108,0,-19.467367,-5.008798,-12.947116403146596
XFD34659,H3,test,108,0,-19.467367,-5.008798,-12.947116403146596
XFD34647,H3,train,108,0,-19.467367,-5.008798,-12.947116403146596
XFD34635,H3,train,108,0,-19.467367,-5.008798,-12.947116403146596
XFD34623,H3,train,72,0,-20.212452,-4.9673944,-11.809914200482362
XFD34611,H3,val,112,0,-21.323158,-7.157576,-8.906817239423614
XFD34599,H3,test,123,0,-20.6442,-6.029446,-12.231477938166071
XFD34587,H3,test,72,0,-20.374598,-5.586494,-11.267936236925093
XFD34575,H3,train,103,0,-21.425858,-6.391074,-18.17086344062777
XFD34563,H3,test,103,0,-21.425858,-6.391074,-18.17086344062777
XFD34551,H3,train,123,0,-20.6442,-6.029446,-12.231477938166071
XFD34541,H3,train,123,0,-20.6442,-6.029446,-12.231477938166071
XFD34529,H3,test,122,0,-20.196222,-3.860397,-15.539428618557237
XFD34517,H3,train,135,0,-20.83131,-5.0405755,-12.548346085059654
XFD34505,H3,val,72,0,-21.264183,-5.7727385,-10.639018423152
XFD34493,H3,train,72,0,-21.264183,-5.7727385,-10.639018423152
XFD34481,H3,train,123,0,-20.6442,-6.029446,-12.231477938166071
XFD34469,H3,train,115,0,-21.414974,-8.0624275,-11.659208289601901
XFD34457,H3,train,115,0,-21.414974,-8.0624275,-11.659208289601901
XFD34445,H3,test,103,0,-20.619335,-6.241401,-12.570446822849755
XFD34433,H3,train,103,0,-20.619335,-6.241401,-12.570446822849755
XFD34421,H3,val,103,0,-22.106117,-6.7588515,-16.93308701144639
XFD34409,H3,train,103,0,-22.106117,-6.7588515,-16.93308701144639
XFD34397,H3,train,115,0,-21.273144,-7.0878997,-10.22209439040148
XFD34386,H3,test,123,0,-20.6442,-6.029446,-12.231477938166071
XFD34374,H3,train,123,0,-20.6442,-6.029446,-12.231477938166071
XFD34362,H3,test,123,0,-20.916878,-7.138698,-14.370810531092827
XFD34350,H3,train,126,0,-20.908417,-6.9353547,-14.866764868273545
XFD34340,H3,val,104,0,-21.057678,-6.39995,-12.726693302352258
XFD34328,H3,train,104,0,-21.057678,-6.39995,-12.726693302352258
XFD34316,H3,train,122,0,-20.340939,-4.962232,-15.007420730997369
XFD34304,H3,test,122,0,-20.340939,-4.962232,-15.007420730997369
XFD34292,H3,train,123,0,-20.6442,-6.029446,-12.231477938166071
XFD34280,H3,test,123,0,-20.6442,-6.029446,-12.231477938166071
XFD34268,H3,test,135,0,-20.54689,-6.2274575,-12.102438270787323
XFD34256,H3,train,135,0,-20.54689,-6.2274575,-12.102438270787323
XFD34244,H3,train,108,0,-19.467367,-5.008798,-12.947116403146596
XFD34234,H3,train,108,0,-19.467367,-5.008798,-12.947116403146596
XFD34222,H3,train,123,0,-20.6442,-6.029446,-12.231477938166071
XFD34210,H3,train,72,0,-21.208557,-6.4524226,-10.747388484280329
XFD34198,H3,train,72,0,-21.208557,-6.4524226,-10.747388484280329
XFD34186,H3,train,104,0,-21.01868,-6.0227914,-11.899754612935759
XFD34174,H3,train,104,0,-21.01868,-6.0227914,-11.899754612935759
XFD34162,H3,train,115,0,-21.414974,-8.0624275,-11.659208289601901
XFD34150,H3,val,112,0,-20.380896,-5.913592,-11.747622599208551
XFD34138,H3,train,112,0,-20.380896,-5.913592,-11.747622599208551
XFD34126,H3,train,115,0,-21.414974,-8.0624275,-11.659208289601901
XFD34114,H3,train,135,0,-20.37529,-4.506884,-13.900596431903976
XFD34104,H3,val,135,0,-20.37529,-4.506884,-13.900596431903976
XFD34092,H3,train,104,0,-21.01868,-6.0227914,-11.899754612935759
XFD34080,H3,test,104,0,-21.01868,-6.0227914,-11.899754612935759
XFD34068,H3,train,135,0,-20.515667,-5.582909,-12.681145048809904
XFD34056,H3,test,135,0,-20.515667,-5.582909,-12.681145048809904
XFD34044,H3,test,72,0,-19.79417,-4.950498,-13.714497171985771
XFD34037,H3,val,72,0,-19.79417,-4.950498,-13.714497171985771
XFD34025,H3,train,104,0,-21.01868,-6.0227914,-11.899754612935759
XFD34013,H3,test,104,0,-21.01868,-6.0227914,-11.899754612935759
XFD34003,H3,train,104,0,-21.01868,-6.0227914,-11.899754612935759
XFD33991,H3,val,104,0,-21.01868,-6.0227914,-11.899754612935759
XFD33981,H3,train,104,0,-21.01868,-6.0227914,-11.899754612935759
XFD33969,H3,val,135,0,-20.515667,-5.582909,-12.681145048809904
XFD33957,H3,val,103,0,-22.015875,-6.727661,-16.72117550100551
XFD33945,H3,train,104,0,-21.01868,-6.0227914,-11.899754612935759
XFD33933,H3,val,115,0,-20.363537,-6.163093,-9.242117133472131
XFD33921,H3,train,105,0,-21.212173,-7.5877156,-13.07882130302231
XFD33909,H3,test,103,0,-20.619335,-6.241401,-12.570446822849755
XFD33897,H3,train,103,0,-20.619335,-6.241401,-12.570446822849755
XFD33885,H3,train,103,0,-20.619335,-6.241401,-12.570446822849755
XFD33873,H3,test,103,0,-20.619335,-6.241401,-12.570446822849755
XFD33861,H3,train,127,0,-21.342293,-6.3614116,-11.662011890140777
XFD33849,H3,test,123,0,-20.6442,-6.029446,-12.231477938166071
XFD33837,H3,train,135,0,-20.515667,-5.582909,-12.681145048809904
XFD33830,H3,train,72,0,-19.79417,-4.950498,-13.714497171985771
XFD33813,H3,train,123,0,-20.964977,-5.5418468,-12.02089228617412
XFD33801,H3,train,110,0,-21.000053,-7.5702887,-10.922208917057548
XFD33789,H3,train,123,0,-20.6442,-6.029446,-12.231477938166071
XFD33777,H3,val,123,0,-20.6442,-6.029446,-12.231477938166071
XFD33765,H3,train,123,0,-20.432442,-5.571343,-11.57453455036641
XFD33753,H3,train,123,0,-20.432442,-5.571343,-11.57453455036641
XFD33741,H3,train,103,0,-21.939121,-6.2161956,-15.05516994930201
XFD33729,H3,test,103,0,-21.939121,-6.2161956,-15.05516994930201
XFD33717,H3,train,123,0,-20.692219,-5.389259,-12.814048142948296
XFD33705,H3,train,104,0,-21.01868,-6.0227914,-11.899754612935759
XFD33693,H3,test,104,0,-21.01868,-6.0227914,-11.899754612935759
XFD33681,H3,test,72,0,-20.382565,-4.9427814,-10.495762461813387
XFD33669,H3,val,72,0,-20.382565,-4.9427814,-10.495762461813387
XFD33657,H3,train,103,0,-21.939121,-6.2161956,-15.05516994930201
XFD33645,H3,test,103,0,-21.939121,-6.2161956,-15.05516994930201
XFD33633,H3,train,123,0,-20.549063,-6.0946174,-12.638843575586334
XFD33621,H3,train,104,0,-20.569977,-5.173696,-12.401394153892339
XFD33609,H3,train,123,0,-20.6442,-6.029446,-12.231477938166071
XFD33597,H3,train,123,0,-20.692219,-5.389259,-12.814048142948296
XFD33585,H3,test,115,0,-21.414974,-8.0624275,-11.659208289601901
XFD33573,H3,test,117,0,-20.771202,-5.3154273,-13.020207575104031
XFD33561,H3,train,123,0,-20.6442,-6.029446,-12.231477938166071
XFD33549,H3,train,102,0,-20.146912,-4.0813518,-13.427831730575905
XFD33537,H3,train,105,0,-21.096294,-7.3365483,-13.263713989780204
XFD33525,H3,train,126,0,-19.829674,-6.4252877,-11.32685304270636
XFD33513,H3,train,117,0,-20.771202,-5.3154273,-13.020207575104031
XFD33501,H3,test,121,0,-20.356474,-6.1728597,-17.818628035330498
XFD33489,H3,val,123,0,-21.343124,-6.2392583,-10.877559080999346
XFD33477,H3,test,103,0,-21.939121,-6.2161956,-15.05516994930201
XFD33465,H3,test,72,0,-19.686157,-4.973863,-12.482246579121375
XFD33453,H3,train,123,0,-20.751717,-6.5552115,-12.707551160247403
XFD33441,H3,train,123,0,-20.773977,-6.038466,-10.603961524746383
XFD33429,H3,train,105,0,-21.343351,-7.2633758,-12.737671358654755
XFD33417,H3,train,123,0,-20.6442,-6.029446,-12.231477938166071
XFD33405,H3,train,104,0,-21.01868,-6.0227914,-11.899754612935759
XFD33393,H3,val,135,0,-20.726421,-5.7014775,-12.287474677698517
XFD33381,H3,test,123,0,-20.6442,-6.029446,-12.231477938166071
XFD33369,H3,train,115,0,-20.362347,-6.348237,-7.9379208928807845
XFD33357,H3,train,104,0,-21.01868,-6.0227914,-11.899754612935759
XFD33345,H3,train,123,0,-20.6442,-6.029446,-12.231477938166071
XFD33333,H3,train,123,0,-20.393372,-5.99466,-10.857054901904899
XFD33321,H3,train,104,0,-21.106903,-6.6086187,-12.539129658227875
XFD33311,H3,val,104,0,-21.106903,-6.6086187,-12.539129658227875
XFD33299,H3,train,135,0,-20.542128,-5.5813184,-12.336264119275093
XFD33282,H3,test,135,0,-20.542128,-5.5813184,-12.336264119275093
XFD33275,H3,train,123,0,-21.119041,-6.2216916,-11.233635976653092
XFD33263,H3,train,123,0,-21.119041,-6.2216916,-11.233635976653092
XFD33251,H3,test,123,0,-20.520966,-5.4489465,-11.84186589282218
XFD33239,H3,train,123,0,-20.520966,-5.4489465,-11.84186589282218
XFD33227,H3,train,123,0,-20.964977,-5.5418468,-12.02089228617412
XFD33215,H3,val,123,0,-20.964977,-5.5418468,-12.02089228617412
XFD33203,H3,train,126,0,-20.57602,-5.712642,-12.67063906178546
XFD33191,H3,val,126,0,-20.57602,-5.712642,-12.67063906178546
XFD33179,H3,train,105,0,-20.305954,-4.2767615,-8.815372797548237
XFD33168,H3,train,79,0,-19.387562,-4.291499,-12.838593808937706
XFD33156,H3,train,79,0,-19.387562,-4.291499,-12.838593808937706
XFD33144,H3,train,79,0,-19.387562,-4.291499,-12.838593808937706
XFD33132,H3,train,79,0,-19.387562,-4.291499,-12.838593808937706
XFD33120,H3,train,79,0,-18.817196,-3.5476432,-14.030852998561508
XFD33108,H3,train,79,0,-18.817196,-3.5476432,-14.030852998561508
XFD33096,H3,train,119,0,-20.536053,-4.6098437,-12.998201127411361
XFD33084,H3,train,119,0,-20.536053,-4.6098437,-12.998201127411361
XFD33072,H3,train,119,0,-20.536053,-4.6098437,-12.998201127411361
XFD33060,H3,train,119,0,-20.536053,-4.6098437,-12.998201127411361
XFD33048,H3,test,119,0,-20.536053,-4.6098437,-12.998201127411361
XFD33036,H3,test,72,0,-19.79417,-4.950498,-13.714497171985771
XFD33024,H3,train,72,0,-19.79417,-4.950498,-13.714497171985771
XFD33012,H3,train,72,0,-19.79417,-4.950498,-13.714497171985771
XFD33002,H3,train,72,0,-19.79417,-4.950498,-13.714497171985771
XFD32990,H3,train,127,0,-21.342293,-6.3614116,-11.662011890140777
XFD32978,H3,train,127,0,-21.342293,-6.3614116,-11.662011890140777
XFD32966,H3,train,103,0,-20.619335,-6.241401,-12.570446822849755
XFD32954,H3,val,103,0,-20.619335,-6.241401,-12.570446822849755
XFD32942,H3,val,119,0,-20.312082,-4.689466,-14.093306763099568
XFD32930,H3,train,119,0,-20.312082,-4.689466,-14.093306763099568
XFD32918,H3,train,123,0,-21.044514,-6.419798,-11.738909956570856
XFD32906,H3,train,123,0,-21.044514,-6.419798,-11.738909956570856
XFD32894,H3,train,103,0,-20.619335,-6.241401,-12.570446822849755
XFD32882,H3,train,103,0,-22.356075,-7.082337,-16.54171927307933
XFD32870,H3,train,127,0,-21.342293,-6.3614116,-11.662011890140777
XFD32858,H3,train,127,0,-21.342293,-6.3614116,-11.662011890140777
XFD32846,H3,train,123,0,-20.964977,-5.5418468,-12.02089228617412
XFD32834,H3,train,123,0,-20.964977,-5.5418468,-12.02089228617412
XFD32822,H3,train,105,0,-20.460896,-4.8298645,-8.61661431770696
XFD32810,H3,train,105,0,-20.460896,-4.8298645,-8.61661431770696
XFD32798,H3,train,119,0,-20.536053,-4.6098437,-12.998201127411361
XFD32787,H3,train,119,0,-20.536053,-4.6098437,-12.998201127411361
XFD32780,H3,val,136,0,-19.047695,-3.7807047,-14.437993541239132
XFD32768,H3,val,123,0,-21.756828,-6.4816375,-12.831894082171004
XFD32756,H3,train,123,0,-21.756828,-6.4816375,-12.831894082171004
XFD32744,H3,train,72,0,-20.689142,-5.97159,-14.583477425915772
XFD32732,H3,train,72,0,-20.689142,-5.97159,-14.583477425915772
XFD32720,H3,train,103,0,-20.619335,-6.241401,-12.570446822849755
XFD32708,H3,train,103,0,-20.619335,-6.241401,-12.570446822849755
XFD32698,H3,train,123,0,-20.964977,-5.5418468,-12.02089228617412
XFD32686,H3,train,123,0,-20.964977,-5.5418468,-12.02089228617412
XFD32674,H3,train,72,0,-20.382565,-4.9427814,-10.495762461813387
XFD32662,H3,train,105,0,-21.34634,-7.465626,-13.378393364041795
XFD32650,H3,train,124,0,-20.467903,-5.2675786,-13.403518149565974
XFD32638,H3,train,115,0,-22.043999,-9.17654,-11.021249543557815
XFD32626,H3,test,124,0,-20.467903,-5.2675786,-13.403518149565974
XFD32614,H3,train,123,0,-20.720123,-6.626313,-13.169019461885183
XFD32602,H3,test,123,0,-21.196064,-7.364482,-11.1694557947822
XFD32590,H3,val,123,0,-20.964977,-5.5418468,-12.02089228617412
XFD32578,H3,train,123,0,-20.6442,-6.029446,-12.231477938166071
XFD32566,H3,train,115,0,-21.414974,-8.0624275,-11.659208289601901
XFD32554,H3,train,123,0,-20.6442,-6.029446,-12.231477938166071
XFD32542,H3,test,123,0,-20.964977,-5.5418468,-12.02089228617412
XFD32530,H3,train,123,0,-20.964977,-5.5418468,-12.02089228617412
XFD32518,H3,train,123,0,-20.964977,-5.5418468,-12.02089228617412
XFD32506,H3,train,123,0,-20.964977,-5.5418468,-12.02089228617412
XFD32494,H3,train,72,0,-20.375626,-5.6000957,-10.136884143147068
XFD32482,H3,train,121,0,-21.019657,-6.5065084,-15.966424950924724
XFD32470,H3,train,135,0,-20.515667,-5.582909,-12.681145048809904
XFD32458,H3,train,135,0,-20.515667,-5.582909,-12.681145048809904
XFD32446,H3,train,105,0,-21.196281,-6.9609942,-12.742125373432431
XFD32434,H3,train,105,0,-21.196281,-6.9609942,-12.742125373432431
XFD32422,H3,train,104,0,-21.01868,-6.0227914,-11.899754612935759
XFD32410,H3,val,104,0,-21.01868,-6.0227914,-11.899754612935759
XFD32398,H3,val,123,0,-20.964977,-5.5418468,-12.02089228617412
XFD32387,H3,train,123,0,-20.964977,-5.5418468,-12.02089228617412
XFD32375,H3,test,123,0,-20.930155,-5.6010785,-11.581541549141884
XFD32363,H3,test,123,0,-20.930155,-5.6010785,-11.581541549141884
XFD32351,H3,train,123,0,-20.964977,-5.5418468,-12.02089228617412
XFD32339,H3,test,104,0,-21.01868,-6.0227914,-11.899754612935759
XFD32327,H3,train,103,0,-20.318647,-5.8986974,-12.74741022538722
XFD32315,H3,train,103,0,-20.318647,-5.8986974,-12.74741022538722
XFD32303,H3,test,102,0,-21.170612,-6.453164,-11.888190181693133
XFD32291,H3,train,102,0,-21.170612,-6.453164,-11.888190181693133
XFD32279,H3,test,105,0,-20.305954,-4.2767615,-8.815372797548237
XFD32267,H3,val,105,0,-20.305954,-4.2767615,-8.815372797548237
XFD32255,H3,test,115,0,-20.434826,-6.5901237,-9.6807790008561
XFD32243,H3,test,123,0,-20.964977,-5.5418468,-12.02089228617412
XFD32231,H3,train,123,0,-20.964977,-5.5418468,-12.02089228617412
XFD32219,H3,val,122,0,-19.579544,-4.6782417,-15.812250893060618
XFD32207,H3,val,122,0,-19.579544,-4.6782417,-15.812250893060618
XFD32195,H3,train,103,0,-22.106117,-6.7588515,-16.93308701144639
XFD32183,H3,train,103,0,-22.106117,-6.7588515,-16.93308701144639
XFD32171,H3,train,115,0,-21.110203,-7.9181776,-9.952636400418633
XFD32159,H3,train,115,0,-21.110203,-7.9181776,-9.952636400418633
XFD32147,H3,test,72,0,-20.374598,-5.586494,-11.267936236925093
XFD32135,H3,val,123,0,-20.437164,-6.2044144,-13.622100909109339
XFD32123,H3,train,123,0,-20.437164,-6.2044144,-13.622100909109339
XFD32113,H3,train,104,0,-21.642292,-6.790836,-10.145520458776653
XFD32101,H3,train,104,0,-21.642292,-6.790836,-10.145520458776653
XFD32089,H3,train,103,0,-22.029293,-5.95628,-14.39065419329306
XFD32077,H3,train,103,0,-22.029293,-5.95628,-14.39065419329306
XFD32065,H3,train,115,0,-20.363537,-6.163093,-9.242117133472131
XFD32053,H3,test,103,0,-20.619335,-6.241401,-12.570446822849755
XFD32041,H3,train,103,0,-20.619335,-6.241401,-12.570446822849755
XFD32029,H3,val,123,0,-20.6442,-6.029446,-12.231477938166071
XFD32017,H3,train,135,0,-20.858809,-5.609513,-15.184529820901735
XFD32005,H3,test,135,0,-20.858809,-5.609513,-15.184529820901735
XFD31993,H3,val,135,0,-20.858809,-5.609513,-15.184529820901735
XFD31985,H3,train,135,0,-20.858809,-5.609513,-15.184529820901735
XFD31973,H3,train,105,0,-20.305954,-4.2767615,-8.815372797548237
XFD31961,H3,train,105,0,-20.305954,-4.2767615,-8.815372797548237
XFD31949,H3,test,137,0,-20.249954,-5.854072,-11.357248497257013
XFD31937,H3,train,137,0,-20.249954,-5.854072,-11.357248497257013
XFD31925,H3,train,126,0,-20.421707,-5.913126,-11.689456530170908
XFD31913,H3,train,126,0,-20.421707,-5.913126,-11.689456530170908
XFD31901,H3,train,115,0,-21.059551,-7.3569207,-13.776955312400837
XFD31889,H3,train,115,0,-21.059551,-7.3569207,-13.776955312400837
XFD31877,H3,train,123,0,-20.964977,-5.5418468,-12.02089228617412
XFD31865,H3,train,135,0,-20.858809,-5.609513,-15.184529820901735
XFD31853,H3,train,135,0,-20.858809,-5.609513,-15.184529820901735
XFD31841,H3,train,103,0,-21.939121,-6.2161956,-15.05516994930201
XFD31829,H3,train,103,0,-21.939121,-6.2161956,-15.05516994930201
XFD31817,H3,train,123,0,-20.468742,-5.506971,-12.060991450134322
XFD31805,H3,train,72,0,-19.941761,-4.0375996,-13.270257153933542
XFD31793,H3,val,137,0,-20.619335,-6.241401,-12.570446822849755
XFD31781,H3,val,106,0,-20.874132,-5.377082,-11.670178044289312
XFD31769,H3,val,137,0,-20.420677,-6.6797805,-13.065616141837971
XFD31757,H3,train,104,0,-21.01868,-6.0227914,-11.899754612935759
XFD31745,H3,train,103,0,-21.939121,-6.2161956,-15.05516994930201
XFD31733,H3,train,123,0,-20.6442,-6.029446,-12.231477938166071
XFD31721,H3,train,123,0,-20.549063,-6.0946174,-12.638843575586334
XFD31709,H3,test,104,0,-20.815956,-6.2752333,-12.993933718610748
XFD31697,H3,train,104,0,-21.01868,-6.0227914,-11.899754612935759
XFD31685,H3,train,104,0,-21.01868,-6.0227914,-11.899754612935759
XFD31673,H3,train,105,0,-20.539337,-5.10202,-7.828372777417215
XFD31661,H3,train,105,0,-20.539337,-5.10202,-7.828372777417215
XFD31649,H3,train,105,0,-20.539337,-5.10202,-7.828372777417215
XFD31637,H3,train,104,0,-21.078272,-6.996533,-13.208418971242157
XFD31625,H3,train,123,0,-20.767063,-5.676458,-12.183860191040722
XFD31613,H3,train,72,0,-20.463825,-5.512409,-11.312837430922349
XFD31601,H3,val,123,0,-20.32816,-5.5858464,-12.91809569842296
XFD31589,H3,test,121,0,-20.312466,-5.672132,-11.877862301485164
XFD31577,H3,val,123,0,-20.6442,-6.029446,-12.231477938166071
XFD31565,H3,train,123,0,-20.6442,-6.029446,-12.231477938166071
XFD31553,H3,train,104,0,-20.372326,-5.948569,-9.135275362519957
XFD31541,H3,train,123,0,-21.052109,-6.781103,-10.152259552416693
XFD31529,H3,train,138,0,-20.253323,-5.7430735,-13.264367798064225
XFD31517,H3,train,138,0,-20.037434,-5.0391655,-12.785678648323943
XFD31505,H3,train,138,0,-20.037434,-5.0391655,-12.785678648323943
XFD31495,H3,test,138,0,-19.79417,-4.950498,-13.714497171985771
XFD31483,H3,train,138,0,-19.79417,-4.950498,-13.714497171985771
XFD31471,H3,train,123,0,-21.635384,-6.276548,-13.224296646819282
XFD31459,H3,train,123,0,-21.635384,-6.276548,-13.224296646819282
XFD31447,H3,train,119,0,-20.312082,-4.689466,-14.093306763099568
XFD31436,H3,train,119,0,-20.312082,-4.689466,-14.093306763099568
XFD31424,H3,train,123,0,-20.964977,-5.5418468,-12.02089228617412
XFD31412,H3,train,123,0,-20.964977,-5.5418468,-12.02089228617412
XFD31400,H3,test,138,0,-18.892056,-3.734855,-12.687471590648986
XFD31388,H3,train,138,0,-18.892056,-3.734855,-12.687471590648986
XFD31376,H3,train,103,0,-21.11367,-4.930165,-16.05766265460528
XFD31364,H3,train,103,0,-21.11367,-4.930165,-16.05766265460528
XFD31352,H3,train,123,0,-20.383865,-5.3029447,-12.09219132165442
XFD31340,H3,train,139,0,-20.115688,-4.2501254,-14.260781070864745
XFD31328,H3,train,123,0,-20.619896,-6.9497666,-10.924164047229795
XFD31316,H3,train,137,0,-20.385786,-6.2048063,-12.365235527645925
XFD31304,H3,train,137,0,-20.619335,-6.241401,-12.570446822849755
XFD31292,H3,train,123,0,-20.08621,-5.581109,-12.557728890595795
XFD31280,H3,val,135,0,-20.515667,-5.582909,-12.681145048809904
XFD31268,H3,train,137,0,-20.619335,-6.241401,-12.570446822849755
XFD31256,H3,train,123,0,-21.046309,-6.8286223,-13.924394690181225
XFD31244,H3,train,138,0,-19.79417,-4.950498,-13.714497171985771
XFD31232,H3,train,138,0,-19.79417,-4.950498,-13.714497171985771
XFD31220,H3,train,138,0,-19.79417,-4.950498,-13.714497171985771
XFD31208,H3,train,135,0,-21.635475,-6.6381803,-12.872027835126039
XFD31196,H3,test,135,0,-21.635475,-6.6381803,-12.872027835126039
XFD31184,H3,train,138,0,-19.79417,-4.950498,-13.714497171985771
XFD31172,H3,test,138,0,-19.79417,-4.950498,-13.714497171985771
XFD31161,H3,train,137,0,-20.619335,-6.241401,-12.570446822849755
XFD31149,H3,train,137,0,-20.619335,-6.241401,-12.570446822849755
XFD31137,H3,train,103,0,-21.64996,-6.2820334,-18.05298092278767
XFD31125,H3,train,103,0,-21.64996,-6.2820334,-18.05298092278767
XFD31113,H3,train,104,0,-21.01868,-6.0227914,-11.899754612935759
XFD31101,H3,train,104,0,-21.01868,-6.0227914,-11.899754612935759
XFD31089,H3,train,115,0,-21.569193,-8.707136,-12.766248099813346
XFD31077,H3,test,135,0,-20.515667,-5.582909,-12.681145048809904
XFD31065,H3,train,135,0,-20.515667,-5.582909,-12.681145048809904
XFD31053,H3,train,126,0,-20.344429,-5.2409153,-10.782149019355083
XFD31041,H3,train,115,0,-21.414974,-8.0624275,-11.659208289601901
XFD31029,H3,train,72,0,-20.40813,-5.072269,-12.58882118255456
XFD31017,H3,train,139,0,-20.964977,-5.5418468,-12.02089228617412
XFD31005,H3,test,115,0,-21.17158,-7.7193465,-10.571180419823085
XFD30993,H3,train,103,0,-20.825438,-6.098045,-11.42629152639014
XFD30981,H3,train,123,0,-20.32816,-5.5858464,-12.91809569842296
XFD30969,H3,train,124,0,-20.61422,-6.2307496,-12.02780450833185
XFD30957,H3,test,115,0,-21.351357,-8.344925,-12.314398855201928
XFD30945,H3,test,118,0,-20.79661,-6.205751,-12.241292763754167
XFD30933,H3,train,108,0,-19.467367,-5.008798,-12.947116403146596
XFD30921,H3,train,108,0,-19.467367,-5.008798,-12.947116403146596
XFD30909,H3,train,108,0,-19.3014,-5.923016,-12.300703511369932
XFD30897,H3,val,106,0,-20.283203,-2.5159836,-8.335820248623321
XFD30885,H3,train,103,0,-20.262829,-5.471708,-9.912039243095323
XFD30873,H3,train,105,0,-21.142904,-5.4588494,-8.917992201894789
XFD30861,H3,train,105,0,-21.142904,-5.4588494,-8.917992201894789
XFD30849,H3,train,140,0,-20.9623,-7.123333,-10.36830907284523
XFD30837,H3,train,137,0,-20.927914,-6.7813926,-12.2706022941486
XFD30825,H3,train,122,0,-19.760536,-5.6048675,-16.62277809438897
XFD30813,H3,train,105,0,-21.142904,-5.4588494,-8.917992201894789
XFD30805,H3,train,123,0,-21.405798,-7.3006396,-14.12214512333321
XFD30789,H3,val,137,0,-20.574173,-6.513038,-12.144595380836137
XFD30777,H3,train,123,0,-20.32816,-5.5858464,-12.91809569842296
XFD30765,H3,train,123,0,-20.384174,-5.4671774,-11.989375880126937
XFD30753,H3,train,121,0,-20.312466,-5.672132,-11.877862301485164
XFD30741,H3,val,115,0,-20.832699,-7.523479,-12.492445752271104
XFD30729,H3,train,135,0,-20.515667,-5.582909,-12.681145048809904
XFD30717,H3,val,123,0,-20.6442,-6.029446,-12.231477938166071
XFD30705,H3,train,108,0,-19.467367,-5.008798,-12.947116403146596
XFD30693,H3,train,108,0,-19.467367,-5.008798,-12.947116403146596
XFD30681,H3,train,104,0,-21.01868,-6.0227914,-11.899754612935759
XFD30669,H3,train,104,0,-21.01868,-6.0227914,-11.899754612935759
XFD30657,H3,test,104,0,-21.01868,-6.0227914,-11.899754612935759
XFD30645,H3,val,103,0,-22.106117,-6.7588515,-16.93308701144639
XFD30633,H3,test,126,0,-20.711956,-6.4594336,-12.511252516400654
XFD30621,H3,train,123,0,-20.6442,-6.029446,-12.231477938166071
XFD30609,H3,train,138,0,-19.79417,-4.950498,-13.714497171985771
XFD30597,H3,val,139,0,-20.671268,-5.1450295,-12.927384949803658
XFD30587,H3,train,139,0,-20.671268,-5.1450295,-12.927384949803658
XFD30575,H3,test,139,0,-20.964977,-5.5418468,-12.02089228617412
XFD30563,H3,train,139,0,-20.964977,-5.5418468,-12.02089228617412
XFD30551,H3,train,72,0,-20.747414,-6.544374,-9.79449565292106
XFD30539,H3,train,72,0,-20.747414,-6.544374,-9.79449565292106
XFD30527,H3,test,72,0,-20.747414,-6.544374,-9.79449565292106
XFD30515,H3,train,72,0,-20.747414,-6.544374,-9.79449565292106
XFD30503,H3,train,139,0,-20.964977,-5.5418468,-12.02089228617412
XFD30491,H3,train,72,0,-20.747414,-6.544374,-9.79449565292106
XFD30481,H3,train,72,0,-20.747414,-6.544374,-9.79449565292106
XFD30469,H3,train,123,0,-20.528131,-6.913914,-9.811993067625187
XFD30457,H3,train,72,0,-20.747414,-6.544374,-9.79449565292106
XFD30445,H3,train,72,0,-20.747414,-6.544374,-9.79449565292106
XFD30433,H3,train,121,0,-19.033245,-5.489225,-19.99499938126432
XFD30421,H3,train,139,0,-20.964977,-5.5418468,-12.02089228617412
XFD30409,H3,train,138,0,-19.79417,-4.950498,-13.714497171985771
XFD30397,H3,test,138,0,-19.79417,-4.950498,-13.714497171985771
XFD30385,H3,test,123,0,-20.6442,-6.029446,-12.231477938166071
XFD30373,H3,train,139,0,-20.047684,-4.0666766,-14.517729335609292
XFD30361,H3,train,138,0,-19.79417,-4.950498,-13.714497171985771
XFD30349,H3,val,138,0,-19.79417,-4.950498,-13.714497171985771
XFD30337,H3,test,119,0,-20.598984,-6.258925,-11.754466469575492
XFD30325,H3,test,119,0,-20.598984,-6.258925,-11.754466469575492
XFD30313,H3,test,103,0,-20.650791,-6.7574177,-11.673164910342889
XFD30301,H3,train,103,0,-20.650791,-6.7574177,-11.673164910342889
XFD30289,H3,test,105,0,-21.34634,-7.465626,-13.378393364041795
XFD30277,H3,train,105,0,-21.34634,-7.465626,-13.378393364041795
XFD30265,H3,test,105,0,-21.34634,-7.465626,-13.378393364041795
XFD30253,H3,train,105,0,-21.34634,-7.465626,-13.378393364041795
XFD30241,H3,train,123,0,-20.6442,-6.029446,-12.231477938166071
XFD30229,H3,train,123,0,-20.6442,-6.029446,-12.231477938166071
XFD30217,H3,train,135,0,-20.515667,-5.582909,-12.681145048809904
XFD30205,H3,train,135,0,-20.515667,-5.582909,-12.681145048809904
XFD30193,H3,train,135,0,-20.1437,-5.066647,-12.004471823433233
XFD30181,H3,test,105,0,-21.212173,-7.5877156,-13.07882130302231
XFD30169,H3,test,115,0,-21.414974,-8.0624275,-11.659208289601901
XFD30157,H3,val,123,0,-20.6442,-6.029446,-12.231477938166071
XFD30145,H3,train,123,0,-20.6442,-6.029446,-12.231477938166071
XFD30133,H3,test,141,0,-16.941109,-0.28930905,-9.335394927336125
XFD30121,H3,train,135,0,-20.127861,-4.977152,-13.214800559265763
XFD30109,H3,train,135,0,-20.127861,-4.977152,-13.214800559265763
XFD30097,H3,train,141,0,-20.13293,-4.4211707,-11.524863233793262
XFD30085,H3,train,141,0,-20.13293,-4.4211707,-11.524863233793262
XFD30073,H3,val,104,0,-21.01868,-6.0227914,-11.899754612935759
XFD30061,H3,test,104,0,-21.01868,-6.0227914,-11.899754612935759
XFD30049,H3,train,123,0,-20.61644,-5.8412466,-12.058853791459141
XFD30037,H3,train,123,0,-20.61644,-5.8412466,-12.058853791459141
XFD30025,H3,train,141,0,-20.13293,-4.4211707,-11.524863233793262
XFD30013,H3,train,141,0,-20.13293,-4.4211707,-11.524863233793262
XFD30001,H3,train,139,0,-20.77864,-5.3585,-12.22977675605292
XFD29989,H3,train,139,0,-20.77864,-5.3585,-12.22977675605292
XFD29977,H3,train,123,0,-20.06866,-5.40628,-11.750005961699802
XFD29965,H3,train,123,0,-20.06866,-5.40628,-11.750005961699802
XFD29953,H3,val,135,0,-20.515667,-5.582909,-12.681145048809904
XFD29942,H3,test,135,0,-20.515667,-5.582909,-12.681145048809904
XFD29931,H3,train,121,0,-20.475351,-6.120353,-11.868794774077246
XFD29919,H3,test,121,0,-20.475351,-6.120353,-11.868794774077246
XFD29907,H3,test,139,0,-20.964977,-5.5418468,-12.02089228617412
XFD29896,H3,val,139,0,-20.964977,-5.5418468,-12.02089228617412
XFD29884,H3,val,135,0,-20.515667,-5.582909,-12.681145048809904
XFD29872,H3,train,135,0,-20.515667,-5.582909,-12.681145048809904
XFD29860,H3,train,135,0,-19.743813,-5.295738,-14.312580146972213
XFD29848,H3,train,123,0,-20.76665,-5.5742116,-13.76196732078339
XFD29836,H3,train,137,0,-20.619335,-6.241401,-12.570446822849755
XFD29824,H3,test,137,0,-20.619335,-6.241401,-12.570446822849755
XFD29812,H3,train,123,0,-20.6442,-6.029446,-12.231477938166071
XFD29800,H3,train,135,0,-20.515667,-5.582909,-12.681145048809904
XFD29788,H3,train,139,0,-20.964977,-5.5418468,-12.02089228617412
XFD29776,H3,train,139,0,-20.964977,-5.5418468,-12.02089228617412
XFD29764,H3,train,126,0,-22.351097,-7.6877723,-9.912050479816964
XFD29752,H3,test,126,0,-22.351097,-7.6877723,-9.912050479816964
XFD29740,H3,val,123,0,-20.516415,-5.8255534,-12.261322972868106
XFD29728,H3,train,123,0,-20.516415,-5.8255534,-12.261322972868106
XFD29716,H3,train,104,0,-21.01868,-6.0227914,-11.899754612935759
XFD29706,H3,train,104,0,-21.01868,-6.0227914,-11.899754612935759
XFD29694,H3,train,139,0,-20.92292,-5.8548923,-11.476826167492087
XFD29682,H3,train,139,0,-20.92292,-5.8548923,-11.476826167492087
XFD29670,H3,train,142,0,-21.562218,-5.830215,-13.117734483775529
XFD29658,H3,train,142,0,-21.562218,-5.830215,-13.117734483775529
XFD29646,H3,train,105,0,-20.305954,-4.2767615,-8.815372797548237
XFD29634,H3,train,105,0,-20.305954,-4.2767615,-8.815372797548237
XFD29622,H3,train,135,0,-20.515667,-5.582909,-12.681145048809904
XFD29610,H3,train,135,0,-20.515667,-5.582909,-12.681145048809904
XFD29598,H3,train,105,0,-21.142904,-5.4588494,-8.917992201894789
XFD29586,H3,val,105,0,-21.142904,-5.4588494,-8.917992201894789
XFD29574,H3,train,123,0,-20.681067,-6.491528,-13.270049830699492
XFD29562,H3,train,143,0,-19.710047,-6.203353,-12.987367440400595
XFD29550,H3,train,143,0,-19.710047,-6.203353,-12.987367440400595
XFD29538,H3,train,137,0,-20.560074,-6.4668555,-12.200439649996566
XFD29527,H3,train,137,0,-20.560074,-6.4668555,-12.200439649996566
XFD29515,H3,test,123,0,-18.556839,-2.7717514,-14.706361327602151
XFD29503,H3,val,72,0,-20.821117,-6.327395,-11.90760495173561
XFD29491,H3,test,137,0,-20.619335,-6.241401,-12.570446822849755
XFD29479,H3,train,103,0,-21.78443,-6.4281135,-15.382436311768627
XFD29467,H3,train,103,0,-22.029215,-7.769426,-16.249643907078372
XFD29455,H3,train,103,0,-22.029215,-7.769426,-16.249643907078372
XFD29443,H3,test,137,0,-20.74442,-5.977177,-13.695903644070953
XFD29431,H3,val,135,0,-20.515667,-5.582909,-12.681145048809904
XFD29419,H3,train,139,0,-20.964977,-5.5418468,-12.02089228617412
XFD29407,H3,train,139,0,-20.964977,-5.5418468,-12.02089228617412
XFD29395,H3,train,105,0,-20.107319,-3.9488585,-8.600726726121028
XFD29383,H3,train,105,0,-20.107319,-3.9488585,-8.600726726121028
XFD29371,H3,val,123,0,-20.66908,-6.21209,-12.081513844801998
XFD29359,H3,val,123,0,-20.720123,-6.626313,-13.169019461885183
XFD29347,H3,train,123,0,-20.720123,-6.626313,-13.169019461885183
XFD29335,H3,train,122,0,-18.814262,-3.4070966,-15.97103140913316
XFD29323,H3,val,122,0,-18.814262,-3.4070966,-15.97103140913316
XFD29311,H3,train,124,0,-20.824123,-6.6789565,-12.634073836371813
XFD29299,H3,train,126,0,-20.607094,-4.8324714,-13.58596860507352
XFD29287,H3,val,126,0,-20.607094,-4.8324714,-13.58596860507352
XFD29275,H3,train,72,0,-20.374598,-5.586494,-11.267936236925093
XFD29263,H3,train,72,0,-20.374598,-5.586494,-11.267936236925093
XFD29251,H3,train,123,0,-20.6442,-6.029446,-12.231477938166071
XFD29239,H3,test,123,0,-20.6442,-6.029446,-12.231477938166071
XFD29227,H3,train,137,0,-20.619335,-6.241401,-12.570446822849755
XFD29215,H3,val,137,0,-20.619335,-6.241401,-12.570446822849755
XFD29203,H3,test,123,0,-20.6442,-6.029446,-12.231477938166071
XFD29193,H3,train,123,0,-20.6442,-6.029446,-12.231477938166071
XFD29181,H3,train,137,0,-20.619335,-6.241401,-12.570446822849755
XFD29169,H3,train,137,0,-20.619335,-6.241401,-12.570446822849755
XFD29157,H3,train,137,0,-20.619335,-6.241401,-12.570446822849755
XFD29145,H3,train,138,0,-19.79417,-4.950498,-13.714497171985771
XFD29133,H3,train,138,0,-19.79417,-4.950498,-13.714497171985771
XFD29121,H3,test,126,0,-20.607094,-4.8324714,-13.58596860507352
XFD29109,H3,test,103,0,-22.199139,-6.233578,-14.403103997484752
XFD29097,H3,train,137,0,-20.619335,-6.241401,-12.570446822849755
XFD29085,H3,test,137,0,-20.619335,-6.241401,-12.570446822849755
XFD29073,H3,train,139,0,-20.964977,-5.5418468,-12.02089228617412
XFD29061,H3,val,139,0,-20.964977,-5.5418468,-12.02089228617412
XFD29049,H3,test,103,0,-21.939121,-6.2161956,-15.05516994930201
XFD29037,H3,train,103,0,-21.939121,-6.2161956,-15.05516994930201
XFD29025,H3,val,119,0,-20.830032,-4.3732677,-13.161923986360271
XFD29013,H3,train,119,0,-20.830032,-4.3732677,-13.161923986360271
XFD29001,H3,train,135,0,-20.515667,-5.582909,-12.681145048809904
XFD28989,H3,train,135,0,-20.515667,-5.582909,-12.681145048809904
XFD28977,H3,train,123,0,-20.6442,-6.029446,-12.231477938166071
XFD28965,H3,train,115,0,-21.414974,-8.0624275,-11.659208289601901
XFD28953,H3,train,115,0,-21.414974,-8.0624275,-11.659208289601901
XFD28941,H3,train,135,0,-20.211123,-4.920854,-13.104885696063485
XFD28929,H3,train,135,0,-20.211123,-4.920854,-13.104885696063485
XFD28917,H3,train,115,0,-21.414974,-8.0624275,-11.659208289601901
XFD28905,H3,train,115,0,-21.414974,-8.0624275,-11.659208289601901
XFD28893,H3,train,115,0,-21.414974,-8.0624275,-11.659208289601901
XFD28881,H3,val,139,0,-20.194397,-4.272365,-14.69139295362638
XFD28869,H3,train,139,0,-20.194397,-4.272365,-14.69139295362638
XFD28857,H3,train,104,0,-21.160221,-5.9927564,-11.209800742293032
XFD28845,H3,train,104,0,-21.160221,-5.9927564,-11.209800742293032
XFD28833,H3,train,119,0,-21.038376,-6.3575463,-11.92343278184286
XFD28821,H3,train,119,0,-21.038376,-6.3575463,-11.92343278184286
XFD28809,H3,train,127,0,-20.92167,-5.67644,-13.541824002465866
XFD28797,H3,train,122,0,-19.439236,-5.357344,-14.42712329928496
XFD28785,H3,train,122,0,-19.439236,-5.357344,-14.42712329928496
XFD28773,H3,test,137,0,-20.619335,-6.241401,-12.570446822849755
XFD28761,H3,train,137,0,-20.619335,-6.241401,-12.570446822849755
XFD28749,H3,train,127,0,-20.92167,-5.67644,-13.541824002465866
XFD28737,H3,test,127,0,-20.92167,-5.67644,-13.541824002465866
XFD28725,H3,train,139,0,-20.964977,-5.5418468,-12.02089228617412
XFD28713,H3,test,139,0,-20.964977,-5.5418468,-12.02089228617412
XFD28701,H3,train,117,0,-20.801613,-5.083221,-12.207511238846966
XFD28689,H3,test,117,0,-20.801613,-5.083221,-12.207511238846966
XFD28677,H3,train,105,0,-19.848244,-3.424544,-8.319578709139586
XFD28665,H3,train,108,0,-19.467367,-5.008798,-12.947116403146596
XFD28653,H3,train,105,0,-21.330246,-6.645203,-9.36987258370219
XFD28641,H3,test,123,0,-20.6442,-6.029446,-12.231477938166071
XFD28629,H3,train,139,0,-20.964977,-5.5418468,-12.02089228617412
XFD28617,H3,train,139,0,-20.964977,-5.5418468,-12.02089228617412
XFD28605,H3,train,139,0,-20.964977,-5.5418468,-12.02089228617412
XFD28593,H3,train,139,0,-20.964977,-5.5418468,-12.02089228617412
XFD28581,H3,train,123,0,-20.419073,-6.4527555,-10.867289367659376
XFD28570,H3,train,123,0,-20.419073,-6.4527555,-10.867289367659376
XFD28559,H3,train,104,0,-20.88036,-5.038158,-10.523499006521426
XFD28547,H3,train,104,0,-20.88036,-5.038158,-10.523499006521426
XFD28535,H3,train,105,0,-21.142904,-5.4588494,-8.917992201894789
XFD28523,H3,train,123,0,-20.6442,-6.029446,-12.231477938166071
XFD28511,H3,train,123,0,-20.6442,-6.029446,-12.231477938166071
XFD28499,H3,train,105,0,-21.142904,-5.4588494,-8.917992201894789
XFD28487,H3,train,105,0,-21.142904,-5.4588494,-8.917992201894789
XFD28475,H3,train,139,0,-21.456352,-5.9242015,-9.661778331095816
XFD28463,H3,test,135,0,-20.127861,-4.977152,-13.214800559265763
XFD28451,H3,train,135,0,-20.127861,-4.977152,-13.214800559265763
XFD28439,H3,test,139,0,-21.456352,-5.9242015,-9.661778331095816
XFD28427,H3,train,139,0,-21.456352,-5.9242015,-9.661778331095816
XFD28415,H3,train,103,0,-22.106117,-6.7588515,-16.93308701144639
XFD28403,H3,train,103,0,-22.106117,-6.7588515,-16.93308701144639
XFD28391,H3,train,135,0,-20.515667,-5.582909,-12.681145048809904
XFD28379,H3,train,135,0,-20.515667,-5.582909,-12.681145048809904
XFD28367,H3,train,135,0,-20.826164,-5.097413,-12.354339332082244
XFD28355,H3,val,135,0,-20.826164,-5.097413,-12.354339332082244
XFD28343,H3,train,138,0,-19.79417,-4.950498,-13.714497171985771
XFD28331,H3,test,138,0,-19.79417,-4.950498,-13.714497171985771
XFD28319,H3,train,144,0,-20.807913,-6.015468,-13.221428783361858
XFD28307,H3,train,144,0,-20.807913,-6.015468,-13.221428783361858
XFD28295,H3,train,135,0,-20.515667,-5.582909,-12.681145048809904
XFD28283,H3,train,135,0,-20.515667,-5.582909,-12.681145048809904
XFD28271,H3,train,135,0,-20.188606,-5.4624834,-13.204107726248775
XFD28259,H3,train,135,0,-20.188606,-5.4624834,-13.204107726248775
XFD28247,H3,train,123,0,-20.6442,-6.029446,-12.231477938166071
XFD28237,H3,train,123,0,-20.6442,-6.029446,-12.231477938166071
XFD28225,H3,train,123,0,-20.6442,-6.029446,-12.231477938166071
XFD28213,H3,train,123,0,-20.6442,-6.029446,-12.231477938166071
XFD28201,H3,train,123,0,-20.6442,-6.029446,-12.231477938166071
XFD28191,H3,train,123,0,-20.6442,-6.029446,-12.231477938166071
XFD28179,H3,train,103,0,-22.143349,-7.274263,-13.636001187394172
XFD28167,H3,train,103,0,-22.143349,-7.274263,-13.636001187394172
XFD28155,H3,train,123,0,-20.6442,-6.029446,-12.231477938166071
XFD28143,H3,train,123,0,-20.6442,-6.029446,-12.231477938166071
XFD28131,H3,train,123,0,-20.18565,-5.630461,-15.02489334964936
XFD28119,H3,train,123,0,-20.18565,-5.630461,-15.02489334964936
XFD28107,H3,train,123,0,-20.18565,-5.630461,-15.02489334964936
XFD28095,H3,train,123,0,-20.18565,-5.630461,-15.02489334964936
XFD28083,H3,val,123,0,-20.18565,-5.630461,-15.02489334964936
XFD28073,H3,train,123,0,-20.18565,-5.630461,-15.02489334964936
XFD28061,H3,val,123,0,-20.18565,-5.630461,-15.02489334964936
XFD28049,H3,val,115,0,-21.525879,-8.204882,-9.503941948331182
XFD28037,H3,train,115,0,-21.525879,-8.204882,-9.503941948331182
XFD28025,H3,train,72,0,-20.226192,-5.029698,-11.754109581901014
XFD28013,H3,train,72,0,-20.226192,-5.029698,-11.754109581901014
XFD28001,H3,train,104,0,-20.569977,-5.173696,-12.401394153892339
XFD27989,H3,train,123,0,-20.6442,-6.029446,-12.231477938166071
XFD27977,H3,train,104,0,-20.569977,-5.173696,-12.401394153892339
XFD27965,H3,train,115,0,-20.363537,-6.163093,-9.242117133472131
XFD27953,H3,test,104,0,-21.149559,-6.202554,-11.688527700732728
XFD27941,H3,train,115,0,-20.560614,-7.5700126,-12.336760118089684
XFD27930,H3,train,115,0,-20.560614,-7.5700126,-12.336760118089684
XFD27919,H3,train,115,0,-21.15955,-7.7564206,-12.787147318434947
XFD27907,H3,train,126,0,-22.063972,-7.31502,-13.848938937514186
XFD27895,H3,test,126,0,-22.063972,-7.31502,-13.848938937514186
XFD27883,H3,val,123,0,-20.6442,-6.029446,-12.231477938166071
XFD27871,H3,train,123,0,-20.6442,-6.029446,-12.231477938166071
XFD27859,H3,train,104,0,-21.01868,-6.0227914,-11.899754612935759
XFD27847,H3,train,72,0,-20.282425,-5.1266713,-13.333460415974502
XFD27835,H3,train,126,0,-20.421707,-5.913126,-11.689456530170908
XFD27823,H3,train,123,0,-20.779255,-6.185001,-13.83896822431085
XFD27811,H3,test,119,0,-20.536053,-4.6098437,-12.998201127411361
XFD27799,H3,test,123,0,-20.6442,-6.029446,-12.231477938166071
XFD27787,H3,train,115,0,-20.560614,-7.5700126,-12.336760118089684
XFD27776,H3,train,108,0,-17.776327,-3.0073082,-14.658883864329791
XFD27764,H3,train,108,0,-19.467367,-5.008798,-12.947116403146596
XFD27752,H3,test,137,0,-20.437006,-6.7788224,-13.835180364870556
XFD27740,H3,val,137,0,-20.437006,-6.7788224,-13.835180364870556
XFD27728,H3,train,137,0,-20.437006,-6.7788224,-13.835180364870556
XFD27716,H3,test,138,0,-19.79417,-4.950498,-13.714497171985771
XFD27704,H3,train,105,0,-20.435026,-3.959748,-9.436755677433695
XFD27692,H3,train,123,0,-20.398499,-6.808134,-10.610612551043122
XFD27680,H3,train,123,0,-20.398499,-6.808134,-10.610612551043122
XFD27668,H3,train,138,0,-19.79417,-4.950498,-13.714497171985771
XFD27656,H3,val,138,0,-19.79417,-4.950498,-13.714497171985771
XFD27644,H3,train,125,0,-19.748167,-4.9781632,-17.350813429017435
XFD27632,H3,train,103,0,-19.881834,-3.6470726,-11.086252059230102
XFD27620,H3,train,103,0,-21.631227,-5.8944144,-15.736822512662537
XFD27608,H3,train,103,0,-21.631227,-5.8944144,-15.736822512662537
XFD27596,H3,train,105,0,-20.305954,-4.2767615,-8.815372797548237
XFD27584,H3,train,105,0,-20.305954,-4.2767615,-8.815372797548237
XFD27572,H3,train,105,0,-20.305954,-4.2767615,-8.815372797548237
XFD27560,H3,train,135,0,-20.515667,-5.582909,-12.681145048809904
XFD27548,H3,val,135,0,-20.515667,-5.582909,-12.681145048809904
XFD27536,H3,train,105,0,-19.848244,-3.424544,-8.319578709139586
XFD27524,H3,val,104,0,-20.05653,-5.9390845,-11.094862954228
XFD27512,H3,val,104,0,-20.05653,-5.9390845,-11.094862954228
XFD27500,H3,test,135,0,-19.680153,-5.3378158,-15.046047128475163
XFD27488,H3,train,135,0,-19.680153,-5.3378158,-15.046047128475163
XFD27476,H3,val,123,0,-20.6442,-6.029446,-12.231477938166071
XFD27464,H3,val,115,0,-21.414974,-8.0624275,-11.659208289601901
XFD27452,H3,train,123,0,-20.6442,-6.029446,-12.231477938166071
XFD27440,H3,train,123,0,-20.6442,-6.029446,-12.231477938166071
XFD27428,H3,train,105,0,-20.648354,-4.2495804,-9.122142791832665
XFD27416,H3,train,105,0,-20.648354,-4.2495804,-9.122142791832665
XFD27404,H3,train,123,0,-20.6442,-6.029446,-12.231477938166071
XFD27392,H3,test,123,0,-20.6442,-6.029446,-12.231477938166071
XFD27380,H3,val,123,0,-20.183626,-5.808539,-13.90861325211287
XFD27368,H3,val,145,0,-20.287363,-6.079171,-14.032244231692207
XFD27356,H3,train,104,0,-21.01868,-6.0227914,-11.899754612935759
XFD27344,H3,train,104,0,-21.01868,-6.0227914,-11.899754612935759
XFD27332,H3,train,123,0,-20.549063,-6.0946174,-12.638843575586334
XFD27320,H3,train,123,0,-20.939968,-5.008034,-14.108803366793692
XFD27308,H3,train,104,0,-21.01868,-6.0227914,-11.899754612935759
XFD27296,H3,train,104,0,-21.01868,-6.0227914,-11.899754612935759
XFD27284,H3,train,122,0,-19.259274,-4.3945265,-16.86433139674437
XFD27272,H3,train,122,0,-19.259274,-4.3945265,-16.86433139674437
XFD27260,H3,train,135,0,-20.515667,-5.582909,-12.681145048809904
XFD27248,H3,train,135,0,-20.515667,-5.582909,-12.681145048809904
XFD27237,H3,train,146,0,-20.299751,-4.95779,-14.930126510208295
XFD27225,H3,val,146,0,-20.299751,-4.95779,-14.930126510208295
XFD27213,H3,val,123,0,-19.847424,-4.191138,-9.93866063134101
XFD27201,H3,train,123,0,-19.927723,-6.5011683,-10.762706191517148
XFD27189,H3,test,103,0,-22.356075,-7.082337,-16.54171927307933
XFD27177,H3,train,137,0,-20.619335,-6.241401,-12.570446822849755
XFD27165,H3,train,123,0,-20.6442,-6.029446,-12.231477938166071
XFD27153,H3,train,137,0,-20.619335,-6.241401,-12.570446822849755
XFD27141,H3,train,123,0,-20.6442,-6.029446,-12.231477938166071
XFD27129,H3,train,123,0,-20.6442,-6.029446,-12.231477938166071
XFD27117,H3,test,119,0,-20.375284,-4.6706266,-13.100358281212424
XFD27105,H3,train,119,0,-20.375284,-4.6706266,-13.100358281212424
XFD27093,H3,train,121,0,-20.557327,-5.8778186,-10.535237184080179
XFD27081,H3,train,121,0,-20.557327,-5.8778186,-10.535237184080179
XFD27069,H3,val,138,0,-19.79417,-4.950498,-13.714497171985771
XFD27057,H3,train,138,0,-19.79417,-4.950498,-13.714497171985771
XFD27045,H3,train,137,0,-20.619335,-6.241401,-12.570446822849755
XFD27033,H3,train,137,0,-20.619335,-6.241401,-12.570446822849755
XFD27021,H3,val,103,0,-20.825438,-6.098045,-11.42629152639014
XFD27009,H3,train,115,0,-21.414974,-8.0624275,-11.659208289601901
XFD26997,H3,train,115,0,-21.414974,-8.0624275,-11.659208289601901
XFD26985,H3,val,119,0,-20.929438,-4.747149,-14.03783790988239
XFD26973,H3,val,119,0,-20.929438,-4.747149,-14.03783790988239
XFD26961,H3,train,123,0,-20.696106,-5.8314805,-11.726007908703403
XFD26949,H3,test,123,0,-20.696106,-5.8314805,-11.726007908703403
XFD26937,H3,train,103,0,-21.939121,-6.2161956,-15.05516994930201
XFD26925,H3,train,103,0,-21.939121,-6.2161956,-15.05516994930201
XFD26913,H3,train,138,0,-19.79417,-4.950498,-13.714497171985771
XFD26901,H3,train,138,0,-19.79417,-4.950498,-13.714497171985771
XFD26889,H3,train,105,0,-21.57556,-8.066017,-11.91679315551602
XFD26877,H3,test,105,0,-21.57556,-8.066017,-11.91679315551602
XFD26865,H3,train,138,0,-19.79417,-4.950498,-13.714497171985771
XFD26853,H3,train,138,0,-19.79417,-4.950498,-13.714497171985771
XFD26841,H3,test,138,0,-19.79417,-4.950498,-13.714497171985771
XFD26829,H3,train,137,0,-20.619335,-6.241401,-12.570446822849755
XFD26817,H3,test,123,0,-20.720123,-6.626313,-13.169019461885183
XFD26805,H3,train,138,0,-19.883133,-4.852765,-14.054704206249834
XFD26793,H3,train,138,0,-19.883133,-4.852765,-14.054704206249834
XFD26781,H3,train,138,0,-19.883133,-4.852765,-14.054704206249834
XFD26769,H3,train,138,0,-19.883133,-4.852765,-14.054704206249834
XFD26757,H3,train,147,0,-21.032593,-4.5844064,-14.638351987956318
XFD26745,H3,train,139,0,-20.785778,-4.9044933,-13.62604717777254
XFD26733,H3,train,139,0,-20.785778,-4.9044933,-13.62604717777254
XFD26721,H3,train,139,0,-20.785778,-4.9044933,-13.62604717777254
XFD26709,H3,train,138,0,-19.79417,-4.950498,-13.714497171985771
XFD26697,H3,train,138,0,-19.79417,-4.950498,-13.714497171985771
XFD26685,H3,train,123,0,-20.566156,-6.0824857,-11.056493670244988
XFD26673,H3,train,123,0,-20.566156,-6.0824857,-11.056493670244988
XFD26663,H3,test,137,0,-20.619335,-6.241401,-12.570446822849755
XFD26651,H3,train,123,0,-20.6442,-6.029446,-12.231477938166071
XFD26639,H3,train,123,0,-20.6442,-6.029446,-12.231477938166071
XFD26627,H3,val,123,0,-20.719082,-6.472301,-12.210282954249953
XFD26615,H3,train,137,0,-20.619335,-6.241401,-12.570446822849755
XFD26603,H3,train,137,0,-20.619335,-6.241401,-12.570446822849755
XFD26591,H3,train,123,0,-20.6442,-6.029446,-12.231477938166071
XFD26581,H3,val,123,0,-20.6442,-6.029446,-12.231477938166071
XFD26569,H3,train,138,0,-19.79417,-4.950498,-13.714497171985771
XFD26557,H3,val,137,0,-20.619335,-6.241401,-12.570446822849755
XFD26545,H3,test,137,0,-20.619335,-6.241401,-12.570446822849755
XFD26533,H3,train,123,0,-20.6442,-6.029446,-12.231477938166071
XFD26521,H3,train,123,0,-20.6442,-6.029446,-12.231477938166071
XFD26509,H3,train,104,0,-21.01868,-6.0227914,-11.899754612935759
XFD26497,H3,train,104,0,-21.01868,-6.0227914,-11.899754612935759
XFD26485,H3,train,123,0,-20.6442,-6.029446,-12.231477938166071
XFD26473,H3,train,123,0,-18.874352,-3.680736,-14.333378803994686
XFD26462,H3,train,139,0,-20.964977,-5.5418468,-12.02089228617412
XFD26450,H3,train,139,0,-20.964977,-5.5418468,-12.02089228617412
XFD26438,H3,train,72,0,-19.850576,-5.3864865,-16.728156564404394
XFD26426,H3,train,123,0,-20.6442,-6.029446,-12.231477938166071
XFD26414,H3,test,123,0,-20.6442,-6.029446,-12.231477938166071
XFD26402,H3,train,123,0,-20.6442,-6.029446,-12.231477938166071
XFD26390,H3,val,123,0,-20.6442,-6.029446,-12.231477938166071
XFD26378,H3,train,123,0,-20.6442,-6.029446,-12.231477938166071
XFD26366,H3,train,123,0,-20.6442,-6.029446,-12.231477938166071
XFD26354,H3,test,123,0,-20.6442,-6.029446,-12.231477938166071
XFD26342,H3,val,137,0,-20.668436,-6.6342807,-13.60885830982301
XFD26330,H3,train,135,0,-20.515667,-5.582909,-12.681145048809904
XFD26318,H3,train,135,0,-20.189426,-4.944607,-14.002374910875563
XFD26306,H3,val,135,0,-20.515667,-5.582909,-12.681145048809904
XFD26294,H3,train,137,0,-20.619335,-6.241401,-12.570446822849755
XFD26282,H3,test,123,0,-18.35819,-1.8074703,-14.276715113153879
XFD26270,H3,train,139,0,-22.26864,-8.320569,-12.187960236091174
XFD26258,H3,train,103,0,-21.939121,-6.2161956,-15.05516994930201
XFD26246,H3,train,148,0,-20.767963,-5.969723,-11.54892821484914
XFD26234,H3,train,148,0,-20.767963,-5.969723,-11.54892821484914
XFD26222,H3,val,147,0,-21.258583,-6.2332263,-10.589082597901934
XFD26210,H3,val,79,0,-19.908947,-5.545547,-11.839266167248267
XFD26198,H3,train,103,0,-20.688892,-5.88169,-12.409569181912204
XFD26186,H3,train,119,0,-20.536053,-4.6098437,-12.998201127411361
XFD26174,H3,train,123,0,-20.6442,-6.029446,-12.231477938166071
XFD26162,H3,train,123,0,-20.93357,-5.776875,-12.554052170533373
XFD26150,H3,train,122,0,-19.88919,-5.5622735,-15.91113826538768
XFD26138,H3,train,137,0,-20.843695,-6.728873,-12.072199452491999
XFD26126,H3,val,103,0,-21.939121,-6.2161956,-15.05516994930201
XFD26114,H3,val,72,0,-19.470032,-5.3694367,-10.275504877895658
XFD26102,H3,train,123,0,-20.6442,-6.029446,-12.231477938166071
XFD26090,H3,val,139,0,-19.644241,-3.532119,-14.620399603981069
XFD26078,H3,train,137,0,-19.914324,-5.205261,-13.996321837320943
XFD26066,H3,test,123,0,-20.6442,-6.029446,-12.231477938166071
XFD26054,H3,train,149,0,-21.23756,-6.3376546,-11.475539698987928
XFD26042,H3,train,108,0,-19.467367,-5.008798,-12.947116403146596
XFD26030,H3,train,108,0,-19.467367,-5.008798,-12.947116403146596
XFD26018,H3,train,108,0,-19.467367,-5.008798,-12.947116403146596
XFD26006,H3,test,108,0,-19.467367,-5.008798,-12.947116403146596
XFD25994,H3,train,108,0,-19.467367,-5.008798,-12.947116403146596
XFD25982,H3,test,108,0,-19.467367,-5.008798,-12.947116403146596
XFD25970,H3,train,72,0,-20.456108,-6.0078845,-11.797386397435211
XFD25958,H3,train,108,0,-19.467367,-5.008798,-12.947116403146596
XFD25946,H3,train,105,0,-21.667301,-8.380763,-9.50572670488362
XFD25934,H3,test,104,0,-20.56623,-5.3350997,-11.715766059543856
XFD25922,H3,train,123,0,-19.484798,-3.828246,-13.354570997868352
XFD25910,H3,train,138,0,-19.79417,-4.950498,-13.714497171985771
XFD25898,H3,train,104,0,-21.01868,-6.0227914,-11.899754612935759
XFD25886,H3,val,103,0,-20.586046,-6.351666,-14.88678158437906
XFD25874,H3,val,123,0,-20.6442,-6.029446,-12.231477938166071
XFD25862,H3,train,103,0,-22.182003,-6.7520185,-16.06637006787847
XFD25850,H3,train,123,0,-20.6442,-6.029446,-12.231477938166071
XFD25838,H3,train,137,0,-20.619335,-6.241401,-12.570446822849755
XFD25826,H3,train,124,0,-20.825722,-5.716579,-11.58061735767694
XFD25814,H3,train,115,0,-21.233665,-8.171659,-11.9012678496771
XFD25802,H3,train,139,0,-20.964977,-5.5418468,-12.02089228617412
XFD25790,H3,val,115,0,-21.414974,-8.0624275,-11.659208289601901
XFD25778,H3,train,115,0,-20.734764,-7.428016,-12.358517469487454
XFD25767,H3,train,139,0,-20.964977,-5.5418468,-12.02089228617412
XFD25755,H3,train,105,0,-19.66885,-3.3588264,-10.857365201140254
XFD25743,H3,train,149,0,-22.282913,-8.4637985,-13.625559407659948
XFD25731,H3,train,72,0,-20.858356,-6.906716,-10.087908965845708
XFD25719,H3,train,123,0,-20.6442,-6.029446,-12.231477938166071
XFD25707,H3,train,72,0,-20.672157,-5.437902,-11.75197989731073
XFD25695,H3,test,123,0,-20.604704,-5.6652226,-12.82780944085531
XFD25683,H3,train,115,0,-21.594593,-8.514788,-9.941694219410916
XFD25671,H3,test,104,0,-21.01868,-6.0227914,-11.899754612935759
XFD25659,H3,train,104,0,-21.01868,-6.0227914,-11.899754612935759
XFD25647,H3,train,115,0,-20.363537,-6.163093,-9.242117133472131
XFD25635,H3,train,150,0,-19.730724,-5.4632716,-10.125908946849663
XFD25623,H3,train,110,0,-20.95808,-7.3820176,-10.721363155245507
XFD25611,H3,train,104,0,-20.4729,-5.6031413,-11.388418724830245
XFD25601,H3,train,104,0,-20.4729,-5.6031413,-11.388418724830245
XFD25589,H3,test,104,0,-21.01868,-6.0227914,-11.899754612935759
XFD25577,H3,train,104,0,-21.01868,-6.0227914,-11.899754612935759
XFD25565,H3,train,108,0,-19.467367,-5.008798,-12.947116403146596
XFD25553,H3,train,139,0,-20.964977,-5.5418468,-12.02089228617412
XFD25541,H3,train,138,0,-19.79417,-4.950498,-13.714497171985771
XFD25529,H3,train,104,0,-21.01868,-6.0227914,-11.899754612935759
XFD25517,H3,train,135,0,-20.826164,-5.097413,-12.354339332082244
XFD25505,H3,val,123,0,-20.6442,-6.029446,-12.231477938166071
XFD25493,H3,train,123,0,-20.6442,-6.029446,-12.231477938166071
XFD25481,H3,train,72,0,-20.736292,-5.9235196,-11.979023657417216
XFD25471,H3,train,115,0,-19.85226,-6.1959443,-12.952646332996759
XFD25461,H3,train,137,0,-20.619335,-6.241401,-12.570446822849755
XFD25452,H3,val,104,0,-21.351873,-6.5198207,-11.660010446244232
XFD25439,H3,train,121,0,-20.768738,-6.2266765,-11.438577407359812
XFD25429,H3,train,139,0,-20.964977,-5.5418468,-12.02089228617412
XFD25419,H3,train,140,0,-20.432442,-5.571343,-11.57453455036641
XFD25404,H3,train,139,0,-19.644241,-3.532119,-14.620399603981069
XFD25394,H3,train,108,0,-19.467367,-5.008798,-12.947116403146596
XFD25384,H3,train,108,0,-19.467367,-5.008798,-12.947116403146596
XFD25374,H3,test,123,0,-20.6442,-6.029446,-12.231477938166071
XFD25366,H3,train,137,0,-20.619335,-6.241401,-12.570446822849755
XFD25356,H3,test,138,0,-19.79417,-4.950498,-13.714497171985771
XFD25345,H3,train,137,0,-20.619335,-6.241401,-12.570446822849755
XFD25335,H3,train,104,0,-21.01868,-6.0227914,-11.899754612935759
XFD25325,H3,val,104,0,-21.01868,-6.0227914,-11.899754612935759
XFD25315,H3,train,138,0,-19.733961,-4.003218,-15.757155022501541
XFD25306,H3,train,115,0,-21.414974,-8.0624275,-11.659208289601901
XFD25294,H3,train,123,0,-20.067137,-6.093708,-12.202323013964632
XFD25284,H3,train,115,0,-21.414974,-8.0624275,-11.659208289601901
XFD25274,H3,train,123,0,-20.6442,-6.029446,-12.231477938166071
XFD25264,H3,val,127,0,-21.099926,-6.280995,-11.766249777955652
XFD25254,H3,train,105,0,-21.142904,-5.4588494,-8.917992201894789
XFD25244,H3,test,123,0,-20.6442,-6.029446,-12.231477938166071
XFD25234,H3,train,151,0,-20.861168,-5.7880507,-12.428591575148042
XFD25224,H3,train,121,0,-19.40371,-4.5124626,-13.390182057270112
XFD25214,H3,train,105,0,-20.305954,-4.2767615,-8.815372797548237
XFD25204,H3,val,105,0,-20.305954,-4.2767615,-8.815372797548237
XFD25195,H3,train,150,0,-20.288746,-6.2588925,-11.218306668642272
XFD25188,H3,train,126,0,-20.607094,-4.8324714,-13.58596860507352
XFD25178,H3,train,137,0,-20.619335,-6.241401,-12.570446822849755
XFD25168,H3,train,137,0,-20.240284,-5.7968507,-12.480982780687185
XFD25159,H3,test,127,0,-21.099926,-6.280995,-11.766249777955652
XFD25149,H3,train,104,0,-21.078272,-6.996533,-13.208418971242157
XFD25139,H3,train,139,0,-21.756828,-6.4816375,-12.831894082171004
XFD25129,H3,val,139,0,-21.756828,-6.4816375,-12.831894082171004
XFD25121,H3,train,123,0,-20.6442,-6.029446,-12.231477938166071
XFD25109,H3,val,135,0,-20.515667,-5.582909,-12.681145048809904
XFD25099,H3,train,135,0,-20.485088,-5.236111,-13.21305255427781
XFD25088,H3,train,104,0,-21.01868,-6.0227914,-11.899754612935759
XFD25078,H3,train,122,0,-19.439236,-5.357344,-14.42712329928496
XFD25067,H3,train,104,0,-21.021652,-7.147547,-7.775705499450995
XFD25056,H3,test,123,0,-20.6442,-6.029446,-12.231477938166071
XFD25046,H3,train,123,0,-20.6442,-6.029446,-12.231477938166071
XFD25036,H3,train,126,0,-20.607094,-4.8324714,-13.58596860507352
XFD25026,H3,train,135,0,-20.515667,-5.582909,-12.681145048809904
XFD25016,H3,train,103,0,-21.939121,-6.2161956,-15.05516994930201
XFD25007,H3,test,123,0,-21.161827,-6.784578,-11.71181956304366
XFD24999,H3,val,123,0,-20.6442,-6.029446,-12.231477938166071
XFD24989,H3,train,122,0,-19.439236,-5.357344,-14.42712329928496
XFD24978,H3,train,115,0,-22.462399,-8.513976,-13.438159082217764
XFD24970,H3,train,135,0,-20.515667,-5.582909,-12.681145048809904
XFD24959,H3,val,139,0,-20.964977,-5.5418468,-12.02089228617412
XFD24948,H3,val,139,0,-20.964977,-5.5418468,-12.02089228617412
XFD24940,H3,test,139,0,-20.964977,-5.5418468,-12.02089228617412
XFD24930,H3,train,115,0,-22.003674,-8.478727,-10.865760630872014
XFD24921,H3,test,103,0,-21.946308,-6.8663917,-16.682105128697124
XFD24913,H3,train,135,0,-21.298931,-6.109584,-13.04462044757911
XFD24903,H3,train,115,0,-21.414974,-8.0624275,-11.659208289601901
XFD24891,H3,test,103,0,-22.352219,-7.392055,-14.721989618633513
XFD24881,H3,val,72,0,-20.226192,-5.029698,-11.754109581901014
XFD24873,H3,val,104,0,-21.01868,-6.0227914,-11.899754612935759
XFD24863,H3,train,72,0,-20.858356,-6.906716,-10.087908965845708
XFD24853,H3,train,137,0,-20.619335,-6.241401,-12.570446822849755
XFD24843,H3,train,123,0,-21.161827,-6.784578,-11.71181956304366
XFD24833,H3,train,135,0,-20.515667,-5.582909,-12.681145048809904
XFD24822,H3,train,123,0,-20.6442,-6.029446,-12.231477938166071
XFD24812,H3,train,139,0,-20.964977,-5.5418468,-12.02089228617412
XFD24801,H3,train,123,0,-20.6442,-6.029446,-12.231477938166071
XFD24791,H3,train,139,0,-20.964977,-5.5418468,-12.02089228617412
XFD24781,H3,train,123,0,-20.6442,-6.029446,-12.231477938166071
XFD24771,H3,train,115,0,-21.569193,-8.707136,-12.766248099813346
XFD24761,H3,test,119,0,-20.536053,-4.6098437,-12.998201127411361
XFD24752,H3,test,119,0,-20.536053,-4.6098437,-12.998201127411361
XFD24741,H3,train,72,0,-20.821117,-6.327395,-11.90760495173561
XFB56349,H3,test,152,0,0.26699805,2.1833444,-11.934162871240382
XFB56347,H3,train,153,0,-9.063224,10.566912,-14.64840570975944
XFB56335,H3,train,154,0,-9.94762,14.955991,-13.345208792915155
XFB56329,H3,train,36,0,-9.322059,10.036686,-7.7832518353401134
XFB56323,H3,test,155,0,-9.507159,19.235367,-15.693271659010678
XFB56321,H3,val,156,0,-11.626252,3.986993,-22.721955784424964
XFB56319,H3,train,157,0,-13.94087,4.1329722,-15.354456896934341
XFB56317,H3,test,158,0,-17.151306,-0.7591011,-17.402218724837507
XFB56315,H3,train,158,0,-17.42408,-1.7779446,-16.95874678049249
XFB56313,H3,train,159,0,-10.307152,8.867577,-14.470852917232811
XFA02390,H3,val,663,0,13.561882,-1.1917646,-1.1328526455983532
XFA02389,H3,test,664,0,11.666709,-4.0018563,-12.82418668728332
XFA02388,H3,train,665,0,13.56898,-2.2541397,-14.241759262340391
XFA02387,H3,train,666,0,-5.326005,9.686585,-4.197568019559171
XEQ90848,H3,test,160,0,-8.193159,13.670217,-16.209359868560195
XEQ90840,H3,train,155,0,-9.507159,19.235367,-15.693271659010678
XEQ90838,H3,val,161,0,-4.7449493,19.96531,-8.835212724655214
XEQ90836,H3,train,162,0,-10.81795,9.475172,-15.457436463731732
XDF04400,H3,val,139,0,-20.964977,-5.5418468,-12.02089228617412
XDF04275,H3,test,119,0,-20.210535,-4.1483274,-13.907575199224741
XCV19028,H3,train,163,0,-12.146577,2.7956505,-15.249990626464427
XCV19026,H3,train,163,0,-11.773433,2.5184433,-14.597797624318815
XCV19019,H3,train,163,0,-12.276927,1.6223327,-14.808087580113972
XCV19018,H3,train,163,0,-12.090194,2.5178635,-14.861676521645995
XCV19015,H3,train,164,0,-14.420372,-3.6767676,-18.928187731104565
XCV19013,H3,train,165,0,-9.695899,3.259423,-17.407149135160658
XCV19012,H3,train,163,0,-12.208724,2.4816945,-16.65647004461542
XCV19010,H3,train,166,0,-12.225827,3.6059678,-15.985801433952737
XCV19008,H3,train,167,0,-14.365229,-2.614024,-18.110438661171003
XCV19006,H3,train,168,0,-13.682643,-1.1837645,-20.08412036548835
XCV19005,H3,train,169,0,-7.5858407,8.299862,-19.484766311637678
XCV19001,H3,test,170,0,-13.598038,5.7090516,-9.614272251455239
XCV18992,H3,val,171,0,-11.719762,4.0949883,-16.44888486456528
XCV18988,H3,train,164,0,-14.510484,-2.8268073,-23.643838544867485
XCV18980,H3,train,164,0,-14.98989,-1.6497078,-18.057592657567646
XCV18978,H3,val,172,0,-14.612166,0.11529761,-17.228966053901033
XCV18977,H3,test,172,0,-14.612166,0.11529761,-17.228966053901033
XCV18975,H3,train,172,0,-14.724061,-0.10658293,-17.547294794577947
XCV18974,H3,val,172,0,-14.724061,-0.10658293,-17.547294794577947
XCV18965,H3,train,165,0,-11.4938135,2.415334,-16.17670476233065
XCV18955,H3,train,172,0,-14.724061,-0.10658293,-17.547294794577947
XCV18954,H3,val,172,0,-14.724061,-0.10658293,-17.547294794577947
XCV18953,H3,val,172,0,-14.724061,-0.10658293,-17.547294794577947
XCV18952,H3,test,173,0,-13.951035,-1.6944607,-15.260908926797683
XCV18950,H3,train,172,0,-14.724061,-0.10658293,-17.547294794577947
XCV18948,H3,train,173,0,-13.951035,-1.6944607,-15.260908926797683
XCV18945,H3,train,172,0,-15.08804,-0.17618215,-17.046437533847488
XCV18942,H3,train,174,0,-11.46139,4.0085273,-13.610125138862943
XCV18940,H3,train,172,0,-14.724061,-0.10658293,-17.547294794577947
XCV18935,H3,train,165,0,-9.255615,4.7017064,-19.017825237899693
XCV18925,H3,val,170,0,-12.799891,6.6489077,-10.26979320339376
XCV18924,H3,train,170,0,-12.799891,6.6489077,-10.26979320339376
XCV18914,H3,train,175,0,-13.067042,4.3508315,-16.222484861881817
XCV18911,H3,test,175,0,-13.590781,0.37990713,-23.337440023626257
XCV18909,H3,train,175,0,-13.067042,4.3508315,-16.222484861881817
XCV18907,H3,train,175,0,-13.067042,4.3508315,-16.222484861881817
XCV18888,H3,train,176,0,-10.65243,2.0553648,-13.015119588331073
XCV18883,H3,train,177,1,-17.101215,2.3146334,2.426943079773391
XCV18859,H3,train,178,0,-12.974488,0.22555597,-18.682709948623884
XCV18851,H3,train,179,0,-15.892886,1.0144386,-6.169394761400756
XCV18849,H3,train,179,0,-15.943839,0.8094191,-7.719311434428569
XCV18844,H3,train,180,0,-4.772841,21.73822,-9.304007427468438
XCV18832,H3,val,181,0,-12.760823,-1.2271719,-24.061179138499746
XCV18828,H3,train,182,0,-12.934442,6.307981,-9.880567649781987
XCV18813,H3,train,183,0,-10.271178,1.1007922,-15.724108588085445
XCV18807,H3,val,184,0,-12.032169,3.4641173,-19.62828136191724
XCV18803,H3,train,184,0,-12.857324,1.8460603,-20.34727792195664
XCV18802,H3,train,185,0,-12.235745,8.3835945,-2.8487880408783113
XCV18799,H3,train,184,0,-13.743146,0.53188634,-18.87899876246766
XCV18797,H3,val,186,0,-8.476428,17.219173,-11.824528500926759
XCV18796,H3,train,184,0,-13.410472,1.4521605,-18.3472048590912
XCV18795,H3,train,187,0,-9.992334,5.3109555,-18.707863295415656
XCV18794,H3,train,188,0,-11.172985,2.9296541,-19.163175326685206
XCV18792,H3,train,188,0,-11.172985,2.9296541,-19.163175326685206
XCV18789,H3,train,188,0,-11.172985,2.9296541,-19.163175326685206
XCV18788,H3,val,187,0,-11.407178,3.6898484,-22.822092258261655
XCV18786,H3,test,187,0,-10.521544,4.798851,-17.856775358815053
XCV18784,H3,test,189,0,-13.0015,3.591166,-6.881816729828555
XCV18781,H3,train,187,0,-10.521544,4.798851,-17.856775358815053
XCV18780,H3,train,186,0,-8.566542,16.154028,-12.355328130334822
XCV18779,H3,train,187,0,-10.521544,4.798851,-17.856775358815053
XCV18777,H3,test,185,0,-10.715772,15.598262,0.007620960584750591
XCV18775,H3,train,190,0,-2.8046367,24.32656,-3.0285553907507357
XCV18774,H3,train,186,0,-7.2404656,18.70327,-12.470606595703355
XCV18773,H3,train,191,0,-9.999018,12.861486,-10.476597459888273
XCV18772,H3,val,192,0,-9.75257,2.7587433,-21.7319303314786
XCV18771,H3,train,192,0,-9.75257,2.7587433,-21.7319303314786
XCV18765,H3,val,192,0,-9.75257,2.7587433,-21.7319303314786
XCV18753,H3,val,193,0,-14.630226,-0.9323202,-22.507324167062094
XCV18751,H3,train,194,0,-9.061999,12.260932,-12.060952788561965
XCV18750,H3,train,186,0,-4.9673023,21.654102,-13.034813450497898
XCV18749,H3,test,195,0,-12.079662,3.6327293,-16.322658086289508
XCV18746,H3,train,194,0,-9.061999,12.260932,-12.060952788561965
XCV18745,H3,val,194,0,-9.532076,11.23027,-10.167251740839365
XCV18744,H3,val,193,0,-14.630226,-0.9323202,-22.507324167062094
XCV18742,H3,train,193,0,-14.630226,-0.9323202,-22.507324167062094
XCV18734,H3,train,194,0,-9.532076,11.23027,-10.167251740839365
XCV18733,H3,train,194,0,-5.72763,17.86567,-4.618198060118542
XCV18732,H3,train,194,0,-10.212821,8.353736,-9.68194332032607
XCV18730,H3,train,194,0,-9.061999,12.260932,-12.060952788561965
XCV18723,H3,val,196,0,-5.9410086,21.260857,-4.218311778461629
XCV18722,H3,train,197,0,-11.4821615,7.2581115,-11.13036240244264
XCV18719,H3,train,197,0,-4.699619,20.959364,-6.460141800577368
XCV18717,H3,train,196,0,-6.3252993,19.837364,-4.819030555467199
XCV18716,H3,train,196,0,-7.898746,18.5486,-5.218081091802495
XCV18715,H3,train,198,0,-4.4722724,23.41917,-14.417826362580579
XCV18714,H3,train,196,0,-6.3252993,19.837364,-4.819030555467199
XCV18713,H3,train,196,0,-9.64283,9.638294,-9.152956666096836
XCV18710,H3,train,194,0,-11.625249,5.6744347,-14.068753679320174
XCV18702,H3,train,187,0,-11.628419,4.05176,-20.281427926701582
XCV18696,H3,test,199,0,-10.319586,12.795128,-14.605041952362726
XCV18694,H3,val,200,0,-10.965454,10.250769,-15.404400271214964
XCV18691,H3,test,200,0,-11.178876,10.680053,-14.616152521062988
XCV18689,H3,train,199,0,-10.319586,12.795128,-14.605041952362726
XCV18688,H3,val,200,0,-10.017846,13.367741,-15.961720138792442
XCV18687,H3,train,201,1,-7.9724336,15.713444,3.3166684714851833
XCV18686,H3,train,202,0,-13.263654,1.5211918,-18.859388126335542
XCV18685,H3,val,203,0,-12.772719,8.255867,-10.952991929253272
XCV18682,H3,train,200,0,-10.575829,12.550851,-15.58095044831285
XCV18678,H3,test,203,0,-12.742454,8.235988,-11.744680891189702
XCV18670,H3,train,204,0,-10.3034525,11.39244,-10.12465350404667
XCV18632,H3,val,205,0,-12.017167,1.983625,-18.103263655333336
XCV18625,H3,train,206,0,-11.570573,4.419703,-19.58521563302717
XCV18616,H3,train,207,0,-9.046241,7.4240317,-18.200399037203905
XCV18611,H3,train,208,0,-9.864703,2.6144066,-24.396747795902343
XCV18598,H3,train,209,0,-12.28434,4.459626,-16.90170254537824
XCV18597,H3,train,209,0,-12.28434,4.459626,-16.90170254537824
XCV18596,H3,train,209,0,-12.28434,4.459626,-16.90170254537824
XCV18590,H3,train,163,0,-11.819484,4.1095724,-16.826317931345365
XCV18587,H3,train,210,0,-11.847825,3.1765847,-19.05673363535204
XCV18576,H3,val,211,0,-11.360061,4.818049,-12.413561885713744
XCV18534,H3,train,212,0,-10.831664,5.234547,-15.194430071723653
XCV18532,H3,train,212,0,-10.405762,6.04012,-14.43508428471742
XCV18526,H3,train,213,0,-9.798184,8.830284,-12.205166804316045
XCV18525,H3,train,215,0,-8.355143,8.411282,-17.101239297644998
XCV18524,H3,train,214,0,-8.794364,5.7891536,-5.95814680785089
XCV18523,H3,train,215,0,-9.606646,6.4441886,-12.823919060503059
XCV18522,H3,val,215,0,-9.606646,6.4441886,-12.823919060503059
XCV18521,H3,val,215,0,-9.990327,6.1583486,-13.09144401331395
XCV18520,H3,train,215,0,-9.990327,6.1583486,-13.09144401331395
XCV18519,H3,train,215,0,-9.606646,6.4441886,-12.823919060503059
XCV18518,H3,train,215,0,-9.990327,6.1583486,-13.09144401331395
XCV18517,H3,train,215,0,-9.95198,6.484863,-12.858906849119288
XCV18516,H3,test,216,0,-9.785937,7.0543,-22.988233663306186
XCV18515,H3,train,215,0,-9.990327,6.1583486,-13.09144401331395
XCV18514,H3,val,216,0,-9.785937,7.0543,-22.988233663306186
XCV18513,H3,train,215,0,-9.777956,6.506226,-6.1567354928047315
XCV18512,H3,train,215,0,-10.376271,5.8604255,-5.267989495171106
XCV18333,H3,train,217,0,-2.8327367,20.337666,-3.2518080146751043
XCV18331,H3,train,217,0,-2.9545965,20.447025,-4.729655325420206
XCV18328,H3,train,218,0,-2.2770414,20.324701,-12.058856369391185
XCV18326,H3,train,195,0,-13.62868,1.4980567,-18.264130283196625
XCV18325,H3,train,217,0,-2.459574,19.769632,-6.604848098305466
XCV18324,H3,train,217,0,-2.459574,19.769632,-6.604848098305466
XCV18322,H3,train,195,0,-13.62868,1.4980567,-18.264130283196625
XCV18305,H3,train,219,0,-12.1930685,3.1069522,-19.665643712342842
XCV18293,H3,val,220,0,-2.9485552,20.939135,-10.432413961058717
XCV18290,H3,train,220,0,-4.1255813,19.533888,-11.45975753454907
XCV18289,H3,train,221,0,-8.388099,16.407532,-14.258551795878411
XCV18282,H3,test,219,0,-13.043511,2.1698134,-20.791838368719716
XCV18280,H3,train,222,0,-10.889227,9.64425,-7.339867938304691
XCV18278,H3,train,223,0,-10.512715,12.218433,-11.412815138012192
XCV18275,H3,train,223,0,-10.573989,12.5262165,-11.178883648455205
XCV18274,H3,train,186,0,-10.017213,12.749422,-10.444113750697152
XCV18273,H3,train,220,0,-3.3783789,19.93853,-8.137755482421559
XCV18256,H3,train,176,0,-8.928763,5.8495736,-12.818938679583228
XCV18255,H3,train,187,0,-12.709685,2.4732726,-19.854747263768523
XCV18252,H3,val,176,0,-10.934205,2.0164762,-14.32419394650308
XCV18251,H3,test,176,0,-10.613088,2.3315303,-12.279896643048549
XCV18247,H3,train,224,0,-11.163375,10.791981,-10.105538281684495
XCV18232,H3,train,223,0,-11.053401,11.165471,-9.283394003853147
XCV18231,H3,test,225,0,-14.322679,2.38317,-14.541703894139715
XCV18225,H3,train,226,0,-9.429314,3.9677956,-21.235985720117505
XCV18222,H3,train,227,0,-13.196141,4.825704,-15.751661413686826
XCV18219,H3,train,228,0,-13.13955,5.073576,-12.890854933777991
XCV18218,H3,test,229,0,-11.193991,10.986969,-14.3850281135323
XCV18216,H3,train,170,0,-13.079516,5.9265614,-11.984778962552273
XCV18212,H3,val,669,0,-12.499172,12.470053,-11.889006851433429
XCV18211,H3,val,230,0,-13.014695,5.8522363,-12.09099099154012
XCV18208,H3,train,187,0,-12.486551,3.422433,-18.87759922875852
XCV18206,H3,train,231,0,-12.416268,2.563674,-17.66046098788514
XCV18205,H3,train,188,0,-11.172985,2.9296541,-19.163175326685206
XCV18203,H3,train,187,0,-12.599656,3.4411232,-18.946224274051442
XCV18198,H3,train,187,0,-9.968474,5.5595155,-18.994386161569544
XCV18194,H3,val,231,0,-12.104037,3.0806158,-17.700096519727737
XCV18191,H3,train,187,0,-9.968474,5.5595155,-18.994386161569544
XCV18189,H3,train,186,0,-8.476428,17.219173,-11.824528500926759
XCV18188,H3,test,187,0,-10.582667,3.957259,-19.886144666073584
XCV18184,H3,test,187,0,-10.698627,4.156987,-19.53862856919932
XCV18183,H3,test,186,0,-8.476428,17.219173,-11.824528500926759
XCV18182,H3,train,187,0,-12.599656,3.4411232,-18.946224274051442
XCV18180,H3,train,186,0,-8.513457,16.330566,-11.948198563430772
XCV18178,H3,train,232,0,-10.248137,5.1699443,-20.669099642579624
XCV18177,H3,train,187,0,-11.792821,4.197087,-17.796294009587612
XCV18168,H3,val,187,0,-10.521544,4.798851,-17.856775358815053
XCV18163,H3,train,187,0,-10.203,5.009087,-17.274437956271168
XCV18162,H3,val,233,0,-11.748395,4.0128565,-19.268300428565055
XCV18158,H3,train,184,0,-12.495588,2.8018134,-18.024388084552058
XCV18156,H3,train,187,0,-10.443145,4.9542975,-16.59136194576333
XCV18155,H3,train,234,0,-10.225469,8.894949,-9.927450299058474
XCV18154,H3,train,234,0,-11.212359,7.4987674,-10.633383152576478
XCV18150,H3,test,187,0,-10.203,5.009087,-17.274437956271168
XCV18143,H3,val,234,0,-10.117452,8.622097,-9.046282115857547
XCV18138,H3,train,187,0,-10.456172,4.944484,-17.78502938122108
XCV18131,H3,train,187,0,-11.801185,3.6901984,-19.724850109830207
XCV18130,H3,train,235,0,-12.464611,0.39879125,-20.119487400090527
XCV18128,H3,val,235,0,-11.644273,4.085148,-18.94365713185436
XCV18123,H3,test,187,0,-10.456172,4.944484,-17.78502938122108
XCV18117,H3,val,236,0,-10.746676,11.331292,-6.834228043913812
XCV18108,H3,train,237,0,-13.194608,4.5469155,-5.51870895082189
XCV18101,H3,train,238,0,-8.78082,2.8093174,-31.46037122095325
XCV18092,H3,train,235,0,-12.217034,4.1472173,-18.154850027053882
XCV18088,H3,val,234,0,-11.007972,7.5187297,-12.08839392739085
XCV18087,H3,train,234,0,-11.395171,7.5016403,-11.248728930816828
XCV18085,H3,train,235,0,-11.589786,4.7749376,-17.89758473366924
XCV18082,H3,test,234,0,-11.395171,7.5016403,-11.248728930816828
XCV18081,H3,train,235,0,-11.589786,4.7749376,-17.89758473366924
XCV18080,H3,train,234,0,-11.395171,7.5016403,-11.248728930816828
XCV18076,H3,train,234,0,-9.641592,8.194325,-14.758471084480895
XCV18065,H3,test,234,0,-10.94274,6.107865,-12.40218666813786
XCV18054,H3,train,234,0,-11.395171,7.5016403,-11.248728930816828
XCV18049,H3,train,235,0,-11.635938,4.1635966,-21.39241275960531
XCV18048,H3,train,235,0,-11.628419,4.05176,-20.281427926701582
XCV18046,H3,val,234,0,-11.379158,6.0541816,-12.277244514482886
XCV18044,H3,test,187,0,-12.38322,2.442642,-17.335969818825685
XCV18041,H3,val,239,0,-12.760278,3.6195157,-17.452939456307448
XCV18040,H3,train,235,0,-11.628419,4.05176,-20.281427926701582
XCV18036,H3,test,235,0,-11.628419,4.05176,-20.281427926701582
XCV18035,H3,train,235,0,-11.628419,4.05176,-20.281427926701582
XCV18034,H3,train,235,0,-11.628419,4.05176,-20.281427926701582
XCV18032,H3,train,187,0,-12.682912,2.7778995,-19.21756292663831
XCV18028,H3,train,240,0,-12.428496,7.606217,-14.392232939662613
XCV18022,H3,val,187,0,-12.469474,3.373587,-18.856279056189347
XCV18021,H3,test,187,0,-13.478122,1.7026389,-20.270362456268398
XCV18020,H3,train,187,0,-12.226136,3.0862792,-18.706433994465286
XCV18019,H3,train,187,0,-13.478122,1.7026389,-20.270362456268398
XCV18018,H3,train,187,0,-12.199583,3.0606704,-18.295158391615782
XCV18015,H3,val,187,0,-13.478122,1.7026389,-20.270362456268398
XCV18012,H3,train,241,0,-9.231776,14.44794,-7.733581834924077
XCV18009,H3,train,201,1,-8.275947,15.839043,4.846887196079754
XCV18008,H3,train,187,0,-12.554143,2.6488943,-19.0051118557886
XCV18007,H3,train,201,1,-8.275947,15.839043,4.846887196079754
XCV18006,H3,train,187,0,-12.451308,3.1404955,-19.122210139666493
XCV18005,H3,val,187,0,-12.451308,3.1404955,-19.122210139666493
XCV18000,H3,train,187,0,-12.451308,3.1404955,-19.122210139666493
XCV17998,H3,train,179,0,-15.368884,1.9194832,-7.595413423176566
XCV17996,H3,train,176,0,-8.78438,4.079759,-13.000191562971825
XCV17988,H3,train,242,0,-15.000329,-0.04361478,-26.03000325130278
XCV17981,H3,test,243,0,-13.47651,4.1247597,-5.8952816204142255
XCV17977,H3,test,199,0,-11.907065,9.133734,-8.334420115878883
XCV17975,H3,train,187,0,-12.709685,2.4732726,-19.854747263768523
XCV17974,H3,train,176,0,-11.038726,-2.1919923,-16.146902523947862
XCV17973,H3,val,176,0,-11.334294,-1.4962761,-15.666053633104742
XCV17971,H3,test,176,0,-11.073014,-2.1478026,-16.92265894351088
XCV17963,H3,val,244,0,-12.166287,9.172672,-10.140797050157248
XCV17962,H3,train,245,0,-12.101913,8.487255,-13.84144265234368
XCV17961,H3,train,246,0,-15.200376,5.411308,-3.297932677150177
XCV17955,H3,val,176,0,-11.017229,-1.9992627,-15.684324386810246
XCV17954,H3,train,176,0,-11.038726,-2.1919923,-16.146902523947862
XCV17946,H3,val,247,0,-11.296857,10.056086,-12.17012915514011
XCV17932,H3,train,177,1,-17.97403,0.8537913,0.5818930467719738
XCV17931,H3,test,248,0,-6.134107,2.1596065,-13.859428142896483
XCV17930,H3,train,247,0,-11.427787,9.533835,-10.14195986680912
XCV17926,H3,val,176,0,-10.65243,2.0553648,-13.015119588331073
XCV17922,H3,train,176,0,-10.65243,2.0553648,-13.015119588331073
XCV17921,H3,test,179,0,-14.05285,5.944963,-6.711487730994383
XCV17916,H3,train,249,0,-6.9772267,11.307896,-12.087887015908596
XCV17912,H3,train,170,0,-12.4932785,7.449348,-9.350636999577539
XCV17898,H3,train,250,0,-11.301474,10.269898,-10.00774384649619
XCV17892,H3,train,177,1,-19.195604,-1.9812908,2.2725399352889486
XCV17888,H3,train,667,0,-10.116691,17.398157,-13.936792488863276
XCV17886,H3,train,251,0,-11.484916,7.7227845,-13.921321217911089
XCV17871,H3,test,200,0,-11.406392,10.49649,-15.694222540173499
XCV17870,H3,train,200,0,-11.45684,10.322483,-15.051756854109462
XCV17869,H3,train,200,0,-10.602651,11.428131,-15.715106186303409
XCV17868,H3,test,187,0,-12.226136,3.0862792,-18.706433994465286
XCV17866,H3,train,200,0,-10.87475,10.468935,-15.216061119617702
XCV17862,H3,train,252,0,-10.7135,12.8306675,-12.117623118082385
XCV17860,H3,train,200,0,-11.406392,10.49649,-15.694222540173499
XCV17859,H3,val,226,0,-9.221381,3.8076673,-17.1087135063194
XCV17858,H3,train,200,0,-11.178876,10.680053,-14.616152521062988
XCV17855,H3,train,200,0,-10.017846,13.367741,-15.961720138792442
XCV17854,H3,train,200,0,-10.017846,13.367741,-15.961720138792442
XCV17852,H3,train,201,1,-7.9724336,15.713444,3.3166684714851833
XCV17849,H3,val,176,0,-10.735852,1.6130875,-12.021132747307563
XCV17848,H3,train,176,0,-11.521821,1.0210544,-13.247740503643591
XCV17837,H3,train,176,0,-10.65243,2.0553648,-13.015119588331073
XCV17824,H3,train,176,0,-10.804282,1.3023807,-14.000194829159936
XCV17823,H3,train,176,0,-10.804282,1.3023807,-14.000194829159936
XCV17816,H3,train,253,0,-11.4428,0.45136392,-19.673225421073916
XCV17813,H3,train,253,0,-11.4428,0.45136392,-19.673225421073916
XCV17798,H3,train,176,0,-9.900977,2.1846306,-17.180553562949235
XCV17797,H3,train,176,0,-10.804282,1.3023807,-14.000194829159936
XCV17793,H3,train,254,0,-11.392968,8.439234,-17.025441356803608
XCV17787,H3,train,255,0,-11.9028635,-1.5480685,-19.671328055904695
XCV17771,H3,train,176,0,-10.948703,1.4996094,-13.6538094721324
XCV17770,H3,train,176,0,-10.734033,1.1075176,-13.946999243729945
XCV17769,H3,train,176,0,-10.948703,1.4996094,-13.6538094721324
XCV17768,H3,train,176,0,-10.734033,1.1075176,-13.946999243729945
XCV17767,H3,train,176,0,-10.982181,1.3312244,-14.19304751867812
XCV17731,H3,train,256,0,-8.099614,9.274076,-15.837798087508647
XCV17730,H3,test,256,0,-8.099614,9.274076,-15.837798087508647
XCV17725,H3,val,256,0,-8.899329,8.071568,-15.653420602456276
XCV17723,H3,train,256,0,-8.899329,8.071568,-15.653420602456276
XCV17721,H3,train,256,0,-8.899329,8.071568,-15.653420602456276
XCV17715,H3,train,257,0,-10.104973,4.7307467,-18.680803393578294
XCV17714,H3,train,257,0,-9.252082,3.031747,-18.850952643524472
XCV17712,H3,train,257,0,-10.104973,4.7307467,-18.680803393578294
XCV17711,H3,train,257,0,-9.252082,3.031747,-18.850952643524472
XCV17710,H3,test,257,0,-10.392166,4.938783,-16.979800691519813
XCV17709,H3,val,257,0,-10.392166,4.938783,-16.979800691519813
XCV17708,H3,test,257,0,-10.392166,4.938783,-16.979800691519813
XCV17707,H3,test,257,0,-10.392166,4.938783,-16.979800691519813
XCV17702,H3,test,258,0,-12.102654,1.1484953,-18.782307561391846
XCV17700,H3,train,258,0,-11.999301,1.6409914,-18.55133562671169
XCV17699,H3,test,258,0,-11.561418,1.0814096,-23.153022878375687
XCV17698,H3,train,258,0,-13.322125,-0.36342716,-18.85281407431757
XCV17695,H3,train,258,0,-13.50195,-2.8998275,-24.310772779403848
XCV17689,H3,train,258,0,-13.50195,-2.8998275,-24.310772779403848
XCV17688,H3,train,258,0,-11.561418,1.0814096,-23.153022878375687
XCV17687,H3,train,258,0,-11.999301,1.6409914,-18.55133562671169
XCV17686,H3,val,258,0,-12.102654,1.1484953,-18.782307561391846
XCV17685,H3,test,258,0,-13.322125,-0.36342716,-18.85281407431757
XCV17684,H3,train,257,0,-9.70869,6.0612416,-17.732261996835437
XCV17676,H3,train,259,0,-13.185414,0.7373865,-20.326660546818406
XCV17675,H3,train,259,0,-13.185414,0.7373865,-20.326660546818406
XCV17673,H3,train,258,0,-11.792202,1.2635779,-16.31481217475441
XCV17672,H3,train,257,0,-9.707957,6.9302917,-20.1492155144888
XCV17671,H3,train,258,0,-11.792202,1.2635779,-16.31481217475441
XCV17670,H3,train,258,0,-11.792202,1.2635779,-16.31481217475441
XCV17669,H3,train,257,0,-9.578992,7.192471,-17.613028979157757
XCV17663,H3,train,260,0,-10.854663,6.5073214,-14.697071650042089
XCV17662,H3,train,260,0,-10.854663,6.5073214,-14.697071650042089
XCV17661,H3,train,260,0,-10.854663,6.5073214,-14.697071650042089
XCV17655,H3,train,170,0,-13.105895,5.0413337,-11.1403327441788
XCV17654,H3,train,260,0,-10.854663,6.5073214,-14.697071650042089
XCV17653,H3,train,256,0,-8.268178,8.403451,-12.894308228228342
XCV17651,H3,test,256,0,-8.268178,8.403451,-12.894308228228342
XCV17648,H3,train,170,0,-13.5458555,4.2417574,-8.860589074933715
XCV17647,H3,train,170,0,-13.5458555,4.2417574,-8.860589074933715
XCV17646,H3,train,170,0,-13.5458555,4.2417574,-8.860589074933715
XCV17645,H3,train,170,0,-13.5458555,4.2417574,-8.860589074933715
XCV17640,H3,train,256,0,-8.268178,8.403451,-12.894308228228342
XCV17636,H3,test,256,0,-8.268178,8.403451,-12.894308228228342
XCV17634,H3,train,260,0,-10.854663,6.5073214,-14.697071650042089
XCV17633,H3,train,260,0,-12.429341,5.163052,-14.471384164970967
XCV17630,H3,test,261,0,-13.344771,1.3833377,-17.05742050479624
XCV17627,H3,train,261,0,-13.344771,1.3833377,-17.05742050479624
XCV17619,H3,train,262,0,-10.455805,2.8337607,-24.060713075528753
XCV17617,H3,train,261,0,-10.507182,9.525173,-22.650983124640163
XCV17614,H3,train,261,0,-10.507182,9.525173,-22.650983124640163
XCV17613,H3,train,263,0,-10.385539,6.4658484,-15.52649949741259
XCV17611,H3,train,212,0,-10.387015,5.960075,-16.318872755209707
XCV17607,H3,train,262,0,-10.455805,2.8337607,-24.060713075528753
XCV17606,H3,train,262,0,-10.455805,2.8337607,-24.060713075528753
XCV17604,H3,test,263,0,-10.385539,6.4658484,-15.52649949741259
XCV17603,H3,train,263,0,-10.385539,6.4658484,-15.52649949741259
XCV17601,H3,train,260,0,-12.429341,5.163052,-14.471384164970967
XCV17600,H3,train,260,0,-12.429341,5.163052,-14.471384164970967
XCV17599,H3,train,261,0,-13.295691,0.34969687,-18.644314750163588
XCV17597,H3,train,264,0,-11.208235,4.073321,-15.034421094659995
XCV17596,H3,train,261,0,-13.295691,0.34969687,-18.644314750163588
XCV17593,H3,test,261,0,-13.5654,1.7759454,-16.239142055260235
XCV17592,H3,train,263,0,-10.53131,5.5085196,-22.226343612788853
XCV17589,H3,train,261,0,-13.344771,1.3833377,-17.05742050479624
XCV17585,H3,train,261,0,-13.625801,0.34679186,-16.4826632506527
XCV17584,H3,train,265,0,-14.353612,-1.5209563,-16.27483708796162
XCV17561,H3,train,266,0,-6.547403,9.59976,-14.218052089226331
XCV17547,H3,train,267,0,-8.693549,6.8173256,-14.873828558107501
XCV17546,H3,train,267,0,-8.693549,6.8173256,-14.873828558107501
XCV17545,H3,val,166,0,-10.555405,6.0636153,-16.265704243535694
XCV17544,H3,train,166,0,-10.555405,6.0636153,-16.265704243535694
QDH12040,H3,test,13,0,-2.5227242,29.888405,-26.819030963384392
QDH11980,H3,test,100,0,-2.7352598,31.106306,-27.915028874995127
QDH11992,H3,val,268,0,-4.3714776,23.14542,-26.275913738212648
QDH11957,H3,val,13,0,-2.7246315,29.557518,-25.283456989707965
QDH11968,H3,train,21,0,-3.2818344,34.504738,-29.987843537976687
QDH11945,H3,val,269,0,-3.5486283,28.76818,-32.72459622878349
QDH11898,H3,test,270,0,-1.6323794,30.164093,-32.539835611312945
XCB07766,H3,train,271,0,-5.481215,22.57906,-10.362356820582358
XCB07762,H3,train,272,0,-3.1937237,18.094328,-10.459064359941511
XBP17305,H3,train,123,0,-20.6442,-6.029446,-12.231477938166071
XAV35323,H3,train,115,0,-20.560614,-7.5700126,-12.336760118089684
XAV35317,H3,train,126,0,-21.32782,-6.958694,-8.000503076481092
XAV35109,H3,train,86,0,-20.812195,-4.77753,-13.312404629384439
WZL52273,H3,train,119,0,-20.536053,-4.6098437,-12.998201127411361
WZL52261,H3,val,123,0,-20.6442,-6.029446,-12.231477938166071
WZL52249,H3,train,135,0,-20.293003,-4.631657,-12.515435889842623
WZL52237,H3,train,135,0,-20.293003,-4.631657,-12.515435889842623
WZL52225,H3,test,123,0,-20.6442,-6.029446,-12.231477938166071
WZL52213,H3,val,123,0,-20.6442,-6.029446,-12.231477938166071
WZL52201,H3,train,139,0,-21.112705,-6.0291586,-12.855149848160105
WZL52189,H3,train,123,0,-20.47564,-5.630336,-11.011435558941677
WZL52177,H3,train,135,0,-20.775536,-7.0586324,-8.412389585614536
WZL52165,H3,train,135,0,-20.775536,-7.0586324,-8.412389585614536
WZL52153,H3,train,119,0,-20.536053,-4.6098437,-12.998201127411361
WZL52141,H3,train,119,0,-20.536053,-4.6098437,-12.998201127411361
WZL52129,H3,train,139,0,-20.96828,-5.8778415,-11.630502686055612
WZL52117,H3,train,139,0,-20.96828,-5.8778415,-11.630502686055612
WZL52105,H3,val,139,0,-20.964977,-5.5418468,-12.02089228617412
WZL52095,H3,train,139,0,-20.964977,-5.5418468,-12.02089228617412
WZL52083,H3,train,104,0,-20.569977,-5.173696,-12.401394153892339
WZL52071,H3,train,115,0,-20.239517,-7.9833837,-13.50987187841962
WZL52059,H3,train,115,0,-20.646606,-7.4498835,-13.125950852995189
WZL52047,H3,val,139,0,-20.964977,-5.5418468,-12.02089228617412
WZL52037,H3,train,139,0,-20.964977,-5.5418468,-12.02089228617412
WZL52025,H3,train,139,0,-20.964977,-5.5418468,-12.02089228617412
WZL52015,H3,train,139,0,-20.964977,-5.5418468,-12.02089228617412
WZL52003,H3,train,139,0,-20.964977,-5.5418468,-12.02089228617412
WZL51991,H3,train,139,0,-20.964977,-5.5418468,-12.02089228617412
WZL51979,H3,train,119,0,-21.012545,-5.9095044,-12.10421354338879
WZL51967,H3,train,139,0,-20.964977,-5.5418468,-12.02089228617412
WZL51955,H3,val,139,0,-20.964977,-5.5418468,-12.02089228617412
WZL51943,H3,train,123,0,-20.6442,-6.029446,-12.231477938166071
WZL51931,H3,train,139,0,-20.964977,-5.5418468,-12.02089228617412
WZL51919,H3,train,139,0,-20.964977,-5.5418468,-12.02089228617412
WZL51907,H3,train,115,0,-19.954445,-6.457519,-9.25982122354317
WZL51895,H3,val,115,0,-19.954445,-6.457519,-9.25982122354317
WZL51883,H3,train,139,0,-20.964977,-5.5418468,-12.02089228617412
WZL51871,H3,train,139,0,-20.964977,-5.5418468,-12.02089228617412
WZL51859,H3,train,139,0,-20.964977,-5.5418468,-12.02089228617412
WZL51847,H3,train,139,0,-20.964977,-5.5418468,-12.02089228617412
WZL51835,H3,val,123,0,-20.6442,-6.029446,-12.231477938166071
WZL51823,H3,val,123,0,-20.6442,-6.029446,-12.231477938166071
WZL51811,H3,val,135,0,-21.083557,-5.4821563,-13.325615130259354
WZL51799,H3,val,104,0,-21.01868,-6.0227914,-11.899754612935759
WZL51787,H3,train,104,0,-21.01868,-6.0227914,-11.899754612935759
WZL51775,H3,train,104,0,-21.01868,-6.0227914,-11.899754612935759
WZL51763,H3,train,104,0,-21.01868,-6.0227914,-11.899754612935759
WZL51751,H3,train,126,0,-20.421707,-5.913126,-11.689456530170908
WZL51739,H3,train,115,0,-21.515167,-8.086013,-13.190663125376421
WZL51727,H3,train,72,0,-20.594189,-5.848382,-11.844732786508215
WZL51715,H3,val,139,0,-19.99799,-5.1464024,-13.759349496560123
WZL51703,H3,train,123,0,-20.6442,-6.029446,-12.231477938166071
WZL51691,H3,train,123,0,-20.6442,-6.029446,-12.231477938166071
WZL51679,H3,train,123,0,-20.6442,-6.029446,-12.231477938166071
WZL51667,H3,test,123,0,-20.6442,-6.029446,-12.231477938166071
WZL51655,H3,train,123,0,-20.6442,-6.029446,-12.231477938166071
WZL51643,H3,train,123,0,-20.6442,-6.029446,-12.231477938166071
WZL51631,H3,train,123,0,-20.6442,-6.029446,-12.231477938166071
WZL51619,H3,train,115,0,-21.414974,-8.0624275,-11.659208289601901
WZL51607,H3,train,115,0,-21.414974,-8.0624275,-11.659208289601901
WZL51595,H3,train,123,0,-21.957516,-7.945436,-9.568023526827833
WZL51583,H3,train,115,0,-21.414974,-8.0624275,-11.659208289601901
WZL51571,H3,train,115,0,-21.414974,-8.0624275,-11.659208289601901
WZL51559,H3,train,115,0,-21.414974,-8.0624275,-11.659208289601901
WZL51547,H3,train,115,0,-21.414974,-8.0624275,-11.659208289601901
WZL51535,H3,train,115,0,-21.414974,-8.0624275,-11.659208289601901
WZL51523,H3,train,123,0,-20.6442,-6.029446,-12.231477938166071
WZL51511,H3,train,103,0,-21.939121,-6.2161956,-15.05516994930201
WZL51499,H3,train,104,0,-21.01868,-6.0227914,-11.899754612935759
WZL51487,H3,train,104,0,-21.01868,-6.0227914,-11.899754612935759
WZL51475,H3,train,104,0,-21.01868,-6.0227914,-11.899754612935759
WZL51463,H3,train,104,0,-21.01868,-6.0227914,-11.899754612935759
WZL51451,H3,val,110,0,-21.000053,-7.5702887,-10.922208917057548
WZL51439,H3,val,135,0,-20.515667,-5.582909,-12.681145048809904
WZL51427,H3,test,135,0,-20.515667,-5.582909,-12.681145048809904
WZL51415,H3,train,103,0,-22.015875,-6.727661,-16.72117550100551
WZL51403,H3,train,121,0,-18.785515,-3.843436,-13.631330921756025
WZL51391,H3,train,123,0,-20.6442,-6.029446,-12.231477938166071
WZL51379,H3,train,123,0,-20.6442,-6.029446,-12.231477938166071
WZL51367,H3,train,123,0,-20.6442,-6.029446,-12.231477938166071
WZL51355,H3,train,126,0,-20.12873,-5.147986,-13.217778519096953
WZL51343,H3,train,139,0,-20.964977,-5.5418468,-12.02089228617412
WZL51331,H3,val,110,0,-21.000053,-7.5702887,-10.922208917057548
WZL51319,H3,train,115,0,-21.414974,-8.0624275,-11.659208289601901
WZL51307,H3,train,103,0,-20.8471,-6.6582813,-12.07331633786784
WZL51295,H3,train,103,0,-20.8471,-6.6582813,-12.07331633786784
WZL51283,H3,train,103,0,-20.760525,-6.413359,-12.257000863935678
WZL51271,H3,train,103,0,-20.760525,-6.413359,-12.257000863935678
WZL51259,H3,train,115,0,-21.133951,-7.5790143,-11.01356138573237
WZL51247,H3,test,115,0,-21.133951,-7.5790143,-11.01356138573237
WZL51235,H3,train,123,0,-20.962017,-8.488531,-13.311527675458512
WZL51223,H3,train,115,0,-21.484253,-7.712088,-9.537009480335598
WZL51211,H3,train,115,0,-21.484253,-7.712088,-9.537009480335598
WZL51199,H3,train,123,0,-21.161827,-6.784578,-11.71181956304366
WZL51188,H3,train,123,0,-21.161827,-6.784578,-11.71181956304366
WZL51177,H3,train,123,0,-19.740208,-5.132241,-12.534365571033282
WZL51165,H3,test,103,0,-20.8471,-6.6582813,-12.07331633786784
WZL51153,H3,train,123,0,-20.4937,-5.4138165,-8.030217639037179
WZL51141,H3,train,123,0,-20.6442,-6.029446,-12.231477938166071
WZL51129,H3,train,123,0,-20.468742,-5.506971,-12.060991450134322
WZL51117,H3,test,123,0,-20.468742,-5.506971,-12.060991450134322
WZL51105,H3,train,123,0,-20.468742,-5.506971,-12.060991450134322
WZL51093,H3,train,123,0,-20.468742,-5.506971,-12.060991450134322
WZL51081,H3,train,123,0,-20.468742,-5.506971,-12.060991450134322
WZL51069,H3,test,123,0,-20.468742,-5.506971,-12.060991450134322
WZL51057,H3,train,123,0,-20.468742,-5.506971,-12.060991450134322
WZL51047,H3,train,123,0,-20.468742,-5.506971,-12.060991450134322
WZL51035,H3,train,123,0,-20.468742,-5.506971,-12.060991450134322
WZL51023,H3,train,135,0,-20.515667,-5.582909,-12.681145048809904
WZL51011,H3,train,103,0,-21.939121,-6.2161956,-15.05516994930201
WZL50999,H3,train,104,0,-20.569977,-5.173696,-12.401394153892339
WZL50987,H3,test,123,0,-20.692219,-5.389259,-12.814048142948296
WZL50975,H3,train,115,0,-21.414974,-8.0624275,-11.659208289601901
WZL50963,H3,train,123,0,-20.6442,-6.029446,-12.231477938166071
WZL50951,H3,train,115,0,-20.577824,-7.6587152,-12.1675850257596
WZL50940,H3,val,115,0,-20.166338,-6.4389186,-12.368604485564601
WZL50928,H3,train,103,0,-22.106117,-6.7588515,-16.93308701144639
WZL50916,H3,val,151,0,-21.15934,-6.728603,-13.242435153853961
WZL50904,H3,val,123,0,-20.789963,-5.8646073,-14.824904890347701
WZL50892,H3,test,138,0,-19.686157,-4.973863,-12.482246579121375
WZL50880,H3,train,273,0,-20.452143,-5.210015,-14.471952465269666
WZL50868,H3,train,121,0,-20.356474,-6.1728597,-17.818628035330498
WZL50856,H3,val,139,0,-21.343124,-6.2392583,-10.877559080999346
WZL50844,H3,test,103,0,-21.939121,-6.2161956,-15.05516994930201
WZL50832,H3,train,138,0,-19.686157,-4.973863,-12.482246579121375
WZL50820,H3,train,126,0,-21.98098,-7.711612,-10.272718499335237
WZL50808,H3,test,115,0,-20.560614,-7.5700126,-12.336760118089684
WZL50797,H3,test,135,0,-20.515667,-5.582909,-12.681145048809904
WZL50785,H3,train,139,0,-20.964977,-5.5418468,-12.02089228617412
WZL50773,H3,test,115,0,-20.204828,-5.589974,-9.238393457031334
WZL50761,H3,train,115,0,-20.362347,-6.348237,-7.9379208928807845
WZL50749,H3,train,104,0,-21.01868,-6.0227914,-11.899754612935759
WZL50737,H3,train,104,0,-21.01868,-6.0227914,-11.899754612935759
WZL50725,H3,train,150,0,-20.393372,-5.99466,-10.857054901904899
WZL50713,H3,train,139,0,-20.964977,-5.5418468,-12.02089228617412
WZL50701,H3,val,123,0,-20.6442,-6.029446,-12.231477938166071
WZL50689,H3,train,123,0,-20.6442,-6.029446,-12.231477938166071
WZL50677,H3,test,79,0,-20.2378,-5.4648366,-12.136334623702384
WZL50665,H3,train,104,0,-20.05653,-5.9390845,-11.094862954228
WZL50653,H3,train,104,0,-20.05653,-5.9390845,-11.094862954228
WZL50641,H3,val,79,0,-19.820232,-4.488484,-13.038687157794469
WZL50629,H3,val,104,0,-20.05653,-5.9390845,-11.094862954228
WZL50617,H3,train,104,0,-20.05653,-5.9390845,-11.094862954228
WZL50605,H3,train,103,0,-20.724773,-6.2225814,-11.97275428364974
WZL50593,H3,train,139,0,-20.68183,-6.3849974,-12.61652740439303
WZL50581,H3,test,123,0,-20.6442,-6.029446,-12.231477938166071
WZL50569,H3,val,273,0,-20.684467,-6.457749,-12.819368977305485
WZL50557,H3,train,139,0,-20.68183,-6.3849974,-12.61652740439303
WZL50545,H3,train,139,0,-20.68183,-6.3849974,-12.61652740439303
WZL50533,H3,train,123,0,-20.6442,-6.029446,-12.231477938166071
WZL50521,H3,train,123,0,-20.6442,-6.029446,-12.231477938166071
WZL50509,H3,train,123,0,-20.869062,-6.5976424,-13.37074970382372
WZL50497,H3,train,123,0,-20.869062,-6.5976424,-13.37074970382372
WZL50485,H3,train,104,0,-20.44908,-5.171992,-10.918640567390325
WZL50473,H3,train,148,0,-20.521587,-5.9653916,-15.497045854417264
WZL50461,H3,train,148,0,-20.521587,-5.9653916,-15.497045854417264
WZL50449,H3,train,141,0,-20.13293,-4.4211707,-11.524863233793262
WZL50437,H3,train,141,0,-20.13293,-4.4211707,-11.524863233793262
WZL50425,H3,test,148,0,-20.521587,-5.9653916,-15.497045854417264
WZL50413,H3,train,148,0,-20.521587,-5.9653916,-15.497045854417264
WZL50401,H3,train,140,0,-18.956429,-3.8364007,-9.540429015387565
WZL50389,H3,train,115,0,-21.597939,-8.5052595,-11.391167836860534
WZL50377,H3,train,141,0,-20.116331,-4.0383167,-10.884166494201928
WZL50365,H3,train,104,0,-20.569977,-5.173696,-12.401394153892339
WZL50353,H3,train,139,0,-20.520966,-5.4489465,-11.84186589282218
WZL50341,H3,train,141,0,-20.13293,-4.4211707,-11.524863233793262
WZL50329,H3,train,139,0,-20.711918,-5.7044606,-13.526360294051893
WZL50317,H3,train,139,0,-20.964977,-5.5418468,-12.02089228617412
WZL50305,H3,train,139,0,-20.964977,-5.5418468,-12.02089228617412
WZL50293,H3,train,72,0,-20.672157,-5.437902,-11.75197989731073
WZL50281,H3,train,72,0,-20.672157,-5.437902,-11.75197989731073
WZL50269,H3,train,72,0,-20.672157,-5.437902,-11.75197989731073
WZL50257,H3,val,274,0,-21.122944,-8.542408,-15.202418880142837
WZL50245,H3,train,72,0,-20.553085,-5.900536,-13.149898341726805
WZL50233,H3,train,72,0,-20.553085,-5.900536,-13.149898341726805
WZL50221,H3,train,115,0,-21.414974,-8.0624275,-11.659208289601901
WZL50209,H3,train,141,0,-20.13293,-4.4211707,-11.524863233793262
WZL50197,H3,train,141,0,-20.13293,-4.4211707,-11.524863233793262
WZL50185,H3,train,121,0,-20.312466,-5.672132,-11.877862301485164
WZL50173,H3,val,141,0,-20.13293,-4.4211707,-11.524863233793262
WZL50161,H3,train,115,0,-21.414974,-8.0624275,-11.659208289601901
WZL50149,H3,test,115,0,-21.414974,-8.0624275,-11.659208289601901
WZL50137,H3,train,150,0,-20.393372,-5.99466,-10.857054901904899
WZL50125,H3,train,123,0,-20.828371,-5.1342683,-10.692847075418454
WZL50117,H3,train,123,0,-20.828371,-5.1342683,-10.692847075418454
WZL50105,H3,train,104,0,-21.06858,-7.300573,-13.818776506683312
WZL50093,H3,test,104,0,-21.06858,-7.300573,-13.818776506683312
WZL50081,H3,test,123,0,-20.941277,-6.819204,-14.546418688676935
WZL50069,H3,train,123,0,-20.941277,-6.819204,-14.546418688676935
WZL50057,H3,train,139,0,-20.68183,-6.3849974,-12.61652740439303
WZL50045,H3,train,139,0,-20.68183,-6.3849974,-12.61652740439303
WZL50033,H3,train,138,0,-19.79417,-4.950498,-13.714497171985771
WZL50021,H3,test,138,0,-19.794197,-4.7421713,-12.979403707111842
WZL50009,H3,train,139,0,-20.964977,-5.5418468,-12.02089228617412
WZL49997,H3,train,115,0,-20.93828,-10.35504,-10.705287391583377
WZL49985,H3,val,138,0,-19.79417,-4.950498,-13.714497171985771
WZL49973,H3,train,138,0,-19.79417,-4.950498,-13.714497171985771
WZL49961,H3,train,103,0,-20.231632,-5.6138864,-11.734305999706534
WZL49949,H3,train,119,0,-20.536053,-4.6098437,-12.998201127411361
WZL49937,H3,train,119,0,-20.536053,-4.6098437,-12.998201127411361
WZL49925,H3,train,123,0,-20.881617,-7.060402,-14.882096936742
WZL49913,H3,val,123,0,-20.881617,-7.060402,-14.882096936742
WZL49901,H3,train,115,0,-20.363537,-6.163093,-9.242117133472131
WZL49889,H3,train,115,0,-20.363537,-6.163093,-9.242117133472131
WZL49877,H3,train,119,0,-20.830032,-4.3732677,-13.161923986360271
WZL49865,H3,train,123,0,-20.558998,-6.446637,-13.392206852237077
WZL49853,H3,train,123,0,-20.558998,-6.446637,-13.392206852237077
WZL49841,H3,test,123,0,-20.558998,-6.446637,-13.392206852237077
WZL49829,H3,train,115,0,-21.351357,-8.344925,-12.314398855201928
WZL49817,H3,train,123,0,-19.740208,-5.132241,-12.534365571033282
WZL49805,H3,test,119,0,-20.536053,-4.6098437,-12.998201127411361
WZL49793,H3,test,119,0,-20.536053,-4.6098437,-12.998201127411361
WZL49781,H3,train,119,0,-20.536053,-4.6098437,-12.998201127411361
WZL49769,H3,train,115,0,-21.285288,-8.203815,-11.122080463016813
WZL49757,H3,train,107,0,-20.26101,-2.9742048,-8.51875348489602
WZL49745,H3,train,123,0,-20.6442,-6.029446,-12.231477938166071
WZL49733,H3,train,123,0,-20.6442,-6.029446,-12.231477938166071
WZL49721,H3,val,103,0,-21.939121,-6.2161956,-15.05516994930201
WZL49709,H3,train,103,0,-21.939121,-6.2161956,-15.05516994930201
WZL49697,H3,train,103,0,-21.939121,-6.2161956,-15.05516994930201
WZL49685,H3,train,103,0,-21.939121,-6.2161956,-15.05516994930201
WZL49673,H3,test,139,0,-20.964977,-5.5418468,-12.02089228617412
WZL49661,H3,train,139,0,-20.964977,-5.5418468,-12.02089228617412
WZL49649,H3,train,139,0,-20.964977,-5.5418468,-12.02089228617412
WZL49637,H3,train,139,0,-20.964977,-5.5418468,-12.02089228617412
WZL49625,H3,train,72,0,-20.458704,-5.645493,-11.782152309542735
WZL49613,H3,test,140,0,-20.432442,-5.571343,-11.57453455036641
WZL49601,H3,train,123,0,-20.6442,-6.029446,-12.231477938166071
WZL49589,H3,val,115,0,-21.414974,-8.0624275,-11.659208289601901
WZL49577,H3,train,105,0,-21.34634,-7.465626,-13.378393364041795
WZL49570,H3,train,105,0,-21.34634,-7.465626,-13.378393364041795
WZL49558,H3,train,104,0,-21.01868,-6.0227914,-11.899754612935759
WZL49546,H3,train,123,0,-21.26275,-7.0404124,-11.140660536863662
WZL49534,H3,test,123,0,-21.26275,-7.0404124,-11.140660536863662
WZL49522,H3,val,275,0,-22.039917,-8.850209,-10.199491250268133
WZL49510,H3,train,275,0,-22.039917,-8.850209,-10.199491250268133
WZL49498,H3,train,119,0,-20.601059,-4.291656,-14.641850411544466
WZL49486,H3,train,119,0,-20.601059,-4.291656,-14.641850411544466
WZL49474,H3,train,139,0,-20.964977,-5.5418468,-12.02089228617412
WZL49462,H3,train,125,0,-19.465885,-4.7368364,-12.187265325900944
WZL49450,H3,train,125,0,-19.465885,-4.7368364,-12.187265325900944
WZL49438,H3,train,139,0,-20.964977,-5.5418468,-12.02089228617412
WZL49426,H3,test,139,0,-20.964977,-5.5418468,-12.02089228617412
WZL49414,H3,train,140,0,-20.432442,-5.571343,-11.57453455036641
WZL49402,H3,train,115,0,-20.560614,-7.5700126,-12.336760118089684
WZL49391,H3,train,115,0,-20.560614,-7.5700126,-12.336760118089684
WZL49380,H3,test,104,0,-21.304438,-6.1651397,-14.139107455100532
WZL49368,H3,train,138,0,-21.353706,-6.344928,-12.50829238889317
WZL49356,H3,test,138,0,-21.353706,-6.344928,-12.50829238889317
WZL49344,H3,train,104,0,-21.038597,-6.3549566,-12.238911503368756
WZL49332,H3,train,104,0,-21.038597,-6.3549566,-12.238911503368756
WZL49320,H3,test,139,0,-20.54791,-4.8317347,-12.126275494900172
WZL49308,H3,train,139,0,-20.964977,-5.5418468,-12.02089228617412
WZL49296,H3,val,139,0,-20.964977,-5.5418468,-12.02089228617412
WZL49284,H3,train,135,0,-20.515667,-5.582909,-12.681145048809904
WZL49272,H3,train,135,0,-20.515667,-5.582909,-12.681145048809904
WZL49260,H3,test,103,0,-21.847267,-6.9488616,-16.832322216530912
WZL49248,H3,test,141,0,-20.13293,-4.4211707,-11.524863233793262
WZL49236,H3,train,141,0,-20.13293,-4.4211707,-11.524863233793262
WZL49224,H3,train,139,0,-20.964977,-5.5418468,-12.02089228617412
WZL49212,H3,train,139,0,-20.378208,-4.6718,-12.917766170035447
WZL49200,H3,train,139,0,-20.378208,-4.6718,-12.917766170035447
WZL49188,H3,train,140,0,-20.511654,-5.2024207,-12.32300351057453
WZL49176,H3,train,115,0,-21.414974,-8.0624275,-11.659208289601901
WZL49164,H3,train,115,0,-21.414974,-8.0624275,-11.659208289601901
WZL49152,H3,test,139,0,-20.964977,-5.5418468,-12.02089228617412
WZL49140,H3,train,139,0,-20.964977,-5.5418468,-12.02089228617412
WZL49128,H3,val,123,0,-20.437506,-6.518018,-11.470987891552493
WZL49116,H3,train,123,0,-20.437506,-6.518018,-11.470987891552493
WZL49104,H3,test,139,0,-20.964977,-5.5418468,-12.02089228617412
WZL49092,H3,train,123,0,-20.6442,-6.029446,-12.231477938166071
WZL49080,H3,train,123,0,-20.6442,-6.029446,-12.231477938166071
WZL49068,H3,train,121,0,-20.312466,-5.672132,-11.877862301485164
WZL49056,H3,val,104,0,-21.059944,-5.986733,-13.337956666220672
WZL49044,H3,val,104,0,-21.059944,-5.986733,-13.337956666220672
WZL49032,H3,train,115,0,-21.351357,-8.344925,-12.314398855201928
WZL49020,H3,train,144,0,-21.23552,-6.295457,-11.247246965758913
WZL49008,H3,train,115,0,-21.924442,-8.94829,-9.764978205915979
WZL48997,H3,train,115,0,-20.363537,-6.163093,-9.242117133472131
WZL48985,H3,test,150,0,-20.393372,-5.99466,-10.857054901904899
WZL48973,H3,train,276,0,-20.835552,-6.2416205,-13.260236914370667
WZL48961,H3,train,276,0,-20.835552,-6.2416205,-13.260236914370667
WZL48949,H3,test,276,0,-20.835552,-6.2416205,-13.260236914370667
WZL48937,H3,train,276,0,-20.835552,-6.2416205,-13.260236914370667
WZL48925,H3,train,149,0,-21.808231,-7.4777327,-11.158077907094528
WZL48913,H3,val,149,0,-21.808231,-7.4777327,-11.158077907094528
WZL48901,H3,train,123,0,-20.6442,-6.029446,-12.231477938166071
WZL48889,H3,train,137,0,-20.619335,-6.241401,-12.570446822849755
WZL48877,H3,train,123,0,-20.6442,-6.029446,-12.231477938166071
WZL48865,H3,train,123,0,-20.468742,-5.506971,-12.060991450134322
WZL48853,H3,train,137,0,-20.619335,-6.241401,-12.570446822849755
WZL48841,H3,train,123,0,-20.692219,-5.389259,-12.814048142948296
WZL48829,H3,train,123,0,-20.468742,-5.506971,-12.060991450134322
WZL48817,H3,train,137,0,-20.441364,-5.806127,-11.266889019881631
WZL48805,H3,train,123,0,-20.468742,-5.506971,-12.060991450134322
WZL48793,H3,train,137,0,-20.619335,-6.241401,-12.570446822849755
WZL48781,H3,train,86,0,-17.962242,-2.8837254,-13.805442463241473
WZL48769,H3,val,135,0,-20.387363,-5.4800854,-11.670985474874385
WZL48757,H3,test,135,0,-20.387363,-5.4800854,-11.670985474874385
WZL48745,H3,train,151,0,-21.154913,-5.9905906,-14.005541287047077
WZL48733,H3,val,151,0,-21.154913,-5.9905906,-14.005541287047077
WZL48721,H3,val,123,0,-20.6442,-6.029446,-12.231477938166071
WZL48709,H3,val,151,0,-21.316463,-8.035469,-11.906332171707877
WZL48697,H3,train,151,0,-21.316463,-8.035469,-11.906332171707877
WZL48687,H3,test,104,0,-20.780735,-6.1841273,-12.094775025441391
WZL48675,H3,train,104,0,-20.780735,-6.1841273,-12.094775025441391
WZL48663,H3,train,150,0,-20.393372,-5.99466,-10.857054901904899
WZL48651,H3,train,143,0,-20.32816,-5.5858464,-12.91809569842296
WZL48639,H3,train,123,0,-20.6442,-6.029446,-12.231477938166071
WZL48627,H3,train,123,0,-20.6442,-6.029446,-12.231477938166071
WZL48615,H3,train,139,0,-22.173183,-8.003549,-13.483755724410363
WZL48603,H3,val,139,0,-20.739017,-6.2008433,-12.574465795779762
WZL48591,H3,train,139,0,-20.739017,-6.2008433,-12.574465795779762
WZL48579,H3,val,123,0,-20.6442,-6.029446,-12.231477938166071
WZL48567,H3,test,123,0,-20.6442,-6.029446,-12.231477938166071
WZL48555,H3,train,123,0,-20.542797,-6.182243,-12.02777254613086
WZL48543,H3,train,123,0,-20.542797,-6.182243,-12.02777254613086
WZL48531,H3,test,123,0,-20.6442,-6.029446,-12.231477938166071
WZL48519,H3,val,123,0,-20.6442,-6.029446,-12.231477938166071
WZL48507,H3,train,150,0,-19.912247,-4.3940406,-12.033992900445872
WZL48495,H3,val,150,0,-19.912247,-4.3940406,-12.033992900445872
WZL48485,H3,test,103,0,-20.825438,-6.098045,-11.42629152639014
WZL48473,H3,test,115,0,-21.569193,-8.707136,-12.766248099813346
WZL48461,H3,train,115,0,-21.569193,-8.707136,-12.766248099813346
WZL48449,H3,train,115,0,-21.569193,-8.707136,-12.766248099813346
WZL48437,H3,val,115,0,-21.569193,-8.707136,-12.766248099813346
WZL48425,H3,train,123,0,-20.608376,-6.2460666,-12.988943072543323
WZL48413,H3,val,135,0,-20.363895,-4.5728517,-11.40191452273276
WZL48401,H3,train,115,0,-20.560614,-7.5700126,-12.336760118089684
WZL48390,H3,train,115,0,-21.414974,-8.0624275,-11.659208289601901
WZL48378,H3,val,139,0,-20.964977,-5.5418468,-12.02089228617412
WZL48366,H3,train,104,0,-20.780735,-6.1841273,-12.094775025441391
WZL48354,H3,train,104,0,-20.780735,-6.1841273,-12.094775025441391
WZL48342,H3,train,115,0,-22.009243,-8.980056,-10.878888312845342
WZL48331,H3,train,115,0,-22.009243,-8.980056,-10.878888312845342
WZL48320,H3,val,276,0,-21.034527,-6.4212146,-10.354870779003393
WZL48308,H3,train,139,0,-20.964977,-5.5418468,-12.02089228617412
WZL48296,H3,train,123,0,-20.6442,-6.029446,-12.231477938166071
WZL48284,H3,train,103,0,-21.939121,-6.2161956,-15.05516994930201
WZL48272,H3,train,115,0,-21.414974,-8.0624275,-11.659208289601901
WZL48260,H3,train,123,0,-20.6442,-6.029446,-12.231477938166071
WZL48248,H3,train,115,0,-21.414974,-8.0624275,-11.659208289601901
WZL48236,H3,train,145,0,-20.40813,-5.072269,-12.58882118255456
WZL48224,H3,train,139,0,-20.964977,-5.5418468,-12.02089228617412
WZL48212,H3,train,115,0,-21.17158,-7.7193465,-10.571180419823085
WZL48200,H3,train,103,0,-20.825438,-6.098045,-11.42629152639014
WZL48188,H3,train,126,0,-22.175753,-8.169386,-10.473622571901243
WZL48176,H3,train,143,0,-20.32816,-5.5858464,-12.91809569842296
WZL48164,H3,val,123,0,-20.6442,-6.029446,-12.231477938166071
WZL48152,H3,train,104,0,-20.569977,-5.173696,-12.401394153892339
WZL48140,H3,test,123,0,-20.447678,-5.8535476,-12.6131461605819
WZL48128,H3,train,143,0,-20.32816,-5.5858464,-12.91809569842296
WZL48116,H3,train,115,0,-22.171753,-8.750176,-14.152299861737546
WZL48104,H3,train,104,0,-21.01868,-6.0227914,-11.899754612935759
WZL48092,H3,test,104,0,-20.569977,-5.173696,-12.401394153892339
WZL48080,H3,train,104,0,-20.048363,-5.7616286,-13.280914053123757
WZL48068,H3,val,123,0,-20.6442,-6.029446,-12.231477938166071
WZL48056,H3,train,139,0,-20.754383,-5.50631,-12.059611650430128
WZL48044,H3,train,139,0,-20.754383,-5.50631,-12.059611650430128
WZL48032,H3,val,277,0,-18.76166,-3.7500713,-9.884221207182742
WZL48020,H3,train,123,0,-20.6442,-6.029446,-12.231477938166071
WZL48008,H3,train,123,0,-20.6442,-6.029446,-12.231477938166071
WZL47996,H3,val,123,0,-20.6442,-6.029446,-12.231477938166071
WZL47984,H3,train,123,0,-20.6442,-6.029446,-12.231477938166071
WZL47972,H3,val,277,0,-18.956429,-3.8364007,-9.540429015387565
WZL47960,H3,train,277,0,-18.956429,-3.8364007,-9.540429015387565
WZL47948,H3,train,139,0,-20.964977,-5.5418468,-12.02089228617412
WZL47936,H3,train,104,0,-21.01868,-6.0227914,-11.899754612935759
WZL47924,H3,train,139,0,-20.964977,-5.5418468,-12.02089228617412
WZL47912,H3,test,104,0,-21.162647,-5.6461263,-11.395273615427644
WZL47900,H3,train,104,0,-21.01868,-6.0227914,-11.899754612935759
WZL47888,H3,train,123,0,-20.6442,-6.029446,-12.231477938166071
WZL47876,H3,train,104,0,-21.01868,-6.0227914,-11.899754612935759
WZL47864,H3,test,104,0,-20.90866,-6.485042,-13.368415073672336
WZL47852,H3,train,104,0,-21.01868,-6.0227914,-11.899754612935759
WZL47840,H3,train,104,0,-21.01868,-6.0227914,-11.899754612935759
WZL47828,H3,train,104,0,-21.01868,-6.0227914,-11.899754612935759
WZL47816,H3,train,115,0,-21.414974,-8.0624275,-11.659208289601901
WZL47804,H3,test,139,0,-21.323578,-5.078503,-11.93771687679722
WZL47792,H3,train,104,0,-21.01868,-6.0227914,-11.899754612935759
WZL47780,H3,val,104,0,-21.01868,-6.0227914,-11.899754612935759
WZL47768,H3,test,104,0,-21.01868,-6.0227914,-11.899754612935759
WZL47756,H3,train,103,0,-21.808912,-6.685744,-16.85440659354039
WZL47744,H3,train,104,0,-21.01868,-6.0227914,-11.899754612935759
WZL47732,H3,train,140,0,-20.432442,-5.571343,-11.57453455036641
WZL47720,H3,train,104,0,-21.01868,-6.0227914,-11.899754612935759
WZL47708,H3,train,104,0,-20.990639,-7.656262,-11.256595758558044
WZL47696,H3,val,122,0,-19.851542,-5.1648965,-16.255265970789615
WZL47684,H3,train,123,0,-20.6442,-6.029446,-12.231477938166071
WZL47672,H3,train,104,0,-21.01868,-6.0227914,-11.899754612935759
WZL47660,H3,train,123,0,-20.6442,-6.029446,-12.231477938166071
WZL47648,H3,test,115,0,-20.166338,-6.4389186,-12.368604485564601
WZL47636,H3,test,122,0,-20.749405,-6.0007014,-13.060975049827908
WZL47624,H3,test,122,0,-20.749405,-6.0007014,-13.060975049827908
WZL47612,H3,val,103,0,-22.352219,-7.392055,-14.721989618633513
WZL47600,H3,train,103,0,-22.352219,-7.392055,-14.721989618633513
WZL47588,H3,test,122,0,-20.749405,-6.0007014,-13.060975049827908
WZL47576,H3,train,122,0,-20.749405,-6.0007014,-13.060975049827908
WZL47564,H3,test,104,0,-21.01868,-6.0227914,-11.899754612935759
WZL47552,H3,val,137,0,-20.619335,-6.241401,-12.570446822849755
WZL47540,H3,train,122,0,-20.711048,-6.3150945,-12.60389813135848
WZL47528,H3,train,115,0,-21.414974,-8.0624275,-11.659208289601901
WZL47516,H3,train,122,0,-20.711048,-6.3150945,-12.60389813135848
WZL47504,H3,train,123,0,-20.6442,-6.029446,-12.231477938166071
WZL47492,H3,train,123,0,-20.6442,-6.029446,-12.231477938166071
WZL47480,H3,test,123,0,-20.6442,-6.029446,-12.231477938166071
WZL47468,H3,val,123,0,-20.6442,-6.029446,-12.231477938166071
WZL47456,H3,train,118,0,-20.713217,-6.598212,-11.418382868946582
WZL47444,H3,train,118,0,-20.713217,-6.598212,-11.418382868946582
WZL47432,H3,train,123,0,-20.6442,-6.029446,-12.231477938166071
WZL47420,H3,train,123,0,-20.6442,-6.029446,-12.231477938166071
WZL47408,H3,test,123,0,-20.6442,-6.029446,-12.231477938166071
WZL47396,H3,train,118,0,-20.713217,-6.598212,-11.418382868946582
WZL47384,H3,test,119,0,-20.680912,-6.371062,-12.278366430475625
WZL47372,H3,test,119,0,-20.680912,-6.371062,-12.278366430475625
WZL47360,H3,train,119,0,-20.680912,-6.371062,-12.278366430475625
WZL47348,H3,train,123,0,-20.6442,-6.029446,-12.231477938166071
WZL47336,H3,train,123,0,-20.6442,-6.029446,-12.231477938166071
WZL47324,H3,train,276,0,-20.259777,-6.397529,-14.254756463127695
WZL47313,H3,val,276,0,-20.259777,-6.397529,-14.254756463127695
WZL47302,H3,test,276,0,-20.259777,-6.397529,-14.254756463127695
WZL47291,H3,train,276,0,-20.259777,-6.397529,-14.254756463127695
WZL47280,H3,val,140,0,-20.75262,-6.3719335,-12.85012611584343
WZL47268,H3,test,123,0,-19.9995,-5.357294,-15.960837882258012
WZL47256,H3,train,135,0,-21.329718,-7.811458,-12.487721614034855
WZL47244,H3,train,135,0,-20.515667,-5.582909,-12.681145048809904
WZL47232,H3,train,139,0,-20.964977,-5.5418468,-12.02089228617412
WZL47220,H3,train,139,0,-20.964977,-5.5418468,-12.02089228617412
WZL47208,H3,train,123,0,-20.6442,-6.029446,-12.231477938166071
WZL47196,H3,train,103,0,-22.208084,-5.7954354,-15.853046691722604
WZL47184,H3,train,103,0,-22.208084,-5.7954354,-15.853046691722604
WZL47172,H3,train,139,0,-20.964977,-5.5418468,-12.02089228617412
WZL47160,H3,train,135,0,-20.515667,-5.582909,-12.681145048809904
WZL47148,H3,val,135,0,-20.515667,-5.582909,-12.681145048809904
WZL47136,H3,val,135,0,-20.354916,-5.3741817,-14.163073376621902
WZL47124,H3,test,135,0,-20.354916,-5.3741817,-14.163073376621902
WZL47112,H3,train,135,0,-20.515667,-5.582909,-12.681145048809904
WZL47100,H3,val,136,0,-19.966127,-4.180262,-11.191659531922577
WZL47088,H3,val,136,0,-19.966127,-4.180262,-11.191659531922577
WZL47076,H3,val,123,0,-20.6442,-6.029446,-12.231477938166071
WZL47064,H3,test,104,0,-21.01868,-6.0227914,-11.899754612935759
WZL47052,H3,train,104,0,-21.01868,-6.0227914,-11.899754612935759
WZL47040,H3,test,119,0,-20.536053,-4.6098437,-12.998201127411361
WZL47028,H3,test,123,0,-20.6442,-6.029446,-12.231477938166071
WZL47016,H3,test,115,0,-20.363537,-6.163093,-9.242117133472131
WZL47004,H3,train,115,0,-20.363537,-6.163093,-9.242117133472131
WZL46992,H3,test,139,0,-20.68183,-6.3849974,-12.61652740439303
WZL46980,H3,train,139,0,-20.68183,-6.3849974,-12.61652740439303
WZL46968,H3,val,142,0,-21.25327,-5.2222037,-11.787994902171487
WZL46956,H3,train,123,0,-21.957516,-7.945436,-9.568023526827833
WZL46944,H3,train,115,0,-21.458725,-7.5636344,-10.920146595514456
WZL46932,H3,train,123,0,-20.6442,-6.029446,-12.231477938166071
WZL46920,H3,test,123,0,-20.6442,-6.029446,-12.231477938166071
WZL46908,H3,test,135,0,-20.515667,-5.582909,-12.681145048809904
WZL46896,H3,train,135,0,-20.515667,-5.582909,-12.681145048809897
WZL46884,H3,train,142,0,-21.25327,-5.2222037,-11.787994902171492
WZL46872,H3,train,142,0,-21.25327,-5.2222037,-11.787994902171487
WZL46860,H3,train,104,0,-21.317081,-6.119228,-10.938120960613047
WZL46848,H3,train,127,0,-21.342293,-6.3614116,-11.662011890140777
WZL46836,H3,train,127,0,-21.342293,-6.3614116,-11.662011890140777
WZL46824,H3,train,105,0,-21.626675,-7.5321283,-12.395662068893053
WZL46812,H3,train,105,0,-21.626675,-7.5321283,-12.395662068893053
WZL46800,H3,test,135,0,-20.515667,-5.582909,-12.681145048809904
WZL46790,H3,train,135,0,-20.515667,-5.582909,-12.681145048809904
WZL46778,H3,train,139,0,-22.261456,-7.432697,-9.473867620614955
WZL46766,H3,train,139,0,-22.261456,-7.432697,-9.473867620614955
WZL46754,H3,train,278,0,-20.94846,-8.98859,-9.118357837132661
WZL46743,H3,train,278,0,-20.94846,-8.98859,-9.118357837132661
WZL46732,H3,val,115,0,-20.560614,-7.5700126,-12.336760118089684
WZL46721,H3,train,115,0,-20.560614,-7.5700126,-12.336760118089684
WZL46710,H3,train,278,0,-20.94846,-8.98859,-9.118357837132661
WZL46699,H3,test,115,0,-21.569193,-8.707136,-12.766248099813346
WZL46687,H3,train,123,0,-20.726486,-6.3686013,-11.759058063911647
WZL46675,H3,train,123,0,-20.726486,-6.3686013,-11.759058063911647
WZL46663,H3,val,123,0,-20.6442,-6.029446,-12.231477938166071
WZL46651,H3,train,276,0,-20.137774,-4.6247945,-13.157826953134427
WZL46639,H3,train,276,0,-18.556839,-2.7717514,-14.706361327602151
WZL46627,H3,test,72,0,-20.821117,-6.327395,-11.90760495173561
WZL46615,H3,val,123,0,-20.560516,-5.909802,-11.944279713289282
WZL46603,H3,train,276,0,-20.137774,-4.6247945,-13.157826953134427
WZL46591,H3,train,103,0,-22.352219,-7.392055,-14.721989618633513
WZL46579,H3,test,123,0,-20.6442,-6.029446,-12.231477938166071
WZL46567,H3,train,115,0,-20.560614,-7.5700126,-12.336760118089684
WZL46556,H3,val,146,0,-20.299751,-4.95779,-14.930126510208295
WZL46544,H3,train,138,0,-19.79417,-4.950498,-13.714497171985771
WZL46532,H3,train,127,0,-20.92167,-5.67644,-13.541824002465866
WZL46520,H3,train,115,0,-20.560614,-7.5700126,-12.336760118089684
WZL46509,H3,test,137,0,-20.619335,-6.241401,-12.570446822849755
WZL46497,H3,train,135,0,-20.515667,-5.582909,-12.681145048809904
WZL46485,H3,train,135,0,-20.515667,-5.582909,-12.681145048809904
WZL46473,H3,train,115,0,-21.775444,-8.820307,-12.451842803088875
WZL46461,H3,test,115,0,-21.775444,-8.820307,-12.451842803088875
WZL46449,H3,train,139,0,-20.964977,-5.5418468,-12.02089228617412
WZL46437,H3,test,139,0,-20.964977,-5.5418468,-12.02089228617412
WZL46427,H3,val,115,0,-21.775444,-8.820307,-12.451842803088875
WZL46415,H3,test,123,0,-20.309772,-5.6725645,-11.736954174395597
WZL46403,H3,train,123,0,-20.309772,-5.6725645,-11.736954174395597
WZL46391,H3,val,115,0,-21.569193,-8.707136,-12.766248099813346
WZL46379,H3,train,139,0,-20.964977,-5.5418468,-12.02089228617412
WZL46367,H3,train,277,0,-18.956429,-3.8364007,-9.540429015387565
WZL46355,H3,train,277,0,-18.956429,-3.8364007,-9.540429015387565
WZL46343,H3,train,277,0,-18.956429,-3.8364007,-9.540429015387565
WZL46331,H3,val,277,0,-18.956429,-3.8364007,-9.540429015387565
WZL46319,H3,val,123,0,-20.6442,-6.029446,-12.231477938166071
WZL46309,H3,test,123,0,-20.6442,-6.029446,-12.231477938166071
WZL46297,H3,val,123,0,-19.70205,-4.6224,-13.737213015822643
WZL46285,H3,train,123,0,-19.70205,-4.6224,-13.737213015822643
WZL46273,H3,test,139,0,-20.964977,-5.5418468,-12.02089228617412
WZL46261,H3,val,139,0,-20.964977,-5.5418468,-12.02089228617412
WZL46249,H3,val,139,0,-21.090006,-5.712544,-11.435521495231681
WZL46237,H3,train,123,0,-20.6442,-6.029446,-12.231477938166071
WZL46225,H3,train,123,0,-20.6442,-6.029446,-12.231477938166071
WZL46213,H3,train,104,0,-21.317081,-6.119228,-10.938120960613047
WZL46201,H3,train,123,0,-20.6442,-6.029446,-12.231477938166071
WZL46189,H3,train,273,0,-20.684467,-6.457749,-12.819368977305485
WZL46177,H3,train,123,0,-20.6442,-6.029446,-12.231477938166071
WZL46165,H3,train,123,0,-20.6442,-6.029446,-12.231477938166071
WZL46153,H3,train,105,0,-20.243351,-4.242085,-10.682624723979124
WZL46141,H3,train,105,0,-20.243351,-4.242085,-10.682624723979124
WZL46129,H3,train,139,0,-20.839314,-5.4636235,-9.722966773112951
WZL46117,H3,val,139,0,-20.964977,-5.5418468,-12.02089228617412
WZL46105,H3,train,139,0,-20.964977,-5.5418468,-12.02089228617412
WZL46093,H3,train,123,0,-20.6442,-6.029446,-12.231477938166071
WZL46081,H3,train,123,0,-20.6442,-6.029446,-12.231477938166071
WZL46069,H3,train,123,0,-20.6442,-6.029446,-12.231477938166071
WZL46057,H3,train,123,0,-20.6442,-6.029446,-12.231477938166071
WZL46045,H3,train,104,0,-21.310043,-5.7659307,-12.215301170022991
WZL46033,H3,test,140,0,-20.432442,-5.571343,-11.57453455036641
WZL46021,H3,train,140,0,-20.432442,-5.571343,-11.57453455036641
WZL46009,H3,val,104,0,-21.310043,-5.7659307,-12.215301170022991
WZL45997,H3,train,104,0,-21.310043,-5.7659307,-12.215301170022991
WZL45985,H3,train,123,0,-20.69278,-6.3358006,-11.82781603826034
WZL45973,H3,test,123,0,-20.69278,-6.3358006,-11.82781603826034
WZL45961,H3,train,135,0,-20.515667,-5.582909,-12.681145048809904
WZL45949,H3,train,135,0,-20.515667,-5.582909,-12.681145048809904
WZL45937,H3,train,123,0,-20.6442,-6.029446,-12.231477938166071
WZL45925,H3,train,123,0,-20.6442,-6.029446,-12.231477938166071
WZL45913,H3,train,123,0,-20.6442,-6.029446,-12.231477938166071
WZL45901,H3,train,123,0,-20.6442,-6.029446,-12.231477938166071
WZL45889,H3,train,135,0,-20.515667,-5.582909,-12.681145048809904
WZL45877,H3,val,123,0,-20.6442,-6.029446,-12.231477938166071
WZL45865,H3,val,104,0,-20.569977,-5.173696,-12.401394153892339
WZL45853,H3,val,139,0,-20.520966,-5.4489465,-11.84186589282218
WZL45841,H3,test,139,0,-20.520966,-5.4489465,-11.84186589282218
WZL45834,H3,train,145,0,-20.628477,-5.3685994,-13.736334058767008
WZL45822,H3,train,139,0,-20.520966,-5.4489465,-11.84186589282218
WZL45810,H3,train,122,0,-20.379246,-4.2129226,-15.117291639736571
WZL45798,H3,train,122,0,-20.379246,-4.2129226,-15.117291639736571
WZL45786,H3,train,139,0,-20.964977,-5.5418468,-12.02089228617412
WZL45774,H3,test,139,0,-20.65742,-5.5425944,-11.303822813280734
WZL45762,H3,train,139,0,-20.65742,-5.5425944,-11.303822813280734
WZL45750,H3,train,122,0,-20.379246,-4.2129226,-15.117291639736571
WZL45738,H3,train,122,0,-20.379246,-4.2129226,-15.117291639736571
WZL45727,H3,test,122,0,-20.379246,-4.2129226,-15.117291639736571
WZL45715,H3,train,135,0,-20.732866,-5.5479913,-12.053708527784591
WZL45703,H3,val,105,0,-20.305954,-4.2767615,-8.815372797548237
WZL45691,H3,train,105,0,-20.305954,-4.2767615,-8.815372797548237
WZL45679,H3,train,135,0,-21.82219,-7.509392,-10.15811909505097
WZL45667,H3,train,104,0,-20.569977,-5.173696,-12.401394153892339
WZL45655,H3,val,135,0,-20.826164,-5.097413,-12.354339332082244
WZL45643,H3,train,123,0,-20.6442,-6.029446,-12.231477938166071
WZL45631,H3,train,135,0,-20.826164,-5.097413,-12.354339332082244
WZL45619,H3,val,135,0,-20.826164,-5.097413,-12.354339332082244
WZL45607,H3,train,277,0,-18.956429,-3.8364007,-9.540429015387565
WZL45595,H3,test,277,0,-18.956429,-3.8364007,-9.540429015387565
WZL45583,H3,test,135,0,-19.797258,-4.510343,-11.923676803677777
WZL45571,H3,val,135,0,-19.797258,-4.510343,-11.923676803677777
WZL45559,H3,train,135,0,-20.515667,-5.582909,-12.681145048809904
WZL45547,H3,train,140,0,-20.387312,-5.737836,-11.353436158436017
WZL45535,H3,train,140,0,-20.387312,-5.737836,-11.353436158436017
WZL45523,H3,train,140,0,-19.992737,-5.074431,-11.07678143675989
WZL45511,H3,train,140,0,-20.432442,-5.571343,-11.57453455036641
WZL45499,H3,train,139,0,-20.069164,-5.712688,-11.381421044211574
WZL45487,H3,test,139,0,-20.069164,-5.712688,-11.381421044211574
WZL45475,H3,val,136,0,-20.712505,-6.2455254,-14.132351884933458
WZL45463,H3,train,136,0,-20.712505,-6.2455254,-14.132351884933458
WZL45451,H3,train,123,0,-20.8717,-6.7462506,-9.558938786951336
WZL45439,H3,test,140,0,-20.406912,-5.075437,-11.918376663221906
WZL45427,H3,train,140,0,-20.432442,-5.571343,-11.57453455036641
WZL45415,H3,train,140,0,-20.432442,-5.571343,-11.57453455036641
WZL45403,H3,train,119,0,-20.680912,-6.371062,-12.278366430475625
WZL45391,H3,train,119,0,-20.680912,-6.371062,-12.278366430475625
WZL45379,H3,train,118,0,-20.724955,-5.869331,-13.138087311850912
WZL45367,H3,test,135,0,-20.009098,-4.8974133,-13.854870956304609
WZL45355,H3,train,140,0,-20.432442,-5.571343,-11.57453455036641
WZL45343,H3,train,140,0,-20.432442,-5.571343,-11.57453455036641
WZL45331,H3,train,123,0,-20.262783,-5.9106784,-10.046374611073743
WZL45319,H3,val,123,0,-20.262783,-5.9106784,-10.046374611073743
WZL45313,H3,test,123,0,-20.6442,-6.029446,-12.231477938166071
WZL45295,H3,train,123,0,-20.262783,-5.9106784,-10.046374611073743
WZL45283,H3,train,123,0,-20.262783,-5.9106784,-10.046374611073743
WZL45271,H3,val,123,0,-20.262783,-5.9106784,-10.046374611073743
WZL45259,H3,test,146,0,-20.432333,-5.9370637,-9.684461179035743
WZL45247,H3,train,146,0,-20.432333,-5.9370637,-9.684461179035743
WZL45235,H3,val,123,0,-20.262783,-5.9106784,-10.046374611073743
WZL45223,H3,test,123,0,-20.262783,-5.9106784,-10.046374611073743
WZL45211,H3,train,126,0,-20.421707,-5.913126,-11.689456530170908
WZL45199,H3,train,126,0,-20.421707,-5.913126,-11.689456530170908
WZL45187,H3,train,140,0,-20.83766,-6.2947154,-10.473324110147194
WZL45175,H3,train,140,0,-20.83766,-6.2947154,-10.473324110147194
WZL45163,H3,train,123,0,-20.6442,-6.029446,-12.231477938166071
WZL45151,H3,train,123,0,-20.578346,-6.2233005,-13.019537183961349
WZL45139,H3,train,123,0,-20.578346,-6.2233005,-13.019537183961349
WZL45127,H3,train,123,0,-20.578346,-6.2233005,-13.019537183961349
WZL45115,H3,train,123,0,-20.216757,-6.4288707,-11.392673705305475
WZL45103,H3,train,123,0,-20.642422,-6.3984313,-11.759015487473045
WZL45091,H3,train,123,0,-20.642422,-6.3984313,-11.759015487473045
WZL45079,H3,train,123,0,-20.6442,-6.029446,-12.231477938166071
WZL45067,H3,train,123,0,-20.578346,-6.2233005,-13.019537183961349
WZL45055,H3,train,123,0,-20.578346,-6.2233005,-13.019537183961349
WZL45043,H3,train,135,0,-20.515667,-5.582909,-12.681145048809904
WZL45031,H3,train,135,0,-20.515667,-5.582909,-12.681145048809904
WZL45019,H3,val,121,0,-20.511171,-6.374246,-12.610431860549687
WZL45007,H3,train,121,0,-20.312466,-5.672132,-11.877862301485164
WZL44995,H3,train,135,0,-20.515667,-5.582909,-12.681145048809904
WZL44983,H3,train,135,0,-20.515667,-5.582909,-12.681145048809904
WZL44971,H3,train,135,0,-20.401348,-6.5559225,-12.310630210069197
WZL44959,H3,test,135,0,-20.484535,-6.513064,-11.380203864257458
WZL44947,H3,train,279,0,-21.95607,-8.551317,-6.285062163096677
WZL44935,H3,val,279,0,-21.95607,-8.551317,-6.285062163096677
WZL44923,H3,train,123,0,-20.6442,-6.029446,-12.231477938166071
WZL44911,H3,train,278,0,-22.003674,-8.478727,-10.865760630872014
WZL44900,H3,test,72,0,-20.226192,-5.029698,-11.754109581901014
WZL44888,H3,train,72,0,-18.556767,-2.9447234,-12.969586838905318
WZL44876,H3,train,72,0,-20.226192,-5.029698,-11.754109581901014
WZL44864,H3,train,138,0,-20.126682,-5.046044,-12.423498193387168
WZL44852,H3,train,72,0,-20.226192,-5.029698,-11.754109581901014
WZL44840,H3,train,103,0,-21.899952,-7.1236672,-13.755385911004728
WZL44828,H3,test,72,0,-20.226192,-5.029698,-11.754109581901014
WZL44816,H3,test,104,0,-20.569977,-5.173696,-12.401394153892339
WZL44804,H3,train,104,0,-20.569977,-5.173696,-12.401394153892339
WZL44792,H3,train,123,0,-20.789963,-5.8646073,-14.824904890347701
WZL44780,H3,val,123,0,-20.6442,-6.029446,-12.231477938166071
WZL44768,H3,val,139,0,-20.964977,-5.5418468,-12.02089228617412
WZL44756,H3,val,140,0,-20.558287,-6.2065864,-12.339816615069216
WZL44744,H3,train,123,0,-20.692219,-5.389259,-12.814048142948296
WZL44732,H3,val,123,0,-20.6442,-6.029446,-12.231477938166071
WZL44720,H3,train,103,0,-21.939121,-6.2161956,-15.05516994930201
WZL44708,H3,train,140,0,-20.10608,-5.164082,-7.486040114103629
WZL44696,H3,train,151,0,-20.76856,-6.016873,-14.250958185382109
WZL44684,H3,train,103,0,-22.352219,-7.392055,-14.721989618633513
WZL44672,H3,train,104,0,-21.149559,-6.202554,-11.688527700732728
WZL44660,H3,train,115,0,-20.560614,-7.5700126,-12.336760118089684
WZL44649,H3,train,115,0,-20.560614,-7.5700126,-12.336760118089684
WZL44638,H3,train,103,0,-22.352219,-7.392055,-14.721989618633513
WZL44626,H3,train,145,0,-20.40813,-5.072269,-12.58882118255456
WZL44614,H3,test,115,0,-21.15955,-7.7564206,-12.787147318434947
WZL44602,H3,train,115,0,-20.871174,-8.199705,-11.885949358498296
WZL44590,H3,val,115,0,-21.414974,-8.0624275,-11.659208289601901
WZL44578,H3,train,126,0,-22.063972,-7.31502,-13.848938937514186
WZL44566,H3,test,126,0,-22.063972,-7.31502,-13.848938937514186
WZL44554,H3,test,126,0,-22.063972,-7.31502,-13.848938937514186
WZL44542,H3,train,126,0,-22.063972,-7.31502,-13.848938937514186
WZL44530,H3,train,126,0,-22.063972,-7.31502,-13.848938937514186
WZL44518,H3,train,151,0,-21.38151,-8.193512,-11.045461912079562
WZL44506,H3,val,115,0,-21.414974,-8.0624275,-11.659208289601901
WZL44494,H3,train,115,0,-21.414974,-8.0624275,-11.659208289601901
WZL44482,H3,train,103,0,-21.871662,-5.6851134,-14.015364379962511
WZL44470,H3,train,115,0,-21.414974,-8.0624275,-11.659208289601901
WZL44458,H3,train,126,0,-20.421707,-5.913126,-11.689456530170908
WZL44446,H3,val,123,0,-20.779255,-6.185001,-13.83896822431085
WZL44434,H3,test,119,0,-20.536053,-4.6098437,-12.998201127411361
WZL44422,H3,test,115,0,-20.719093,-8.253708,-13.306581595597573
WZL44411,H3,train,115,0,-20.719093,-8.253708,-13.306581595597573
WZL44400,H3,train,123,0,-20.6442,-6.029446,-12.231477938166071
WZL44388,H3,train,123,0,-20.6442,-6.029446,-12.231477938166071
WZL44376,H3,train,123,0,-20.6442,-6.029446,-12.231477938166071
WZL44364,H3,train,115,0,-20.560614,-7.5700126,-12.336760118089684
WZL44353,H3,val,115,0,-20.560614,-7.5700126,-12.336760118089684
WZL44342,H3,val,115,0,-20.560614,-7.5700126,-12.336760118089684
WZL44331,H3,test,150,0,-20.28883,-5.584677,-12.449977438704412
WZL44319,H3,val,150,0,-20.28883,-5.584677,-12.449977438704412
WZL44307,H3,test,123,0,-20.6442,-6.029446,-12.231477938166071
WZL44295,H3,val,123,0,-20.6442,-6.029446,-12.231477938166071
WZL44283,H3,train,115,0,-20.560614,-7.5700126,-12.336760118089684
WZL44272,H3,train,115,0,-20.560614,-7.5700126,-12.336760118089684
WZL44261,H3,test,104,0,-21.01868,-6.0227914,-11.899754612935759
WZL44249,H3,train,104,0,-21.01868,-6.0227914,-11.899754612935759
WZL44237,H3,train,115,0,-20.28276,-7.1260896,-11.012846746828625
WZL44226,H3,train,115,0,-20.28276,-7.1260896,-11.012846746828625
WZL44215,H3,train,115,0,-20.760681,-7.53504,-11.785684936572558
WZL44204,H3,train,123,0,-20.6442,-6.029446,-12.231477938166071
WZL44192,H3,train,123,0,-20.6442,-6.029446,-12.231477938166071
WZL44180,H3,test,115,0,-21.720959,-7.355499,-9.340599005394312
WZL44168,H3,train,115,0,-21.720959,-7.355499,-9.340599005394312
WZL44156,H3,test,115,0,-20.453754,-7.6270504,-12.945924551547902
WZL44145,H3,val,115,0,-20.453754,-7.6270504,-12.945924551547902
WZL44134,H3,test,123,0,-20.8951,-5.5051265,-12.833896220287302
WZL44122,H3,train,115,0,-20.560614,-7.5700126,-12.336760118089684
WZL44111,H3,train,123,0,-20.938074,-6.1264167,-11.288550316733192
WZL44099,H3,train,104,0,-21.357483,-5.5465293,-11.760118407534037
WZL44087,H3,val,104,0,-21.357483,-5.5465293,-11.760118407534037
WZL44075,H3,val,123,0,-20.6442,-6.029446,-12.231477938166071
WZL44063,H3,train,123,0,-20.6442,-6.029446,-12.231477938166071
WZL44051,H3,train,123,0,-20.6442,-6.029446,-12.231477938166071
WZL44039,H3,val,123,0,-20.6442,-6.029446,-12.231477938166071
WZL44027,H3,test,115,0,-21.414974,-8.0624275,-11.659208289601901
WZL44015,H3,train,123,0,-20.6442,-6.029446,-12.231477938166071
WZL44003,H3,train,123,0,-20.6442,-6.029446,-12.231477938166071
WZL43991,H3,train,72,0,-20.374598,-5.586494,-11.267936236925093
WZL43979,H3,train,72,0,-20.374598,-5.586494,-11.267936236925093
WZL43967,H3,train,139,0,-20.964977,-5.5418468,-12.02089228617412
WZL43955,H3,train,123,0,-20.793198,-6.702519,-13.671398767025321
WZL43943,H3,train,123,0,-20.793198,-6.702519,-13.671398767025321
WZL43931,H3,val,123,0,-20.793198,-6.702519,-13.671398767025321
WZL43919,H3,train,119,0,-20.536053,-4.6098437,-12.998201127411361
WZL43907,H3,train,119,0,-20.536053,-4.6098437,-12.998201127411361
WZL43895,H3,train,123,0,-20.6442,-6.029446,-12.231477938166071
WZL43883,H3,train,123,0,-20.6442,-6.029446,-12.231477938166071
WZL43871,H3,train,123,0,-20.6442,-6.029446,-12.231477938166071
WZL43861,H3,train,123,0,-20.6442,-6.029446,-12.231477938166071
WZL43849,H3,train,123,0,-20.6442,-6.029446,-12.231477938166071
WZL43837,H3,train,123,0,-20.6442,-6.029446,-12.231477938166071
WZL43825,H3,train,119,0,-20.536053,-4.6098437,-12.998201127411361
WZL43813,H3,val,123,0,-20.31432,-5.0206857,-12.573076350294917
WZL43801,H3,test,123,0,-20.6442,-6.029446,-12.231477938166071
WZL43789,H3,train,123,0,-20.793198,-6.702519,-13.671398767025321
WZL43777,H3,train,123,0,-20.6442,-6.029446,-12.231477938166071
WZL43765,H3,train,123,0,-20.31432,-5.0206857,-12.573076350294917
WZL43753,H3,test,123,0,-20.31432,-5.0206857,-12.573076350294917
WZL43741,H3,train,119,0,-20.219429,-4.0038075,-15.922917026289221
WZL43729,H3,train,119,0,-20.219429,-4.0038075,-15.922917026289221
WZL43717,H3,train,278,0,-21.93072,-9.01835,-11.433390219190576
WZL43706,H3,test,278,0,-21.93072,-9.01835,-11.433390219190576
WZL43697,H3,test,123,0,-20.6442,-6.029446,-12.231477938166071
WZL43685,H3,train,123,0,-20.6442,-6.029446,-12.231477938166071
WZL43673,H3,train,123,0,-19.57312,-5.67201,-15.210533591193242
WZL43661,H3,train,123,0,-20.6442,-6.029446,-12.231477938166071
WZL43649,H3,train,123,0,-20.6442,-6.029446,-12.231477938166071
WZL43637,H3,train,123,0,-20.692219,-5.389259,-12.814048142948296
WZL43625,H3,test,123,0,-20.692219,-5.389259,-12.814048142948296
WZL43613,H3,train,139,0,-20.964977,-5.5418468,-12.02089228617412
WZL43601,H3,train,139,0,-20.964977,-5.5418468,-12.02089228617412
WZL43589,H3,test,72,0,-19.850576,-5.3864865,-16.728156564404394
WZL43577,H3,train,123,0,-20.6442,-6.029446,-12.231477938166071
WZL43565,H3,train,123,0,-20.6442,-6.029446,-12.231477938166071
WZL43553,H3,val,280,0,-21.321568,-7.937758,-13.758607972810262
WZL43541,H3,test,79,0,-20.85363,-6.6584315,-14.23229592788201
WZL43529,H3,train,115,0,-21.414974,-8.0624275,-11.659208289601901
WZL43517,H3,train,278,0,-19.85226,-6.1959443,-12.952646332996759
WZL43506,H3,train,115,0,-21.233658,-7.892451,-11.96795162044763
WZL43494,H3,val,126,0,-20.421707,-5.913126,-11.689456530170908
WZL43482,H3,train,140,0,-20.432442,-5.571343,-11.57453455036641
WZL43470,H3,train,140,0,-20.432442,-5.571343,-11.57453455036641
WZL43458,H3,test,138,0,-19.686548,-5.192078,-12.76967877822097
WZL43446,H3,train,148,0,-20.521587,-5.9653916,-15.497045854417264
WZL43434,H3,train,123,0,-20.6442,-6.029446,-12.231477938166071
WZL43422,H3,train,104,0,-20.745579,-5.6224465,-12.567842029179
WZL43410,H3,train,137,0,-20.843695,-6.728873,-12.072199452491999
WZL43398,H3,train,115,0,-21.17158,-7.7193465,-10.571180419823085
WZL43386,H3,test,103,0,-21.939121,-6.2161956,-15.05516994930201
WZL43374,H3,train,123,0,-20.6442,-6.029446,-12.231477938166071
WZL43362,H3,train,123,0,-20.6442,-6.029446,-12.231477938166071
WZL43350,H3,val,123,0,-20.6442,-6.029446,-12.231477938166071
WZL43338,H3,train,135,0,-20.515667,-5.582909,-12.681145048809904
WZL43326,H3,train,103,0,-21.939121,-6.2161956,-15.05516994930201
WZL43314,H3,train,123,0,-20.6442,-6.029446,-12.231477938166071
WZL43302,H3,train,103,0,-21.939121,-6.2161956,-15.05516994930201
WZL43290,H3,train,138,0,-19.79417,-4.950498,-13.714497171985771
WZL43278,H3,test,115,0,-21.414974,-8.0624275,-11.659208289601901
WZL43266,H3,test,112,0,-21.162786,-6.279975,-10.702298014311774
WZL43254,H3,train,115,0,-21.414974,-8.0624275,-11.659208289601901
WZL43242,H3,test,115,0,-21.233665,-8.171659,-11.9012678496771
WZL43230,H3,train,139,0,-20.964977,-5.5418468,-12.02089228617412
WZL43218,H3,val,115,0,-21.414974,-8.0624275,-11.659208289601901
WZL43206,H3,val,115,0,-20.734764,-7.428016,-12.358517469487454
WZL43195,H3,train,139,0,-20.964977,-5.5418468,-12.02089228617412
WZL43183,H3,train,105,0,-19.66885,-3.3588264,-10.857365201140254
WZL43171,H3,test,135,0,-21.298931,-6.109584,-13.04462044757911
WZL43159,H3,train,149,0,-22.282913,-8.4637985,-13.625559407659948
WZL43147,H3,train,72,0,-20.858356,-6.906716,-10.087908965845708
WZL43135,H3,train,123,0,-20.6442,-6.029446,-12.231477938166071
WZL43123,H3,train,72,0,-20.672157,-5.437902,-11.75197989731073
WZL43111,H3,test,72,0,-20.672157,-5.437902,-11.75197989731073
WZL43099,H3,train,103,0,-21.939121,-6.2161956,-15.05516994930201
WZL43087,H3,train,104,0,-20.569977,-5.173696,-12.401394153892339
WZL43075,H3,train,150,0,-19.730724,-5.4632716,-10.125908946849663
WZL43063,H3,val,104,0,-21.01868,-6.0227914,-11.899754612935759
WZL43051,H3,val,123,0,-20.6442,-6.029446,-12.231477938166071
WZL43039,H3,test,123,0,-20.6442,-6.029446,-12.231477938166071
WZL43027,H3,train,276,0,-20.675129,-5.952291,-12.420807502607255
WZL43015,H3,train,138,0,-19.79417,-4.950498,-13.714497171985771
WZL43003,H3,val,138,0,-19.79417,-4.950498,-13.714497171985771
WZL42991,H3,test,115,0,-22.462399,-8.513976,-13.438159082217764
WZL42979,H3,train,125,0,-19.730886,-5.591289,-18.20908340020212
WZL42967,H3,train,123,0,-20.6442,-6.029446,-12.231477938166071
WZL42955,H3,val,123,0,-20.6442,-6.029446,-12.231477938166071
WZL42943,H3,train,104,0,-21.01868,-6.0227914,-11.899754612935759
WZL42931,H3,train,123,0,-20.6442,-6.029446,-12.231477938166071
WZL42919,H3,test,104,0,-21.01868,-6.0227914,-11.899754612935759
WZL42907,H3,test,104,0,-21.01868,-6.0227914,-11.899754612935759
WZL42895,H3,test,104,0,-21.01868,-6.0227914,-11.899754612935759
WZL42883,H3,train,104,0,-21.01868,-6.0227914,-11.899754612935759
WZL42871,H3,test,143,0,-20.32816,-5.5858464,-12.91809569842296
WZL42859,H3,train,281,0,-19.90509,-6.3018694,-14.449790248075578
WZL42847,H3,train,281,0,-19.90509,-6.3018694,-14.449790248075578
WZL42835,H3,train,104,0,-21.01868,-6.0227914,-11.899754612935759
WZL42823,H3,test,139,0,-20.964977,-5.5418468,-12.02089228617412
WZL42811,H3,train,123,0,-20.6442,-6.029446,-12.231477938166071
WZL42799,H3,test,135,0,-20.515667,-5.582909,-12.681145048809904
WZL42787,H3,train,104,0,-21.01868,-6.0227914,-11.899754612935759
WZL42775,H3,train,139,0,-20.964977,-5.5418468,-12.02089228617412
WZL42763,H3,val,139,0,-20.964977,-5.5418468,-12.02089228617412
WZL42751,H3,val,138,0,-20.991402,-6.818188,-12.663072406780087
WZL42739,H3,train,104,0,-21.01868,-6.0227914,-11.899754612935759
WZL42727,H3,train,139,0,-20.964977,-5.5418468,-12.02089228617412
WZL42715,H3,train,139,0,-20.964977,-5.5418468,-12.02089228617412
WZL42703,H3,train,115,0,-21.414974,-8.0624275,-11.659208289601901
WZL42691,H3,train,118,0,-20.06778,-4.6152186,-12.475992312685188
WZL42679,H3,train,135,0,-20.826164,-5.097413,-12.354339332082244
WZL42667,H3,test,123,0,-20.6442,-6.029446,-12.231477938166071
WZL42655,H3,val,123,0,-20.6442,-6.029446,-12.231477938166071
WZL42643,H3,val,281,0,-19.90996,-4.9978857,-12.704088009150064
WZL42631,H3,train,115,0,-21.324804,-7.646991,-12.239595481920558
WZL42621,H3,train,123,0,-20.6442,-6.029446,-12.231477938166071
WZL42611,H3,val,125,0,-19.485867,-4.7062955,-17.093507796521564
WZL42599,H3,train,72,0,-20.337341,-5.0724363,-11.492961982903447
WZL42590,H3,train,125,0,-19.534079,-4.8477597,-17.720910849074684
WZL42578,H3,train,123,0,-20.6442,-6.029446,-12.231477938166071
WZL42568,H3,train,142,0,-21.25327,-5.2222037,-11.787994902171487
WZL42558,H3,train,119,0,-20.680912,-6.371062,-12.278366430475625
WZL42549,H3,val,139,0,-20.964977,-5.5418468,-12.02089228617412
WZL42537,H3,test,115,0,-20.363537,-6.163093,-9.242117133472131
WZL42526,H3,train,103,0,-21.939121,-6.2161956,-15.05516994930201
WZL42516,H3,test,123,0,-20.075224,-6.031498,-10.938077635693235
WZL42506,H3,train,123,0,-20.6442,-6.029446,-12.231477938166071
WZL42496,H3,train,135,0,-19.864738,-5.042477,-13.13399798876276
WZL42486,H3,val,135,0,-20.515667,-5.582909,-12.681145048809904
WZL42476,H3,train,142,0,-21.25327,-5.2222037,-11.787994902171487
WZL42466,H3,val,123,0,-20.6442,-6.029446,-12.231477938166071
WZL42456,H3,train,123,0,-20.69278,-6.3358006,-11.82781603826034
WZL42446,H3,train,139,0,-20.964977,-5.5418468,-12.02089228617412
WZL42436,H3,train,145,0,-20.364368,-5.6332493,-13.228757116120503
WZL42426,H3,val,119,0,-20.680912,-6.371062,-12.278366430475625
WZL42416,H3,val,139,0,-20.964977,-5.5418468,-12.02089228617412
WZL42405,H3,train,123,0,-20.692219,-5.389259,-12.814048142948296
WZL42394,H3,val,115,0,-20.003265,-5.5607014,-7.7732643667741534
WZL42384,H3,val,123,0,-20.987286,-7.1520076,-11.915007478430942
WZL42374,H3,val,123,0,-21.022429,-7.779596,-10.41456649061091
WZL42364,H3,test,123,0,-20.6442,-6.029446,-12.231477938166071
WZL42354,H3,val,115,0,-21.406643,-7.5444045,-11.868774876510123
WZL42344,H3,train,135,0,-20.515667,-5.582909,-12.681145048809904
WZL42334,H3,train,123,0,-20.692219,-5.389259,-12.814048142948296
WZL42325,H3,train,138,0,-20.090477,-5.4208817,-14.863555489034056
WZL42320,H3,train,115,0,-21.189121,-7.9978437,-12.340921158616077
WZL42308,H3,train,123,0,-20.6442,-6.029446,-12.231477938166071
WZL42297,H3,val,119,0,-20.536053,-4.6098437,-12.998201127411361
WZL42287,H3,train,139,0,-20.964977,-5.5418468,-12.02089228617412
WZL42277,H3,val,123,0,-20.6442,-6.029446,-12.231477938166071
WZL42267,H3,test,123,0,-20.6442,-6.029446,-12.231477938166071
WZL42259,H3,train,123,0,-20.69278,-6.3358006,-11.82781603826034
WZL42249,H3,val,123,0,-20.6442,-6.029446,-12.231477938166071
WZL42239,H3,train,123,0,-20.6442,-6.029446,-12.231477938166071
WZL42230,H3,train,123,0,-20.793198,-6.702519,-13.671398767025321
WZL42220,H3,val,123,0,-20.067137,-6.093708,-12.202323013964632
WZL42210,H3,train,141,0,-20.13293,-4.4211707,-11.524863233793262
WZL42203,H3,train,141,0,-20.13293,-4.4211707,-11.524863233793262
WZL42193,H3,train,135,0,-19.864738,-5.042477,-13.13399798876276
WZL42183,H3,train,275,0,-21.224072,-8.177437,-11.835628375786571
WZL42172,H3,val,123,0,-20.067137,-6.093708,-12.202323013964632
WZL42162,H3,test,282,0,-20.71429,-7.8658576,-14.424310236196352
WZL42152,H3,train,123,0,-20.6442,-6.029446,-12.231477938166071
WZL42141,H3,test,139,0,-19.99799,-5.1464024,-13.759349496560123
WZL42131,H3,train,123,0,-20.421091,-5.838529,-13.107442035737943
WZL42121,H3,test,123,0,-20.6442,-6.029446,-12.231477938166071
WZL42111,H3,test,123,0,-20.6442,-6.029446,-12.231477938166071
WZL42100,H3,val,139,0,-20.964977,-5.5418468,-12.02089228617412
WZL42089,H3,train,123,0,-20.6442,-6.029446,-12.231477938166071
WZL42079,H3,test,115,0,-21.569193,-8.707136,-12.766248099813346
WZL42069,H3,train,72,0,-20.821117,-6.327395,-11.90760495173561
WZL42060,H3,test,115,0,-21.569193,-8.707136,-12.766248099813346
WZL42050,H3,train,119,0,-20.536053,-4.6098437,-12.998201127411361
WZL42039,H3,val,115,0,-21.569193,-8.707136,-12.766248099813346
WZL42029,H3,val,119,0,-20.536053,-4.6098437,-12.998201127411361
WZL42018,H3,train,123,0,-21.161827,-6.784578,-11.71181956304366
WZL42008,H3,train,121,0,-20.475351,-6.120353,-11.868794774077246
WZL42000,H3,val,115,0,-21.414974,-8.0624275,-11.659208289601901
WZL41990,H3,test,115,0,-21.414974,-8.0624275,-11.659208289601901
WVR18255,H3,train,283,0,-15.847216,2.5442564,-15.701823532576444
WVR18245,H3,train,284,0,-14.3968725,3.398164,-19.879978628958227
QPZ33437,H3,train,285,0,-0.7142063,28.490767,-25.034160368442986
QPZ33489,H3,test,11,0,-2.9486017,30.100132,-28.286461751009718
QPZ33477,H3,train,100,0,-3.8308136,29.526875,-28.760824480200682
QPZ33449,H3,train,285,0,-0.7142063,28.490767,-25.034160368442986
QPZ33425,H3,train,13,0,-2.8390083,29.25247,-26.025288176935707
QIB02480,H3,val,286,0,-14.845286,-3.0533707,-29.68683192634993
QIB02472,H3,train,286,0,-15.655662,-5.246121,-23.934530446359545
QIB02343,H3,train,286,0,-15.476756,-4.8908715,-26.069282955541514
QIB02326,H3,train,287,0,-14.537492,2.6529,-27.679819717626373
WPF72611,H3,train,80,0,-15.33659,5.521136,-4.974431315648523
WPF72599,H3,train,80,0,-15.33659,5.521136,-4.974431315648523
WPF72587,H3,train,80,0,-13.329316,8.329348,-5.125131181722437
WOP46039,H3,test,115,0,-22.462399,-8.513976,-13.438159082217764
WOA06558,H3,train,107,0,-20.641407,-2.7284825,-7.418943086962196
WOA06557,H3,train,107,0,-20.641407,-2.7284825,-7.418943086962196
WOA06556,H3,train,107,0,-20.641407,-2.7284825,-7.418943086962196
WOA06555,H3,train,107,0,-20.192757,-1.4894187,-7.0080974406429135
WOA06554,H3,val,107,0,-20.516743,-1.952925,-10.051191011759094
WOA06553,H3,train,126,0,-21.98098,-7.711612,-10.272718499335237
WOA06552,H3,train,288,0,-16.20937,3.2837029,-13.295484485363543
WOA06551,H3,train,288,0,-14.275994,6.6479087,-12.870012169068703
WOA06550,H3,train,288,0,-16.652409,0.10480936,-11.58466784442664
WOA06549,H3,train,288,0,-13.18357,8.855114,-8.266770206888067
WOA06541,H3,train,288,0,-15.673522,3.8657198,-9.550865319817165
WOA06540,H3,train,288,0,-15.673522,3.8657198,-9.550865319817165
WOA06539,H3,train,288,0,-15.74076,3.7174115,-10.191157399016237
WOA06538,H3,train,289,1,-17.703167,1.8535314,2.611008112185031
WOA06537,H3,train,289,1,-17.703167,1.8535314,2.611008112185031
WOA06536,H3,train,290,0,-15.5904875,3.6726172,-6.494631047399743
WIW78011,H3,test,291,0,-21.429878,-4.162975,-7.250353926687079
WIW77999,H3,val,291,0,-21.378622,-4.741151,-9.031077450439655
WIW77987,H3,train,291,0,-21.378622,-4.741151,-9.031077450439655
WIW77975,H3,train,291,0,-21.378622,-4.741151,-9.031077450439655
WIW77963,H3,train,291,0,-21.378622,-4.741151,-9.031077450439655
WIW77951,H3,train,292,0,-19.449142,0.74527293,-6.734819790555884
WIW77939,H3,train,291,0,-21.378622,-4.741151,-9.031077450439655
WIW77927,H3,train,291,0,-21.425106,-5.327972,-10.310018969779303
WIW77915,H3,val,291,0,-21.378622,-4.741151,-9.031077450439655
WIW77680,H3,train,291,0,-21.378622,-4.741151,-9.031077450439655
WIW77668,H3,train,291,0,-21.378622,-4.741151,-9.031077450439655
WIW77656,H3,train,291,0,-21.378622,-4.741151,-9.031077450439655
WIW77644,H3,train,291,0,-21.465326,-4.362283,-9.498703453083994
WIW77632,H3,test,291,0,-21.378622,-4.741151,-9.031077450439655
WIW77620,H3,train,291,0,-21.378622,-4.741151,-9.031077450439655
WIW77608,H3,train,291,0,-21.425106,-5.327972,-10.310018969779303
WIW77596,H3,train,291,0,-21.378622,-4.741151,-9.031077450439655
WIW77584,H3,test,291,0,-21.378622,-4.741151,-9.031077450439655
WIW77572,H3,train,291,0,-21.307756,-4.627546,-7.716609483127615
WIW77206,H3,train,291,0,-22.015026,-5.496095,-9.94598191078293
WIW77194,H3,train,291,0,-21.378622,-4.741151,-9.031077450439655
WIW77182,H3,train,291,0,-21.082975,-4.9926763,-10.372601845906571
WIW77170,H3,train,291,0,-21.378622,-4.741151,-9.031077450439655
WIW77158,H3,train,291,0,-21.590359,-4.919413,-10.324071713884347
WIW77146,H3,train,291,0,-21.425106,-5.327972,-10.310018969779303
WIW77134,H3,train,291,0,-21.425106,-5.327972,-10.310018969779303
WIW77122,H3,test,291,0,-21.378622,-4.741151,-9.031077450439655
WIW77110,H3,train,291,0,-21.378622,-4.741151,-9.031077450439655
WIW77098,H3,train,291,0,-21.425106,-5.327972,-10.310018969779303
WIW77086,H3,test,291,0,-21.378622,-4.741151,-9.031077450439655
WIW77074,H3,train,291,0,-21.378622,-4.741151,-9.031077450439655
WIW77062,H3,train,291,0,-21.378622,-4.741151,-9.031077450439655
WIW72829,H3,train,291,0,-21.425106,-5.327972,-10.310018969779303
WIW72817,H3,train,291,0,-21.378622,-4.741151,-9.031077450439655
WIW72805,H3,train,291,0,-21.378622,-4.741151,-9.031077450439655
WIW72793,H3,train,292,0,-19.449142,0.74527293,-6.734819790555884
WIW72764,H3,train,291,0,-17.041773,-3.1798258,-22.1699457991269
WIW72752,H3,train,291,0,-21.378622,-4.741151,-9.031077450439655
WIW72740,H3,train,291,0,-21.378622,-4.741151,-9.031077450439655
WIW72318,H3,train,291,0,-20.587513,-3.2439702,-10.165233838410986
WIW72306,H3,train,291,0,-21.085835,-4.2863436,-6.780235620344373
WIW72294,H3,train,291,0,-21.953505,-5.884378,-10.036055519260174
WIW72282,H3,val,291,0,-21.378622,-4.741151,-9.031077450439655
WHO46301,H3,train,107,0,-20.13057,-3.7380173,-8.932526576639907
WHO46272,H3,train,293,0,-20.655209,-5.7879057,-9.1183930063049
WHO46240,H3,train,107,0,-20.231783,-2.4463825,-7.194931408579621
WHL55455,H3,train,294,0,-3.2207925,32.623,-29.61315750685427
WFH86296,H3,val,107,0,-20.552883,-3.5950148,-10.156772348367868
WFH86273,H3,val,107,0,-20.552883,-3.5950148,-10.156772348367868
WFH86261,H3,train,295,0,-20.013218,-3.8461154,-16.846457782364748
WFH86249,H3,train,295,0,-20.223286,-3.0521057,-17.370605579014672
WFH86226,H3,train,295,0,-20.639572,-3.6922133,-17.442437085338653
WFH86203,H3,test,293,0,-20.984798,-5.726361,-8.429815914668215
WFH86191,H3,val,295,0,-20.639572,-3.6922133,-17.442437085338653
WFH86179,H3,val,295,0,-20.639572,-3.6922133,-17.442437085338653
WFH86167,H3,train,107,0,-18.845491,-1.7058933,-9.216641718241904
WFH86155,H3,train,295,0,-20.639572,-3.6922133,-17.442437085338653
WFH86143,H3,train,295,0,-20.639572,-3.6922133,-17.442437085338653
WFH86109,H3,train,107,0,-20.192757,-1.4894187,-7.0080974406429135
WFH86097,H3,test,295,0,-20.28647,-3.8301136,-17.76675800599071
WFH86085,H3,train,107,0,-18.842705,0.6153428,-7.8349214654434585
WFH86073,H3,test,107,0,-19.667221,-1.643983,-5.80454352086808
WFH86061,H3,train,107,0,-19.751144,-0.09407676,-4.525587434867555
WFH86038,H3,train,295,0,-20.242449,-3.5782168,-18.991967690916773
WFH86026,H3,train,295,0,-20.996304,-4.2419224,-17.409893567400367
WFH86014,H3,train,295,0,-20.639572,-3.6922133,-17.442437085338653
WFH86002,H3,train,107,0,-20.192757,-1.4894187,-7.0080974406429135
WFH85990,H3,train,295,0,-20.403406,-3.101248,-16.149160763006805
WFH85978,H3,train,295,0,-20.639572,-3.6922133,-17.442437085338653
WFH85966,H3,val,107,0,-20.600624,-3.6687186,-10.895022338452215
WFH85943,H3,train,107,0,-20.114779,0.24053858,-7.284996081433873
WFH85909,H3,train,107,0,-17.307936,4.175572,-9.666502273058107
WFH85886,H3,train,295,0,-20.639572,-3.6922133,-17.442437085338653
WFH85863,H3,test,107,0,-20.412502,-3.840904,-8.863699866234674
WFH85840,H3,train,107,0,-18.842705,0.6153428,-7.8349214654434585
WFH85817,H3,train,107,0,-18.842705,0.6153428,-7.8349214654434585
WFH85805,H3,test,295,0,-20.639572,-3.6922133,-17.442437085338653
WFH85793,H3,train,107,0,-20.192757,-1.4894187,-7.0080974406429135
WFH85770,H3,train,107,0,-20.340382,-0.16720958,-6.348721283429792
WFH85758,H3,train,107,0,-18.842705,0.6153428,-7.8349214654434585
WFH85746,H3,train,107,0,-18.842705,0.6153428,-7.8349214654434585
WFH85734,H3,train,107,0,-18.842705,0.6153428,-7.8349214654434585
WFH85722,H3,train,107,0,-20.206562,-2.4962356,-9.532072841413862
WFH85677,H3,val,295,0,-20.639572,-3.6922133,-17.442437085338653
WFH85588,H3,test,107,0,-18.842705,0.6153428,-7.8349214654434585
WFH85576,H3,train,107,0,-18.842705,0.6153428,-7.8349214654434585
WFH85564,H3,train,107,0,-18.565063,2.5884843,-5.898401063479884
WFH85552,H3,train,107,0,-18.842705,0.6153428,-7.8349214654434585
WFH85540,H3,train,107,0,-18.842705,0.6153428,-7.8349214654434585
WFH85528,H3,test,107,0,-18.842705,0.6153428,-7.8349214654434585
WFH85516,H3,train,107,0,-18.842705,0.6153428,-7.8349214654434585
WFH85445,H3,val,126,0,-21.98098,-7.711612,-10.272718499335237
WFH85444,H3,train,126,0,-23.08713,-7.7058816,-13.478916821111666
WFH85443,H3,test,126,0,-21.98098,-7.711612,-10.272718499335237
WFH85442,H3,train,107,0,-20.050934,-1.2906733,-6.975635118328635
WFH85441,H3,train,293,0,-20.984798,-5.726361,-8.429815914668215
WFH85440,H3,test,126,0,-20.66203,-5.74695,-12.974040083313653
WFH85439,H3,train,291,0,-20.840452,-4.973476,-8.576705079252553
WFH85361,H3,train,291,0,-20.840452,-4.973476,-8.576705079252553
WFH85360,H3,val,107,0,-20.623575,-3.1734154,-3.0304240124536133
WFH85359,H3,val,126,0,-23.08713,-7.7058816,-13.478916821111666
WFH85358,H3,train,107,0,-20.509285,-3.4116943,-9.259865506805554
WFH85312,H3,train,126,0,-21.24286,-6.622112,-13.611979975006811
WFH85276,H3,train,126,0,-20.6348,-5.350053,-9.594301502200475
WFH85275,H3,train,126,0,-21.919674,-7.9107475,-8.774238054394027
WFH85274,H3,train,126,0,-21.919674,-7.9107475,-8.774238054394027
WFH85185,H3,train,107,0,-18.842705,0.6153428,-7.8349214654434585
WFH85184,H3,train,126,0,-21.26186,-8.122055,-8.57095450935581
WFH85183,H3,train,126,0,-21.98098,-7.711612,-10.272718499335237
WFH85182,H3,val,126,0,-22.353935,-8.369024,-9.724353609727943
WFH85112,H3,test,107,0,-20.84426,-3.8397067,-9.558076396071128
WFH85043,H3,train,126,0,-21.98098,-7.711612,-10.272718499335237
WFH85042,H3,train,126,0,-21.91613,-7.870031,-9.371413374346497
WFH85041,H3,train,115,0,-21.720959,-7.355499,-9.340599005394312
WFH85040,H3,train,295,0,-20.639572,-3.6922133,-17.442437085338653
WFH85039,H3,val,126,0,-21.854515,-7.966969,-8.483548562767403
WFH85038,H3,test,126,0,-21.919674,-7.9107475,-8.774238054394027
WFH85037,H3,train,107,0,-20.128874,-3.07916,-7.512536107620143
WFH85036,H3,train,126,0,-20.723457,-6.0664496,-13.424460124270002
WES82532,H3,train,107,0,-20.26101,-2.9742048,-8.51875348489602
WES75242,H3,train,107,0,-21.013304,-4.360637,-9.449416997967157
WCR54599,H3,train,296,0,0.40429363,28.57634,-37.948318639751754
WCR54589,H3,train,316,0,-0.5651981,14.293077,-37.20058368686229
WCR54593,H3,train,316,0,-0.5651981,14.293077,-37.20058368686229
WCI21515,H3,val,5,0,0.782828,16.876633,-28.51940260197962
WCF71433,H3,train,210,0,-11.819484,4.1095724,-16.826317931345365
WCF71421,H3,train,177,1,-20.275415,-5.0551047,1.3607233413649436
WCF71409,H3,train,297,0,-14.304015,2.2624133,-2.965081860173701
WCF71397,H3,test,170,0,-12.939086,6.443342,-10.10511103050792
WCF71387,H3,train,177,1,-18.810184,-2.215659,0.21298729777095993
WCF71375,H3,train,298,0,-19.482342,-2.7528348,-3.315843866624462
WCF71363,H3,train,170,0,-12.799891,6.6489077,-10.26979320339376
WCF71352,H3,train,299,0,-17.97277,-2.8055122,-7.335969071364698
WCF71340,H3,train,163,0,-11.963074,4.0504107,-16.08263740629104
WCF71318,H3,train,201,1,-7.9724336,15.713444,3.3166684714851833
WCF71306,H3,train,300,0,-16.740791,0.8693863,-3.6614451361425218
WCF71330,H3,train,201,1,-7.865722,15.644344,0.210750554924914
WCF71295,H3,train,288,0,-15.280147,5.75145,-7.925812791008699
WCF71283,H3,train,301,0,-17.14294,1.3942825,-10.99690190930737
WCF71272,H3,test,163,0,-11.779488,4.101352,-16.21846402180322
WCF71248,H3,train,302,0,-12.724322,10.982763,-5.454096858480598
WCF71260,H3,val,210,0,-10.759685,4.106869,-17.518744799407695
WCF71224,H3,train,209,0,-11.9309,4.213239,-17.597420374931353
WCF71236,H3,train,210,0,-11.562186,3.2385385,-17.383955844714393
WCF71212,H3,train,163,0,-11.963074,4.0504107,-16.08263740629104
WCF71200,H3,train,170,0,-12.805313,6.5225196,-11.848079478465761
WCF71190,H3,train,199,0,-11.767394,9.507128,-9.691768558999652
WCF71172,H3,val,168,0,-13.3355,-0.74212575,-19.745881680110482
WCF71160,H3,train,303,0,-18.490768,-0.111682996,-4.103103966207245
WCF71148,H3,val,201,1,-7.9365478,15.849478,0.7605485123423659
WCF71138,H3,train,304,0,-13.644952,8.943832,-7.548359565270193
WCF71126,H3,train,290,0,-14.361754,7.57544,-4.035686324860146
WCF71114,H3,train,208,0,-9.479714,3.0717375,-23.04544762392819
WCF71102,H3,val,170,0,-12.799891,6.6489077,-10.26979320339376
WCF71092,H3,test,166,0,-10.555405,6.0636153,-16.265704243535694
WCF71080,H3,train,163,0,-11.963074,4.0504107,-16.08263740629104
WCF71058,H3,val,168,0,-13.3355,-0.74212575,-19.745881680110482
WCF71070,H3,train,170,0,-12.799891,6.6489077,-10.26979320339376
WCF71046,H3,train,305,0,-18.97945,-3.2580779,-8.621811537399198
WCF71034,H3,train,201,1,-7.9724336,15.713444,3.3166684714851833
WCF71022,H3,train,166,0,-10.201958,7.07832,-16.834982197139894
WCF71010,H3,train,302,0,-11.704851,12.44099,-10.809611094561284
WCF70998,H3,train,289,1,-17.20427,1.525536,1.9548741596433405
WCF70988,H3,test,210,0,-11.826173,3.2600634,-17.346009006437068
WCF70976,H3,train,170,0,-12.799891,6.6489077,-10.26979320339376
WCF70965,H3,train,298,0,-16.095161,3.8874495,-3.3271197970338395
WCF70953,H3,train,170,0,-12.732387,6.155892,-11.220166627160054
WCF70917,H3,train,166,0,-10.201958,7.07832,-16.834982197139894
WCF70941,H3,train,163,0,-12.626122,2.8591976,-14.77203229049407
WCF70929,H3,train,163,0,-11.779488,4.101352,-16.21846402180322
WCF70906,H3,test,163,0,-11.963074,4.0504107,-16.08263740629104
WCF70886,H3,test,201,1,-8.082416,15.609264,2.0774471689458682
WCF70898,H3,test,201,1,-4.908419,15.524263,0.947383204885961
UKH70671,H3,test,306,0,-2.740702,24.358406,-22.78323035763914
UKH70659,H3,train,307,0,-2.965017,26.790424,-29.627720012352874
UKH70647,H3,val,307,0,-2.5570302,20.871632,-20.86577058423179
UKH70635,H3,train,308,0,-3.2641034,28.095417,-30.827345357798166
UKH70623,H3,train,309,0,-1.5882335,28.156174,-31.092192353406794
UKH70611,H3,train,307,0,-2.760346,26.397339,-31.58329010883139
WBS97803,H3,val,310,0,-15.927493,4.307099,-10.001620242863268
WBS97802,H3,test,311,0,-14.960391,3.519106,-12.703273875276476
WBS97801,H3,train,288,0,-14.996079,5.3049145,-9.698666491876425
WBS97800,H3,val,80,0,-15.149241,7.810447,-0.667851729483548
WBS97799,H3,train,288,0,-12.8653345,9.598757,-8.329705745113259
WBS97796,H3,val,292,0,-19.52007,1.3116672,-9.951693401271967
WBS97794,H3,val,292,0,-17.890118,4.8475723,-6.652860378403596
WBS97793,H3,val,676,0,-16.202042,-6.983777,-20.34142849837056
WBS97792,H3,train,292,0,-19.26934,0.971168,-5.999286336089394
WBS97791,H3,val,292,0,-19.52007,1.3116672,-9.951693401271967
WBS97790,H3,train,292,0,-19.749983,-0.8963403,-9.933598932581791
WBS97788,H3,train,310,0,-16.886885,2.9115205,-11.301859984017968
WBS97787,H3,train,80,0,-15.319343,4.3088956,-10.3692460255739
WBS97784,H3,test,292,0,-19.481953,-1.9047031,-13.91766534796108
WBS97783,H3,train,292,0,-19.26934,0.971168,-5.999286336089394
WBS97782,H3,train,292,0,-18.95805,4.164311,-12.173550597716247
WBS97781,H3,train,292,0,-19.52007,1.3116672,-9.951693401271967
WBS97780,H3,train,288,0,-15.124981,4.929772,-11.063663228442515
WBR47351,H3,train,107,0,-19.211838,-1.9127407,-5.7453626560638105
WBR47331,H3,train,107,0,-19.999477,-1.4256723,-10.355590186751904
WBR44974,H3,train,126,0,-21.988976,-7.427365,-8.031450668303808
QTC20725,H3,train,312,0,-15.493675,-4.646313,-28.88421550140724
UZO45473,H3,train,313,0,-20.243465,-1.1688809,-17.436718607559513
UZO45325,H3,train,295,0,-20.155956,-1.7307341,-18.36638972835012
UZO45301,H3,val,295,0,-20.338531,-2.2445734,-17.37123220583096
UZO40557,H3,train,291,0,-21.44469,-5.3719096,-9.226491935925768
UZO39405,H3,val,107,0,-19.844513,-0.98882914,-11.027634362437032
UZO39213,H3,train,313,0,-20.011065,-0.18938261,-18.76772355211747
UZO38993,H3,test,314,0,-18.328976,0.7109118,-5.205088461570816
UZO36526,H3,train,292,0,-19.936787,1.40463,-6.69461635063404
UZO36440,H3,val,315,0,-17.35778,6.6235986,-5.782163161026622
UZO36307,H3,val,291,0,-21.425106,-5.327972,-10.310018969779303
UZH94908,H3,test,5,0,0.58969104,16.393164,-29.234473843323286
UZH94884,H3,train,5,0,1.022727,16.731565,-29.51950996668949
UZH94862,H3,train,296,0,0.40429363,28.57634,-37.948318639751754
UZH94840,H3,train,316,0,0.7243005,14.93852,-33.819127288689565
UZH94807,H3,val,296,0,0.40429363,28.57634,-37.948318639751754
UZH94797,H3,val,316,0,0.7243005,14.93852,-33.819127288689565
UZH94785,H3,train,316,0,0.7243005,14.93852,-33.819127288689565
UYR15249,H3,train,5,0,0.782828,16.876633,-28.51940260197962
UYR10301,H3,train,316,0,1.1995866,15.593058,-33.20198150657079
UYR10252,H3,train,5,0,0.442963,15.979332,-30.86975995562107
UYL65108,H3,train,292,0,-19.936787,1.40463,-6.69461635063404
UYL16211,H3,train,313,0,-20.011065,-0.18938261,-18.76772355211747
QGI57457,H3,train,317,0,-4.093535,16.874683,-27.092200793904613
ADD97077,H3,train,306,0,-2.5976555,28.003231,-25.92483201028763
UVV50350,H3,train,650,0,11.1100645,3.5644636,-49.26125720661963
UVV50339,H3,train,650,0,17.789062,10.018644,-21.452960466406154
UVV50329,H3,train,674,0,18.229088,18.10162,-36.599107918278605
UVV50317,H3,train,644,0,11.097987,-0.55569696,-41.76373818201683
UVV50306,H3,test,306,0,2.3593388,30.508102,-29.906574070357678
UVV50294,H3,train,306,0,-3.2271152,26.190128,-25.875535602175773
UVV50282,H3,train,306,0,3.04362,29.503216,-15.94403252213981
USO97899,H3,test,318,1,-18.485504,0.32102007,-5.414899651964581
USO97049,H3,train,319,0,-3.155171,23.830153,-6.367691601032968
USO97036,H3,train,320,0,-4.80222,21.729374,-9.726103448207553
UNA44800,H3,train,321,0,-7.4214606,11.26116,-25.186152274712157
UNA44822,H3,train,321,0,-7.088924,11.889024,-25.02463106817253
UNA44810,H3,train,322,0,-1.0177298,16.722298,-25.23641434227188
UNA44546,H3,train,322,0,-1.0177298,16.722298,-25.23641434227188
UEP57961,H3,val,323,0,-7.836123,14.184144,-28.297134255202153
QEO76008,H3,test,100,0,-3.541205,28.913448,-25.417301780870662
AMY16096,H3,val,325,0,-11.350254,3.9654226,-26.66824661032065
ALP01956,H3,train,174,0,-11.512975,4.074653,-13.50384290123672
ALJ54619,H3,train,326,0,-12.484696,2.9307916,-28.20531717846074
QVE64429,H3,train,32,0,0.17219482,15.993006,-28.09233591616033
ASB32474,H3,test,327,0,-13.276416,7.2560782,-4.647489290924649
QPP47266,H3,train,328,0,-13.825387,0.4586268,-7.887046992790481
QPP47265,H3,train,237,0,-13.194608,4.5469155,-5.51870895082189
QPP47264,H3,test,329,0,-11.911517,6.105288,-7.391727685907501
QPP47262,H3,train,328,0,-13.825387,0.4586268,-7.887046992790481
QPP47260,H3,train,328,0,-13.625426,0.9843785,-6.571539273786944
QPP47255,H3,val,330,0,-14.239984,1.069738,-10.994259479445175
QPP47253,H3,val,237,0,-12.549603,5.5794234,-5.73250249305931
QPP47252,H3,train,179,0,-14.862372,2.3226664,-7.056200908328819
QPP47251,H3,train,179,0,-14.018584,2.9609745,-6.0805779745818
QHF16222,H3,train,331,0,-15.311179,2.2426765,-5.087660608043845
QHF16217,H3,train,243,0,-13.47651,4.1247597,-5.8952816204142255
QHF16212,H3,train,179,0,-15.943839,0.8094191,-7.719311434428569
QHF16210,H3,train,179,0,-12.390723,6.7793107,-8.446634198229216
QHF16205,H3,train,179,0,-14.204288,4.2714553,-7.125304174915671
QHF16201,H3,train,179,0,-14.05285,5.944963,-6.711487730994383
QHF16200,H3,train,332,0,-17.182873,-0.24317707,-0.36425647720477095
QHF16199,H3,val,289,1,-16.965519,-0.06878943,-0.2744548772442972
QHF16198,H3,val,333,0,-16.506517,-0.9135799,0.6684229104716088
QHF16197,H3,test,333,0,-13.796895,3.6179469,-3.3185260458796844
QHF16196,H3,train,327,0,-15.8532,2.0979097,-3.1219362339797616
QHF16191,H3,test,327,0,-17.3278,0.57828885,0.34404780697973614
QHF16190,H3,train,327,0,-13.276416,7.2560782,-4.647489290924649
QHF16189,H3,test,327,0,-16.801521,0.92368484,-0.392074686924035
QHF16188,H3,val,327,0,-16.801521,0.92368484,-0.392074686924035
QHF16187,H3,train,327,0,-17.3278,0.57828885,0.34404780697973614
AXO64577,H3,train,334,0,0.46570447,27.194368,-38.36317558253515
AXO64553,H3,train,334,0,0.46570447,27.194368,-38.36317558253515
AXO64488,H3,train,334,0,0.46570447,27.194368,-38.36317558253515
AXO64401,H3,train,334,0,0.46570447,27.194368,-38.36317558253515
AXO64314,H3,train,334,0,0.46570447,27.194368,-38.36317558253515
AXO64246,H3,train,335,0,0.4547367,19.166058,-28.861427775268858
AXO64211,H3,val,336,0,2.2014236,30.267597,-35.44747187616071
AXO64122,H3,train,334,0,0.46570447,27.194368,-38.36317558253515
AXO64104,H3,train,334,0,0.46570447,27.194368,-38.36317558253515
AWZ62046,H3,val,335,0,-0.11755528,17.87812,-30.2797307542248
AWZ61567,H3,test,334,0,0.46570447,27.194368,-38.36317558253515
AWZ61415,H3,train,335,0,-0.11755528,17.87812,-30.2797307542248
AWZ61402,H3,train,335,0,0.25352883,17.638824,-30.47305586696885
AWZ61355,H3,test,334,0,0.46570447,27.194368,-38.36317558253515
AWZ61271,H3,test,335,0,-0.11755528,17.87812,-30.2797307542248
AWZ61148,H3,train,335,0,-0.11755528,17.87812,-30.2797307542248
AYD37923,H3,train,337,0,-3.9943032,27.29721,-34.32784599054285
AXO64330,H3,train,335,0,-0.11755528,17.87812,-30.2797307542248
QNI23608,H3,val,32,0,1.2018299,16.906723,-30.25685358332467
QNI23603,H3,train,32,0,-0.77359253,17.607624,-29.46467537106033
AYD38351,H3,val,335,0,-5.330333,17.651913,-20.514925941225428
AYD37800,H3,train,337,0,-3.9943032,27.29721,-34.32784599054285
AYA78737,H3,train,5,0,-5.575145,15.367039,-18.60948255143622
QKS74749,H3,val,334,0,-3.123094,28.354109,-30.911955099012545
QKS74710,H3,train,32,0,0.47945836,15.241138,-30.289066602571808
QKS74657,H3,train,338,0,0.42922848,17.149494,-28.32434535081162
QKS74667,H3,val,32,0,0.47945836,15.241138,-30.289066602571808
QKS74630,H3,train,32,0,1.2018299,16.906723,-30.25685358332467
QKS74613,H3,val,32,0,0.47945836,15.241138,-30.289066602571808
QKS74545,H3,train,32,0,0.5399834,15.3145275,-29.63218896397524
QKS74470,H3,val,32,0,1.2018299,16.906723,-30.25685358332467
QIV19651,H3,train,80,0,-15.395328,7.771681,-7.755442320503722
QIQ46003,H3,train,80,0,-16.152866,5.8082643,-9.970488027240362
QIJ25983,H3,train,339,0,-16.09477,4.690143,-2.088201005216497
QIA55118,H3,train,80,0,-16.152866,5.8082643,-9.970488027240362
QHW14789,H3,val,80,0,-15.848677,6.4182115,-8.230498152352888
QHW14782,H3,train,340,0,-16.03647,6.1806617,-10.813280588140008
QGQ58784,H3,train,340,0,-17.11356,2.757929,-11.808672726842344
QGQ58778,H3,val,80,0,-15.1858225,6.87334,-8.997674876745524
QGQ58191,H3,train,339,0,-15.790977,4.8135505,-2.847899485249286
QGQ58177,H3,train,340,0,-15.857672,6.042722,-9.386029435627785
QDX47307,H3,train,679,0,-0.51964414,14.378592,-19.16835540209733
QDX47306,H3,train,636,0,-4.3380156,16.147675,-26.552662571819024
ASJ81359,H3,train,341,0,-2.4631417,19.67253,-15.373295583563412
ASJ81358,H3,train,552,0,10.62438,3.7665234,-59.14986284899149
ASJ80989,H3,train,341,0,-2.4631417,19.67253,-15.373295583563412
ASJ80988,H3,train,578,0,-10.826668,6.5633426,-24.364519693215527
QFU20134,H3,val,201,1,-7.8180385,16.39956,3.8337473590754936
QEN96592,H3,test,339,0,-16.530228,4.0170856,-2.0361163923900367
QEI01938,H3,train,339,0,-15.790977,4.8135505,-2.847899485249286
QEH91626,H3,test,80,0,-14.780343,7.4902225,-5.204202560166075
BBM96444,H3,train,344,0,-2.9030828,32.153915,-32.65800236325978
BBM96433,H3,val,645,0,-3.0294218,29.045094,-25.13300165931133
BBM96487,H3,train,654,0,-1.0940425,31.288317,-21.605959259761992
BBM96476,H3,train,658,0,0.023318298,30.429935,-30.338244602896616
BBM96466,H3,val,654,0,0.16819005,31.267885,-27.903794244815703
BBM96455,H3,val,345,0,-1.467129,32.01614,-33.6636292440878
BBM96422,H3,train,655,0,-1.2182248,28.427275,-17.44240773137353
BBM96411,H3,train,633,0,-3.3236773,29.256111,-32.82342092576885
QDX11291,H3,train,201,1,-7.9724336,15.713444,3.3166684714851833
QDQ43496,H3,train,80,0,-15.505031,6.882095,-9.250427281238913
QDE06209,H3,test,80,0,-15.505031,6.882095,-9.250427281238913
QCW13014,H3,val,201,1,-7.792089,15.384043,2.533629806005667
QCW12961,H3,train,177,1,-17.469027,2.5192595,1.8890361671322857
QCU45282,H3,test,303,0,-16.933949,2.7289693,-4.677659720156643
QCR64923,H3,train,346,0,-1.6310818,34.679573,-29.776578572723473
AVZ24026,H3,test,347,0,-15.908408,3.5193493,-20.987832029503608
AVZ24025,H3,val,289,1,-16.58722,2.1870067,2.4234060408020266
AVZ24024,H3,train,289,1,-17.63426,1.1563585,3.456697893313903
AVZ24023,H3,train,289,1,-16.12368,-0.10419289,0.43084304966187226
AVZ24022,H3,val,347,0,-16.343204,2.8149855,-21.754479169250118
AVZ24021,H3,test,299,0,-14.559478,3.1908023,-0.9964684858350861
AVZ24020,H3,train,348,0,-15.099351,2.2741601,-1.1049413806492456
AVZ24019,H3,train,348,0,-15.987084,-0.5814772,-1.707156288433021
AVZ24018,H3,train,289,1,-15.087594,4.6537814,-3.5912707269466733
AVZ24017,H3,train,289,1,-17.325378,0.73572063,5.7815709087609495
AVZ24016,H3,val,289,1,-17.316963,1.4884953,2.8218456666045437
AVZ24015,H3,val,288,0,-15.105699,10.250828,-8.234516772275791
AVZ24014,H3,train,288,0,-15.436848,6.0618615,-7.934754769993811
AVZ24013,H3,train,288,0,-15.280147,5.75145,-7.925812791008699
AVZ24012,H3,train,289,1,-17.63426,1.1563585,3.456697893313903
AVZ24011,H3,val,288,0,-15.280147,5.75145,-7.925812791008699
AVZ24010,H3,train,288,0,-14.639958,3.0070977,-8.24733222327211
AVZ23187,H3,val,289,1,-17.71119,1.3088206,4.754380208951913
AVZ23186,H3,test,289,1,-17.63426,1.1563585,3.456697893313903
AVZ23185,H3,train,289,1,-17.316963,1.4884953,2.8218456666045437
AVZ23184,H3,train,289,1,-17.316963,1.4884953,2.8218456666045437
AVZ23183,H3,train,289,1,-17.879627,-0.7680719,1.8629516254200222
AVZ23182,H3,train,289,1,-17.236984,0.95007235,5.6573351988930565
AVZ23181,H3,train,289,1,-15.991012,3.2170684,0.8703296810621524
AVZ23180,H3,train,289,1,-16.591335,1.0874312,3.8223221419340607
AVZ23179,H3,train,289,1,-16.392422,2.480886,2.1540575045471098
AVZ23178,H3,train,349,0,-19.623161,-4.2695017,-2.853307996175543
AVZ23177,H3,train,350,0,-14.499944,6.984568,-3.6859668550548204
AVZ23176,H3,train,351,0,-19.579004,-1.6860646,-3.5579535105746256
AVZ23175,H3,train,352,0,-17.477253,1.1357808,-22.650925815370876
AVZ23174,H3,train,353,0,-20.408926,-6.242859,-2.9513947776922933
AVZ23173,H3,train,289,1,-14.946607,4.514974,-0.25149627558340804
AVZ00485,H3,val,80,0,-15.785057,4.691645,-7.465476151694328
AVZ00484,H3,train,289,1,-16.736414,1.5787498,5.104115023262027
AVZ00483,H3,train,289,1,-19.650034,-3.8243005,2.3660543554579636
AVZ00482,H3,train,289,1,-17.146614,1.8124992,2.1917369895368886
AVZ00481,H3,train,288,0,-15.127252,5.5614247,-7.452282337332571
AVZ00480,H3,train,288,0,-15.280147,5.75145,-7.925812791008699
AVZ00479,H3,val,288,0,-15.82548,3.38859,-8.283950104855677
QCD37444,H3,train,303,0,-15.479978,5.752727,-7.838968208837418
QCD37281,H3,train,303,0,-15.121297,5.9273124,-9.121992995296486
QBS20860,H3,train,201,1,-7.9724336,15.713444,3.3166684714851833
QBS20521,H3,train,288,0,-14.219714,6.0623813,-10.358658800663322
QBS20503,H3,train,177,1,-17.727299,0.6147815,1.8811027346433669
QBP38183,H3,train,201,1,-7.9724336,15.713444,3.3166684714851833
QBL91215,H3,train,201,1,-7.9724336,15.713444,3.3166684714851833
QBL91210,H3,train,288,0,-10.647263,14.741886,-2.570320638754403
QBL91189,H3,test,354,0,-16.09383,3.8765152,-6.735869908515248
QBJ05985,H3,test,288,0,-14.057966,5.9918823,-8.895947426331954
QBJ05984,H3,train,288,0,-15.620534,3.719021,-10.420401255107931
QBJ05983,H3,train,288,0,-15.307046,4.8306165,-4.323018970767103
QBK12117,H3,train,288,0,-14.45265,6.914284,-9.477411483306675
QBK12116,H3,train,288,0,-14.949468,5.8924785,-7.4447087868106125
QBK12115,H3,train,80,0,-15.766648,5.5720015,-1.4929838905156956
QBK12114,H3,train,288,0,-14.45265,6.914284,-9.477411483306675
QBJ05997,H3,val,288,0,-14.45265,6.914284,-9.477411483306675
QBJ05996,H3,train,80,0,-15.766648,5.5720015,-1.4929838905156956
QBJ05995,H3,train,288,0,-14.364846,6.6632133,-8.834087279893481
QBJ05994,H3,train,288,0,-14.45265,6.914284,-9.477411483306675
QBJ05993,H3,train,288,0,-14.172357,6.178261,-9.374507940437269
QBJ05992,H3,train,80,0,-15.822898,5.2445154,-2.4708976501721374
QBJ05991,H3,train,288,0,-14.057966,5.9918823,-8.895947426331954
QBJ05990,H3,train,288,0,-13.258145,8.60759,-11.88058093543745
QBJ05989,H3,train,288,0,-14.949468,5.8924785,-7.4447087868106125
QBJ05988,H3,train,288,0,-14.460732,6.23591,-11.513823412345985
QBJ05987,H3,train,80,0,-16.584818,2.7572,-1.876953442713278
QBJ05986,H3,train,80,0,-15.766648,5.5720015,-1.4929838905156956
AZZ86183,H3,val,32,0,-4.3824325,15.235365,-20.777979021519855
QAU20362,H3,test,177,1,-18.176975,1.1388385,3.9212162677460984
AZS63843,H3,train,177,1,-17.848606,0.76589763,4.480298256708624
AZQ08990,H3,test,341,0,-3.3573918,16.125721,-14.49418413213986
AZQ08976,H3,train,341,0,-3.3573918,16.125721,-14.49418413213986
AYM50085,H3,train,177,1,-13.966695,6.2798457,2.79361522760893
AYM50065,H3,train,177,1,-15.979047,11.046961,1.3424214090159534
AXY84109,H3,val,355,0,-17.310463,1.7700002,-6.517558752628421
AXY84091,H3,val,177,1,-17.57829,1.8005624,3.711261903966969
AXU39235,H3,val,177,1,-18.709568,-1.0050805,2.568814294813544
AXO64644,H3,val,334,0,-2.863507,27.264719,-28.60326226617279
AXO64642,H3,test,334,0,-3.5628858,25.117123,-29.75099107267041
AXO64599,H3,train,334,0,-2.863507,27.264719,-28.60326226617279
AXO64535,H3,train,5,0,-5.337814,15.459129,-18.9512407563336
AXL27689,H3,train,177,1,-17.031982,0.219227,2.887388757556094
AXF92829,H3,test,177,1,-17.721245,1.4270806,2.951117632447234
AXF92826,H3,val,177,1,-17.721245,1.4270806,2.951117632447234
AXF92824,H3,val,177,1,-17.721245,1.4270806,2.951117632447234
AXF92812,H3,train,177,1,-17.721245,1.4270806,2.951117632447234
AWZ62216,H3,train,334,0,-3.7017608,26.411404,-29.628455480233995
AWZ61655,H3,train,335,0,-5.607366,16.356232,-21.394213945010364
AWZ61334,H3,train,337,0,-3.9943032,27.29721,-34.32784599054285
AWZ61044,H3,train,334,0,-3.2168958,26.468092,-29.792857311415197
AWT24840,H3,train,288,0,-15.16738,5.7186246,-8.646211180687933
AWT24839,H3,val,288,0,-16.139025,4.6836514,-7.551792012652193
AWT24838,H3,train,289,1,-18.262028,0.10563483,4.470603846697992
AWT24837,H3,train,80,0,-15.972816,4.792132,-5.666807646758254
AWT24836,H3,train,288,0,-16.108515,4.703647,-7.654795202653132
AWT24835,H3,val,289,1,-18.099876,0.56500465,3.5140104329683783
AWT24834,H3,val,289,1,-18.099876,0.56500465,3.5140104329683783
AWT24833,H3,train,288,0,-16.108515,4.703647,-7.654795202653132
AWT24832,H3,train,289,1,-18.099876,0.56500465,3.5140104329683783
AWT24831,H3,train,80,0,-16.070333,5.1012616,-7.706427074131474
AWT24830,H3,train,288,0,-16.108515,4.703647,-7.654795202653132
AWT24829,H3,train,288,0,-16.108515,4.703647,-7.654795202653132
AWT24828,H3,train,289,1,-18.099876,0.56500465,3.5140104329683783
AWT24827,H3,train,289,1,-18.099876,0.56500465,3.5140104329683783
AWT24826,H3,train,288,0,-16.108515,4.703647,-7.654795202653132
AWT24825,H3,train,289,1,-17.725658,1.8093975,3.8056490208072145
AWT24824,H3,test,288,0,-16.108515,4.703647,-7.654795202653132
AWT24823,H3,val,288,0,-16.108515,4.703647,-7.654795202653132
AWT24822,H3,train,289,1,-18.099876,0.56500465,3.5140104329683783
AWT24821,H3,test,620,0,-18.467707,-1.2078618,-1.148633677293999
AWT24820,H3,train,289,1,-18.099876,0.56500465,3.5140104329683783
AWT24819,H3,train,288,0,-16.108515,4.703647,-7.654795202653132
AWT24818,H3,train,620,0,-18.467707,-1.2078618,-1.148633677293999
AWT24817,H3,train,620,0,-18.467707,-1.2078618,-1.148633677293999
AWT24816,H3,train,177,1,-18.387669,0.71591127,2.3632288853836005
AWT24815,H3,train,288,0,-16.108515,4.703647,-7.654795202653132
AWT24814,H3,train,288,0,-15.617816,6.752853,-5.653846014806861
AWT24813,H3,val,288,0,-16.108515,4.703647,-7.654795202653132
AWT24812,H3,test,289,1,-17.905287,-0.629609,0.31973511938421595
AWT24811,H3,train,80,0,-15.972816,4.792132,-5.666807646758254
AWT24810,H3,test,288,0,-16.108515,4.703647,-7.654795202653132
AWT24809,H3,train,288,0,-16.108515,4.703647,-7.654795202653132
AWT24808,H3,train,288,0,-16.108515,4.703647,-7.654795202653132
AWT24807,H3,train,80,0,-15.972816,4.792132,-5.666807646758254
AWT24806,H3,train,288,0,-16.108515,4.703647,-7.654795202653132
AWT24805,H3,train,289,1,-18.099876,0.56500465,3.5140104329683783
AWT24804,H3,test,620,0,-18.467707,-1.2078618,-1.148633677293999
AWT24803,H3,train,288,0,-16.108515,4.703647,-7.654795202653132
AWT24802,H3,train,289,1,-18.099876,0.56500465,3.5140104329683783
AWT24801,H3,train,288,0,-16.108515,4.703647,-7.654795202653132
AWT24800,H3,train,288,0,-12.756486,10.83633,-10.0016557984481
AWT24799,H3,train,80,0,-16.070333,5.1012616,-7.706427074131486
AWT24798,H3,test,289,1,-18.262028,0.10563483,4.470603846697992
AWT24797,H3,val,288,0,-16.108515,4.703647,-7.654795202653132
AWT24796,H3,train,289,1,-18.099876,0.56500465,3.5140104329683783
AWT24795,H3,train,289,1,-18.56257,-0.37684888,2.6631224017728155
AWT24794,H3,train,289,1,-18.18283,0.23818119,3.901635446878581
AWT24793,H3,val,289,1,-18.099876,0.56500465,3.5140104329683783
AWT24792,H3,test,288,0,-16.108515,4.703647,-7.654795202653132
AWT24791,H3,train,289,1,-18.099876,0.56500465,3.5140104329683783
AWT24790,H3,val,289,1,-18.099876,0.56500465,3.5140104329683783
AWT24789,H3,train,289,1,-18.099876,0.56500465,3.5140104329683783
AWT24788,H3,val,289,1,-18.099876,0.56500465,3.5140104329683783
AWT24787,H3,train,288,0,-16.108515,4.703647,-7.654795202653132
AWT24786,H3,val,288,0,-16.108515,4.703647,-7.654795202653132
AWT24785,H3,train,620,0,-18.467707,-1.2078618,-1.148633677293999
AWT24784,H3,val,289,1,-18.099876,0.56500465,3.5140104329683783
AWT24783,H3,train,288,0,-16.108515,4.703647,-7.654795202653132
AWT24782,H3,train,288,0,-16.108515,4.703647,-7.654795202653132
AWT24781,H3,train,289,1,-18.099876,0.56500465,3.5140104329683783
AWT24780,H3,train,80,0,-15.972816,4.792132,-5.666807646758254
AWT24779,H3,train,289,1,-18.099876,0.56500465,3.5140104329683783
AWT24778,H3,test,289,1,-18.12724,0.55290097,3.6103079687812087
AWT24777,H3,train,289,1,-18.12724,0.55290097,3.6103079687812087
AWI45959,H3,train,177,1,-18.118837,-1.0206382,1.1079420771658501
AWI45948,H3,train,177,1,-17.721245,1.4270806,2.951117632447234
AWI45921,H3,train,177,1,-17.721245,1.4270806,2.951117632447234
AWI45903,H3,train,356,0,-16.057629,-0.74952024,-0.6154502749042461
AWI45895,H3,train,177,1,-18.056631,1.0664386,0.772818070495255
AWI45878,H3,train,177,1,-17.25713,1.2698151,3.9671560265585892
AWI45856,H3,val,177,1,-17.57829,1.8005624,3.711261903966969
AWI45848,H3,val,177,1,-17.721245,1.4270806,2.951117632447234
AWI45838,H3,train,177,1,-17.721245,1.4270806,2.951117632447234
AVV62424,H3,train,171,0,-10.678819,6.657798,-16.48873060876358
AVK88342,H3,train,646,0,-6.21746,14.857426,-13.617868972075842
ATQ63178,H3,train,357,0,-13.177865,5.8995233,-14.101878910911903
AMX73557,H3,train,579,0,-11.543412,6.5468583,-24.161236910390457
AMX73556,H3,val,358,0,-3.8054338,20.955692,-18.49544708923746
AMX72990,H3,train,580,0,-10.292698,5.5775485,-27.086733999276177
AMX72989,H3,train,5,0,-4.836929,14.427527,-19.287935748554204
AMX46386,H3,test,578,0,-10.859588,6.5541315,-23.87269681502547
AMX46385,H3,train,358,0,-3.4259791,21.824837,-17.536711248476024
AMX46346,H3,train,580,0,-10.292698,5.5775485,-27.086733999276177
AMX46345,H3,train,5,0,-4.836929,14.427527,-19.287935748554204
AMX28560,H3,val,359,0,-3.81314,20.341393,-14.69984128988236
AMX28559,H3,val,580,0,-10.292698,5.5775485,-27.086733999276177
AMX28524,H3,train,579,0,-10.287417,8.647171,-23.313932028154284
AMX28523,H3,test,5,0,-4.6691566,15.529439,-16.62698978346756
AMX28473,H3,val,582,0,-5.626104,14.292567,-23.519918437900905
AMX28472,H3,train,341,0,-3.2590055,16.519567,-15.445120302398543
AMX28401,H3,train,580,0,-10.292698,5.5775485,-27.086733999276177
AMX28400,H3,val,360,0,-4.8523493,15.607201,-21.277669631546146
AMX28387,H3,train,580,0,-7.9509196,11.029639,-30.17369137026462
AMX28386,H3,test,360,0,-5.3580327,14.317411,-22.600634225186
AMX28374,H3,train,578,0,-10.7038555,6.4275517,-25.017695741634128
AMX28373,H3,train,361,0,-3.9601724,21.028444,-17.93552374379155
AMX28361,H3,train,580,0,-9.509966,6.419602,-26.23973895702762
AMX28360,H3,train,359,0,-4.5395017,17.208647,-15.454135550253113
AMQ30931,H3,train,581,0,-7.70884,-8.216975,-7.447160151062308
AMQ30930,H3,train,582,0,-10.572951,8.61673,-22.847880794071834
AMQ30929,H3,train,361,0,-3.0748796,22.883198,-18.558203989688195
AMQ26041,H3,train,600,0,-7.9169226,10.30228,-28.457150724716513
AMQ26040,H3,train,362,0,-3.3085845,25.696512,-22.57143162483056
ALZ47802,H3,train,335,0,-5.9332213,15.9385395,-21.15931532059365
ALZ47801,H3,train,583,0,-9.179664,7.5628004,-23.839868573520086
ALZ47664,H3,train,583,0,-11.34343,4.3886695,-26.29395748077409
ALZ47663,H3,train,335,0,-3.125226,18.082878,-22.266113709108897
ALZ46734,H3,train,335,0,-3.125226,18.082878,-22.266113709108897
ALZ46733,H3,train,363,0,3.6457899,-2.9367626,-27.85078240264673
ALZ46700,H3,test,364,0,-4.7972255,17.706846,-30.670443254281736
ALZ46699,H3,train,553,0,5.309854,-2.8983743,-28.083736436058864
ALZ46698,H3,train,363,0,2.7955616,0.4214106,-20.51087861378175
ALV71405,H3,test,584,0,-7.0446486,-6.7624974,-6.057143918599616
ALV71404,H3,val,365,0,-2.726131,28.14593,-28.858741395642973
ALV71380,H3,test,582,0,-12.657171,8.36017,-31.69969692528445
ALV71379,H3,train,365,0,-2.726131,28.14593,-28.858741395642973
AID07388,H3,train,668,0,-7.8273387,15.059097,-34.330447850262416
AID07387,H3,train,5,0,-4.185907,16.581154,-15.859883329728344
AID07359,H3,val,578,0,-10.859588,6.5541315,-23.87269681502547
AID07358,H3,val,5,0,-4.549565,16.204786,-14.494167159722007
AHZ37650,H3,train,367,0,-3.1343813,27.434505,-29.76580813171202
AHZ37649,H3,train,611,0,11.212732,6.9496484,-43.90510993457963
AHN04397,H3,test,368,0,-3.2264216,19.821432,-16.3575171972474
AHN04396,H3,val,585,0,-10.05334,6.023935,-24.09654895463325
AHL82677,H3,val,361,0,-5.4251437,17.06846,-27.11882096737569
AHL82676,H3,train,583,0,-10.562127,6.8552337,-23.6455272920539
AHL79472,H3,train,369,0,-2.2593932,30.201902,-28.20215803015124
AHL79471,H3,val,586,0,-8.39093,7.465553,-27.147869381858037
AHL78669,H3,test,370,0,-2.357193,29.03209,-33.335108421229165
AHL78668,H3,test,587,0,-8.174272,6.2049775,-32.48107086400099
AHL78591,H3,train,587,0,-8.106498,6.37947,-32.90734386430659
AHL78590,H3,train,370,0,-2.357193,29.03209,-33.335108421229165
AGL59939,H3,test,371,0,-3.548808,28.8195,-22.37963400985329
AGL59938,H3,train,578,0,-10.859588,6.5541315,-23.87269681502547
AGL56243,H3,train,372,0,-2.5997863,17.131588,-15.399380415555255
AGL56242,H3,test,582,0,-9.652058,8.998941,-28.225791817244023
AGL52668,H3,train,621,0,3.6148605,-0.40887478,-52.91150027610482
AGL52667,H3,test,335,0,-4.7262387,17.865643,-21.267000235674292
AGL52651,H3,test,621,0,3.507814,-0.24055289,-42.145056665593536
AGL52650,H3,train,335,0,-4.7262387,17.865643,-21.267000235674292
AGL52402,H3,train,335,0,-4.769531,17.761692,-21.458824663385883
AGL52401,H3,test,621,0,4.017114,-0.8292028,-43.363691964291476
AGK42559,H3,val,612,0,10.314006,2.2530112,-41.34541470445792
AGK42558,H3,val,361,0,-3.526814,20.973793,-17.54608243092621
AGK42455,H3,train,361,0,-1.974936,28.056011,-26.921854608834987
AGK42454,H3,train,373,0,9.228545,3.6569753,-19.66634380940031
AGK42400,H3,val,578,0,-11.368144,6.4946666,-23.14665474499254
AGK42399,H3,test,361,0,-3.9251344,21.437172,-17.07597630927975
AGK42374,H3,train,578,0,-10.441426,6.1080003,-23.6349695711127
AGK42373,H3,train,361,0,-3.2082965,22.064074,-17.401947758807193
AGK41920,H3,train,374,0,9.843203,7.309925,-28.385235747650754
AGK41919,H3,test,361,0,-1.90008,27.325771,-21.39044896370031
AGK41795,H3,train,374,0,9.843203,7.309925,-28.385235747650754
AGK41794,H3,val,361,0,-0.72968227,28.17036,-22.27488342450353
AGK41610,H3,val,375,0,6.3679976,-2.9881573,-15.212801089786339
AGK41609,H3,train,362,0,-3.0507474,24.297647,-17.43413617934841
AGK41472,H3,train,376,0,6.6028953,-1.7977678,-14.145147901984155
AGK41471,H3,val,5,0,-3.5967448,23.80579,-12.647802571355577
AGG83907,H3,train,613,0,9.964738,2.4195502,-44.23348844296026
AGG83906,H3,val,377,0,-3.1504152,19.391243,-25.760469707348783
AGG83596,H3,test,378,0,-5.943762,14.880362,-22.959683337578838
AGG83595,H3,train,578,0,-11.068815,7.408543,-24.28798807385526
AGG83335,H3,train,378,0,-5.5337605,16.150421,-20.140544829503405
AGG83334,H3,train,578,0,-11.068815,7.408543,-24.28798807385526
AGG83197,H3,train,613,0,10.486989,2.6188166,-43.09924398953917
AGG83196,H3,train,378,0,-5.5337605,16.150421,-20.140544829503405
AGG81961,H3,train,554,0,8.282092,0.291651,-57.58983804925964
AGG81960,H3,train,378,0,-5.1077104,15.355335,-22.63928425750528
AGG27129,H3,train,380,0,7.187823,-1.4721524,-9.776125700841082
AGG27128,H3,train,381,0,-4.5694623,17.706718,-18.97854224130534
AGG26638,H3,train,614,0,9.465577,0.08038717,-46.27272151429773
AGG26637,H3,train,5,0,-5.681203,15.99469,-19.122624737700672
AGG26501,H3,train,582,0,-10.070199,9.206959,-25.586877801476824
AGG26500,H3,test,382,0,-4.0204854,18.657728,-20.907691916727963
AGG26136,H3,train,583,0,-9.907454,7.2525873,-23.296670312904947
AGG26135,H3,train,383,0,-4.6151795,15.457125,-22.131159475133025
AGG23670,H3,train,382,0,-4.0204854,18.657728,-20.907691916727963
AGG23669,H3,test,583,0,-10.094217,7.3454766,-24.43156073480073
AGG23644,H3,val,335,0,-3.0958955,19.311092,-16.766874190717246
AGG23643,H3,train,583,0,-9.421529,7.9419794,-21.854523059829194
AGE09043,H3,test,555,0,11.012656,8.614735,-66.52346545590933
AGE09042,H3,train,372,0,-2.9922347,16.596796,-13.610998548061442
AGE08110,H3,train,361,0,-4.059601,15.144968,-20.542080214668864
AGE08109,H3,test,621,0,3.8614602,-0.6784754,-43.376474767790675
AGE03121,H3,train,621,0,3.5698872,-0.926564,-43.94156242979184
AGE03120,H3,train,377,0,-2.6695285,25.23838,-29.15695549916134
AGE00445,H3,train,384,0,-4.8802643,19.503086,-18.801067619054514
AGE00444,H3,train,583,0,-10.337748,6.275589,-24.635208453715826
AGD99700,H3,val,589,0,-7.21168,-6.397807,-3.099729072434064
AGD99699,H3,val,372,0,-2.8520923,16.535378,-14.67412708735377
AGC73499,H3,val,366,0,-5.284094,18.723951,-18.641460083917522
AGC73498,H3,train,578,0,-10.859588,6.5541315,-23.87269681502547
AFY05903,H3,val,385,0,-3.3182888,26.67822,-15.1843438826315
AFY05902,H3,train,590,0,-8.604386,8.908634,-29.075757807206656
AFY05797,H3,test,622,0,4.5011926,-1.974669,-49.81121750073535
AFY05796,H3,val,372,0,-3.0077558,17.114225,-15.893832426512676
AFY05795,H3,train,590,0,-9.146158,8.131043,-28.291039498893053
AFX85635,H3,test,556,0,10.553502,5.6485047,-66.70010865015075
AFX85634,H3,val,386,0,-8.553746,8.920342,-18.326334844569768
AFP20955,H3,val,578,0,-10.358018,6.688254,-23.923854704216815
AFP20954,H3,train,387,0,-5.411749,15.238562,-26.528619986711032
AFP20926,H3,train,387,0,-5.411749,15.238562,-26.528619986711032
AFP20925,H3,train,590,0,-9.146158,8.131043,-28.291039498893053
AFG72317,H3,train,686,0,-0.75024873,2.4418557,-13.136846647305138
AFG72316,H3,train,388,0,-7.9525027,18.56632,-28.88100303855113
AET79367,H3,train,557,0,9.016989,3.1073253,-58.70492881355248
AET79366,H3,train,386,0,-8.553746,8.920342,-18.326334844569768
AET78076,H3,train,578,0,-10.702174,6.8116226,-23.454950586421297
AET78075,H3,train,389,0,-2.7674704,20.710636,-18.703575694386842
AET78040,H3,val,578,0,-10.702174,6.8116226,-23.454950586421297
AET78039,H3,train,389,0,-2.7674704,20.710636,-18.703575694386842
AET77991,H3,train,612,0,9.8004465,1.419991,-44.792225822054945
AET77990,H3,train,390,0,-5.24065,13.323053,-21.62007093677028
AET77945,H3,test,582,0,-10.203924,9.868808,-18.888343438140318
AET77944,H3,train,5,0,-4.2118087,16.375008,-17.48924161369355
AET77827,H3,train,5,0,-4.2118087,16.375008,-17.48924161369355
AET77826,H3,train,582,0,-10.097798,10.303069,-17.754897408077873
AET77804,H3,train,5,0,-4.2118087,16.375008,-17.48924161369355
AET77803,H3,train,582,0,-10.203924,9.868808,-18.888343438140318
AET77700,H3,train,582,0,-10.223152,7.744147,-24.673845199208742
AET77699,H3,val,361,0,-2.5427108,26.699585,-20.332804430148556
AET77549,H3,train,582,0,-10.025641,8.15191,-24.33358203063935
AET77548,H3,train,5,0,-4.081656,16.808376,-18.360886546215273
AET76804,H3,test,386,0,-8.553746,8.920342,-18.326334844569768
AET76803,H3,train,556,0,10.540343,5.3043976,-67.57437159744805
AET75368,H3,val,591,0,-9.661153,5.6225085,-28.80798561143498
AET75367,H3,train,5,0,-5.1415453,16.11256,-21.856322087015474
AET74858,H3,test,380,0,7.764215,-0.019075463,-10.327066146543709
AET74857,H3,train,5,0,-4.617353,16.04144,-19.64740775091058
AET74707,H3,val,582,0,-10.287417,8.647171,-23.313932028154284
AET74706,H3,train,389,0,-2.7674704,20.710636,-18.703575694386842
AET74688,H3,train,582,0,-10.287417,8.647171,-23.313932028154284
AET74687,H3,train,5,0,-4.2118087,16.375008,-17.48924161369355
AET74519,H3,train,592,0,-9.629935,7.427567,-24.961290948072907
AEO91690,H3,train,391,0,-10.50525,4.8346176,-14.879847434414739
AEO91689,H3,train,392,0,16.549633,-3.1214397,-4.658320372626484
ATQ63177,H3,train,357,0,-12.673934,5.68049,-11.171280290480448
ATE49500,H3,test,393,0,19.684902,0.20405985,-2.363734603613752
ATE49491,H3,train,394,0,-10.6140585,1.9246118,-25.644225045040205
ATE49388,H3,train,394,0,-10.6140585,1.9246118,-25.644225045040205
ATE48871,H3,train,393,0,19.416311,0.007825605,-3.2583204551987652
ATE48859,H3,train,394,0,-10.6140585,1.9246118,-25.644225045040205
APB91288,H3,train,395,0,-5.9077163,17.212757,-9.932131011370732
APB91038,H3,train,298,0,-16.617466,3.2704675,-3.3409634629424634
APB91031,H3,test,298,0,-15.274255,6.5378537,-3.095873996838506
APB91017,H3,train,177,1,-16.516146,3.6597059,-1.4711725421943065
APB91003,H3,train,177,1,-16.32756,3.6893795,0.37724520702876063
APB90991,H3,train,298,0,-15.095841,6.928034,-2.316983702232397
APB90867,H3,train,298,0,-15.449008,5.441676,-2.3021535720415827
APB90862,H3,val,298,0,-15.274255,6.5378537,-3.095873996838506
APB90696,H3,train,395,0,-5.7225957,17.411377,-9.26640199042939
APB90652,H3,test,298,0,-15.274255,6.5378537,-3.095873996838506
APB90625,H3,val,298,0,-15.5288515,6.5790257,-3.8121336118590463
APB90585,H3,test,302,0,-8.315218,15.013248,-3.8860951987370456
APB90521,H3,train,396,0,-5.9874673,19.129622,-8.48310550178012
APB90381,H3,train,177,1,-15.146874,5.9937863,-3.254002905845418
APB90374,H3,train,298,0,-15.274255,6.5378537,-3.095873996838506
APB90286,H3,test,302,0,-9.134641,16.202293,-2.11606603022104
APB90168,H3,train,397,0,-15.123005,6.6551743,-3.5800991938108755
APB90139,H3,test,298,0,-15.274255,6.5378537,-3.095873996838506
APB89984,H3,train,298,0,-15.274255,6.5378537,-3.095873996838506
APB89877,H3,train,303,0,-15.698208,5.2041574,-8.663758694391447
APB89858,H3,train,303,0,-17.697966,1.4854469,-6.403699769289558
APB89789,H3,val,298,0,-15.274255,6.5378537,-3.095873996838506
APB89776,H3,train,298,0,-15.274255,6.5378537,-3.095873996838506
APB89758,H3,train,396,0,-6.5368133,18.806679,-8.681574726027366
APB89747,H3,train,298,0,-15.274255,6.5378537,-3.095873996838506
APB89732,H3,train,298,0,-15.391771,6.7180305,-4.026583487387903
APB89616,H3,train,298,0,-16.920673,2.977159,-2.7115794476277575
APB89573,H3,train,398,0,-16.517958,2.531819,-4.556283502086417
APB89562,H3,test,298,0,-15.529883,6.269364,-3.3153933693857436
APB89522,H3,val,398,0,-16.516146,3.6597059,-1.4711725421943065
APB89521,H3,train,298,0,-18.55854,-1.645318,-3.386021927560714
APB89511,H3,train,298,0,-15.627157,4.3794556,-4.21127911936423
APB89487,H3,train,289,1,-16.725342,2.2604253,0.9794891276319184
APB89442,H3,train,298,0,-15.158668,5.805024,-4.563900341041696
APB89405,H3,val,395,0,-5.7225957,17.411377,-9.26640199042939
APB89305,H3,train,298,0,-15.208353,6.9290175,-2.9336470632584106
APB89304,H3,train,395,0,-5.920097,17.251251,-9.99632357532778
APB89247,H3,train,399,0,-14.844893,6.5721354,-1.556647503158155
APB89215,H3,train,298,0,-15.274255,6.5378537,-3.095873996838506
AOZ85491,H3,train,289,1,-16.693327,1.8147687,-0.2646003137944053
AOZ85465,H3,train,302,0,-9.038974,14.684326,-5.815783516066972
AOZ85454,H3,train,400,0,-10.281697,13.05903,-4.316155151158842
AOZ85434,H3,val,400,0,-9.291534,14.702353,-4.4000037876679965
AOZ85369,H3,test,398,0,-17.5543,-1.0266598,-2.637903485120166
AOZ85314,H3,test,302,0,-9.716533,16.399145,-2.7293739202063474
AOZ85303,H3,test,400,0,-10.531398,14.305016,-0.5110224474035814
AOZ85189,H3,test,398,0,-17.5543,-1.0266598,-2.637903485120166
AIU46948,H3,train,303,0,-18.513567,0.8352216,-2.9129117680280423
AIU46947,H3,test,303,0,-15.121297,5.9273124,-9.121992995296486
AIU46946,H3,train,298,0,-15.304364,6.530863,-2.22055910293245
AIU46945,H3,train,298,0,-15.274255,6.5378537,-3.095873996838506
AIU46944,H3,train,298,0,-15.274255,6.5378537,-3.095873996838506
AIU46943,H3,train,401,0,-15.193762,6.409926,-9.450011154799132
AIU46942,H3,train,298,0,-15.274255,6.5378537,-3.095873996838506
AIU46941,H3,test,298,0,-18.201685,0.19721527,-5.089363188570912
AIU46940,H3,test,401,0,-8.688167,16.692036,-7.651491335399066
AIU46939,H3,train,401,0,-12.1145525,10.600462,-11.154936940453787
AIU46938,H3,train,302,0,-9.02022,14.598551,-2.5177178571135936
AIU46937,H3,train,402,0,-18.440083,0.94039035,-1.3157955922027913
AIU46936,H3,train,401,0,-8.688167,16.692036,-7.651491335399066
AIU46935,H3,train,298,0,-15.274255,6.5378537,-3.095873996838506
AIU46934,H3,train,401,0,-8.691927,16.452202,-6.56192989068894
AIU46933,H3,test,401,0,-8.691927,16.452202,-6.56192989068894
AIU46932,H3,train,298,0,-15.274255,6.5378537,-3.095873996838506
AIU46931,H3,val,298,0,-15.925891,4.185043,-2.00358466585012
AIU46930,H3,test,298,0,-15.274255,6.5378537,-3.095873996838506
AIU46929,H3,train,401,0,-15.339339,4.2886977,-8.53852151802822
AIU46928,H3,train,302,0,-8.315218,15.013248,-3.8860951987370456
AIU46927,H3,train,298,0,-15.274255,6.5378537,-3.095873996838506
AIU46926,H3,train,302,0,-8.315218,15.013248,-3.8860951987370456
AIU46925,H3,test,298,0,-15.274255,6.5378537,-3.095873996838506
AIU46924,H3,val,302,0,-8.315218,15.013248,-3.8860951987370456
AIU46923,H3,train,401,0,-8.691927,16.452202,-6.56192989068894
AIU46922,H3,train,298,0,-15.883681,6.5633507,-7.02497182678696
AIU46921,H3,train,402,0,-18.258402,1.6215326,-3.3318694763683645
AIU46920,H3,train,401,0,-8.691927,16.452202,-6.56192989068894
AIU46919,H3,train,401,0,-8.691927,16.452202,-6.56192989068894
AIU46918,H3,val,401,0,-15.698208,5.2041574,-8.663758694391447
AIU46917,H3,train,302,0,-8.315218,15.013248,-3.8860951987370456
AIU46916,H3,train,302,0,-8.315218,15.013248,-3.8860951987370456
AIU46915,H3,train,401,0,-8.971862,16.190697,-5.499567359156623
AIU46914,H3,train,298,0,-15.274255,6.5378537,-3.095873996838506
AIU46913,H3,train,302,0,-8.315218,15.013248,-3.8860951987370456
AIU46912,H3,train,298,0,-15.883681,6.5633507,-7.02497182678696
AIU46911,H3,train,298,0,-15.274255,6.5378537,-3.095873996838506
AIU46910,H3,train,302,0,-8.245975,14.855753,-3.1793789993428216
AIU46909,H3,train,401,0,-7.335294,17.645733,-4.686679810550217
AIU46908,H3,train,298,0,-15.274255,6.5378537,-3.095873996838506
AIU46907,H3,val,302,0,-8.425835,15.845631,-1.4143880660341903
AIU46906,H3,val,396,0,-6.3918633,19.105461,-8.512003355641033
AIU46905,H3,train,302,0,-8.093463,15.332123,-3.080954468328793
AIU46904,H3,train,302,0,-8.315218,15.013248,-3.8860951987370456
AIU46903,H3,train,401,0,-8.971862,16.190697,-5.499567359156623
AIU46902,H3,train,302,0,-8.315218,15.013248,-3.8860951987370456
AIU46901,H3,val,401,0,-8.662048,16.289093,-6.564797848459839
AIU46900,H3,train,298,0,-15.274255,6.5378537,-3.095873996838506
AIU46899,H3,train,298,0,-15.274255,6.5378537,-3.095873996838506
AIU46898,H3,test,302,0,-6.3197284,15.811848,-6.442117619639038
AIU46897,H3,val,401,0,-15.121297,5.9273124,-9.121992995296486
AIU46896,H3,train,298,0,-15.72539,6.12725,-6.372390614211687
AIU46895,H3,train,298,0,-15.274255,6.5378537,-3.095873996838506
AIU46894,H3,test,401,0,-8.691927,16.452202,-6.56192989068894
AIU46893,H3,train,298,0,-15.274255,6.5378537,-3.095873996838506
AIU46892,H3,train,401,0,-8.729655,15.653971,-5.987898653859245
AIU46891,H3,train,401,0,-7.7519727,16.103477,-11.04489264579033
AIU46890,H3,train,302,0,-8.368533,15.693884,-3.2988831026315513
AIU46889,H3,test,403,0,-15.0660925,5.918164,-2.4742325332226045
AIU46888,H3,train,302,0,-8.085611,15.748404,-2.9006692985217555
AIU46887,H3,val,402,0,-18.258402,1.6215326,-3.3318694763683645
AIU46886,H3,train,298,0,-14.773773,7.492336,-4.048748627090667
AIU46885,H3,val,298,0,-15.274255,6.5378537,-3.095873996838506
AIU46884,H3,val,401,0,-7.335294,17.645733,-4.686679810550217
AIU46883,H3,train,401,0,-7.335294,17.645733,-4.686679810550217
AIU46882,H3,val,177,1,-12.774518,11.504133,-1.5243194983152506
AIU46881,H3,train,298,0,-15.274255,6.5378537,-3.095873996838506
AIU46880,H3,train,401,0,-8.691927,16.452202,-6.56192989068894
AIU46879,H3,train,298,0,-15.274255,6.5378537,-3.095873996838506
AIU46878,H3,train,298,0,-15.274255,6.5378537,-3.095873996838506
AIU46877,H3,val,302,0,-7.9761634,14.961552,-4.491968222325219
AIU46876,H3,train,401,0,-7.7519727,16.103477,-11.04489264579033
AIU46875,H3,train,302,0,-8.315218,15.013248,-3.8860951987370456
AIU46874,H3,test,401,0,-15.698208,5.2041574,-8.663758694391447
AIU46873,H3,train,401,0,-16.406384,2.9505484,-7.010485009847947
AIU46872,H3,train,401,0,-8.691927,16.452202,-6.56192989068894
AIU46871,H3,test,298,0,-15.418637,6.6989627,-2.084229871173509
AIU46870,H3,train,298,0,-15.274255,6.5378537,-3.095873996838506
AIU46869,H3,train,303,0,-19.039463,-0.05387596,-3.5915103492382077
AIU46868,H3,train,298,0,-15.274255,6.5378537,-3.095873996838506
AIU46867,H3,val,401,0,-8.691927,16.452202,-6.56192989068894
AIU46866,H3,train,298,0,-14.84764,6.4721246,-4.949607677749624
AIU46865,H3,train,298,0,-15.274255,6.5378537,-3.095873996838506
AIU46864,H3,train,401,0,-16.72368,3.336972,-7.681182131756604
AIU46863,H3,val,177,1,-15.046147,5.1023164,-5.134448701398816
AIU46862,H3,train,298,0,-14.84764,6.4721246,-4.949607677749624
AIU46861,H3,val,302,0,-8.518752,15.405011,-6.3006743412468875
AIU46860,H3,train,298,0,-15.274255,6.5378537,-3.095873996838506
AIU46859,H3,train,298,0,-15.274255,6.5378537,-3.095873996838506
AIU46858,H3,train,302,0,-8.669394,15.124067,-3.888427790886846
AIU46857,H3,val,298,0,-15.274255,6.5378537,-3.095873996838506
AIU46856,H3,val,298,0,-15.274255,6.5378537,-3.095873996838506
AIU46855,H3,train,298,0,-13.530763,9.673637,-3.6895744970768973
AIU46854,H3,train,298,0,-14.989469,6.640619,-3.961955379970556
AIU46853,H3,train,298,0,-14.895436,6.537002,-1.8756536767641077
AIU46852,H3,train,298,0,-15.274255,6.5378537,-3.095873996838506
AIU46851,H3,val,302,0,-8.389291,15.301605,-1.5703969479824131
AIU46850,H3,train,298,0,-15.274255,6.5378537,-3.095873996838506
AIU46849,H3,test,298,0,-15.274255,6.5378537,-3.095873996838506
AIU46848,H3,train,401,0,-8.671168,16.627964,-6.271088754962002
AIU46847,H3,train,298,0,-15.274255,6.5378537,-3.095873996838506
AIU46846,H3,test,298,0,-15.498929,6.312433,-3.9072274402027425
AIU46845,H3,train,298,0,-14.84764,6.4721246,-4.949607677749624
AIU46844,H3,test,298,0,-15.210685,6.4371357,-3.8552027705224443
AIU46843,H3,test,298,0,-13.530763,9.673637,-3.6895744970768973
AIU46842,H3,train,298,0,-15.274255,6.5378537,-3.095873996838506
AIU46841,H3,test,298,0,-15.274255,6.5378537,-3.095873996838506
AIU46840,H3,train,298,0,-14.947007,6.3258643,-6.907647399762283
AIU46839,H3,train,298,0,-14.84764,6.4721246,-4.949607677749624
AIU46838,H3,train,401,0,-8.688167,16.692036,-7.651491335399066
AIU46837,H3,train,298,0,-15.991704,5.3978033,-2.356392403835647
AIU46836,H3,train,402,0,-17.609184,2.6823027,-2.5261870845270398
AIU46835,H3,test,404,0,-13.495902,8.1599245,-12.68656478771749
AIU46834,H3,train,298,0,-15.274255,6.5378537,-3.095873996838506
AIU46833,H3,val,302,0,-8.315218,15.013248,-3.8860951987370456
AIU46832,H3,train,298,0,-15.39692,5.2005763,-2.7970906342326476
AIU46831,H3,val,401,0,-8.971862,16.190697,-5.499567359156623
AIU46830,H3,train,302,0,-8.315218,15.013248,-3.8860951987370456
AIU46829,H3,train,298,0,-15.064387,6.4250875,-2.4685725272445023
AIU46828,H3,test,298,0,-15.258548,7.1735616,-5.473277266488013
AIU46827,H3,val,298,0,-15.274255,6.5378537,-3.095873996838506
AIU46826,H3,val,298,0,-15.274255,6.5378537,-3.095873996838506
AIU46825,H3,train,298,0,-15.418637,6.6989627,-2.084229871173509
AIU46824,H3,train,302,0,-8.315218,15.013248,-3.8860951987370456
AIU46823,H3,test,298,0,-15.274255,6.5378537,-3.095873996838506
AIU46822,H3,val,298,0,-15.274255,6.5378537,-3.095873996838506
AIU46821,H3,train,402,0,-18.258402,1.6215326,-3.3318694763683645
AIU46820,H3,train,298,0,-15.274255,6.5378537,-3.095873996838506
AIU46819,H3,train,298,0,-15.627157,4.3794556,-4.21127911936423
AIU46818,H3,train,298,0,-15.384744,6.5710416,-1.9040463126854537
AIU46817,H3,train,318,1,-19.042934,-1.1634903,-0.1338118866585578
AIU46816,H3,test,298,0,-15.274255,6.5378537,-3.095873996838506
AIU46815,H3,train,401,0,-10.984391,13.70512,-8.142993571923206
AIU46814,H3,train,401,0,-8.691927,16.452202,-6.56192989068894
AIU46813,H3,train,298,0,-15.480769,5.7514606,-5.370164416036303
AIU46812,H3,train,298,0,-15.274255,6.5378537,-3.095873996838506
AIU46811,H3,val,298,0,-15.274255,6.5378537,-3.095873996838506
AIU46810,H3,test,298,0,-15.418637,6.6989627,-2.084229871173509
AIU46809,H3,train,401,0,-15.159289,6.7191796,-10.64029210323896
AIU46808,H3,train,298,0,-14.771695,6.477738,-3.744337208244371
AIU46807,H3,train,303,0,-19.039463,-0.05387596,-3.5915103492382077
AIU46806,H3,train,401,0,-7.700869,16.86007,-5.209411753666709
AIU46805,H3,train,298,0,-15.274255,6.5378537,-3.095873996838506
AIU46804,H3,train,298,0,-15.274255,6.5378537,-3.095873996838506
AIU46803,H3,val,298,0,-15.274255,6.5378537,-3.095873996838506
AIU46802,H3,train,303,0,-14.1603565,7.698482,-11.415555049561009
AIU46801,H3,train,401,0,-7.700869,16.86007,-5.209411753666709
AIU46800,H3,train,298,0,-15.274255,6.5378537,-3.095873996838506
AIU46799,H3,val,405,0,-17.697803,-0.37007272,-1.5298497691927757
AIU46798,H3,train,401,0,-12.072925,10.279608,-9.916125975763212
AIU46797,H3,train,298,0,-15.274255,6.5378537,-3.095873996838506
AIU46796,H3,val,298,0,-15.274255,6.5378537,-3.095873996838506
AIU46795,H3,train,298,0,-15.274255,6.5378537,-3.095873996838506
AIU46794,H3,train,298,0,-15.608956,6.117189,-4.317029995117062
AIU46793,H3,train,298,0,-15.274255,6.5378537,-3.095873996838506
AIU46792,H3,train,298,0,-15.274255,6.5378537,-3.095873996838506
AIU46791,H3,test,298,0,-15.304364,6.530863,-2.22055910293245
AIU46790,H3,val,401,0,-7.700869,16.86007,-5.209411753666709
AIU46789,H3,val,298,0,-15.274255,6.5378537,-3.095873996838506
AIU46788,H3,train,298,0,-15.274255,6.5378537,-3.095873996838506
AIU46787,H3,test,298,0,-15.274255,6.5378537,-3.095873996838506
AIU46786,H3,train,298,0,-15.274255,6.5378537,-3.095873996838506
AIU46785,H3,test,401,0,-7.8944464,17.16804,-5.7739593983980875
AIU46784,H3,test,298,0,-15.274255,6.5378537,-3.095873996838506
AIU46783,H3,train,298,0,-15.274255,6.5378537,-3.095873996838506
AIU46782,H3,train,298,0,-15.172151,6.1659064,-3.9621554774027103
AIU46781,H3,train,298,0,-15.274255,6.5378537,-3.095873996838506
AIU46780,H3,val,298,0,-15.274255,6.5378537,-3.095873996838506
AIU46779,H3,train,298,0,-15.274255,6.5378537,-3.095873996838506
AIU46778,H3,train,298,0,-15.526864,4.918472,-2.9716826543817056
AIU46777,H3,train,298,0,-15.274255,6.5378537,-3.095873996838506
AIU46776,H3,test,298,0,-15.216052,6.3458138,-2.1173252413339316
AIU46775,H3,test,298,0,-15.274255,6.5378537,-3.095873996838506
AIU46774,H3,train,401,0,-15.406598,5.8152184,-6.6445245131810555
AIU46773,H3,train,298,0,-15.274255,6.5378537,-3.095873996838506
AIU46772,H3,train,177,1,-12.774518,11.504133,-1.5243194983152506
AIU46771,H3,train,298,0,-15.857538,2.9271274,-2.335375735189439
AIU46770,H3,train,298,0,-15.172151,6.1659064,-3.9621554774027103
AIU46769,H3,val,298,0,-15.61254,8.2274685,-4.708683481226464
AIU46768,H3,train,298,0,-15.274255,6.5378537,-3.095873996838506
AIU46767,H3,train,298,0,-15.274255,6.5378537,-3.095873996838506
AIU46766,H3,test,298,0,-15.274255,6.5378537,-3.095873996838506
AIU46765,H3,train,396,0,-7.998984,17.62498,-9.431128230408376
AIU46764,H3,train,298,0,-15.941011,3.8678648,-2.9059827577210893
AIU46763,H3,train,298,0,-15.274255,6.5378537,-3.095873996838506
AIU46762,H3,train,298,0,-15.274255,6.5378537,-3.095873996838506
AIU46761,H3,train,298,0,-14.614594,6.343548,-4.605864101108201
AIU46760,H3,train,298,0,-15.480889,5.720326,-5.44754492772533
AIU46759,H3,train,302,0,-8.315218,15.013248,-3.8860951987370456
AIU46758,H3,train,402,0,-18.258402,1.6215326,-3.3318694763683645
AIU46757,H3,test,298,0,-15.274255,6.5378537,-3.095873996838506
AIU46756,H3,train,298,0,-15.941011,3.8678648,-2.9059827577210893
AIU46755,H3,train,406,0,-7.9987903,17.12558,-6.146214276625946
AIU46754,H3,train,403,0,-15.211661,6.068992,-2.690722350566796
AIU46753,H3,train,402,0,-17.888083,1.775681,-2.272959338840481
AIU46752,H3,test,298,0,-15.274255,6.5378537,-3.095873996838506
AIU46751,H3,val,401,0,-12.053853,10.203272,-10.612113205771792
AIU46750,H3,val,298,0,-15.274255,6.5378537,-3.095873996838506
AIU46749,H3,train,401,0,-12.948823,9.932438,-9.338200491249784
AIU46748,H3,val,298,0,-15.274255,6.5378537,-3.095873996838506
AIU46747,H3,test,396,0,-6.592175,18.822552,-8.188086658946498
AIU46746,H3,train,401,0,-7.700869,16.86007,-5.209411753666709
AIU46745,H3,train,298,0,-14.773773,7.492336,-4.048748627090667
AIU46744,H3,train,401,0,-13.304229,8.359617,-9.572038693413045
AIU46743,H3,train,298,0,-15.692259,4.2216067,-2.29028456130478
AIU46742,H3,val,298,0,-15.274255,6.5378537,-3.095873996838506
AIU46741,H3,test,298,0,-16.617466,3.2704675,-3.3409634629424634
AIU46740,H3,train,401,0,-12.074623,10.740267,-10.265502613990503
AIU46739,H3,train,401,0,-7.700869,16.86007,-5.209411753666709
AIU46738,H3,test,298,0,-15.274255,6.5378537,-3.095873996838506
AIU46737,H3,train,298,0,-15.274255,6.5378537,-3.095873996838506
AIU46736,H3,test,298,0,-15.418637,6.6989627,-2.084229871173509
AIU46735,H3,train,298,0,-14.935777,6.8772216,-3.3406040142506743
AIU46734,H3,test,298,0,-13.56816,8.502373,-6.930534598296013
AIU46733,H3,train,298,0,-15.274255,6.5378537,-3.095873996838506
AIU46732,H3,train,303,0,-19.039463,-0.05387596,-3.5915103492382077
AIU46731,H3,train,298,0,-15.493178,6.185559,-4.3920162812916015
AIU46730,H3,test,406,0,-8.057576,17.37598,-9.586835414731496
AIU46549,H3,test,302,0,-8.315218,15.013248,-3.8860951987370456
AIU46483,H3,train,298,0,-15.274255,6.5378537,-3.095873996838506
AIU46482,H3,val,298,0,-15.274255,6.5378537,-3.095873996838506
AIU46481,H3,train,298,0,-15.274255,6.5378537,-3.095873996838506
AIU46480,H3,test,302,0,-8.315218,15.013248,-3.8860951987370456
AIU46479,H3,train,298,0,-15.274255,6.5378537,-3.095873996838506
AIU46478,H3,train,298,0,-15.274255,6.5378537,-3.095873996838506
AIU46477,H3,train,302,0,-8.315218,15.013248,-3.8860951987370456
AIU46476,H3,train,302,0,-8.315218,15.013248,-3.8860951987370456
AIU46475,H3,test,298,0,-15.274255,6.5378537,-3.095873996838506
AIU46474,H3,train,302,0,-8.315218,15.013248,-3.8860951987370456
AIU46473,H3,test,298,0,-15.274255,6.5378537,-3.095873996838506
AIU46399,H3,train,302,0,-8.315218,15.013248,-3.8860951987370456
AIU46398,H3,val,302,0,-7.089524,15.711633,-1.2006651726941886
AIU46393,H3,test,302,0,-8.277656,14.801201,-4.27754865533884
ASU47793,H3,train,298,0,-15.274255,6.5378537,-3.095873996838506
ASU47385,H3,test,298,0,-15.274255,6.5378537,-3.095873996838506
ASO97503,H3,train,593,0,2.3487763,-5.494679,-46.11894161794919
ASO97501,H3,train,175,0,-11.874271,3.1114905,-24.595646240582777
ASO97485,H3,train,407,0,-7.9262967,17.575163,-14.072411101899236
ASO97483,H3,train,408,0,15.693724,-4.311083,-10.2134273729856
ASB33702,H3,train,409,0,-8.472517,6.2955537,-5.000063343861132
ASB33690,H3,train,558,0,6.077708,-7.9212365,-38.61647780508858
ASB32842,H3,train,410,0,-7.145938,6.270967,-7.0949932485337035
ASB32833,H3,train,411,0,17.548763,-2.2761176,-0.02885493459341859
ARX97390,H3,train,559,0,15.671559,-5.2969947,-24.343439691323933
ARX97388,H3,train,412,0,-11.741775,8.516981,-12.916441845760403
ARU07171,H3,train,408,0,15.183194,1.2098391,-8.944869389933253
ARU07169,H3,train,170,0,-12.945996,5.741186,-10.789985753988953
ARQ86319,H3,val,177,1,-17.721245,1.4270806,2.951117632447234
ARQ85951,H3,val,300,0,-17.2947,1.6977262,-2.0283125080215996
ARQ85940,H3,train,300,0,-17.2947,1.6977262,-2.0283125080215996
ARJ63957,H3,train,413,0,17.346588,-4.463446,-4.049648487862504
ARJ63955,H3,test,170,0,-14.758036,2.481766,-13.889329311571624
ARJ63954,H3,test,414,0,-14.004582,-0.5961861,-18.459850383159292
ARJ63952,H3,train,594,0,12.186965,-9.592339,-13.302268724765181
AQU12413,H3,train,415,0,-12.867116,0.59449345,-20.1763341811978
APY25383,H3,train,416,0,-14.1314745,4.160051,-14.432215837078358
APW84921,H3,train,170,0,-12.924518,5.4609632,-12.311310603843383
APW84910,H3,train,417,0,-12.069554,8.252663,-14.328357812866203
AMQ49143,H3,val,418,0,-14.259746,-2.119103,-20.107311440253078
AMA65417,H3,val,419,0,-13.116125,6.062142,-8.935716614830186
ALX27327,H3,train,420,0,-12.603009,3.0530071,-17.836718505625328
ALT19951,H3,train,171,0,-10.821171,5.8684635,-15.319379673849369
ALT19934,H3,val,170,0,-14.276092,3.8344848,-12.822029828078172
ALT19827,H3,train,170,0,-12.015527,7.4487042,-10.593423364778166
ALR83344,H3,test,420,0,-12.162898,4.0335703,-16.964780445862473
ALR83334,H3,val,421,0,-11.679263,4.328612,-19.832124926258405
ALR83296,H3,test,172,0,-14.98989,-1.6497078,-18.057592657567646
ALP31254,H3,test,420,0,-10.91014,5.195602,-15.780406433329077
ALP01834,H3,train,422,0,-10.229045,6.4842057,-15.692877954207203
ALJ54530,H3,train,420,0,-12.162898,4.0335703,-16.964780445862473
ALH21545,H3,train,423,0,-11.485793,4.6922746,-15.815007438040295
AKV57697,H3,train,261,0,-13.344771,1.3833377,-17.05742050479624
AKH14605,H3,train,170,0,-13.598038,5.7090516,-9.614272251455239
AJY54592,H3,train,164,0,-14.420372,-3.6767676,-18.928187731104565
AJF45788,H3,val,424,0,16.769802,-2.7282946,-1.1371996940608877
AJF45784,H3,train,425,0,-7.5827546,7.3486404,-16.808386774775414
AJF45779,H3,train,560,0,16.404028,-6.7602534,-21.04302206551598
AJF45775,H3,train,426,0,-10.838447,6.09953,-16.0006418404702
AJD78081,H3,test,419,0,-12.547835,6.9942975,-11.022270139686889
AJD77986,H3,train,261,0,-13.295691,0.34969687,-18.644314750163588
AJD77982,H3,val,427,0,19.13208,-0.7136715,-17.92370146727216
AIZ70289,H3,train,420,0,-11.070533,4.5308976,-14.185953476211614
AIZ70285,H3,train,561,0,4.698521,-9.190294,-32.66508342007904
AIZ70247,H3,train,428,0,18.605255,-3.004467,-2.0954533012721406
AIZ70243,H3,val,429,0,-10.884175,5.1100183,-15.161603681273338
AIZ70218,H3,test,561,0,5.2324877,-9.2127,-31.22053912376183
AIZ70214,H3,train,420,0,-11.070533,4.5308976,-14.185953476211614
AIZ70208,H3,train,430,0,16.237106,-1.7541838,-7.142767635003059
AIZ70204,H3,val,420,0,-10.709862,6.5808444,-17.1100648963608
APO39357,H3,val,562,0,16.043598,-7.526962,-27.80841060118918
APO39355,H3,train,415,0,-12.277015,2.1665924,-17.054515427591234
AOV82401,H3,train,298,0,-15.469106,6.8081417,-1.822718527046824
ALG00738,H3,train,615,0,-3.1893055,17.147839,-18.17287364846814
ALG00734,H3,test,615,0,-5.2596393,22.062286,-20.891863410921225
ALG00730,H3,train,615,0,-5.0087123,22.86697,-21.140456391366705
ALG00726,H3,train,615,0,-0.66231805,29.565628,-10.004809787985522
ALG00722,H3,train,615,0,-9.407783,15.484278,-20.207818190323756
ALG00718,H3,train,615,0,-4.6085143,24.374184,-23.400488055967003
ALG00714,H3,train,615,0,-4.8418756,24.032097,-23.324249866077167
ALG00710,H3,train,615,0,-5.2596393,22.062286,-20.891863410921225
ALG00706,H3,train,615,0,-4.652385,24.32006,-23.342872202985504
ALG00702,H3,train,595,0,-2.066244,31.39945,-28.75596261323674
AOC37756,H3,train,431,0,-10.202128,7.361762,-14.748438327024827
ACF48930,H3,train,626,0,-4.944387,20.733715,-25.707830617189018
AAA18781,H3,train,647,0,-9.633389,9.173017,-15.919337899479387
AEB66665,H3,train,0,0,10.8099985,-0.6765489,-78.78406703259166
ADW80470,H3,train,632,0,1.360582,0.8489971,-29.497739841733264
ADW80459,H3,train,632,0,1.1560825,1.4281862,-29.853148165162047
ADU20563,H3,val,648,0,21.778702,-0.49687696,-7.372172861116857
ADU20560,H3,test,656,0,18.140163,-1.8170475,-2.123157831608573
ADG21028,H3,train,627,0,-13.459802,13.124771,-10.860925015692276
ADG21007,H3,train,523,0,-17.168636,2.3618016,-9.494081531962948
ADG21005,H3,train,523,0,-17.154915,2.3750765,-9.469696450861308
ACY67505,H3,val,362,0,-3.9084473,20.684551,-14.685329454676005
ACY67497,H3,val,365,0,-4.559974,20.890945,-12.315602273744473
ABO37609,H3,train,649,0,-20.465061,-4.433074,-4.802360442733969
ABO37599,H3,val,649,0,-17.698185,-1.3695881,-5.625378589090511
ABO37542,H3,train,659,0,-18.499886,3.2877116,-3.154632770509222
ABO37541,H3,test,659,0,-18.369137,3.4646175,-17.309680310975452
ABO37490,H3,train,659,0,-14.018108,8.101783,-2.4316381651379917
ABO37489,H3,train,539,0,-12.662584,8.871948,-3.1893355317356136
ANG55916,H3,train,432,0,-12.207604,1.9715519,-21.19643696721178
ANF29075,H3,train,418,0,-14.259746,-2.119103,-20.107311440253078
ALR81994,H3,train,433,0,-5.2937903,17.874737,-31.020640164787523
ALR81993,H3,train,434,0,-1.8841561,30.765457,-25.383919152397034
ALR81992,H3,train,434,0,-2.277613,32.11406,-28.820631064575643
ALR81991,H3,train,434,0,-2.454163,28.803965,-25.999986237529257
ALR81990,H3,val,435,0,-4.6121964,24.37348,-27.964686518361248
ALR81989,H3,train,435,0,-5.00082,25.293331,-28.413021715705298
ALR81988,H3,train,436,0,-3.8897212,28.83342,-27.235212323176828
AIC64616,H3,train,437,0,-10.957311,3.9982498,-13.59002924275039
AIC64601,H3,train,438,0,-12.976676,3.132041,-19.640664725302305
AKZ42083,H3,train,439,0,-6.2915473,14.929033,-22.19615392789192
AKZ41921,H3,train,365,0,-2.0600986,33.397614,-31.337518887297513
AKZ41903,H3,test,439,0,-3.0449255,29.110527,-28.73331338538788
AKZ41895,H3,train,439,0,-3.138923,28.179653,-28.98861739969741
AKZ41844,H3,train,439,0,-3.0640628,29.307045,-29.44176095273651
AJS17976,H3,train,440,0,-3.0637083,28.815521,-33.72512559775027
AJS17974,H3,val,688,0,6.5054555,49.85697,-39.47434276637874
AJS17973,H3,train,688,0,7.269326,49.055946,-39.98308386607346
AJS17972,H3,val,441,0,-4.467233,23.079248,-25.93939008642723
AJS17971,H3,train,442,0,-3.9897065,18.769201,-21.761475378378123
AJS17970,H3,val,443,0,-3.2929263,24.347744,-26.763693622266103
AJS17969,H3,train,444,0,-2.1198492,31.427681,-36.17636865209454
AJS17968,H3,train,445,0,-2.8682857,24.031296,-30.933658200686608
AJS17967,H3,val,446,0,-3.6914515,27.81416,-29.668237363109583
AJS17966,H3,train,447,0,-2.8581786,23.660587,-27.174391121501227
AJS17965,H3,test,448,0,-4.6403995,33.454704,-35.13840911863799
AJS17964,H3,train,448,0,-4.6403995,33.454704,-35.13840911863799
AJS17963,H3,train,596,0,-1.3501335,39.960213,-37.38657434714646
AJS17962,H3,train,689,0,9.167706,47.25414,-37.927634655572774
AJS17961,H3,train,690,0,8.06115,45.271744,-45.28935790638497
AJS17960,H3,train,689,0,10.366648,49.20038,-41.375014835174866
AJS17956,H3,train,687,0,9.986257,49.444466,-41.31804859759144
AJS17923,H3,val,449,0,-1.9888914,30.149557,-33.80177774368369
AJS17922,H3,val,449,0,-2.081359,31.254131,-33.55704929371054
AJS17921,H3,test,449,0,-3.2965236,26.149925,-27.765919818733053
AJS17920,H3,train,449,0,-1.8384868,29.355148,-33.27656238524817
AJS17919,H3,val,449,0,-3.1708436,27.925941,-34.135317072909025
AJS17918,H3,train,449,0,-1.4862074,28.353413,-33.95373438675979
AJS17917,H3,train,449,0,-3.7096748,24.171532,-38.40822643771576
AJS17915,H3,train,449,0,-3.6417947,22.916805,-36.90542677547309
AJS17914,H3,val,449,0,-2.908042,25.706718,-35.04063110204402
AJS17913,H3,train,449,0,-1.1359303,24.138405,-31.582300908442413
AJS17912,H3,val,449,0,-2.3480492,30.139002,-30.05932381161739
AJS17911,H3,train,449,0,-2.8419476,22.152119,-31.012994899112904
AJS17910,H3,test,449,0,-2.9637597,25.55309,-31.640750215023246
AJS17909,H3,val,449,0,-2.81004,22.53748,-27.79985598745879
AJS17907,H3,train,449,0,-2.021361,29.185118,-31.840045593625455
AJS17906,H3,train,449,0,-1.4862074,28.353413,-33.95373438675979
AJS17905,H3,train,449,0,-3.1426625,26.885769,-33.06236291496471
AJS17904,H3,test,449,0,-2.193409,29.31575,-29.891269230895837
AJS17903,H3,train,449,0,-1.8384868,29.355148,-33.27656238524817
AJS17902,H3,val,449,0,-1.8998649,28.834507,-32.90711654302606
AJS17901,H3,test,449,0,-3.460919,24.233414,-34.51846527264944
AJS17900,H3,test,449,0,-4.22845,24.973648,-35.50546097148147
AJS17899,H3,train,449,0,-3.9737315,25.038692,-32.23107438902088
AJS17898,H3,train,449,0,-1.8998649,28.834507,-32.90711654302606
AJS17897,H3,train,449,0,-2.2370834,29.893265,-32.05773914688316
AJS17896,H3,train,449,0,-3.1959372,25.319084,-33.43446575681736
AJS17895,H3,train,449,0,-2.2675729,31.582857,-26.351104023639085
AJS17894,H3,train,449,0,-3.7371602,25.536179,-30.530488777757178
AJS17893,H3,train,449,0,-1.522543,29.520138,-29.566949034197208
AJS17892,H3,train,449,0,-3.5423372,26.335987,-27.60552753094074
AJS17891,H3,train,691,0,4.684562,50.819313,-28.458256134190947
AJS17890,H3,test,691,0,4.684562,50.819313,-28.458256134190947
AJS17889,H3,train,691,0,4.684562,50.819313,-28.458256134190947
AJS17888,H3,train,691,0,4.684562,50.819313,-28.458256134190947
AJS17887,H3,val,691,0,4.684562,50.819313,-28.458256134190947
AJS17886,H3,train,691,0,4.684562,50.819313,-28.458256134190947
AJS17885,H3,train,691,0,4.684562,50.819313,-28.458256134190947
AJS17884,H3,val,691,0,4.684562,50.819313,-28.458256134190947
AJS17883,H3,train,691,0,4.604525,50.659386,-28.744572397012945
AJS17882,H3,train,691,0,4.604525,50.659386,-28.744572397012945
AJS17881,H3,train,691,0,4.604525,50.659386,-28.744572397012945
AJS17880,H3,train,450,0,-6.0363674,19.448938,-16.966709213595863
AJS16419,H3,train,677,0,5.938002,39.379097,-37.2654500113972
AJS16396,H3,train,597,0,-4.1039224,25.6102,-33.972358407244045
AJS16390,H3,train,452,0,-3.575045,25.842995,-32.28040837930189
AJS16384,H3,train,451,0,-4.008033,19.100765,-20.775791159630987
AJS16376,H3,val,451,0,-3.9086103,20.900715,-21.220728050505073
AJS16373,H3,train,452,0,-1.220916,27.306286,-20.811343251943576
AJS16370,H3,train,452,0,-2.9744437,28.806995,-32.44600793842359
AJS16368,H3,val,451,0,-4.1365004,20.255741,-20.69348483906149
AJS16367,H3,train,451,0,-3.692423,21.704384,-24.910773346457987
AJS16366,H3,val,451,0,-3.6430774,22.2891,-20.09697844244165
AJS16364,H3,train,451,0,-4.550416,20.333923,-28.40681516585029
AJS16361,H3,train,453,0,-4.519303,27.056137,-32.32384177125323
AJS16358,H3,train,452,0,-0.8275482,26.96114,-24.899927030539466
AJS16352,H3,train,454,0,-2.6120136,23.895973,-21.70507397378644
AGR54712,H3,train,634,0,-3.5745544,32.442307,-30.38858728815522
AGR54711,H3,val,635,0,-8.95909,14.578078,-21.403673008071934
AGR54710,H3,val,635,0,-8.95909,14.578078,-21.403673008071934
AGR54709,H3,train,635,0,-8.95909,14.578078,-21.403673008071934
AHB59323,H3,train,483,0,-17.557411,0.52491087,-8.53066647697531
ALE66689,H3,train,208,0,-9.864703,2.6144066,-24.396747795902343
ALD19413,H3,train,455,0,-11.300141,3.2789924,-16.164607649198473
AHX38097,H3,val,673,0,4.452803,28.80231,-30.605487106973975
AHX38096,H3,train,675,0,-1.9149685,28.360138,-28.94430563754156
AHX38095,H3,val,670,0,1.0591791,33.80623,-24.796273105626376
AHX38094,H3,test,671,0,4.3861747,30.210848,-33.42966187334693
AHX38093,H3,train,673,0,2.201997,24.559109,-36.273982672074006
AIT38326,H3,test,672,0,-14.797868,4.462272,-14.153028161824695
AKL90745,H3,train,563,0,15.55041,-2.8915513,-28.267472949745777
AKL90741,H3,train,170,0,-12.805313,6.5225196,-11.848079478465761
AKJ84209,H3,train,564,0,7.2243266,-7.801531,-36.59148153082539
AKJ80214,H3,test,14,0,-2.6340356,29.564312,-28.597304608902014
AKJ80211,H3,train,14,0,-2.548703,30.408966,-28.890562200128578
AKJ80210,H3,test,14,0,-3.5346396,25.565943,-30.912013499334314
AKJ80207,H3,train,15,0,-2.5374374,29.496872,-29.835758624737878
AJJ96208,H3,val,623,0,5.5373716,-1.1731862,-67.28137433310356
AJJ96207,H3,val,458,0,-1.815016,31.84193,-31.844419985410212
AJJ96179,H3,train,624,0,6.3966784,-2.0198061,-73.5759253880117
AJJ96178,H3,train,459,0,-2.3339725,29.468498,-31.320703863145788
AJJ96022,H3,train,623,0,5.975837,-1.4873209,-72.95707959546348
AJJ96021,H3,test,598,0,-6.295407,10.46304,-25.91500341976542
AJJ96020,H3,train,460,0,-1.0272505,28.63784,-68.91358548857706
AJJ96019,H3,train,458,0,-1.8462614,32.51823,-30.74148676449345
AJJ95846,H3,train,623,0,5.870705,-1.2402468,-72.8793983256189
AJJ95845,H3,train,459,0,-2.319112,26.15813,-32.715166376239566
AJJ95833,H3,val,623,0,5.870705,-1.2402468,-72.8793983256189
AJJ95832,H3,train,459,0,-3.2473683,21.71807,-26.579186765541245
AAA43149,H3,train,637,0,-3.990308,22.397636,-22.90445269622078
AAA43148,H3,test,637,0,-0.035829592,29.450499,-16.60015137035375
AAA43147,H3,test,643,0,-6.0430717,18.672894,-19.662227979793407
AAA43146,H3,train,638,0,-3.1830983,25.849817,-15.3454070228836
AAA43145,H3,train,637,0,-1.1867423,27.195423,-11.7411393864332
AAA43144,H3,train,65,0,-4.327699,21.531658,-15.84081615052778
AAA43143,H3,train,639,0,-2.3256676,25.534863,-17.492087629272767
AIE53166,H3,train,303,0,-19.07085,-1.0058333,-3.5590229240040756
AIE53000,H3,test,461,0,-16.616451,3.414558,-6.136359276105771
AJD14112,H3,train,616,0,10.997336,6.1628056,-47.31657904255281
AJD14111,H3,train,462,0,5.928478,1.4775205,-22.79592321289912
AJD14110,H3,train,587,0,-7.5672545,8.202483,-27.0776297608537
AJD14109,H3,train,463,0,-4.372353,26.523418,-29.854380321511
AJD14001,H3,train,617,0,11.890531,8.770739,-52.5667369237624
AJD13999,H3,train,692,0,-8.953362,-3.3501046,-28.66685761854425
AJD12987,H3,train,598,0,-6.159147,9.743145,-28.26618769702013
AJD12986,H3,train,464,0,-7.602506,22.38226,-25.692249922371012
AJD12973,H3,train,459,0,-2.3339725,29.468498,-31.320703863145788
AJD12972,H3,train,623,0,5.870705,-1.2402468,-72.8793983256189
AJD12956,H3,train,459,0,-0.4200247,31.409313,-28.768991247421162
AJD12955,H3,train,623,0,5.870705,-1.2402468,-72.8793983256189
AJD12935,H3,val,465,0,4.306383,-4.0308223,-19.351704197839908
AJD12934,H3,test,464,0,-7.332108,22.994293,-21.80557859453829
AJD12918,H3,train,459,0,-2.5519524,29.049702,-30.894640771470804
AJD12917,H3,val,598,0,-5.834913,10.347759,-27.91899345395045
AJD12916,H3,test,623,0,5.870705,-1.2402468,-72.8793983256189
AJD12865,H3,train,598,0,-5.991944,10.421831,-27.3983404850051
AJD12864,H3,test,623,0,5.870705,-1.2402468,-72.8793983256189
AJD12863,H3,train,458,0,-0.6889931,33.53634,-29.623674829897773
AJD12848,H3,test,598,0,-5.991944,10.421831,-27.3983404850051
AJD12847,H3,train,459,0,-2.3339725,29.468498,-31.320703863145788
AJD12846,H3,train,623,0,5.038097,-0.6691566,-71.27386440305398
AJD12831,H3,train,466,0,5.9255023,-0.8600236,-21.90634451347649
AJD12830,H3,val,464,0,-7.332108,22.994293,-21.80557859453829
AJD12813,H3,train,464,0,-7.332108,22.994293,-21.80557859453829
AJD12812,H3,train,598,0,-6.095451,9.949629,-27.79290640090091
AJD12796,H3,test,598,0,-2.0286908,15.572037,-24.928916666707536
AJD12795,H3,train,623,0,5.841014,-1.6854165,-73.89891304674869
AJD12794,H3,test,458,0,-4.331521,30.73975,-36.304394469597746
AJD12793,H3,train,459,0,-2.0313373,30.15388,-30.590333255193066
AJD12778,H3,val,466,0,5.9255023,-0.8600236,-21.90634451347649
AJD12777,H3,train,464,0,-7.332108,22.994293,-21.80557859453829
AJD12757,H3,train,623,0,6.212935,-0.8288054,-75.22798512135734
AJD12756,H3,train,459,0,-2.5090075,28.29847,-32.08133068485221
AJD12729,H3,test,625,0,-6.3222127,-6.6721554,-10.602679421891569
AJD12728,H3,train,467,0,-3.0585263,27.727932,-30.977407814929443
BAQ19486,H3,train,468,0,-14.957595,-2.483063,-12.374665325339269
BAQ19476,H3,train,469,0,18.651575,-2.2207525,-19.185811873877682
BAQ19466,H3,test,469,0,18.651575,-2.2207525,-19.185811873877682
BAQ19456,H3,train,470,0,18.86653,-1.5829256,-20.449815112000884
BAQ19446,H3,train,471,0,18.235273,-3.83965,-8.72704024917538
BAQ19436,H3,train,472,0,20.004269,-2.2625377,-0.7703447366983891
BAQ19426,H3,val,473,0,18.982363,-3.2207868,-0.5462975959767782
BAQ19416,H3,train,474,1,20.656305,-3.728596,1.3285828213017954
BAQ19406,H3,train,475,0,17.95694,-3.8908885,-15.300298495126292
BAQ19396,H3,val,476,0,17.229424,-4.654018,-2.175840320556757
BAQ19386,H3,val,477,0,17.848293,-4.0284123,-1.680042489593479
AIU46705,H3,train,171,0,-10.506171,6.177193,-17.29319732116315
AIT38426,H3,train,565,0,3.6924605,-10.576807,-45.98982694983133
AIT38419,H3,test,478,0,-10.402471,3.431357,-31.646217743426746
AIQ77768,H3,train,430,0,16.39244,-2.189535,-4.359437070243564
AIQ77764,H3,test,479,0,-10.301826,6.008928,-19.642124752646172
AIQ77756,H3,train,479,0,-10.301826,6.008928,-19.642124752646172
AIO11735,H3,val,209,0,-11.848825,3.9722295,-17.806639157561353
AIO11726,H3,train,411,0,18.759846,-1.2677257,-3.234124902286162
AIO11715,H3,train,209,0,-12.344531,3.1173527,-17.248047225285497
AIO11706,H3,train,411,0,18.759846,-1.2677257,-3.234124902286162
AIO11695,H3,val,480,0,18.958393,-0.45676383,-5.029901741580774
AIO11686,H3,train,209,0,-12.344531,3.1173527,-17.248047225285497
AIN25575,H3,val,209,0,-12.344531,3.1173527,-17.248047225285497
AIN25566,H3,train,480,0,18.759846,-1.2677257,-3.234124902286162
AIN25558,H3,train,209,0,-11.9309,4.213239,-17.597420374931353
AIN25551,H3,train,411,0,17.584177,-2.319279,0.42951843915093413
AIN25541,H3,train,411,0,17.584177,-2.319279,0.42951843915093413
AIN25531,H3,val,209,0,-11.9309,4.213239,-17.597420374931353
AHL24607,H3,test,481,0,-2.718091,29.793274,-31.35951579797807
AHL24597,H3,train,481,0,-2.718091,29.793274,-31.35951579797807
AHL24587,H3,test,459,0,-2.149526,31.352032,-35.16174841355646
AHL24577,H3,train,459,0,-2.149526,31.352032,-35.16174841355646
AHL24567,H3,train,481,0,-2.718091,29.793274,-31.35951579797807
AHL24557,H3,train,481,0,-2.718091,29.793274,-31.35951579797807
AHL24547,H3,val,481,0,-2.718091,29.793274,-31.35951579797807
AHL24537,H3,val,482,0,-2.4742186,25.49327,-25.551034620935006
AHL24527,H3,val,482,0,-2.4742186,25.49327,-25.551034620935006
AHL24517,H3,train,482,0,-2.2304816,25.815693,-25.773817465373597
AHL24507,H3,test,482,0,-2.2304816,25.815693,-25.773817465373597
AII30768,H3,train,209,0,-12.344531,3.1173527,-17.248047225285497
AIF72998,H3,test,662,0,-3.0416515,28.625145,-34.30426111360024
AIE53615,H3,test,483,0,-16.89106,1.8737078,-10.75570157679805
AIE52177,H3,train,566,0,17.86827,-4.452968,-27.249970432463563
AIE52173,H3,val,484,0,-13.2471075,0.82385445,-12.656103108009926
AFO83088,H3,train,5,0,-7.0218663,15.503709,-19.771899831071103
AHI43444,H3,val,485,0,-13.602978,2.4215257,-22.392510039492237
AHI43440,H3,test,567,0,7.9479194,-4.9329042,-31.930905652759122
AHY95057,H3,train,568,0,10.348189,-2.920224,-34.07431311815861
AHY95053,H3,train,486,0,-13.674933,-0.7832148,-30.22548239283166
AHZ40057,H3,val,487,0,-15.845838,3.049833,-9.688985351248423
AHW46689,H3,val,569,0,9.875819,-4.962188,-39.21195859354119
AHW46685,H3,train,171,0,-10.678819,6.657798,-16.48873060876358
AHW46664,H3,train,569,0,9.86617,-4.027434,-33.8315785162312
AHW46660,H3,train,171,0,-10.678819,6.657798,-16.48873060876358
AHM24129,H3,train,488,0,15.929564,-2.7569253,-4.410732753496575
AHM24125,H3,train,171,0,-10.678819,6.657798,-16.48873060876358
AHL21547,H3,test,168,0,-13.682199,-1.7337567,-19.20022486589731
AHL21543,H3,train,411,0,17.805302,-2.1866028,-0.8421908544032011
AHL21470,H3,train,570,0,12.164157,-1.5711361,-32.393991260318685
AHL21466,H3,train,171,0,-10.678819,6.657798,-16.48873060876358
AHK10681,H3,train,488,0,15.929564,-2.7569253,-4.410732753496575
AHK10677,H3,train,489,0,-12.991978,1.609221,-15.60061842450132
AHK10667,H3,train,489,0,-12.10227,5.76915,-25.24653355937962
AHK10663,H3,train,488,0,15.929564,-2.7569253,-4.410732753496575
AHI43402,H3,val,490,0,17.431778,-2.6225083,-4.431768927966052
AHI43398,H3,val,171,0,-10.669183,5.5120425,-13.797933523070482
AHI43290,H3,test,171,0,-10.678819,6.657798,-16.48873060876358
AHH00822,H3,train,491,0,16.062685,-2.4938133,-2.91555951241558
AHG26656,H3,train,571,0,16.487213,-4.462352,-25.705633541264625
AHG26652,H3,val,492,0,-11.4184265,4.796876,-14.707623732154286
AHD25184,H3,train,488,0,17.416172,-1.6064494,-6.288106499571363
AHD25180,H3,val,493,0,-12.717016,1.9129007,-15.258700644512487
AHD25167,H3,test,565,0,3.6924605,-10.576807,-45.98982694983133
AHD25163,H3,train,492,0,-10.555405,6.0636153,-16.265704243535694
AHD25146,H3,val,494,0,-11.621663,4.0120416,-15.385445133871475
AHD25142,H3,train,566,0,17.205124,-4.9996076,-25.292447649877104
AHB73608,H3,train,494,0,-10.516803,5.5748286,-15.938049743216482
AGY79655,H3,train,372,0,-1.947484,17.397173,-14.429591546509645
AGT41695,H3,train,488,0,14.967441,-4.848615,-4.217038788630335
AGT41690,H3,train,495,0,-11.678887,5.028884,-17.248355794884166
AGO51467,H3,val,496,0,-9.364815,8.375213,-18.625749012146663
AGO51460,H3,val,572,0,7.3922095,-9.114556,-42.64924737536362
ADU17015,H3,train,335,0,-4.476826,17.856707,-21.116932779437153
AGL51629,H3,train,492,0,-10.555405,6.0636153,-16.265704243535694
AGG81675,H3,test,378,0,-5.8378606,16.049227,-21.909182679553183
AEP95319,H3,train,497,0,-6.5492654,6.3158402,-16.59466873743014
AEQ73293,H3,train,628,0,-5.2148924,-5.2468286,-16.428862325555286
AEQ73168,H3,train,630,0,-6.2150035,-3.8889458,-2.39937213228618
AEQ61206,H3,train,678,0,-4.811307,7.1682158,-32.55950420023756
AEK50760,H3,train,372,0,-3.348024,17.16161,-16.672923866248546
AFP99367,H3,train,498,0,-10.864812,3.6922772,-23.52255026682434
AFP21014,H3,train,499,0,6.0291476,-0.9900394,-30.67419020287125
AFN69199,H3,train,500,0,-9.85023,2.4024591,-24.429027937319947
AEQ62915,H3,train,501,0,19.990562,-2.8668783,0.6861718760366333
AEQ62914,H3,train,502,0,20.279022,-3.579203,-1.2309523455324722
AEQ62912,H3,train,502,0,20.307234,-3.6154902,-1.8811147405398234
AEQ62911,H3,test,501,0,19.962273,-2.8387496,1.7110807911757977
AEQ62910,H3,train,503,0,20.405132,-2.520354,-1.7470523591151554
AEQ62909,H3,val,502,0,20.307234,-3.6154902,-1.8811147405398234
ADU20562,H3,train,474,1,19.777527,-3.3408597,0.3084230703918962
ADU20561,H3,test,474,1,19.73625,-3.1486552,-1.982495885538242
AFM46540,H3,test,215,0,-10.244493,5.7042713,-13.314095374655722
ACY56526,H3,train,680,0,6.856523,39.132874,-30.648964050827246
ACY56525,H3,train,680,0,7.715378,40.07441,-30.02012391465221
ACY56524,H3,train,681,0,5.0745616,41.10788,-20.869541858807523
ACY56523,H3,train,682,0,7.0966372,30.077127,-22.8802206653651
ACY56522,H3,train,683,0,12.903974,44.16543,-34.574618270243455
ACY56521,H3,test,683,0,8.995566,40.81814,-33.494262524730594
ACY56520,H3,test,680,0,-2.4139717,39.822746,-49.0489013089686
ACY56519,H3,train,684,0,7.0070395,44.274803,-39.185293959430844
ACY56518,H3,train,685,0,8.574564,44.133625,-33.040946858676136
ACY56517,H3,train,651,0,14.113407,10.535267,-16.40363080921125
ACY56516,H3,train,652,0,13.925471,9.385204,-22.959624095461876
AEI29915,H3,train,631,0,-5.5650744,18.389172,-19.467242365825847
AEI29914,H3,val,439,0,-3.0454977,26.68917,-14.170939633641659
AEI29913,H3,train,631,0,-3.3528357,20.28854,-23.14617523829482
AEI29912,H3,train,631,0,-6.5612226,17.837116,-23.961564783247177
AEI29911,H3,val,522,0,-2.025827,30.575554,-24.011257989503314
AEI29910,H3,train,657,0,-0.96620184,27.97638,-24.877289509834355
AEI29909,H3,val,657,0,-3.7784424,23.064072,-18.268893647884134
AEI29908,H3,test,660,0,1.2597833,33.647697,-25.06596912432272
AEI29907,H3,val,599,0,-3.1112912,21.781404,-27.03566321557188
AEI29906,H3,test,599,0,-3.5055475,23.438435,-32.08343574617762
AEI29905,H3,test,618,0,-3.8335474,24.853153,-29.613858272662256
AEI29904,H3,val,618,0,-3.522819,25.744621,-30.868881642858632
AEI29903,H3,test,618,0,-3.9501615,22.929455,-30.44999258473142
AEI29902,H3,train,618,0,-3.3338308,25.692293,-32.084962656101325
AEI29901,H3,train,618,0,-3.9501615,22.929455,-30.44999258473142
AEI29900,H3,train,618,0,-3.5511017,24.027317,-32.9063913931178
AEI29899,H3,train,618,0,-4.055735,22.398815,-30.975944927961166
AEI29898,H3,train,605,0,-3.8452315,19.717316,-30.352730908257236
AEI29897,H3,val,504,0,-4.2054853,26.524685,-40.37284369582498
AEI29896,H3,train,504,0,-6.293594,19.98597,-28.940581726764364
AEI29895,H3,train,504,0,-4.0047083,24.25411,-34.866772037327294
AEI29894,H3,val,504,0,-3.357569,29.563898,-40.16423406222508
AEI29893,H3,train,505,0,-2.7365074,22.101181,-25.34124889698591
AEI29892,H3,test,506,0,-2.7350736,28.11202,-31.550716123734638
AEI29891,H3,train,507,0,-4.2652216,18.66109,-25.033782082093154
AEI29890,H3,train,508,0,-3.3371487,27.566582,-40.70906466732902
AEI29889,H3,train,510,0,-1.5022545,24.359026,-30.986107609571377
AEI29888,H3,train,509,0,-0.77083325,27.72105,-26.74141057738143
AEI29887,H3,train,531,0,-2.484143,23.804249,-35.84913902991719
AEI29886,H3,val,510,0,-2.040888,25.572311,-31.969502050764504
AEI29885,H3,train,504,0,-4.358146,26.751543,-44.88510719322855
AEI29884,H3,test,605,0,-5.73195,16.484892,-26.367188300336807
AEI29883,H3,train,506,0,-2.788168,25.737625,-30.786284205057143
AEI29882,H3,train,511,0,-2.1898992,24.384375,-29.393746500679192
AEI29881,H3,train,511,0,-3.9229455,18.014317,-25.31012440754275
AEI29880,H3,train,534,0,-3.979579,26.659184,-30.80928346121877
AEI29879,H3,train,467,0,-3.875319,26.913706,-30.06929724914761
AEI29878,H3,train,308,0,4.908821,33.033997,-16.294090343986706
AEI29877,H3,train,629,0,-1.6548647,35.683464,-37.26419976189822
AEI29876,H3,train,342,0,-3.4950838,34.1388,-35.12876043553305
AEI29875,H3,train,342,0,-3.7483864,33.24847,-37.48758270846158
AEI29874,H3,train,342,0,-3.137025,34.366737,-36.445623309935854
AEI29873,H3,train,342,0,-1.6254901,36.325104,-36.47134874282139
AEI29872,H3,train,531,0,-3.8827882,21.332638,-36.31260900536377
AEI29871,H3,train,308,0,-4.453979,25.666172,-29.654675438023233
AEH26544,H3,train,512,0,-3.0411966,27.50889,-37.62717193665337
AEB66664,H3,test,600,0,-9.224448,7.930646,-26.26583894481179
ADU17459,H3,train,335,0,-4.769531,17.761692,-21.458824663385883
ADU17103,H3,train,582,0,-10.790552,7.474997,-22.25929996780016
ADU16565,H3,train,513,0,-3.938892,22.49699,-18.23901274787461
ADU16018,H3,train,612,0,10.65603,1.341011,-43.213774734061445
AEA04387,H3,train,601,0,-0.4537783,-4.426685,-14.015056208837384
ADX78147,H3,test,602,0,8.217786,1.2772505,-36.00144081289653
ADW80448,H3,test,514,0,7.6645336,0.54536235,-18.759241651983288
ADW80437,H3,train,515,0,-3.7411823,21.542156,-17.822061463002342
ADW80415,H3,val,573,0,10.861446,3.5245984,-63.037994992344444
ADW80357,H3,train,619,0,13.440434,7.3194757,-45.223228643932494
ADW80283,H3,train,603,0,0.20706685,-1.9961575,-28.050444974247778
ADW80250,H3,train,580,0,-10.122886,6.192746,-26.85393018364554
ADW80239,H3,test,600,0,-9.481391,7.0345263,-29.185332202842197
ACY06463,H3,train,63,0,-6.017045,25.342302,-26.01336814208362
ACY06462,H3,train,63,0,-5.7581077,28.499767,-24.26452117726931
ACY06461,H3,val,63,0,-5.0347495,28.580524,-24.261345353859113
ACY06460,H3,train,63,0,-3.838478,29.72638,-31.85088708545083
ACY06459,H3,train,63,0,-4.7497053,30.234596,-29.037578500781883
ACY06458,H3,test,516,0,-14.539985,2.875913,-13.912392998114782
ACY06457,H3,train,516,0,-13.157193,1.7332304,-7.8990031332314405
ACY06456,H3,val,517,0,-15.595466,-0.08570545,-12.078909499591166
ACY06455,H3,train,517,0,-15.181197,0.13378422,-12.171691429355695
ACY06454,H3,val,518,0,18.019543,-1.6534374,-7.12253452271896
ACY06453,H3,train,519,0,18.712063,-4.075665,-13.708403150809835
ACY06452,H3,train,520,0,17.471191,-5.150805,-14.133847957296974
ACY06451,H3,train,519,0,18.65829,-4.027783,-12.9504614306397
ACY06450,H3,test,521,0,18.152378,-3.3625555,-18.709557730330364
ACY06449,H3,test,521,0,17.851543,-4.197783,-17.9549621756354
ACY06448,H3,test,521,0,18.233082,-4.452452,-16.355088145272894
ACY06447,H3,train,521,0,18.233082,-4.452452,-16.355088145272894
ACY06446,H3,train,521,0,18.233082,-4.452452,-16.355088145272894
ACY06445,H3,test,521,0,18.233082,-4.452452,-16.355088145272894
AAA62470,H3,train,574,0,-6.0795817,18.963823,-24.41606652929643
BAJ09300,H3,train,439,0,-2.9324186,29.652935,-28.53093766882052
BAJ09299,H3,train,439,0,-2.9324186,29.652935,-28.53093766882052
BAJ09298,H3,train,439,0,-2.7943938,30.443369,-28.632047884642567
BAJ09297,H3,train,439,0,-3.073081,29.103483,-29.102483138815955
BAJ09296,H3,train,439,0,-2.9324186,29.652935,-28.53093766882052
BAJ09295,H3,train,439,0,-2.9324186,29.652935,-28.53093766882052
BAJ09294,H3,train,439,0,-2.7943938,30.443369,-28.632047884642567
BAJ09293,H3,test,308,0,-3.0957155,29.41432,-30.7355232733484
BAJ09292,H3,train,308,0,-3.0957155,29.41432,-30.7355232733484
BAJ09291,H3,train,296,0,-2.9571834,29.367277,-29.851447462844412
BAJ09290,H3,test,439,0,-3.1660204,27.774445,-29.14364083844665
BAJ09289,H3,train,296,0,-2.9571834,29.367277,-29.851447462844412
BAJ09288,H3,train,439,0,-4.196135,26.771864,-28.261204280194747
BAJ09287,H3,train,308,0,-2.941525,28.872917,-30.432737309061658
BAJ09286,H3,train,439,0,-3.3617234,27.382774,-30.645610838748482
BAJ09285,H3,train,439,0,-3.7043946,27.85796,-28.693771079054727
BAJ09284,H3,train,439,0,-3.1660204,27.774445,-29.14364083844665
BAJ09283,H3,train,439,0,-3.1660204,27.774445,-29.14364083844665
BAJ09282,H3,train,439,0,-3.7043946,27.85796,-28.693771079054727
BAJ09281,H3,train,439,0,-3.1660204,27.774445,-29.14364083844665
BAJ09280,H3,train,439,0,-3.7043946,27.85796,-28.693771079054727
BAJ09279,H3,val,439,0,-3.748643,28.219187,-29.729718195996426
BAJ09278,H3,train,439,0,-3.5152617,28.742706,-29.01168012623453
BAJ09277,H3,train,439,0,-3.7043946,27.85796,-28.693771079054727
BAJ09276,H3,train,522,0,-3.254396,28.846508,-33.09117922180803
BAJ09275,H3,train,522,0,-2.2987971,29.500362,-29.91937474039328
BAJ09274,H3,train,308,0,-3.2810981,26.816227,-28.24000567673538
ADG21027,H3,train,523,0,-16.53248,2.105294,-7.470714948121449
ADG21026,H3,val,523,0,-19.122066,0.30989403,-8.149256507596638
ADG21025,H3,train,524,0,-17.739754,1.0857444,-11.981432319195699
ADG21024,H3,val,523,0,-16.560616,2.2411559,-8.136412646122626
ADG21023,H3,test,525,0,-17.212727,0.8521859,-5.929731263645678
ADG21022,H3,test,525,0,-17.212727,0.8521859,-5.929731263645678
ADG21021,H3,val,523,0,-15.795594,2.1554463,-8.333396622168241
ADG21020,H3,train,526,0,-14.240344,5.745115,-8.237293005201813
ADG21019,H3,test,527,0,-15.143178,3.744038,-3.5169842472281267
ADG21018,H3,val,523,0,-12.680832,9.094563,-10.51547496015933
ADG21017,H3,train,523,0,-16.509565,2.7785084,-7.990303850193356
ADG21016,H3,train,523,0,-18.250183,0.317359,-7.279730416898307
ADG21015,H3,train,523,0,-16.875065,1.0009825,-7.202336245324637
ADG21014,H3,train,523,0,-16.32191,2.9034336,-7.5543197157352395
ADG21013,H3,test,523,0,-16.403435,2.5471165,-7.927458253402995
ADG21012,H3,train,523,0,-16.403435,2.5471165,-7.927458253402995
ADG21011,H3,test,523,0,-17.115154,0.7975778,-7.253990077158001
ADG21010,H3,train,523,0,-16.403435,2.5471165,-7.927458253402995
ADG21009,H3,val,525,0,-17.144072,1.6633966,-7.578034685151101
ADG21008,H3,train,525,0,-17.532536,0.40655527,-4.064136422880743
ADG21006,H3,train,523,0,-16.403435,2.5471165,-7.927458253402995
ADG21004,H3,train,523,0,-16.403435,2.5471165,-7.927458253402995
AAA64228,H3,train,528,0,-1.1537423,17.337616,-16.64744911554598
AAA43164,H3,val,575,0,1.0012598,20.438282,-32.853983880751954
AAT08004,H3,val,529,0,-6.5324903,16.041447,-23.61880167386174
AAA64229,H3,train,528,0,-2.4704418,16.844347,-16.18876538671435
ACI06177,H3,val,530,0,-3.0467794,30.890476,-30.868210125087835
ACI06176,H3,test,530,0,-3.0467794,30.890476,-30.868210125087835
ACI06175,H3,test,530,0,-3.0467794,30.890476,-30.868210125087835
ACI06174,H3,train,530,0,-3.789209,30.940407,-22.61448239571544
ACI06173,H3,val,530,0,-1.376688,30.541746,-24.71215887294602
ACI06172,H3,train,530,0,-3.789209,30.940407,-22.61448239571544
ACI06171,H3,train,530,0,-3.789209,30.940407,-22.61448239571544
ACI06170,H3,test,530,0,-5.530822,27.915514,-19.450945496711363
ACI06169,H3,train,530,0,-2.598231,31.140528,-25.324210229049942
ACI06168,H3,train,530,0,-2.1681607,31.376488,-23.9834558415944
ACI06167,H3,train,530,0,-3.0331783,31.000557,-31.38728715369315
ACI06166,H3,test,530,0,-3.284525,32.0004,-26.591455589172476
ACI06165,H3,val,530,0,-2.9754648,31.676226,-27.38125645333473
ACI06164,H3,test,530,0,-2.958629,31.766956,-26.20436547860863
ACI06163,H3,train,530,0,-1.7383823,31.26788,-27.787156877909922
ACI06162,H3,val,530,0,-3.166946,31.04884,-23.32077676106268
ACI06161,H3,val,530,0,-2.2189724,30.24673,-26.38692560557436
ACI06160,H3,train,530,0,-2.598231,31.140528,-25.324210229049942
ACI06159,H3,val,530,0,-3.0701528,30.141521,-23.890899996651875
ACI06158,H3,train,530,0,-3.0701528,30.141521,-23.890899996651875
ACI06157,H3,train,530,0,-3.0701528,30.141521,-23.890899996651875
ACI06156,H3,train,530,0,-3.0701528,30.141521,-23.890899996651875
ACI06155,H3,val,530,0,-2.5652206,30.963282,-25.410085291006006
ACI06154,H3,train,530,0,-2.927463,29.808685,-22.93640179717667
ACI06153,H3,train,530,0,-1.9330804,30.756039,-24.931301147834994
ACI06152,H3,train,530,0,-3.0701528,30.141521,-23.890899996651875
ACI06151,H3,train,530,0,-3.0701528,30.141521,-23.890899996651875
ACI06150,H3,train,530,0,-3.1603265,30.533926,-22.93062236571616
ACI06149,H3,test,530,0,-3.0331783,31.000557,-31.38728715369315
ACI06148,H3,val,530,0,-2.598231,31.140528,-25.324210229049942
ACI06147,H3,test,530,0,-2.598231,31.140528,-25.324210229049942
ACI06146,H3,train,530,0,-2.4386632,29.66201,-20.684455197186956
ACI06145,H3,val,530,0,-2.598231,31.140528,-25.324210229049942
ACI06144,H3,train,530,0,-2.6670535,31.203617,-26.477572056561684
ACI06143,H3,val,530,0,-2.598231,31.140528,-25.324210229049942
ACI06142,H3,train,530,0,-2.598231,31.140528,-25.324210229049942
ACI06141,H3,test,530,0,-2.598231,31.140528,-25.324210229049942
ACI06140,H3,train,530,0,-2.598231,31.140528,-25.324210229049942
ACI06139,H3,val,530,0,-2.598231,31.140528,-25.324210229049942
ACI06138,H3,train,530,0,-2.598231,31.140528,-25.324210229049942
ACI06137,H3,train,530,0,-2.598231,31.140528,-25.324210229049942
ACI06136,H3,val,530,0,-2.598231,31.140528,-25.324210229049942
ACI06135,H3,val,530,0,-2.598231,31.140528,-25.324210229049942
ACI06134,H3,train,530,0,-2.598231,31.140528,-25.324210229049942
ACI06133,H3,train,530,0,-2.598231,31.140528,-25.324210229049942
ACI06132,H3,train,530,0,-2.1940093,31.141808,-25.703559215946825
ACI06131,H3,train,530,0,-2.5004647,30.684853,-27.26775547654517
ACI06130,H3,train,530,0,-2.1940093,31.141808,-25.703559215946825
ACI06129,H3,train,530,0,-2.1940093,31.141808,-25.703559215946825
ACI06128,H3,train,530,0,-3.1481392,29.937399,-24.492055491959576
ACI06127,H3,train,530,0,-2.1940093,31.141808,-25.703559215946825
ACI06126,H3,test,530,0,-2.1940093,31.141808,-25.703559215946825
ACI06125,H3,train,530,0,-5.5207353,18.1747,-12.52326866727115
ACI06124,H3,train,530,0,-3.1410005,34.009544,-27.052106460731224
ACI06123,H3,train,530,0,-2.1940093,31.141808,-25.703559215946825
ABY81852,H3,train,531,0,-2.4394965,25.036623,-35.15534669961922
ABY81851,H3,train,531,0,-3.1081858,11.765905,-28.547709554529135
ABY81850,H3,train,531,0,-3.503758,25.00291,-28.52255834651819
ABY81849,H3,train,532,0,-1.4973025,14.287275,-19.74060356497505
ABY81848,H3,train,531,0,-3.1096087,24.531723,-34.57852688976932
ABY81847,H3,train,531,0,-3.1096087,24.531723,-34.57852688976932
ABY81846,H3,train,531,0,-3.1096087,24.531723,-34.57852688976932
ABY81845,H3,train,531,0,-3.0933838,25.101727,-36.579778427396874
ABY81844,H3,val,533,0,-2.8437681,23.608612,-30.10180986030492
ABY81843,H3,train,533,0,-2.8437681,23.608612,-30.10180986030492
ABY81842,H3,train,531,0,-3.1096087,24.531723,-34.57852688976932
ABY81841,H3,test,531,0,-3.1096087,24.531723,-34.57852688976932
ABY81840,H3,train,531,0,-3.3102822,23.969997,-32.979119609994406
ABY81839,H3,train,533,0,-2.9829092,25.564625,-32.56242795210712
ABY81838,H3,train,533,0,-2.5748968,24.424892,-30.50770696786161
ABY81837,H3,train,533,0,-3.7434325,24.56174,-32.98744222039077
ABY81836,H3,train,533,0,-3.5991056,25.349533,-35.454896615628705
ABY81835,H3,train,533,0,-2.3019292,25.047907,-33.325629431645176
ABY81834,H3,train,533,0,-3.0405471,29.071331,-36.75552303327595
ABY81833,H3,train,533,0,-3.3232224,28.099836,-39.368804333695536
ABY81821,H3,test,535,0,-10.779016,0.7044602,-7.021637048977004
ABZ81075,H3,train,537,0,-11.034375,3.046567,-14.8757074828014
ABZ81074,H3,val,538,0,-12.866539,1.408664,-12.107799745123538
ABR88080,H3,train,539,0,-16.840668,-0.3859994,-5.169756039579341
ACF28529,H3,val,225,0,-16.894848,2.0733294,-7.3368720756177055
ACF28528,H3,test,226,0,-17.588676,-0.84695375,-1.9287685922218447
ACF28527,H3,train,226,0,-17.146473,0.9416258,-5.051957843826465
ACA61198,H3,test,367,0,-2.6229737,26.225922,-29.200136199826368
BAA00772,H3,train,641,0,-7.5214972,21.791183,-23.84893125847645
BAA00771,H3,val,640,0,-1.3328991,31.38588,-17.779304941773994
ABQ41898,H3,train,541,0,-8.478011,5.7870836,-18.391268660680197
ABQ41888,H3,train,542,0,-6.0245347,10.587307,-18.10693715507619
ABO51928,H3,train,600,0,-9.566305,7.566742,-28.405119659319446
ABO51851,H3,test,600,0,-9.950458,8.202276,-24.74615987641636
AAA43114,H3,train,544,0,-2.633976,19.78407,-25.784733790797457
AAA43112,H3,train,546,0,0.63877267,16.111645,-48.841682483840486
AAA43111,H3,train,545,0,-0.40608588,16.816557,-16.67869763740861
AAA43110,H3,test,547,0,1.7173688,15.661618,-40.07768378858768
AAA43109,H3,test,548,0,-1.5339135,28.505268,-22.7898363781228
AAA43107,H3,val,549,0,0.7823468,17.87238,-28.613170821995567
AAA43105,H3,val,550,0,-0.53545445,17.324892,-22.23135099057191
AAA43103,H3,train,546,0,0.13858753,16.13965,-51.46061420760738
AAA43102,H3,train,546,0,0.7417188,18.682346,-47.985662700583966
AAA43101,H3,train,548,0,-2.8122041,19.638184,-31.84449875620514
AAA43100,H3,val,551,0,-3.1172876,13.127755,-26.79836095317263
ABF60581,H3,train,34,0,-2.1443834,26.81171,-21.22075539982773
ABF60580,H3,val,63,0,-3.8290129,30.656929,-27.47477834601449
ABF60579,H3,val,67,0,-4.549782,20.48132,-4.283777277877634
ABF60578,H3,train,68,0,-3.7674358,19.544596,-21.286761282050037
ABF60577,H3,test,69,0,-8.884616,8.401331,-23.52414662640524
ABF60576,H3,train,576,0,-3.4958172,19.271252,-33.42954572705699
CAA24271,H3,train,31,0,-6.891437,19.42506,-20.683627660709014
HMIVDU,H3,val,31,0,-6.891437,19.42506,-20.683627660709014
HMIV15,H3,val,637,0,-3.990308,22.397636,-22.90445269622078
HMIV89,H3,train,638,0,-3.1830983,25.849817,-15.3454070228836
HMIV33,H3,test,637,0,-1.1867423,27.195423,-11.7411393864332
HMIV77,H3,train,639,0,-2.2813118,25.591675,-17.383678581270452
JQ1154,H3,test,640,0,-1.3560054,30.511238,-21.27194272395989
JQ1153,H3,train,642,0,-4.771832,19.443523,-26.40764427883265
JQ1155,H3,val,640,0,-1.3328991,31.38588,-17.779304941773994
JQ1156,H3,test,641,0,-7.5214972,21.791183,-23.84893125847645
YFC56171,H5,h5_holdout,70,1,-7.6346955,-9.430792,-2.9921488395024003
YEV12944,H5,h5_holdout,177,0,-6.0709367,-12.46296,-9.468381420509806
YEV12943,H5,h5_holdout,71,0,-8.702093,-10.997864,0.5673822536064943
YEV12942,H5,h5_holdout,178,0,-9.3976345,-14.786608,-8.082291282151553
YEV12941,H5,h5_holdout,72,0,-8.167808,-11.147997,-4.57464874503936
YEV12940,H5,h5_holdout,177,0,-6.0923448,-12.032334,-10.045675801632822
YEV12939,H5,h5_holdout,178,0,-9.773314,-14.72088,-9.101655422907191
YEV12938,H5,h5_holdout,177,0,-6.1584983,-12.866182,-10.60136740984988
YEV12937,H5,h5_holdout,73,0,-7.6367593,-8.141711,-8.447362139403754
YEV12936,H5,h5_holdout,177,0,-6.7051077,-12.680149,-8.188216913160302
YEV12935,H5,h5_holdout,177,0,-6.5241637,-12.884075,-9.35320863231931
YEV12934,H5,h5_holdout,178,0,-9.923055,-14.839299,-8.863312843063325
YEV12933,H5,h5_holdout,74,0,-7.817409,-8.664406,-7.867431080532041
YEV12932,H5,h5_holdout,178,0,-10.050376,-14.632744,-9.004988380199118
YEV12931,H5,h5_holdout,75,1,-8.337869,-10.598751,-10.676472328396171
YEV12930,H5,h5_holdout,76,0,-9.37617,-8.975063,-9.993132858182056
YEV12929,H5,h5_holdout,179,0,-2.530923,-9.864046,-7.279058571852824
YER60193,H5,h5_holdout,70,1,-8.065828,-9.385895,-1.865634108423615
YEP46944,H5,h5_holdout,77,0,-7.183991,-10.504903,-22.70122879173514
YEP46941,H5,h5_holdout,78,0,-5.22845,-7.7017517,-53.66350147554067
YEP46264,H5,h5_holdout,70,1,-7.6346955,-9.430792,-2.9921488395024003
YEP46247,H5,h5_holdout,70,1,-7.667499,-9.211022,-4.1347877321437085
YEP45559,H5,h5_holdout,70,1,-7.6346955,-9.430792,-2.9921488395024003
YEP45540,H5,h5_holdout,70,1,-7.6346955,-9.430792,-2.9921488395024003
YEP45535,H5,h5_holdout,70,1,-7.6673217,-9.153719,-3.5085966836149236
YEP45527,H5,h5_holdout,70,1,-7.6673217,-9.153719,-3.5085966836149236
YEP45467,H5,h5_holdout,70,1,-7.6346955,-9.430792,-2.9921488395024003
YEP31388,H5,h5_holdout,70,1,-7.5539374,-9.718533,-8.947467280816786
YEO13370,H5,h5_holdout,70,1,-7.8749337,-9.595716,-2.4626563341373533
YEO13340,H5,h5_holdout,70,1,-7.8749337,-9.595716,-2.4626563341373533
YEO13328,H5,h5_holdout,70,1,-7.8749337,-9.595716,-2.4626563341373533
YEO13297,H5,h5_holdout,70,1,-7.8749337,-9.595716,-2.4626563341373533
YEO13284,H5,h5_holdout,70,1,-7.6346955,-9.430792,-2.9921488395024003
YEO13254,H5,h5_holdout,70,1,-7.8958554,-9.346644,-3.027775978476013
YEO13245,H5,h5_holdout,70,1,-7.9140687,-9.378773,-3.626439276321868
YEO13209,H5,h5_holdout,70,1,-7.9140687,-9.378773,-3.626439276321868
YEO13185,H5,h5_holdout,70,1,-7.8749337,-9.595716,-2.4626563341373533
YEO13165,H5,h5_holdout,70,1,-7.7480416,-9.242076,-2.158874339267763
YEO13171,H5,h5_holdout,70,1,-7.932755,-9.603468,-5.348430262951377
YEO13148,H5,h5_holdout,70,1,-7.9140687,-9.378773,-3.626439276321868
YEO13122,H5,h5_holdout,70,1,-7.4668097,-9.4377775,-0.058139137732545976
YEO13139,H5,h5_holdout,70,1,-7.932755,-9.603468,-5.348430262951377
YEO13115,H5,h5_holdout,70,1,-7.9140687,-9.378773,-3.626439276321868
YEL91739,H5,h5_holdout,79,0,-7.9021373,-9.120024,-15.493098220681974
YEL87993,H5,h5_holdout,70,1,-7.6346955,-9.430792,-2.9921488395024003
YEL87990,H5,h5_holdout,70,1,-7.6346955,-9.430792,-2.9921488395024003
YEL87969,H5,h5_holdout,70,1,-7.6346955,-9.430792,-2.9921488395024003
YEL87964,H5,h5_holdout,70,1,-7.6346955,-9.430792,-2.9921488395024003
AAP71990,H5,h5_holdout,243,0,-4.161328,-7.6440578,-11.659087090636733
YCN39022,H5,h5_holdout,244,0,-5.8012385,-5.043381,-3.9846295233824147
YCN37165,H5,h5_holdout,244,0,-6.0319157,-5.243219,-2.920444930978272
YCM61986,H5,h5_holdout,244,0,-3.77288,-3.7023094,-9.505058782178056
YCM61902,H5,h5_holdout,245,0,-5.2747455,-4.2916074,-4.873492480510951
XSS97160,H5,h5_holdout,70,1,-7.8392015,-9.469706,-2.964368365549616
XTO96697,H5,h5_holdout,80,0,-6.4118648,-9.780144,-5.810631279159784
YBQ71883,H5,h5_holdout,73,0,-7.6367593,-8.141711,-8.447362139403754
XAV27580,H5,h5_holdout,70,1,-7.8392015,-9.469706,-2.964368365549616
XAV27544,H5,h5_holdout,70,1,-8.46339,-9.452685,-3.4875424651983735
XAV26509,H5,h5_holdout,70,1,-7.775397,-9.312923,-3.3547053566554705
XAV26335,H5,h5_holdout,81,1,-8.114257,-9.26774,-2.2157709255690765
XZC43320,H5,h5_holdout,246,0,-11.573134,-11.114691,-5.7491750848910375
XXQ85024,H5,h5_holdout,70,1,-7.494802,-9.587959,-3.892077663742743
XXQ85120,H5,h5_holdout,82,0,-8.206737,-10.529094,-2.22403078788925
XXQ85027,H5,h5_holdout,70,1,-7.8392015,-9.469706,-2.964368365549616
XXQ85026,H5,h5_holdout,70,1,-7.494802,-9.587959,-3.892077663742743
XXQ85022,H5,h5_holdout,70,1,-7.8392015,-9.469706,-2.964368365549616
XXQ85021,H5,h5_holdout,70,1,1.5941161,-7.8464923,-10.003144176833304
XXQ85019,H5,h5_holdout,70,1,-7.9992304,-9.508585,-1.946324440176996
XTK65640,H5,h5_holdout,80,0,-6.759934,-9.872562,-3.957153884298151
XOL33074,H5,h5_holdout,387,0,-2.912639,-7.232548,-14.502333053400559
XOD40167,H5,h5_holdout,247,0,-7.129799,-5.465789,-7.8518664606504505
XNO07819,H5,h5_holdout,248,0,-1.7721024,-5.420949,-62.99711951172222
XMQ97336,H5,h5_holdout,249,0,-5.281759,-9.011747,-11.54616442501887
XMQ97316,H5,h5_holdout,250,0,-7.4039407,-9.039867,-6.376318325749283
XMQ97314,H5,h5_holdout,249,0,-5.281759,-9.011747,-11.54616442501887
XMQ95381,H5,h5_holdout,250,0,-7.4039407,-9.039867,-6.376318325749283
UMO96294,H5,h5_holdout,76,0,-8.725,-6.6132026,-7.653403117002155
XBU76308,H5,h5_holdout,251,0,1.8793983,-0.5999794,0.4883191329690053
XBU76296,H5,h5_holdout,252,0,-6.4256935,-7.807134,-2.814095679721442
XBU76284,H5,h5_holdout,252,0,-6.4256935,-7.807134,-2.814095679721442
XBU76272,H5,h5_holdout,252,0,-7.065078,-7.0014553,0.2614963736127489
XBU76260,H5,h5_holdout,253,0,-6.5815816,-8.002085,-0.9172362868541644
XJN13179,H5,h5_holdout,70,1,-7.8392015,-9.469706,-2.964368365549616
UZT26827,H5,h5_holdout,86,0,1.1882983,0.12631051,-61.59476752669828
UZC40556,H5,h5_holdout,27,0,-1.3129983,-4.5129704,-8.158802921198404
AWG44374,H5,h5_holdout,28,0,-5.484752,-6.4313636,-9.088497143817756
AWG44375,H5,h5_holdout,87,0,4.6375694,-1.7043242,-63.50659176913662
AWG44373,H5,h5_holdout,210,0,0.50458264,-1.1978511,-65.56669747616611
AWG44371,H5,h5_holdout,29,0,-5.199453,-6.2806287,-9.017019155060453
AWG44372,H5,h5_holdout,210,0,0.50458264,-1.1978511,-65.56669747616611
AWG44370,H5,h5_holdout,87,0,3.9303036,-1.8660052,-63.86425233979132
AWB97134,H5,h5_holdout,29,0,-5.3419785,-6.2477207,-8.817438563988427
AWB97133,H5,h5_holdout,29,0,-4.209563,-5.6841903,-8.299093169186168
AWB97132,H5,h5_holdout,29,0,-5.672127,-5.891443,-11.178640080987673
AWB35938,H5,h5_holdout,30,0,-2.3762832,-2.1003668,-13.823615561436782
AWB35939,H5,h5_holdout,29,0,-4.7710977,-5.306993,-10.802470322621664
AWB12169,H5,h5_holdout,31,0,-6.3883843,-3.9895551,-0.068018906536917
AWB06344,H5,h5_holdout,32,0,-9.142382,-5.9707007,-8.487548689366404
XIF08952,H5,h5_holdout,81,1,-8.073834,-8.88485,-3.1942567178124808
XEO39803,H5,h5_holdout,260,0,-12.896847,-11.954782,-3.8404574743468185
XAV28192,H5,h5_holdout,81,1,-8.019066,-9.261445,-2.190443302510941
XAV27856,H5,h5_holdout,81,1,-8.070852,-9.33204,-1.2213924125299194
XAV27844,H5,h5_holdout,81,1,-8.285211,-9.763546,-1.4513506876298248
XAV27832,H5,h5_holdout,81,1,-8.114257,-9.26774,-2.2157709255690765
XAV27820,H5,h5_holdout,81,1,-8.114257,-9.26774,-2.2157709255690765
XAV27808,H5,h5_holdout,81,1,-8.114257,-9.26774,-2.2157709255690765
XAV27796,H5,h5_holdout,81,1,-7.817845,-9.253191,-2.8788940112471106
XAV27784,H5,h5_holdout,81,1,-8.114257,-9.26774,-2.2157709255690765
XAV27772,H5,h5_holdout,81,1,-7.8810334,-9.382776,-1.7438327782444052
XAV27760,H5,h5_holdout,81,1,-8.188241,-9.038943,-2.3165792891117523
XAV27748,H5,h5_holdout,81,1,-8.114257,-9.26774,-2.2157709255690765
XAV27736,H5,h5_holdout,81,1,-8.114257,-9.26774,-2.2157709255690765
XAV27724,H5,h5_holdout,81,1,-7.8810334,-9.382776,-1.7438327782444052
XAV27712,H5,h5_holdout,81,1,-8.114257,-9.26774,-2.2157709255690765
XAV27700,H5,h5_holdout,81,1,-8.188241,-9.038943,-2.3165792891117523
XAV27688,H5,h5_holdout,81,1,-8.137341,-9.365665,-1.0865388641215095
XAV27676,H5,h5_holdout,81,1,-8.61978,-9.218226,-1.0215407108180727
XAV27664,H5,h5_holdout,81,1,-8.231367,-9.538784,-2.9099824414598796
XAV27652,H5,h5_holdout,81,1,-8.114257,-9.26774,-2.2157709255690765
XAV27640,H5,h5_holdout,81,1,-8.114257,-9.26774,-2.2157709255690765
XAV27628,H5,h5_holdout,83,0,-7.5024257,-10.662234,-0.786739863434768
XAV27616,H5,h5_holdout,81,1,-8.044137,-9.810705,-2.053656442780179
XAV27604,H5,h5_holdout,81,1,-8.024878,-9.366873,-3.5412270132041446
XAV27592,H5,h5_holdout,70,1,-7.775397,-9.312923,-3.3547053566554705
XAV27568,H5,h5_holdout,70,1,-7.775397,-9.312923,-3.3547053566554705
XAV27556,H5,h5_holdout,81,1,-8.114257,-9.26774,-2.2157709255690765
XAV27532,H5,h5_holdout,81,1,-8.167924,-9.530754,-3.557977409590107
XAV27520,H5,h5_holdout,81,1,-8.559497,-9.629501,-4.851667466535913
XAV27508,H5,h5_holdout,81,1,-8.365925,-9.622015,-3.471170703415549
XAV27436,H5,h5_holdout,81,1,-8.114257,-9.26774,-2.2157709255690765
XAV27424,H5,h5_holdout,81,1,-8.114257,-9.26774,-2.2157709255690765
XAV27412,H5,h5_holdout,81,1,-8.114257,-9.26774,-2.2157709255690765
XAV27304,H5,h5_holdout,81,1,-8.114257,-9.26774,-2.2157709255690765
XAV27292,H5,h5_holdout,81,1,-8.114257,-9.26774,-2.2157709255690765
XAV27280,H5,h5_holdout,81,1,-8.0369215,-9.370955,-1.3974469002029277
XAV27268,H5,h5_holdout,81,1,-7.9837027,-9.555358,-2.9344098833151033
XAV27256,H5,h5_holdout,81,1,-8.0369215,-9.370955,-1.3974469002029277
XAV27244,H5,h5_holdout,81,1,-8.114257,-9.26774,-2.2157709255690765
XAV27232,H5,h5_holdout,81,1,-8.175368,-9.252815,-1.9847409845951898
XAV27220,H5,h5_holdout,81,1,-8.208966,-9.308203,-1.9408556231782779
XAV27208,H5,h5_holdout,81,1,-8.070852,-9.33204,-1.2213924125299194
XAV26920,H5,h5_holdout,70,1,-7.775397,-9.312923,-3.3547053566554705
XAV26908,H5,h5_holdout,81,1,-8.128525,-9.406154,-3.2243889300573887
XAV26896,H5,h5_holdout,81,1,-8.123126,-9.288555,-4.069679401771312
XAV26884,H5,h5_holdout,81,1,-8.114257,-9.26774,-2.2157709255690765
XAV26872,H5,h5_holdout,81,1,-8.288863,-9.164648,-1.4003902854387835
XAV26860,H5,h5_holdout,81,1,-8.070852,-9.33204,-1.2213924125299194
XAV26848,H5,h5_holdout,81,1,-8.0369215,-9.370955,-1.3974469002029277
XAV26788,H5,h5_holdout,81,1,-7.322516,-9.604351,-0.6624997829992605
XAV26623,H5,h5_holdout,81,1,-8.188241,-9.038943,-2.3165792891117523
XAV26584,H5,h5_holdout,81,1,-8.120516,-9.378913,-2.2474109650434695
XAV26573,H5,h5_holdout,81,1,-8.114257,-9.26774,-2.2157709255690765
XAV26563,H5,h5_holdout,81,1,-8.114257,-9.26774,-2.2157709255690765
XAV26553,H5,h5_holdout,81,1,-8.024276,-9.35943,-1.5846919266208044
XAV26544,H5,h5_holdout,81,1,-8.114257,-9.26774,-2.2157709255690765
XAV26540,H5,h5_holdout,81,1,-8.172729,-9.246128,-4.782117116173994
XAV26533,H5,h5_holdout,81,1,-8.114257,-9.26774,-2.2157709255690765
XAV26527,H5,h5_holdout,81,1,-8.114257,-9.26774,-2.2157709255690765
XAV26518,H5,h5_holdout,81,1,-8.114257,-9.26774,-2.2157709255690765
XAV26474,H5,h5_holdout,81,1,-8.0369215,-9.370955,-1.3974469002029277
XAV26465,H5,h5_holdout,81,1,-8.0369215,-9.370955,-1.3974469002029277
XAV26453,H5,h5_holdout,81,1,-8.515312,-8.904703,-3.1064109975042715
XAV26442,H5,h5_holdout,81,1,-4.998424,-10.397684,-3.9582888308794324
XAV26420,H5,h5_holdout,81,1,-7.94598,-9.542161,-2.878197378954116
XAV26413,H5,h5_holdout,81,1,-8.114257,-9.26774,-2.2157709255690765
XAV26402,H5,h5_holdout,81,1,-8.114257,-9.26774,-2.2157709255690765
XAV26391,H5,h5_holdout,81,1,-8.114257,-9.26774,-2.2157709255690765
XAV26373,H5,h5_holdout,81,1,-8.114257,-9.26774,-2.2157709255690765
XAV26300,H5,h5_holdout,81,1,-8.0369215,-9.370955,-1.3974469002029277
XAV26288,H5,h5_holdout,81,1,-8.128525,-9.406154,-3.2243889300573887
XAV26276,H5,h5_holdout,81,1,-8.128525,-9.406154,-3.2243889300573887
XAV26264,H5,h5_holdout,81,1,-8.128525,-9.406154,-3.2243889300573887
XAV26219,H5,h5_holdout,81,1,-8.0369215,-9.370955,-1.3974469002029277
XAV26209,H5,h5_holdout,81,1,-8.070852,-9.33204,-1.2213924125299194
XAV26197,H5,h5_holdout,81,1,-8.0369215,-9.370955,-1.3974469002029277
QZW58435,H5,h5_holdout,76,0,-8.095481,-9.374904,-3.1965792700992246
QZW58411,H5,h5_holdout,88,0,-7.9314585,-9.538361,-4.177916401463836
QZW58399,H5,h5_holdout,88,0,-8.07054,-9.36512,-3.2013386492832314
QZW58387,H5,h5_holdout,88,0,-8.429402,-9.152894,-2.302394609775801
QZW58375,H5,h5_holdout,88,0,-8.07054,-9.36512,-3.2013386492832314
QZW58363,H5,h5_holdout,88,0,-8.307151,-10.560148,-8.268496578865568
QZW58351,H5,h5_holdout,88,0,-7.92609,-9.483046,-3.7578890691286997
QZW58327,H5,h5_holdout,88,0,-8.07054,-9.36512,-3.2013386492832314
QZW58303,H5,h5_holdout,88,0,-8.07054,-9.36512,-3.2013386492832314
QZW58291,H5,h5_holdout,88,0,-8.058092,-9.565363,-2.7447097002816623
QZW58267,H5,h5_holdout,88,0,-8.12302,-9.471755,-3.87050958243246
QZW58255,H5,h5_holdout,88,0,-8.07054,-9.36512,-3.2013386492832314
QZW58219,H5,h5_holdout,88,0,-8.12302,-9.471755,-3.87050958243246
QZW58207,H5,h5_holdout,88,0,-8.12302,-9.471755,-3.87050958243246
QZW58195,H5,h5_holdout,88,0,-8.7083235,-8.987612,-0.57243911423733
QZW58183,H5,h5_holdout,88,0,-8.07054,-9.36512,-3.2013386492832314
QZW58171,H5,h5_holdout,88,0,-8.22364,-9.281923,-3.866735974700511
QZW58159,H5,h5_holdout,88,0,-8.22364,-9.281923,-3.866735974700511
QZW58147,H5,h5_holdout,88,0,-8.22364,-9.281923,-3.866735974700511
QZW58135,H5,h5_holdout,88,0,-8.22364,-9.281923,-3.866735974700511
QZW58123,H5,h5_holdout,88,0,-8.08068,-9.11333,-2.658549512445182
QZW58111,H5,h5_holdout,88,0,-8.22364,-9.281923,-3.866735974700511
QZW58099,H5,h5_holdout,88,0,-8.22364,-9.281923,-3.866735974700511
QZW58063,H5,h5_holdout,88,0,-8.213344,-9.159817,-3.347461047502959
QZW58051,H5,h5_holdout,88,0,-8.08068,-9.11333,-2.658549512445182
QZW58039,H5,h5_holdout,88,0,-8.22364,-9.281923,-3.866735974700511
QZW58027,H5,h5_holdout,88,0,-8.22364,-9.281923,-3.866735974700511
QZW58015,H5,h5_holdout,88,0,-8.08068,-9.11333,-2.658549512445182
QZW58003,H5,h5_holdout,88,0,-8.22364,-9.281923,-3.866735974700511
QZW57991,H5,h5_holdout,88,0,-8.08068,-9.11333,-2.658549512445182
QZW57979,H5,h5_holdout,88,0,-8.08068,-9.11333,-2.658549512445182
QZW57967,H5,h5_holdout,88,0,-8.08068,-9.11333,-2.658549512445182
QZW57955,H5,h5_holdout,88,0,-8.08068,-9.11333,-2.658549512445182
QZW57943,H5,h5_holdout,88,0,-8.08068,-9.11333,-2.658549512445182
QZW57931,H5,h5_holdout,88,0,-8.08068,-9.11333,-2.658549512445182
QZW57919,H5,h5_holdout,88,0,-8.08068,-9.11333,-2.658549512445182
QZW57907,H5,h5_holdout,88,0,-8.08068,-9.11333,-2.658549512445182
UZN05628,H5,h5_holdout,477,0,-4.9107327,-2.0034287,-23.767263943886405
UZN05627,H5,h5_holdout,182,0,6.43356,-0.4215936,-12.808513726871212
UZN05626,H5,h5_holdout,88,0,-7.8200946,-9.813765,-4.809824282187474
WHU98467,H5,h5_holdout,89,0,-6.3945174,-11.2864,-3.208768006938465
WCJ17526,H5,h5_holdout,261,0,4.8242683,-2.0842705,-5.201954328364522
WCJ14895,H5,h5_holdout,261,0,4.270176,-2.3778372,-5.0105555050198145
WCJ14737,H5,h5_holdout,261,0,4.2389235,-2.4359562,-5.380283928330744
WCJ14716,H5,h5_holdout,261,0,4.55204,-1.7778525,-3.5078272384744302
WBO06504,H5,h5_holdout,433,0,-9.968704,-7.868664,-2.8465959610641516
WBO06503,H5,h5_holdout,91,0,-9.484006,-9.851763,-3.4483026125802336
WBO06501,H5,h5_holdout,90,0,-9.720686,-9.121357,-2.481681100678829
WBO06500,H5,h5_holdout,91,0,-8.730137,-10.042587,-5.665167111429827
WBO06499,H5,h5_holdout,90,0,-7.778107,-9.421228,-10.320949071638932
WBO06497,H5,h5_holdout,90,0,-7.6772704,-9.61254,-9.70953983844062
WBO06496,H5,h5_holdout,90,0,-7.924205,-9.727986,-9.93957706047916
WBO06493,H5,h5_holdout,91,0,-8.6524315,-7.9318585,-7.20781356530137
WBO06492,H5,h5_holdout,91,0,-9.992636,-9.746004,-0.3944370292861752
WBO06487,H5,h5_holdout,91,0,-8.623141,-9.95229,-8.035728481452663
WBO06486,H5,h5_holdout,91,0,-8.635764,-9.834497,-6.607673664758787
WBO06485,H5,h5_holdout,91,0,-8.212212,-10.340437,-5.784225361158148
WBO06483,H5,h5_holdout,91,0,-8.71412,-9.732901,-5.327502420494103
WBO06482,H5,h5_holdout,375,0,-9.3005,-9.089507,-2.260793774191159
WBO06481,H5,h5_holdout,375,0,-7.783898,-9.945148,-6.488782044691138
WBK93558,H5,h5_holdout,183,0,-5.319226,-13.537794,-17.749753609128952
WBK93547,H5,h5_holdout,184,0,-7.010882,-15.030185,-14.89618517420507
WBK93536,H5,h5_holdout,183,0,-5.3445907,-13.531052,-17.810283519177293
UUA90792,H5,h5_holdout,115,0,-5.1405854,-9.694718,-1.3752680608095549
QPM35150,H5,h5_holdout,92,0,-3.8208072,-9.397871,-5.863659935143591
UPO81583,H5,h5_holdout,263,0,-5.884135,-8.5371475,-14.122543499860084
BDH21472,H5,h5_holdout,262,0,-6.3986955,-7.372084,0.7487735846706816
UEF69977,H5,h5_holdout,469,0,-3.7586775,-6.217257,-12.177668064448946
UEF69933,H5,h5_holdout,264,0,-1.8768896,-7.1569276,-11.715388415009706
UEF69816,H5,h5_holdout,265,0,-2.5196762,-7.6464334,-11.260138443902557
UEF69697,H5,h5_holdout,266,0,1.7251004,-2.4243567,-17.238860671911475
QOY79311,H5,h5_holdout,439,0,-7.8459735,-6.875129,-7.333172911720551
QOY79310,H5,h5_holdout,76,0,-8.019401,-7.2042947,-5.914853799702952
QOY79309,H5,h5_holdout,76,0,-8.019401,-7.2042947,-5.914853799702952
UEA08099,H5,h5_holdout,267,0,-7.0667806,-6.322137,-5.604576439913627
QPM35735,H5,h5_holdout,92,0,-3.5537329,-10.165847,-6.296187329506926
QPM35723,H5,h5_holdout,93,0,-3.8276854,-9.935366,-10.363789413853832
QPM35711,H5,h5_holdout,92,0,-4.5172954,-9.540052,-2.9035257396366294
QPM35699,H5,h5_holdout,93,0,-2.9454887,-9.684542,-6.602606946592653
QPM35687,H5,h5_holdout,92,0,-3.7562344,-9.403998,-5.384110108724977
QPM35675,H5,h5_holdout,94,0,-4.1520004,-10.224709,-4.09645287321864
QPM35663,H5,h5_holdout,94,0,-4.1520004,-10.224709,-4.09645287321864
QPM35651,H5,h5_holdout,92,0,-4.0164137,-9.777298,-4.958557886029645
QPM35639,H5,h5_holdout,94,0,-4.6320806,-10.08781,-2.3581446007077194
QPM35627,H5,h5_holdout,94,0,-4.6320806,-10.08781,-2.3581446007077194
QPM35615,H5,h5_holdout,94,0,-3.8568528,-10.616537,-4.222299384041916
QPM35580,H5,h5_holdout,92,0,-3.5537329,-10.165847,-6.296187329506926
QPM35568,H5,h5_holdout,5,0,-4.6423326,-10.965164,-6.166562505761169
QPM35556,H5,h5_holdout,93,0,-3.3973832,-10.244128,-9.405428823805233
QPM35544,H5,h5_holdout,92,0,-3.214535,-10.145137,-6.734128841134272
QPM35532,H5,h5_holdout,93,0,-2.9454887,-9.684542,-6.602606946592653
QPM35520,H5,h5_holdout,95,0,-4.4889803,-10.122503,-7.144052815870483
QPM35508,H5,h5_holdout,96,0,-3.87148,-9.780989,-6.161864368224668
QPM35496,H5,h5_holdout,96,0,-4.106852,-9.891422,-6.004329089886594
QPM35484,H5,h5_holdout,96,0,-4.6658897,-10.166065,-4.719191179978621
QPM35472,H5,h5_holdout,5,0,-5.1154356,-10.593578,-4.031885267180867
QPM35460,H5,h5_holdout,94,0,-4.439053,-11.771677,-6.679342934016654
QPM35448,H5,h5_holdout,5,0,-4.89154,-10.15769,-6.080549735209688
QPM35436,H5,h5_holdout,94,0,-3.8568528,-10.616537,-4.222299384041916
QPM35424,H5,h5_holdout,94,0,-4.439053,-11.771677,-6.679342934016654
QPM35412,H5,h5_holdout,94,0,-4.1520004,-10.224709,-4.09645287321864
QPM35400,H5,h5_holdout,94,0,-4.0950456,-10.22591,-3.8640581771210183
QPM35388,H5,h5_holdout,94,0,-4.0950456,-10.22591,-3.8640581771210183
QPM35376,H5,h5_holdout,94,0,-4.0950456,-10.22591,-3.8640581771210183
QPM35364,H5,h5_holdout,94,0,-4.1520004,-10.224709,-4.09645287321864
QPM35352,H5,h5_holdout,94,0,-4.1783075,-10.389778,-4.152030122135725
QPM35340,H5,h5_holdout,97,0,-3.3035264,-10.37371,-6.960347420148564
QPM35328,H5,h5_holdout,94,0,-4.1520004,-10.224709,-4.09645287321864
QPM35316,H5,h5_holdout,98,0,-2.5101824,-9.654163,-5.674944478073192
QPM35304,H5,h5_holdout,92,0,-4.0164137,-9.777298,-4.958557886029645
QPM35292,H5,h5_holdout,5,0,-4.550934,-10.44636,-6.870444669653168
QPM35280,H5,h5_holdout,5,0,-4.348705,-10.399515,-4.482745360825852
QPM35268,H5,h5_holdout,99,0,-4.340839,-9.894969,-2.4287391699820464
QPM35256,H5,h5_holdout,99,0,-4.6173015,-9.786753,-1.3631815044364561
QPM35244,H5,h5_holdout,5,0,-4.050939,-10.514129,-5.31988393389744
QPM35232,H5,h5_holdout,94,0,-4.035095,-9.7590275,-4.026848152311409
QPM35221,H5,h5_holdout,99,0,-4.6746264,-10.031889,-1.962290058874947
QPM35209,H5,h5_holdout,94,0,-4.5080214,-10.055842,-2.9975657205713055
QPM35197,H5,h5_holdout,94,0,-4.1520004,-10.224709,-4.09645287321864
QPM35185,H5,h5_holdout,94,0,-4.1520004,-10.224709,-4.09645287321864
QPM35173,H5,h5_holdout,92,0,-3.8208072,-9.397871,-5.863659935143591
QPM35161,H5,h5_holdout,92,0,-3.8208072,-9.397871,-5.863659935143591
QPM35137,H5,h5_holdout,92,0,-4.3035846,-10.149677,-4.12313577660551
QPM35125,H5,h5_holdout,92,0,-4.3035846,-10.149677,-4.12313577660551
QPM35113,H5,h5_holdout,99,0,-4.7544823,-10.167778,-1.3084505845105436
QPM35101,H5,h5_holdout,5,0,-4.348705,-10.399515,-4.482745360825852
QPM35089,H5,h5_holdout,94,0,-3.8407257,-10.588264,-3.9910806858622365
QPM35077,H5,h5_holdout,94,0,-3.750605,-10.588898,-4.033001630718822
QPM35065,H5,h5_holdout,100,0,-4.022422,-10.418939,-3.9484080465981286
QPM35053,H5,h5_holdout,94,0,-3.8560972,-10.414482,-4.652532090328743
QPM35041,H5,h5_holdout,94,0,-4.1520004,-10.224709,-4.09645287321864
QPM35029,H5,h5_holdout,94,0,-4.1520004,-10.224709,-4.09645287321864
QPM35017,H5,h5_holdout,94,0,-4.1520004,-10.224709,-4.09645287321864
QPM35005,H5,h5_holdout,94,0,-3.5834336,-10.063317,-5.233546039787312
QPM34993,H5,h5_holdout,97,0,-3.1515956,-9.806122,-7.232997520138854
QPM34981,H5,h5_holdout,101,0,-6.1153255,-9.258809,-6.156094375228621
QPM34969,H5,h5_holdout,101,0,-4.82612,-10.055195,-7.312748217686787
QPM34957,H5,h5_holdout,92,0,-4.5694346,-9.389145,-3.2320939321257622
QPM34945,H5,h5_holdout,97,0,-2.995866,-10.271984,-7.267747366075245
QPM34933,H5,h5_holdout,92,0,-3.925397,-9.894493,-5.289221507129495
QPM34921,H5,h5_holdout,92,0,-4.634172,-10.76733,-8.196757560033804
QPM34909,H5,h5_holdout,5,0,-4.348705,-10.399515,-4.482745360825852
QPM34897,H5,h5_holdout,92,0,-4.407989,-10.1964,-4.4958567677286805
QPM34885,H5,h5_holdout,94,0,-3.852138,-10.151701,-4.986490580846224
QPM34873,H5,h5_holdout,94,0,-3.9353607,-10.026588,-4.902806801019887
QPM34861,H5,h5_holdout,94,0,-4.1721535,-10.345957,-3.4040085920020733
QPM34849,H5,h5_holdout,94,0,-4.1520004,-10.224709,-4.09645287321864
QPM34837,H5,h5_holdout,102,0,15.187124,4.499641,-80.92101949248942
QPM34825,H5,h5_holdout,94,0,-4.2916255,-10.550961,-3.920651208051275
QPM34813,H5,h5_holdout,94,0,-4.1520004,-10.224709,-4.09645287321864
QPM34801,H5,h5_holdout,94,0,-4.1520004,-10.224709,-4.09645287321864
QPM34789,H5,h5_holdout,94,0,-4.2237954,-10.562872,-3.735601848982121
QPM34777,H5,h5_holdout,94,0,-4.1520004,-10.224709,-4.09645287321864
QPM34765,H5,h5_holdout,94,0,-4.1520004,-10.224709,-4.09645287321864
QPM34753,H5,h5_holdout,94,0,-4.1520004,-10.224709,-4.09645287321864
QPM34741,H5,h5_holdout,5,0,-4.317308,-10.31422,-5.084289139281255
QPM34729,H5,h5_holdout,94,0,-4.1520004,-10.224709,-4.09645287321864
QPM34717,H5,h5_holdout,94,0,-3.8560972,-10.414482,-4.652532090328743
QPM34705,H5,h5_holdout,94,0,-3.8560972,-10.414482,-4.652532090328743
QPM34693,H5,h5_holdout,94,0,-4.1520004,-10.224709,-4.09645287321864
QPM34681,H5,h5_holdout,94,0,-4.1520004,-10.224709,-4.09645287321864
QPM34669,H5,h5_holdout,5,0,-4.2336125,-10.176556,-4.301039113072418
QPM34657,H5,h5_holdout,103,0,-4.7987456,-10.854629,-3.475383847624956
QPM34645,H5,h5_holdout,5,0,-4.257524,-10.540321,-4.297111335006983
QPM34633,H5,h5_holdout,5,0,-2.5469272,-9.24038,-8.13009023631488
QPM34621,H5,h5_holdout,103,0,-4.2245073,-9.653273,-6.196644000427076
QPM34609,H5,h5_holdout,94,0,-4.1520004,-10.224709,-4.09645287321864
QPM34597,H5,h5_holdout,99,0,-4.6746264,-10.031889,-1.962290058874947
QPM34585,H5,h5_holdout,94,0,-3.8572907,-10.139517,-5.744804616678655
QPM34573,H5,h5_holdout,94,0,-4.5416913,-10.061672,-3.9245413591954375
QPM34561,H5,h5_holdout,94,0,-4.1520004,-10.224709,-4.09645287321864
QPM34549,H5,h5_holdout,94,0,-4.123006,-9.948902,-3.4827713111053082
QPM34537,H5,h5_holdout,94,0,-4.671476,-10.508295,-2.872813211251051
QPM34525,H5,h5_holdout,5,0,-4.348705,-10.399515,-4.482745360825852
QPM34513,H5,h5_holdout,94,0,-4.1520004,-10.224709,-4.09645287321864
QPM34501,H5,h5_holdout,94,0,-4.1520004,-10.224709,-4.09645287321864
QPM34489,H5,h5_holdout,94,0,-4.1520004,-10.224709,-4.09645287321864
QPM34478,H5,h5_holdout,94,0,-5.7859073,-12.224806,-1.0886925647854149
QPM34466,H5,h5_holdout,94,0,-4.1520004,-10.224709,-4.09645287321864
QPM34454,H5,h5_holdout,94,0,-4.1520004,-10.224709,-4.09645287321864
QPM34442,H5,h5_holdout,92,0,-4.5694346,-9.389145,-3.2320939321257622
QPM34430,H5,h5_holdout,98,0,-2.7554417,-9.65691,-6.186289295165446
QPM34418,H5,h5_holdout,104,0,-3.271982,-10.0401535,-1.7746701220027017
QPM34406,H5,h5_holdout,104,0,-3.8016005,-9.867964,-4.078681048029162
QPM34394,H5,h5_holdout,104,0,-3.3907366,-9.792339,-5.541486759543345
QPM34382,H5,h5_holdout,104,0,-3.6002548,-9.775423,-4.5016302802563715
QPM34370,H5,h5_holdout,104,0,-3.6002548,-9.775423,-4.5016302802563715
QPM34358,H5,h5_holdout,104,0,-3.3907366,-9.792339,-5.541486759543345
QPM34346,H5,h5_holdout,105,0,-2.8495436,-9.023083,-6.145386750134975
QPM34334,H5,h5_holdout,105,0,-3.3757095,-9.295905,-6.879622458296538
QPM34322,H5,h5_holdout,105,0,-3.0418,-9.277245,-5.774901905819815
QPM34310,H5,h5_holdout,104,0,-3.3074937,-9.699339,-6.029429737431943
QPM34298,H5,h5_holdout,104,0,-3.3074937,-9.699339,-6.029429737431943
QPM34286,H5,h5_holdout,92,0,-4.066215,-10.079674,-5.012131331990821
QPM34274,H5,h5_holdout,92,0,-4.066215,-10.079674,-5.012131331990821
QPM34262,H5,h5_holdout,92,0,-4.100141,-10.190559,-4.779710724827611
QPM34250,H5,h5_holdout,92,0,-6.041777,-9.216428,-4.3987497341263
QPM34238,H5,h5_holdout,5,0,-4.2337823,-10.552284,-4.358589353152803
QPM34226,H5,h5_holdout,5,0,-4.526839,-10.444575,-3.930993201327494
QPM34214,H5,h5_holdout,5,0,-4.526839,-10.444575,-3.930993201327494
QPM34202,H5,h5_holdout,5,0,-4.3289275,-10.387388,-5.921930016444099
QPM34190,H5,h5_holdout,5,0,-4.5501304,-10.19837,-3.547716371212239
QPM34178,H5,h5_holdout,5,0,-4.3289275,-10.387388,-5.921930016444099
QPM34166,H5,h5_holdout,5,0,-3.8338523,-10.308592,-5.26014800042498
QPM34154,H5,h5_holdout,5,0,-3.993577,-10.466394,-3.689613131581007
QPM34142,H5,h5_holdout,5,0,-4.526839,-10.444575,-3.930993201327494
QPM34130,H5,h5_holdout,5,0,-4.23718,-10.476778,-4.477970507836071
QPM34118,H5,h5_holdout,5,0,-4.526839,-10.444575,-3.930993201327494
QPM34106,H5,h5_holdout,5,0,-4.4834323,-10.654699,-4.133372441615551
QPM34094,H5,h5_holdout,5,0,-4.348705,-10.399515,-4.482745360825852
QPM34082,H5,h5_holdout,5,0,-4.526839,-10.444575,-3.930993201327494
QPM34070,H5,h5_holdout,106,0,-5.607181,-9.137392,-2.858008418245083
QPM34058,H5,h5_holdout,5,0,-5.111268,-9.92872,-6.3238586943155095
QPM34046,H5,h5_holdout,5,0,-4.862772,-10.351617,-3.632555678416411
QPM34034,H5,h5_holdout,5,0,-4.348705,-10.399515,-4.482745360825852
QPM34022,H5,h5_holdout,107,0,-8.236843,-8.97638,-0.9176804749413154
QPM34010,H5,h5_holdout,94,0,-4.439053,-11.771677,-6.679342934016654
QPM33998,H5,h5_holdout,94,0,-4.1199155,-9.716995,-4.8826037971190015
QPM33986,H5,h5_holdout,94,0,-4.191004,-9.938389,-3.6970497683530947
QPM33975,H5,h5_holdout,5,0,-4.257467,-10.43269,-3.867632523888151
QPM33963,H5,h5_holdout,94,0,-3.9558306,-10.332315,-5.0724638617977735
QPM33951,H5,h5_holdout,94,0,-4.565937,-10.6086,-2.1775547525571888
QPM33939,H5,h5_holdout,94,0,-4.1520004,-10.224709,-4.09645287321864
QPM33927,H5,h5_holdout,94,0,-4.1520004,-10.224709,-4.09645287321864
QPM33915,H5,h5_holdout,94,0,-4.5467725,-9.6335745,-5.2312648347520145
QPM33903,H5,h5_holdout,94,0,-4.1520004,-10.224709,-4.09645287321864
QPM33892,H5,h5_holdout,94,0,-3.7608232,-10.042205,-2.277628511725883
QPM33880,H5,h5_holdout,94,0,-4.3546076,-9.890234,-3.461371354224001
QPM33868,H5,h5_holdout,108,0,-6.5683475,-8.889598,1.4595989283867823
QPM33856,H5,h5_holdout,108,0,-6.442883,-9.134415,-0.3045197141739493
QPM33844,H5,h5_holdout,108,0,-6.442883,-9.134415,-0.3045197141739493
QPM33832,H5,h5_holdout,108,0,-6.302171,-9.005306,0.8124147596092772
QPM33820,H5,h5_holdout,108,0,-6.5121646,-9.150375,0.6988732354747746
QPM33808,H5,h5_holdout,99,0,-4.545784,-9.765298,-0.6371796904990408
QPM33796,H5,h5_holdout,99,0,-4.6320806,-10.08781,-2.3581446007077194
QPM33784,H5,h5_holdout,99,0,-4.6320806,-10.08781,-2.3581446007077194
QPM33772,H5,h5_holdout,109,0,-5.313639,-10.774532,-6.202736023754577
QPM33760,H5,h5_holdout,97,0,-3.5216014,-9.940894,-5.708299674005213
QPM33748,H5,h5_holdout,110,0,-5.358331,-8.30005,-3.767294658824639
QPM33736,H5,h5_holdout,92,0,-4.463781,-10.652424,-5.7141073782905725
QPM33724,H5,h5_holdout,108,0,-5.7352324,-8.338791,-2.6607529884156165
QPM33712,H5,h5_holdout,5,0,-4.3545184,-10.177643,-6.818399402846353
QPM33700,H5,h5_holdout,99,0,-4.6908,-9.783316,-2.283755482503752
QPM33688,H5,h5_holdout,94,0,-4.4197745,-10.054643,-2.9778874866524117
QPM33676,H5,h5_holdout,94,0,-4.326863,-10.199333,-2.6664517427691887
QPM33664,H5,h5_holdout,94,0,-7.487209,-9.346643,-1.066715242851794
QPM33652,H5,h5_holdout,111,0,-4.414954,-11.635265,-7.2142382878904225
QPM33640,H5,h5_holdout,111,0,-4.439053,-11.771677,-6.679342934016654
QPM33628,H5,h5_holdout,94,0,-4.1520004,-10.224709,-4.09645287321864
QPM33616,H5,h5_holdout,5,0,-4.2706623,-10.135731,-4.469434587916693
QPM33604,H5,h5_holdout,101,0,-5.3267436,-10.0378895,-5.395369459179648
QPM33592,H5,h5_holdout,112,0,-4.350142,-11.164276,-8.132647202453278
QPM33580,H5,h5_holdout,5,0,-5.921329,-9.884314,-2.1969643395478418
QPM33568,H5,h5_holdout,5,0,-4.422552,-10.468189,-3.806501023294908
QPM33556,H5,h5_holdout,94,0,-4.3240924,-9.864239,-2.2148694981569523
QPM33544,H5,h5_holdout,94,0,-4.1520004,-10.224709,-4.09645287321864
QPM33532,H5,h5_holdout,94,0,-4.1520004,-10.224709,-4.09645287321864
QPM33520,H5,h5_holdout,112,0,-4.350142,-11.164276,-8.132647202453278
QPM33508,H5,h5_holdout,108,0,-5.818585,-8.752608,-1.672202252013225
QPM33496,H5,h5_holdout,108,0,-5.818585,-8.752608,-1.672202252013225
QPM33484,H5,h5_holdout,108,0,-5.753779,-8.586655,-1.9360893482916879
QPM33472,H5,h5_holdout,108,0,-6.057831,-8.992734,-0.7312037292120142
QPM33460,H5,h5_holdout,5,0,-4.4834323,-10.654699,-4.133372441615551
QPM33448,H5,h5_holdout,99,0,-5.269278,-10.708845,-2.493528366600634
QPM33436,H5,h5_holdout,99,0,-4.040533,-10.377559,-3.2334327498419206
QPM33424,H5,h5_holdout,99,0,-4.6320806,-10.08781,-2.3581446007077194
QPM33412,H5,h5_holdout,112,0,-3.6445441,-9.491518,-6.807800829177216
QPM33400,H5,h5_holdout,94,0,-4.1520004,-10.224709,-4.09645287321864
QPM33388,H5,h5_holdout,5,0,-4.214609,-10.208564,-4.809886902450671
QPM33376,H5,h5_holdout,5,0,-4.6153336,-10.313766,-4.618638753743079
QPM33364,H5,h5_holdout,92,0,-3.7545414,-9.557091,-5.771723214350182
QPM33352,H5,h5_holdout,5,0,-4.517669,-9.868376,-3.0474840593178243
QPM33340,H5,h5_holdout,5,0,-4.9638143,-10.760452,-4.768287820510563
QPM33328,H5,h5_holdout,113,0,-7.6721673,-9.693605,-2.2530876746595236
QPM33316,H5,h5_holdout,99,0,-4.9067564,-9.967789,-1.7319398011186422
QPM33304,H5,h5_holdout,113,0,-7.7046957,-9.528788,-1.5055775338405422
QPM33292,H5,h5_holdout,99,0,-4.6746264,-10.031889,-1.962290058874947
QPM33280,H5,h5_holdout,99,0,-4.6320806,-10.08781,-2.3581446007077194
QPM33268,H5,h5_holdout,99,0,-4.9067564,-9.967789,-1.7319398011186422
QPM33256,H5,h5_holdout,99,0,-4.6746264,-10.031889,-1.962290058874947
QPM33244,H5,h5_holdout,99,0,-4.8831453,-10.015642,-3.8721740232477018
QPM33232,H5,h5_holdout,5,0,-4.0781875,-11.154074,-6.167775337861091
QPM33220,H5,h5_holdout,97,0,-3.2879696,-9.78965,-5.875299241970568
QPM33208,H5,h5_holdout,5,0,-3.477163,-10.740185,-5.980859756354294
QPM33196,H5,h5_holdout,5,0,-4.348705,-10.399515,-4.482745360825852
QPM33184,H5,h5_holdout,94,0,-4.1520004,-10.224709,-4.09645287321864
QPM33172,H5,h5_holdout,94,0,-4.1520004,-10.224709,-4.09645287321864
QPM33160,H5,h5_holdout,94,0,-4.0950456,-10.22591,-3.8640581771210183
QPM33148,H5,h5_holdout,98,0,-3.5624242,-9.794192,-5.568350459994624
QPM33136,H5,h5_holdout,104,0,-3.3907366,-9.792339,-5.541486759543345
QPM33124,H5,h5_holdout,5,0,-4.8578076,-10.205269,-6.83931030878429
QPM33112,H5,h5_holdout,5,0,-4.181096,-10.974852,-6.345062981098982
QPM33100,H5,h5_holdout,5,0,-4.050939,-10.514129,-5.31988393389744
QPM33088,H5,h5_holdout,5,0,-4.0627284,-10.646574,-5.943893432010524
QPM33076,H5,h5_holdout,94,0,-3.8560972,-10.414482,-4.652532090328743
QPM33064,H5,h5_holdout,5,0,-4.076995,-10.428589,-4.805437579592008
QPM33052,H5,h5_holdout,94,0,-6.2966666,-9.958975,-5.044559509182166
QPM33040,H5,h5_holdout,94,0,-4.0334764,-10.414212,-5.350752834665332
QPM33028,H5,h5_holdout,94,0,-4.1520004,-10.224709,-4.09645287321864
QPM33016,H5,h5_holdout,94,0,-3.9289489,-10.346785,-4.790232410489603
QPM33004,H5,h5_holdout,94,0,-5.7033896,-12.212157,-0.8179236733426034
QPM32992,H5,h5_holdout,94,0,-4.062966,-10.207432,-3.857882948911696
QPM32980,H5,h5_holdout,94,0,-4.062966,-10.207432,-3.857882948911696
QPM32968,H5,h5_holdout,94,0,-3.8279028,-10.193232,-4.779888808632046
QPM32956,H5,h5_holdout,94,0,-4.1520004,-10.224709,-4.09645287321864
QPM32944,H5,h5_holdout,94,0,-4.1520004,-10.224709,-4.09645287321864
QPM32932,H5,h5_holdout,94,0,-4.1520004,-10.224709,-4.09645287321864
QPM32920,H5,h5_holdout,94,0,-4.1520004,-10.224709,-4.09645287321864
QPM32908,H5,h5_holdout,94,0,-4.0950456,-10.22591,-3.8640581771210183
QPM32896,H5,h5_holdout,94,0,-4.1520004,-10.224709,-4.09645287321864
QPM32884,H5,h5_holdout,94,0,-4.1520004,-10.224709,-4.09645287321864
QTO34379,H5,h5_holdout,268,0,-8.7083025,-8.844349,-7.48023810416416
QTO34365,H5,h5_holdout,269,0,-7.989964,-8.641702,-6.636142224989841
QTO34171,H5,h5_holdout,269,0,-7.620649,-7.90161,-5.700493197255598
BCT56664,H5,h5_holdout,262,0,-6.53212,-7.4918876,0.6084680442826684
BCT56653,H5,h5_holdout,262,0,-6.314029,-7.503202,-0.36772026499151345
QPK13784,H5,h5_holdout,6,0,-9.480483,-8.985988,0.681432328070871
QOJ99995,H5,h5_holdout,186,0,-3.7782679,-9.641359,-8.233803574028048
QOJ99924,H5,h5_holdout,187,0,-5.837684,-14.9095745,-15.73761363353343
QOJ99915,H5,h5_holdout,183,0,-4.565036,-13.206912,-16.67491129376399
QOJ99911,H5,h5_holdout,188,0,-3.490755,-14.635048,-19.037069707412556
QOJ99905,H5,h5_holdout,183,0,-4.565036,-13.206912,-16.67491129376399
QOJ99903,H5,h5_holdout,189,0,-3.9841504,-12.931345,-21.405191597069482
QOJ99901,H5,h5_holdout,189,0,-5.0407634,-12.706261,-14.512517821057214
QOJ99898,H5,h5_holdout,189,0,-4.6992993,-13.065251,-15.574821222456269
QOJ99887,H5,h5_holdout,189,0,-4.377259,-13.118211,-14.881617695907645
QOJ99883,H5,h5_holdout,190,0,-7.1094756,-14.198784,-14.148369092660483
QOJ99880,H5,h5_holdout,189,0,-4.3044486,-13.011552,-18.672998290490696
QOJ99878,H5,h5_holdout,189,0,-3.6554058,-13.047077,-20.925173111529368
QOJ99875,H5,h5_holdout,189,0,-4.5770316,-12.870394,-15.302263835415252
QOJ99863,H5,h5_holdout,191,0,-3.9016144,-12.800285,-19.753655583771167
QOJ99861,H5,h5_holdout,189,0,-4.6253667,-13.161737,-17.16821418621131
QOJ99855,H5,h5_holdout,183,0,-4.4152565,-13.037571,-17.34285728179941
QOJ99854,H5,h5_holdout,190,0,-5.9279566,-15.170576,-14.578320510652992
QOJ99851,H5,h5_holdout,183,0,-3.8839345,-12.676884,-18.681306832523223
QOJ99844,H5,h5_holdout,183,0,-4.291154,-12.608065,-17.973094428925833
QOJ99841,H5,h5_holdout,183,0,-3.894856,-12.974453,-17.45317729098518
QOJ99840,H5,h5_holdout,183,0,-3.7452214,-12.720287,-13.568871987465023
QOJ99837,H5,h5_holdout,183,0,-4.02215,-12.552811,-13.02075497378659
QOJ99833,H5,h5_holdout,192,0,-4.766993,-13.4615345,-16.788370265373096
QOJ99827,H5,h5_holdout,183,0,-4.184153,-12.772087,-13.227181376810558
QOJ99823,H5,h5_holdout,183,0,-4.616078,-13.1355095,-16.133288088640683
QOJ99822,H5,h5_holdout,183,0,-3.7452214,-12.720287,-13.568871987465023
QOJ99719,H5,h5_holdout,193,0,-5.2204895,-15.264568,-15.361423153686514
QOJ99708,H5,h5_holdout,193,0,-5.309624,-15.237057,-15.159222959301415
QOJ99706,H5,h5_holdout,193,0,-5.851719,-15.468233,-15.242760624358498
QOJ99705,H5,h5_holdout,193,0,-5.5601544,-15.430408,-15.078155233063475
QOJ99703,H5,h5_holdout,193,0,-5.5601544,-15.430408,-15.078155233063475
QOJ99702,H5,h5_holdout,193,0,-5.5601544,-15.430408,-15.078155233063475
QOJ99700,H5,h5_holdout,193,0,-5.5601544,-15.430408,-15.078155233063475
QOJ99695,H5,h5_holdout,194,0,-7.99074,-15.181267,-11.777572214233865
QOJ99689,H5,h5_holdout,195,0,-6.346584,-9.304989,-2.462718984013371
QOJ99688,H5,h5_holdout,437,0,9.056031,4.1024923,-96.48321946095032
QOJ99686,H5,h5_holdout,195,0,-5.3908405,-9.159303,-5.546255779984191
QOJ99685,H5,h5_holdout,195,0,-6.303457,-10.024029,-12.152949435559615
QOJ99684,H5,h5_holdout,114,0,5.777936,-2.0342863,-105.7845564094844
QOJ99675,H5,h5_holdout,196,0,-4.2345977,-12.643736,-18.85182898810594
QOJ99668,H5,h5_holdout,197,0,-3.0833864,-13.861515,-26.86025290627189
QOJ99662,H5,h5_holdout,198,0,-9.031458,-15.564803,-4.612803459008676
QOJ99653,H5,h5_holdout,196,0,-4.3060284,-12.161368,-18.47784042252492
QOJ99650,H5,h5_holdout,189,0,-4.6468062,-12.392118,-16.038234236213263
QOJ99627,H5,h5_holdout,199,0,-6.0271926,-15.174316,-11.578864891860343
QOJ99621,H5,h5_holdout,189,0,-4.351928,-12.773605,-19.05668871855525
QOJ99614,H5,h5_holdout,189,0,-3.8806305,-12.894827,-16.83014287603487
QOJ99610,H5,h5_holdout,200,0,-7.0292087,-12.647898,-5.222011812166784
QOJ99605,H5,h5_holdout,199,0,-6.71732,-14.734137,-6.262977981813849
QOJ99592,H5,h5_holdout,201,0,-0.6244659,-11.97676,-58.75155838103684
QOJ99560,H5,h5_holdout,202,0,-6.056211,-12.801924,-12.898038253238923
QHO62951,H5,h5_holdout,5,0,-3.9518654,-9.798544,-5.15916748199737
QHO62939,H5,h5_holdout,5,0,-3.9518654,-9.798544,-5.15916748199737
QHO62927,H5,h5_holdout,92,0,-4.4267216,-10.552769,-6.005619185414291
QHO62915,H5,h5_holdout,97,0,-3.2584212,-9.813947,-8.525154957767544
QHO62903,H5,h5_holdout,92,0,-4.4267216,-10.552769,-6.005619185414291
QHO62891,H5,h5_holdout,270,0,-8.18809,-9.144509,-8.997113472094686
QBK96571,H5,h5_holdout,115,0,-5.2238727,-11.007557,-2.1685822348973556
QBK96559,H5,h5_holdout,116,0,-4.188771,-11.912533,-8.03558126862845
QBK96547,H5,h5_holdout,205,0,-5.7894044,-11.7553425,-7.900938231007009
BAE94699,H5,h5_holdout,271,0,-7.118694,-7.127934,-8.432745256053435
ABW74714,H5,h5_holdout,471,0,-11.2247925,-7.8772855,0.29664027137975424
AAC58998,H5,h5_holdout,450,0,-6.4542136,-5.6253963,-2.9360688343657326
AAC58997,H5,h5_holdout,451,0,-7.331699,-5.066952,0.23125658960398887
AAC58996,H5,h5_holdout,312,0,-6.412409,-5.9213285,-1.687903471170701
AAC58994,H5,h5_holdout,452,0,-7.2065835,-5.334311,-2.819319868992457
AAC58991,H5,h5_holdout,453,0,-7.7307143,-6.4096265,-3.271540600942087
AAC58990,H5,h5_holdout,440,0,-2.6922572,-3.206427,-12.163350267093985
QCT26677,H5,h5_holdout,117,0,-3.584365,-9.320421,-4.399283306024907
AZQ05310,H5,h5_holdout,272,0,-5.610866,-6.92454,-13.598075934841182
AYF79678,H5,h5_holdout,118,0,-8.34406,-8.953012,-10.97902839855152
AYD68797,H5,h5_holdout,115,0,-5.400605,-10.378272,-3.703972690453723
AYD68796,H5,h5_holdout,115,0,-5.4585385,-10.19175,-3.8921279839016965
AYD68795,H5,h5_holdout,115,0,-5.4585385,-10.19175,-3.8921279839016965
AYD68794,H5,h5_holdout,273,0,-6.2712893,-7.536012,-0.547827615655299
AYD68793,H5,h5_holdout,273,0,-6.321935,-8.067419,1.8532962306226377
AXL66157,H5,h5_holdout,439,0,-6.941192,-9.462919,-9.294504200261168
AXK57821,H5,h5_holdout,9,0,-11.383883,-11.659445,2.1234947551050496
AXK57820,H5,h5_holdout,9,0,-9.766646,-11.016409,4.270122262373681
AWX61337,H5,h5_holdout,274,0,-7.766417,-7.9193068,-4.575165108243704
AWX61325,H5,h5_holdout,274,0,-8.384083,-8.711062,-5.143218767275696
AWX61313,H5,h5_holdout,274,0,-7.766417,-7.9193068,-4.575165108243704
AWX61301,H5,h5_holdout,274,0,-8.1251135,-7.907547,-3.1450355717389797
AWX61289,H5,h5_holdout,206,0,18.74137,-2.7483842,1.803499316879746
AWX61278,H5,h5_holdout,206,0,19.390461,-2.9013083,1.312671946332097
AWX61267,H5,h5_holdout,207,0,16.560959,-2.3575766,-16.534075189712993
AWX61255,H5,h5_holdout,275,0,-7.060512,-6.878176,-6.963921402852227
AWX61243,H5,h5_holdout,276,0,-10.565103,-11.657941,-0.9324309029155469
AWX61231,H5,h5_holdout,277,0,-8.597606,-8.843637,-11.068754830556594
AWX61219,H5,h5_holdout,278,0,-4.8553557,-3.3534122,-8.153644718494132
AWX61015,H5,h5_holdout,284,0,-7.0780854,-6.8339972,-5.805595011840433
AWX61003,H5,h5_holdout,284,0,-5.7050967,-5.9800935,-5.4194257982582865
AWX60991,H5,h5_holdout,284,0,-5.905398,-6.89817,-6.937297023338017
AWX60979,H5,h5_holdout,284,0,-5.905398,-6.89817,-6.937297023338017
AWX60967,H5,h5_holdout,284,0,-7.1363797,-7.1071243,-7.532611551038668
AWX60955,H5,h5_holdout,284,0,-5.905398,-6.89817,-6.937297023338017
AWX60943,H5,h5_holdout,285,0,-5.4936547,-6.050796,-6.0178554413668035
AWX60931,H5,h5_holdout,275,0,-6.2821774,-5.8930063,-6.441823947671777
AWX60919,H5,h5_holdout,208,0,16.435114,-3.0362709,-17.737488268793797
AWX60907,H5,h5_holdout,393,0,3.2298684,-0.98242927,-42.075949349900455
AWX60895,H5,h5_holdout,286,0,-7.0940976,-5.269884,-0.9166377883919719
AWX60883,H5,h5_holdout,275,0,-7.400291,-7.556492,-7.20882690630056
AWX60871,H5,h5_holdout,287,0,-5.9572606,-6.9652543,-11.660219595143763
AWX60859,H5,h5_holdout,275,0,-7.099035,-6.7444377,-5.387188100345368
AWX60847,H5,h5_holdout,288,0,-7.9687076,-8.092012,-5.911138830136386
AWX60835,H5,h5_holdout,209,0,8.019761,3.2370527,-11.017141976527718
AWX60823,H5,h5_holdout,289,0,-6.9424586,-7.634818,-12.13029606405126
AWX60811,H5,h5_holdout,275,0,-7.3248525,-7.138223,-6.899381361770606
AWX60799,H5,h5_holdout,288,0,-8.293359,-8.671003,-3.882065996997353
AWX60787,H5,h5_holdout,290,0,-8.384192,-9.174583,-0.12751752536126837
AWX60775,H5,h5_holdout,290,0,-8.093577,-8.8825655,-3.252109980571044
AWX60763,H5,h5_holdout,288,0,-7.9917874,-8.202371,-6.356369584493946
AWX60751,H5,h5_holdout,231,0,8.079704,0.09241151,-56.70972782119224
AWX60739,H5,h5_holdout,288,0,-8.065669,-8.421045,-5.651070332540856
AWX60727,H5,h5_holdout,207,0,16.282307,-2.6373975,-20.596478307333676
AWX60715,H5,h5_holdout,288,0,-7.966609,-8.28467,-5.498828034928787
AWX60703,H5,h5_holdout,291,0,-8.759693,-8.171139,-5.4516816022918295
AWX60691,H5,h5_holdout,288,0,-8.458856,-8.427044,-3.787936186453207
AWX60679,H5,h5_holdout,288,0,-8.136193,-7.9456053,-3.841145499617573
AWX60667,H5,h5_holdout,275,0,-7.51374,-6.9690104,-4.630287161439112
AWX60655,H5,h5_holdout,292,0,-7.120974,-6.7048693,-5.302934337429457
AWX60643,H5,h5_holdout,275,0,-6.7687182,-6.572223,-5.990835177417383
AWX60631,H5,h5_holdout,282,0,-6.9934235,-8.40089,-7.930472249935972
AWX60619,H5,h5_holdout,292,0,-7.2959113,-7.060473,-5.411074631563389
AWX60607,H5,h5_holdout,275,0,-7.2138247,-6.8531337,-5.279808469192082
AWX60595,H5,h5_holdout,275,0,-5.6746616,-5.982366,-9.465802806394587
AWX60583,H5,h5_holdout,288,0,-7.982533,-8.387169,-5.851741569204085
AWX60571,H5,h5_holdout,277,0,-7.8494725,-8.256029,-11.37079189902248
AWX60559,H5,h5_holdout,277,0,-8.579787,-8.844425,-11.030029292200345
AWX60547,H5,h5_holdout,277,0,-8.280213,-8.119473,-7.390470141855376
AWX60535,H5,h5_holdout,277,0,-8.521193,-7.2092805,-9.455604272752689
AWX60523,H5,h5_holdout,293,0,-7.794925,-8.409452,-6.724234175995155
AWX60511,H5,h5_holdout,294,0,-7.8125863,-7.5236344,-6.50403672255702
AWX60487,H5,h5_holdout,275,0,-7.748555,-7.2281966,-6.176064546062113
AWX60475,H5,h5_holdout,275,0,-7.748555,-7.2281966,-6.176064546062113
AWX60463,H5,h5_holdout,275,0,-6.9750648,-6.590937,-5.713998196793851
AWX60451,H5,h5_holdout,277,0,-7.889302,-7.9133763,-8.696193493744167
AWX60439,H5,h5_holdout,295,0,-5.0003204,-5.709144,-12.014079571250875
AWX60427,H5,h5_holdout,295,0,-5.0003204,-5.709144,-12.014079571250875
AWX60415,H5,h5_holdout,295,0,-5.0003204,-5.709144,-12.014079571250875
AWX60403,H5,h5_holdout,295,0,-5.0003204,-5.709144,-12.014079571250875
AWX60391,H5,h5_holdout,296,0,-8.303796,-8.428054,-9.026924228778151
AWX60379,H5,h5_holdout,296,0,-7.1790032,-8.285132,-7.616322537657682
AWX60367,H5,h5_holdout,296,0,-6.916165,-7.564881,-6.74112402974256
AWX60355,H5,h5_holdout,296,0,-7.0134034,-7.601251,-8.96023158600419
AWX60343,H5,h5_holdout,288,0,-8.312735,-7.740578,-9.022653146134202
AWX60319,H5,h5_holdout,207,0,16.433746,-2.6769068,-19.253037665151748
AWX60307,H5,h5_holdout,277,0,-8.085193,-7.3079095,-7.617603530005249
AWX60295,H5,h5_holdout,275,0,-6.6848907,-6.7658134,-6.7027898889967386
AWX60283,H5,h5_holdout,393,0,2.3151226,-1.8308104,-46.40792789462658
AWX60271,H5,h5_holdout,207,0,16.433746,-2.6769068,-19.253037665151748
AWX60259,H5,h5_holdout,296,0,-7.4750376,-8.25229,-7.839751447790546
AWX60247,H5,h5_holdout,296,0,-6.8101926,-7.797835,-8.906047153165636
AWX60235,H5,h5_holdout,296,0,-6.5889506,-7.720671,-9.942372767881702
AWX60223,H5,h5_holdout,295,0,-5.1247296,-5.537013,-11.853538802167467
AWX60211,H5,h5_holdout,295,0,-5.4342456,-6.013884,-11.99238688811097
AWX60199,H5,h5_holdout,207,0,16.433746,-2.6769068,-19.253037665151748
AWX60187,H5,h5_holdout,277,0,-8.643157,-8.703367,-9.556109771838118
AWX60175,H5,h5_holdout,277,0,-7.7267957,-7.987599,-9.81813500943325
AWX60115,H5,h5_holdout,275,0,-7.2637377,-7.6534657,-7.986410749185472
AWX60103,H5,h5_holdout,275,0,-6.064806,-5.106525,-5.905808467792738
AWX60091,H5,h5_holdout,275,0,-6.6850696,-6.8121057,-8.443762087732397
AWX60079,H5,h5_holdout,275,0,-6.4676495,-6.674213,-8.032349813169835
AWX60067,H5,h5_holdout,275,0,-7.219418,-7.3636446,-6.392507058847082
AWX60055,H5,h5_holdout,298,0,-6.9386864,-6.273335,-7.411899051729508
AWX60043,H5,h5_holdout,281,0,-6.9623904,-6.914205,-5.795491243860136
AWX60031,H5,h5_holdout,281,0,-6.9623904,-6.914205,-5.795491243860136
AWX60019,H5,h5_holdout,385,0,-7.4447966,-7.752307,-6.298836162430566
AWX60010,H5,h5_holdout,275,0,-7.5334907,-7.767409,-5.135246608090883
ANA11423,H5,h5_holdout,299,0,-10.014377,-11.116279,-6.009384759866187
ANA11411,H5,h5_holdout,299,0,-10.740935,-11.928038,-4.047573327439116
BBC44465,H5,h5_holdout,119,0,-2.1160183,-10.308593,-8.380606195382539
BBC44454,H5,h5_holdout,119,0,-2.1160183,-10.308593,-8.380606195382539
BBC44443,H5,h5_holdout,119,0,-2.1160183,-10.308593,-8.380606195382539
BBC44432,H5,h5_holdout,394,0,-5.38238,-5.511993,-15.338805324422216
BBC44421,H5,h5_holdout,120,0,-8.885034,-8.599533,-8.67554465547063
BBC44410,H5,h5_holdout,120,0,-8.885034,-8.599533,-8.67554465547063
BBC44399,H5,h5_holdout,120,0,-8.772976,-8.733762,-9.772789139143116
BBC44388,H5,h5_holdout,120,0,-8.885034,-8.599533,-8.67554465547063
BBC44377,H5,h5_holdout,120,0,-8.885034,-8.599533,-8.67554465547063
BBC44366,H5,h5_holdout,117,0,-3.6948,-8.990659,-2.5513703040907796
ALV71430,H5,h5_holdout,395,0,2.9982255,0.29094726,-25.18205209361045
ALV71429,H5,h5_holdout,301,0,-7.198152,-7.1827745,-4.659697806384747
AHZ44177,H5,h5_holdout,288,0,-8.051068,-8.163212,-6.723774762625267
AHZ44176,H5,h5_holdout,232,0,7.83851,-0.23767732,-57.79600594636037
AGE00515,H5,h5_holdout,303,0,-7.0557747,-7.381718,-5.735334282839466
AGE00514,H5,h5_holdout,393,0,3.784978,-1.0126678,-43.56802146860327
AEM75488,H5,h5_holdout,233,0,11.167331,7.182345,-56.47848061307691
AEM75487,H5,h5_holdout,305,0,-7.679881,-8.861591,-9.350891675261883
APA05171,H5,h5_holdout,116,0,-4.188771,-11.912533,-8.03558126862845
APA05169,H5,h5_holdout,205,0,-5.7803473,-11.5036125,-7.91774599635886
APA05167,H5,h5_holdout,205,0,-5.9036775,-11.759281,-9.187148174210572
APA05165,H5,h5_holdout,205,0,-7.2548814,-11.252111,-7.805966708948267
APA05163,H5,h5_holdout,205,0,-6.040961,-11.701933,-7.7463618590210235
APA05161,H5,h5_holdout,205,0,-6.176268,-11.284156,-6.6152789382579495
APA05159,H5,h5_holdout,205,0,-5.764002,-11.762424,-7.792925773706207
APA05157,H5,h5_holdout,205,0,-5.764002,-11.762424,-7.792925773706207
APA05155,H5,h5_holdout,205,0,-5.7894044,-11.7553425,-7.900938231007009
APA05153,H5,h5_holdout,116,0,-4.752485,-12.015682,-9.019967387288558
APA05151,H5,h5_holdout,205,0,-5.7894044,-11.7553425,-7.900938231007009
ASV62039,H5,h5_holdout,121,0,-4.2211857,-10.150962,-6.66442413378809
ASV62036,H5,h5_holdout,138,0,-6.44186,-9.21763,-13.615496013496488
ASV62035,H5,h5_holdout,118,0,-8.364908,-9.606683,-8.776694050747048
ASU06463,H5,h5_holdout,122,0,-3.4141784,-10.552801,-9.9912491282763
ASB32470,H5,h5_holdout,306,0,-12.515793,-12.072844,-3.479086204574349
BAV92933,H5,h5_holdout,123,0,-8.872529,-9.09729,-7.730831440294763
BAV92922,H5,h5_holdout,73,0,-8.695483,-9.012422,-8.60133254738052
BAV92911,H5,h5_holdout,73,0,-8.392047,-8.578655,-8.117757653037783
BAV92900,H5,h5_holdout,123,0,-9.828614,-9.168512,-3.2908718881261674
BAV92889,H5,h5_holdout,123,0,-8.787189,-9.128111,-8.709268293060338
AOT22442,H5,h5_holdout,94,0,-4.3462043,-9.935535,-4.564859431888728
ANA11399,H5,h5_holdout,299,0,-9.949094,-10.246101,-4.606469730776221
ANA11388,H5,h5_holdout,299,0,-9.735862,-9.87789,-3.85331223391894
ALX30439,H5,h5_holdout,307,0,-9.828975,-9.840684,-3.8697386491020342
BAG07130,H5,h5_holdout,308,0,-4.592903,-3.7782514,-5.379016844579217
BAG07140,H5,h5_holdout,308,0,-4.784905,0.9968704,-10.56830863144898
ANG09376,H5,h5_holdout,124,0,-13.737288,-13.843155,9.433934181495827
ANG09364,H5,h5_holdout,125,0,-13.096776,-14.09518,7.5504403825613
ANG09352,H5,h5_holdout,126,0,-12.74492,-13.546001,4.63586853399684
ANG09351,H5,h5_holdout,127,0,-12.67995,-12.761942,3.4986880474212985
ANG09337,H5,h5_holdout,128,0,-13.056342,-13.9826355,6.622748784983701
ANG09324,H5,h5_holdout,124,0,-13.067138,-14.509188,6.30645800589331
ANG09312,H5,h5_holdout,129,0,-13.531574,-12.731834,1.478121135432735
ANW83216,H5,h5_holdout,130,0,-6.941772,-7.835897,-6.266632880245508
ANW83215,H5,h5_holdout,130,0,-4.9446635,-8.160074,-6.407328543416275
ABF58847,H5,h5_holdout,10,0,-8.807087,-10.01971,-6.215904012856859
AAF04721,H5,h5_holdout,445,0,9.413188,2.7327044,-14.783936671690507
AAD19848,H5,h5_holdout,73,0,4.7567654,-1.4514894,-56.18089160587755
AAD19847,H5,h5_holdout,73,0,4.7567654,-1.4514894,-56.18089160587755
AAD13575,H5,h5_holdout,309,0,-5.726952,-6.2372274,-9.616128156197727
AAD13574,H5,h5_holdout,310,0,-7.7208943,-8.449772,-1.2071717557177433
AAD13573,H5,h5_holdout,311,0,-6.7436748,-8.17351,-5.144723666743877
AAD13572,H5,h5_holdout,312,0,-6.4866395,-8.183818,-6.360579022967773
AAD13571,H5,h5_holdout,234,0,-6.796472,-8.196542,0.16200175718918608
AAD13570,H5,h5_holdout,434,0,-6.8464837,-7.4347353,-0.3718274780622277
ACU11609,H5,h5_holdout,335,0,-9.883044,-4.8637195,-15.578260799165571
ABQ84479,H5,h5_holdout,467,0,-7.61091,-2.3257577,-17.841827323341384
ABQ84478,H5,h5_holdout,376,0,-5.3043103,-8.086142,-4.725470537556143
ABQ84475,H5,h5_holdout,435,0,-6.238816,-5.7095976,-5.351676901511018
ABQ84474,H5,h5_holdout,222,0,-7.7898164,-9.54396,-5.410624264870156
ABQ84472,H5,h5_holdout,388,0,-6.8704934,-8.162244,-2.4310375158661923
ABQ84471,H5,h5_holdout,320,0,-7.738643,-7.5133977,-3.122545184024938
ABQ84470,H5,h5_holdout,466,0,-7.960488,-4.7101283,-6.640688168117988
ABQ84467,H5,h5_holdout,313,0,-6.6301274,-7.168259,-3.3626178506902793
ABQ84466,H5,h5_holdout,377,0,-7.4494443,-9.10574,-0.0903545875818903
ABQ84465,H5,h5_holdout,377,0,-6.608522,-8.144237,-0.8043878296219429
ABQ84464,H5,h5_holdout,320,0,-6.6288567,-7.7222457,-0.6053787153193273
ABQ84463,H5,h5_holdout,378,0,-3.7507591,-6.003556,-11.237119432096199
ABQ84462,H5,h5_holdout,389,0,-6.7310553,-7.5485063,-1.9407165582756996
ABQ84461,H5,h5_holdout,379,0,-7.508268,-8.2215395,-3.5840883058573727
ABQ84460,H5,h5_holdout,234,0,-6.8484964,-7.9375253,0.8399555629945024
ABQ84459,H5,h5_holdout,380,0,-7.2802367,-8.219064,-6.007267096818412
ABQ84458,H5,h5_holdout,432,0,-6.581387,-7.2944827,-4.380785874012188
ABQ84457,H5,h5_holdout,381,0,-8.734986,-9.61629,-0.5641076108315684
ABO14789,H5,h5_holdout,150,1,-9.8163,-8.829131,4.87884803707867
ABK79303,H5,h5_holdout,498,0,-8.57698,9.261713,-12.125454727141534
AJM70618,H5,h5_holdout,94,0,-4.1520004,-10.224709,-4.09645287321864
AJM70617,H5,h5_holdout,94,0,-2.7897584,-10.451206,-6.6185596368410575
AJM70616,H5,h5_holdout,94,0,-4.1265774,-10.079115,-4.348993683366773
AKC91359,H5,h5_holdout,94,0,-4.111565,-10.327028,-4.024345284609936
BAU79611,H5,h5_holdout,314,0,-6.3078213,-6.879349,-5.479746480673281
AAN17270,H5,h5_holdout,315,0,-5.7961326,-7.434761,-11.38951986506102
AAN17269,H5,h5_holdout,315,0,-7.255935,-8.88877,-9.747201030713429
AAN17268,H5,h5_holdout,315,0,-6.038693,-7.29153,-10.013853106537288
AAN17267,H5,h5_holdout,315,0,-6.119259,-7.6141973,-10.431644914982849
AAN17266,H5,h5_holdout,315,0,-6.1732583,-8.180233,-13.002558349282209
AAN17265,H5,h5_holdout,315,0,-7.322856,-9.057177,-9.062005582416619
AAN17264,H5,h5_holdout,315,0,-6.123411,-7.9222093,-10.124992440033695
AAN17263,H5,h5_holdout,315,0,-6.1657147,-8.251854,-11.864529352412172
AAN17262,H5,h5_holdout,315,0,-6.3150373,-8.146528,-10.827938325646135
AAN17261,H5,h5_holdout,315,0,-5.788817,-6.1616936,-10.281624062174776
AAN17260,H5,h5_holdout,315,0,-7.0057664,-7.787908,-10.320539151842103
AAN17259,H5,h5_holdout,315,0,-6.171164,-8.422481,-12.226540252821541
AAN17258,H5,h5_holdout,315,0,-7.7216625,-9.373956,-9.30071911037797
AAN17257,H5,h5_holdout,315,0,-7.5623565,-9.224041,-9.17704699075579
AAN17256,H5,h5_holdout,315,0,-6.038693,-7.29153,-10.013853106537288
AAN17255,H5,h5_holdout,315,0,-6.280301,-7.6874576,-10.413385551037807
AAN17254,H5,h5_holdout,315,0,-6.384019,-7.58561,-9.557436954761913
AAG01225,H5,h5_holdout,11,0,-6.753574,-8.85195,-3.219456196224243
AAG01215,H5,h5_holdout,11,0,-7.0699463,-8.364841,-2.5959199329035627
AAG01205,H5,h5_holdout,11,0,-7.1345363,-8.624136,-3.6705613558249546
AAG01195,H5,h5_holdout,11,0,-7.1817474,-8.139865,0.13345640382917345
AAF99718,H5,h5_holdout,441,0,-8.298682,-6.267752,-8.030032943968932
AMK48398,H5,h5_holdout,33,0,-7.893584,-9.221392,-2.3631159603124754
CUX90939,H5,h5_holdout,12,1,-12.027935,-10.713589,4.476954028926011
CUX90938,H5,h5_holdout,12,1,-11.49619,-10.597551,7.324898607639648
CUX90937,H5,h5_holdout,160,1,-10.163253,-8.5455265,-1.0465822714114505
CUX90936,H5,h5_holdout,12,1,-10.167646,-9.324383,3.8971956918523905
CUX90935,H5,h5_holdout,12,1,-9.3698845,-8.159977,0.2265823114318426
AJS16160,H5,h5_holdout,115,0,-4.010181,-9.794445,-5.755333062922043
AJS16159,H5,h5_holdout,131,0,-1.7205726,-8.976579,-7.777600041254946
AJS16158,H5,h5_holdout,122,0,-3.5679731,-10.069441,-8.927143362372561
AJS16157,H5,h5_holdout,116,0,-1.1388814,-10.392696,-8.449574535245045
AJS16156,H5,h5_holdout,132,0,-4.428751,-9.984928,-4.591625039384466
AJS16155,H5,h5_holdout,117,0,-4.122954,-9.165102,-3.449669017899426
AJS16154,H5,h5_holdout,115,0,-4.010181,-9.794445,-5.755333062922043
AJS16153,H5,h5_holdout,133,0,-3.8223803,-10.297113,-4.1628197924246955
AJS16152,H5,h5_holdout,122,0,-4.3296185,-10.424953,-8.925638739081103
AJS16151,H5,h5_holdout,131,0,-3.9613078,-10.04141,-6.624437159026208
AJS16150,H5,h5_holdout,134,0,-4.3524566,-9.879379,-6.161265621355998
AJS16149,H5,h5_holdout,116,0,-4.6720505,-10.641924,-10.226412387528958
AJS16148,H5,h5_holdout,134,0,-4.283373,-10.064766,-6.225958258317537
AJS16147,H5,h5_holdout,134,0,-4.036296,-9.955658,-6.042914626794564
AJS16146,H5,h5_holdout,134,0,-5.1180334,-10.0112,-7.449687298091302
AJS16145,H5,h5_holdout,134,0,-4.312775,-10.286419,-5.629212798230077
AJS16144,H5,h5_holdout,134,0,-4.1658883,-9.869923,-5.949927157249649
AJS16143,H5,h5_holdout,134,0,-4.4158597,-9.748713,-5.095522346446126
AJS16142,H5,h5_holdout,134,0,-4.4158597,-9.748713,-5.095522346446126
AJS16141,H5,h5_holdout,134,0,-4.4158597,-9.748713,-5.095522346446126
AMA11833,H5,h5_holdout,12,1,-11.654597,-11.990215,6.0303630819469145
AMA11832,H5,h5_holdout,12,1,-11.458728,-10.954738,5.529675898884799
AMA11831,H5,h5_holdout,12,1,-10.287831,-9.661093,-0.6849810370169092
AMA11830,H5,h5_holdout,12,1,-10.461473,-9.535038,0.5807808669730985
ALB07770,H5,h5_holdout,94,0,-4.1520004,-10.224709,-4.09645287321864
ALB07758,H5,h5_holdout,94,0,-3.8646617,-10.183868,-5.613419631671306
ALB07746,H5,h5_holdout,94,0,-3.8646617,-10.183868,-5.613419631671306
ALB07734,H5,h5_holdout,94,0,-3.8646617,-10.183868,-5.613419631671306
ALB07722,H5,h5_holdout,94,0,-4.1520004,-10.224709,-4.09645287321864
ALB07710,H5,h5_holdout,94,0,-4.1520004,-10.224709,-4.09645287321864
ALB07698,H5,h5_holdout,94,0,-4.2237954,-10.562872,-3.735601848982121
ALB07686,H5,h5_holdout,94,0,-3.8646617,-10.183868,-5.613419631671306
ALB07674,H5,h5_holdout,94,0,-3.8646617,-10.183868,-5.613419631671306
ALB07662,H5,h5_holdout,94,0,-3.8646617,-10.183868,-5.613419631671306
ALB07650,H5,h5_holdout,94,0,-4.2237954,-10.562872,-3.735601848982121
ALB07638,H5,h5_holdout,94,0,-4.1520004,-10.224709,-4.09645287321864
ALB07626,H5,h5_holdout,94,0,-3.8646617,-10.183868,-5.613419631671306
ALB07614,H5,h5_holdout,94,0,-4.2237954,-10.562872,-3.735601848982121
ALB07602,H5,h5_holdout,94,0,-4.1520004,-10.224709,-4.09645287321864
ALB07580,H5,h5_holdout,94,0,-4.1520004,-10.224709,-4.09645287321864
ALB07568,H5,h5_holdout,94,0,-4.1520004,-10.224709,-4.09645287321864
ALB07556,H5,h5_holdout,94,0,-4.1520004,-10.224709,-4.09645287321864
ALB07544,H5,h5_holdout,94,0,-3.8646617,-10.183868,-5.613419631671306
ALB07532,H5,h5_holdout,94,0,-3.8646617,-10.183868,-5.613419631671306
ALB07520,H5,h5_holdout,94,0,-4.2237954,-10.562872,-3.735601848982121
ALB07508,H5,h5_holdout,94,0,-3.8646617,-10.183868,-5.613419631671306
ALB07496,H5,h5_holdout,94,0,-4.1520004,-10.224709,-4.09645287321864
ALB07484,H5,h5_holdout,94,0,-3.8646617,-10.183868,-5.613419631671306
ALB07472,H5,h5_holdout,94,0,-4.2237954,-10.562872,-3.735601848982121
ALB07460,H5,h5_holdout,94,0,-3.8646617,-10.183868,-5.613419631671306
ALB07448,H5,h5_holdout,94,0,-3.8646617,-10.183868,-5.613419631671306
ALB07436,H5,h5_holdout,94,0,-3.8646617,-10.183868,-5.613419631671306
ALB07424,H5,h5_holdout,94,0,-4.1520004,-10.224709,-4.09645287321864
ALB07412,H5,h5_holdout,94,0,-4.1520004,-10.224709,-4.09645287321864
ALB07400,H5,h5_holdout,94,0,-4.2237954,-10.562872,-3.735601848982121
ALB07388,H5,h5_holdout,94,0,-3.8646617,-10.183868,-5.613419631671306
ALB07376,H5,h5_holdout,94,0,-4.261415,-10.657331,-8.397640613665033
ALP31064,H5,h5_holdout,396,0,-7.398824,-8.817812,-11.196396125488645
ALP31054,H5,h5_holdout,396,0,-6.173887,-6.7991805,-12.719787521619493
ALP31044,H5,h5_holdout,397,0,-6.0026517,-5.845781,-16.07559198009745
ALP31034,H5,h5_holdout,397,0,-5.978232,-5.8415,-15.996479268497154
ALP31024,H5,h5_holdout,397,0,-5.896998,-5.6440063,-15.442682646541384
ALP31014,H5,h5_holdout,397,0,-5.5693765,-4.39047,-15.615091775089477
ALP31004,H5,h5_holdout,398,0,-6.965262,-5.4369097,-11.175892389690285
ALP30994,H5,h5_holdout,398,0,-6.965262,-5.4369097,-11.175892389690285
ALP30984,H5,h5_holdout,398,0,-6.965262,-5.4369097,-11.175892389690285
ALP30974,H5,h5_holdout,398,0,-6.295794,-6.294564,-9.914451290478693
ALP30964,H5,h5_holdout,398,0,-6.965262,-5.4369097,-11.175892389690285
ALP30954,H5,h5_holdout,396,0,-7.305468,-8.932365,-11.570518807322928
ALP30944,H5,h5_holdout,396,0,-7.082929,-7.927875,-12.85714465551988
ALP30934,H5,h5_holdout,396,0,-7.305468,-8.932365,-11.570518807322928
ALP30924,H5,h5_holdout,399,0,-6.773749,-9.10653,-11.286720917139744
ALP30914,H5,h5_holdout,399,0,-6.773749,-9.10653,-11.286720917139744
ALP30904,H5,h5_holdout,396,0,-6.1491237,-6.7974615,-12.640540489245785
ALP30894,H5,h5_holdout,396,0,-7.375978,-8.819328,-11.11695198711403
ALP30884,H5,h5_holdout,396,0,-6.1491237,-6.7974615,-12.640540489245785
ALP30874,H5,h5_holdout,396,0,-6.699426,-8.256122,-14.230797873003242
ALP30864,H5,h5_holdout,396,0,-6.1491237,-6.7974615,-12.640540489245785
ALP30854,H5,h5_holdout,396,0,-6.9581904,-7.988334,-12.945178543298843
ALP30844,H5,h5_holdout,396,0,-6.9581904,-7.988334,-12.945178543298843
ALP30834,H5,h5_holdout,400,0,-7.4054914,-10.412983,-18.212912016813014
ALP30824,H5,h5_holdout,400,0,-7.4054914,-10.412983,-18.212912016813014
ALP30814,H5,h5_holdout,400,0,-7.4054914,-10.412983,-18.212912016813014
ALP30804,H5,h5_holdout,398,0,-6.214459,-6.859189,-9.341053968832423
ALP30794,H5,h5_holdout,400,0,-7.299625,-10.327805,-18.351839732424352
ALP30784,H5,h5_holdout,400,0,-7.4054914,-10.412983,-18.212912016813014
ALP30774,H5,h5_holdout,401,0,-5.807614,-7.0853386,-9.29541274981997
ALP30764,H5,h5_holdout,399,0,-6.826968,-8.632142,-15.670500327137793
ALP30754,H5,h5_holdout,402,0,-5.754256,-7.628555,-19.17382173771886
ALP30744,H5,h5_holdout,397,0,-4.7907186,-4.4695554,-21.21396082236953
ALP30734,H5,h5_holdout,398,0,-5.7559986,-6.4287586,-8.805357239463664
ALP30724,H5,h5_holdout,399,0,-6.8330626,-8.267969,-13.38553566642648
ALP30714,H5,h5_holdout,399,0,-6.8128853,-9.158652,-13.051706113270766
ALP30704,H5,h5_holdout,399,0,-6.8128853,-9.158652,-13.051706113270766
ALP30694,H5,h5_holdout,399,0,-6.8128853,-9.158652,-13.051706113270766
ALP30684,H5,h5_holdout,399,0,-6.8128853,-9.158652,-13.051706113270766
ALP30674,H5,h5_holdout,399,0,-5.421807,-6.801045,-19.925002065922662
ALP30664,H5,h5_holdout,403,0,-4.608643,-6.453792,-17.54643186479484
ALP30654,H5,h5_holdout,397,0,-5.856956,-5.5901456,-15.255478091382788
ALP30644,H5,h5_holdout,397,0,-6.924027,-7.4763565,-14.377797883207764
ALP30634,H5,h5_holdout,404,0,-7.0719604,-7.794782,-12.516044353206413
ALP30624,H5,h5_holdout,397,0,-6.0127954,-5.829224,-15.684124454275068
ALP30614,H5,h5_holdout,399,0,-7.049887,-8.297972,-11.197054874756466
ALP30604,H5,h5_holdout,397,0,-5.7752404,-5.6278577,-15.61668007887429
ALP30594,H5,h5_holdout,397,0,-5.7752404,-5.6278577,-15.61668007887429
ALP30584,H5,h5_holdout,397,0,-5.7752404,-5.6278577,-15.61668007887429
ALP30574,H5,h5_holdout,397,0,-5.814962,-5.869132,-15.9373493885503
ALP30564,H5,h5_holdout,397,0,-5.863445,-6.6827097,-16.77763170170678
ALP30554,H5,h5_holdout,399,0,-5.5862412,-6.177784,-20.40393290461806
ALP30544,H5,h5_holdout,397,0,-5.7752404,-5.6278577,-15.61668007887429
ALP30534,H5,h5_holdout,397,0,-5.323466,-5.552326,-15.690430936914263
ALP30524,H5,h5_holdout,397,0,-5.401792,-5.209393,-14.98377956258025
ALP30514,H5,h5_holdout,397,0,-5.401792,-5.209393,-14.98377956258025
ALP30504,H5,h5_holdout,397,0,-5.156237,-4.6876206,-14.093037215612977
ALP30494,H5,h5_holdout,397,0,-5.156237,-4.6876206,-14.093037215612977
ALP30484,H5,h5_holdout,397,0,-5.156237,-4.6876206,-14.093037215612977
ALP30474,H5,h5_holdout,397,0,-5.7752404,-5.6278577,-15.61668007887429
ALP30464,H5,h5_holdout,405,0,-5.4466987,-5.601009,-19.667587442018984
ALP30454,H5,h5_holdout,397,0,-4.942401,-4.279262,-13.739967473715211
ALP30444,H5,h5_holdout,397,0,-5.401792,-5.209393,-14.98377956258025
ALP30434,H5,h5_holdout,397,0,-5.636814,-5.6387863,-15.172018645804016
ALP30424,H5,h5_holdout,398,0,-6.4034796,-5.397309,-10.569496705379859
ALP30414,H5,h5_holdout,397,0,-5.370461,-5.722102,-13.543805244947754
ALP30404,H5,h5_holdout,397,0,-5.472873,-4.7526784,-15.43283827028776
ALP30394,H5,h5_holdout,397,0,-5.401792,-5.209393,-14.98377956258025
ALP30384,H5,h5_holdout,397,0,-6.9248385,-7.8433547,-15.683767935870831
ALP30374,H5,h5_holdout,397,0,-5.0902667,-4.331337,-14.122593619471365
ALP30364,H5,h5_holdout,397,0,-6.9248385,-7.8433547,-15.683767935870831
ALP30354,H5,h5_holdout,75,1,-8.323604,-10.133711,-10.850497908798536
ALP30344,H5,h5_holdout,73,0,-7.961266,-8.236214,-8.13874005031001
ALP30334,H5,h5_holdout,73,0,-7.6886206,-8.847055,-9.1808750453749
ALP30324,H5,h5_holdout,73,0,-7.6886206,-8.847055,-9.1808750453749
ALP30314,H5,h5_holdout,73,0,-8.031648,-8.57843,-8.340268834032132
ALP30304,H5,h5_holdout,73,0,-7.6367593,-8.141711,-8.447362139403754
ALP30294,H5,h5_holdout,135,0,-7.050619,-8.334034,-0.5550504847315825
ALP30284,H5,h5_holdout,122,0,-6.719064,-10.643526,-6.821405156609297
ALP30274,H5,h5_holdout,131,0,-3.175005,-9.726178,-6.987300601120436
ALP30264,H5,h5_holdout,135,0,-7.050619,-8.334034,-0.5550504847315825
ALP30254,H5,h5_holdout,135,0,-7.062878,-8.229355,-0.6097710348107714
ALP30244,H5,h5_holdout,122,0,-3.884347,-10.694182,-8.693518328293564
ALP30234,H5,h5_holdout,122,0,-4.253226,-11.079292,-10.935836007386325
ALP30224,H5,h5_holdout,122,0,-4.167458,-10.931482,-5.8433007411675195
ALP30214,H5,h5_holdout,136,0,-4.771151,-11.126706,-5.941703347427309
ALP30204,H5,h5_holdout,122,0,-4.125941,-10.836102,-11.985223525897501
ALP30194,H5,h5_holdout,122,0,-4.325454,-10.110174,-8.699248598755238
ALP30184,H5,h5_holdout,137,0,-4.180711,-6.973732,-10.598542537697748
ALP30174,H5,h5_holdout,138,0,-3.4287682,-8.311835,-11.292230127608338
ALP30164,H5,h5_holdout,137,0,-3.4933953,-6.5750356,-14.797517336859215
ALP30154,H5,h5_holdout,139,0,-4.873095,-8.310961,-3.735221316573069
ALP30144,H5,h5_holdout,139,0,-4.4449854,-7.8574643,-3.527121453472306
ALP30134,H5,h5_holdout,122,0,-3.884347,-10.694182,-8.693518328293564
ALP30124,H5,h5_holdout,122,0,-3.884347,-10.694182,-8.693518328293564
ALP30114,H5,h5_holdout,122,0,-3.884347,-10.694182,-8.693518328293564
ALP30104,H5,h5_holdout,140,0,-2.939937,-9.191437,-12.163878272319096
ALP30094,H5,h5_holdout,140,0,-3.101296,-10.078478,-8.208711260826965
ALP30084,H5,h5_holdout,138,0,-4.010181,-9.794445,-5.755333062922043
ALP30074,H5,h5_holdout,138,0,-4.010181,-9.794445,-5.755333062922043
AGR54760,H5,h5_holdout,406,0,-7.25901,-7.34483,-11.120081577789257
AGR54759,H5,h5_holdout,398,0,-5.722447,-5.989043,-9.527482691059697
AGR54758,H5,h5_holdout,406,0,-6.9242363,-7.6933274,-9.444784333311887
AGR54757,H5,h5_holdout,406,0,-6.277099,-5.845102,-11.328295270224514
AGR54647,H5,h5_holdout,211,0,17.150738,-2.340248,-16.622680513530092
AGR54646,H5,h5_holdout,211,0,17.326202,-2.3736992,-16.06440489620644
AGR54645,H5,h5_holdout,211,0,17.519924,-2.265327,-16.536528233866747
BAP90860,H5,h5_holdout,34,0,-6.218638,-7.0160775,-0.5937813251025155
BAP90859,H5,h5_holdout,35,0,-6.9902463,-7.9400864,-1.2859673051288585
BAQ21394,H5,h5_holdout,36,0,-6.6455107,-7.412169,2.252972442496434
BAQ21393,H5,h5_holdout,36,0,-1.0915926,-4.102015,1.1218471072582101
BAQ21392,H5,h5_holdout,37,0,-8.196363,-8.954595,-7.117339645711462
BAQ21391,H5,h5_holdout,38,0,-7.209558,-8.062422,-5.3995616841610445
BAQ21390,H5,h5_holdout,39,0,-5.89672,-6.233189,-3.8669717965564896
BAQ21389,H5,h5_holdout,38,0,-6.5845037,-7.6773024,-4.7476191104448215
BAQ21388,H5,h5_holdout,144,0,5.21488,-1.8152999,-68.12604520720359
BAQ21387,H5,h5_holdout,144,0,5.21488,-1.8152999,-68.12604520720359
BAQ21386,H5,h5_holdout,144,0,5.21488,-1.8152999,-68.12604520720359
BAQ21385,H5,h5_holdout,144,0,6.281046,-0.43527672,-72.65112472210488
BAQ21384,H5,h5_holdout,144,0,5.3158393,-1.4631104,-72.72062399750844
BAQ21383,H5,h5_holdout,145,0,7.382919,0.16307475,-75.24139048056928
BAQ21382,H5,h5_holdout,145,0,7.382919,0.16307475,-75.24139048056928
BAQ21381,H5,h5_holdout,145,0,7.4525886,-0.21398465,-76.18827284298308
BAQ21380,H5,h5_holdout,145,0,7.4525886,-0.21398465,-76.18827284298308
BAQ21379,H5,h5_holdout,145,0,7.4525886,-0.21398465,-76.18827284298308
BAQ21378,H5,h5_holdout,145,0,7.4525886,-0.21398465,-76.18827284298308
BAQ21377,H5,h5_holdout,145,0,7.4525886,-0.21398465,-76.18827284298308
BAQ21376,H5,h5_holdout,145,0,7.4525886,-0.21398465,-76.18827284298308
BAQ21375,H5,h5_holdout,145,0,7.4525886,-0.21398465,-76.18827284298308
BAN59727,H5,h5_holdout,146,0,6.5612326,-2.7569761,-74.36322238918964
BAM63158,H5,h5_holdout,128,0,3.7665505,-1.6734254,-70.99042270213609
BAL61215,H5,h5_holdout,147,0,6.7112184,-3.235582,-69.87008875732768
BAL61214,H5,h5_holdout,147,0,6.487861,-3.4753244,-70.8103928770922
AIN39736,H5,h5_holdout,315,0,-6.36472,-7.7466135,-11.10342399924455
BAL14561,H5,h5_holdout,40,0,-6.7307467,-6.9675603,-1.919899936042098
BAL14560,H5,h5_holdout,40,0,-6.751088,-6.971,-1.962465081528702
BAK09613,H5,h5_holdout,145,0,7.398153,-0.22471504,-76.1284037368577
AII31069,H5,h5_holdout,8,0,-9.379842,-7.89138,-0.6272123076511331
AII31068,H5,h5_holdout,41,0,-6.763949,-8.175224,-5.183850036580479
AII31067,H5,h5_holdout,42,0,-9.080433,-9.278825,-12.21901275927299
AJJ96298,H5,h5_holdout,412,0,4.922184,-1.0536928,-69.26843961691381
AJJ96297,H5,h5_holdout,131,0,-3.5027652,-9.821597,-7.447046660539671
AJJ92930,H5,h5_holdout,413,0,5.0771832,-2.8970659,-70.85752607559638
AJJ92929,H5,h5_holdout,131,0,-3.264644,-9.843689,-7.1093381534603
ACX48070,H5,h5_holdout,323,0,-7.561977,-9.190246,-2.4555240160654765
AJM70554,H5,h5_holdout,94,0,-4.135159,-10.176134,-5.114542912940648
BAQ54174,H5,h5_holdout,16,0,12.339761,1.3694243,-36.3820482329701
AJE30344,H5,h5_holdout,94,0,-4.2408686,-10.236975,-4.541425476025983
AIT38315,H5,h5_holdout,134,0,-5.031923,-10.318572,-6.116117080525081
AJD12490,H5,h5_holdout,122,0,-4.2536144,-10.582934,-8.720916832918734
AJD12489,H5,h5_holdout,413,0,4.30782,-2.465622,-73.11012839492345
AJD12445,H5,h5_holdout,397,0,-5.041665,-5.0224013,-15.154919964948222
AJD12444,H5,h5_holdout,135,0,-4.1921,-9.310187,-2.9873484362623
AJD12422,H5,h5_holdout,397,0,-5.226668,-5.082201,-14.178988394512578
AJD12421,H5,h5_holdout,135,0,-4.760143,-9.08445,-2.8136565086752032
AJD12404,H5,h5_holdout,397,0,-5.5353184,-4.376234,-13.547973628409922
AJD12403,H5,h5_holdout,135,0,-4.1921,-9.310187,-2.9873484362623
AJD12388,H5,h5_holdout,397,0,-5.041665,-5.0224013,-15.154919964948222
AJD12387,H5,h5_holdout,135,0,-5.0100336,-9.120034,-3.354716242403729
AJD12369,H5,h5_holdout,406,0,-6.541517,-6.393497,-8.168610341022847
AJD12368,H5,h5_holdout,122,0,-3.913256,-10.519974,-9.75162436851803
AJD12339,H5,h5_holdout,122,0,-3.9989104,-10.142216,-8.280615662321795
AJD12338,H5,h5_holdout,413,0,5.6980534,-2.9824855,-71.01221022109202
AJD12320,H5,h5_holdout,397,0,-5.735347,-6.420645,-14.140119826260742
AJD12319,H5,h5_holdout,122,0,-3.913256,-10.519974,-9.75162436851803
AJD12318,H5,h5_holdout,413,0,4.8814464,-2.6585252,-73.12890628998298
AJD12305,H5,h5_holdout,135,0,-4.122954,-9.165102,-3.449669017899426
AJD12304,H5,h5_holdout,413,0,5.918719,-3.4156926,-71.08354586275131
AFW16054,H5,h5_holdout,166,1,-12.161138,-5.6693234,3.090146526897053
AIZ06896,H5,h5_holdout,73,0,-7.658124,-7.528336,-9.667854096426375
AIZ06750,H5,h5_holdout,14,0,-8.441264,-10.406721,-7.394205247172982
AIZ06749,H5,h5_holdout,141,0,-8.287525,-9.197055,-5.04690763952879
AIZ06748,H5,h5_holdout,15,0,-8.689971,-9.70756,-4.701028078866587
AIZ06747,H5,h5_holdout,142,0,-10.830958,-10.217749,2.841984498507001
AIZ06746,H5,h5_holdout,2,0,-9.423966,-11.747372,-7.057672957572569
AIZ06745,H5,h5_holdout,16,0,13.224166,13.220589,-37.810416296240696
AIZ06744,H5,h5_holdout,143,0,-10.265536,-9.488179,-6.821230311854826
AIZ06743,H5,h5_holdout,73,0,-7.7941623,-7.929336,-8.73274845174546
AIZ06742,H5,h5_holdout,17,0,-3.223491,-7.2198415,-14.066318765698803
AIZ06741,H5,h5_holdout,18,0,-9.009686,-9.932951,-9.44042231464726
AIZ06740,H5,h5_holdout,19,0,-9.531308,-10.806292,-8.954635352900416
AIZ06739,H5,h5_holdout,73,0,-7.7941623,-7.929336,-8.73274845174546
AIZ06738,H5,h5_holdout,141,0,-8.534007,-8.899752,-8.032710746719724
AIZ06737,H5,h5_holdout,73,0,-7.8070893,-7.210686,-8.900025236338623
AIZ06736,H5,h5_holdout,73,0,-7.7697396,-7.9271603,-8.621427230094211
AIZ06735,H5,h5_holdout,73,0,-7.7697396,-7.9271603,-8.621427230094211
AIZ06734,H5,h5_holdout,73,0,-7.7697396,-7.9271603,-8.621427230094211
AIZ06733,H5,h5_holdout,141,0,-8.484417,-9.262129,-7.4760560285044
AIZ06732,H5,h5_holdout,20,0,-11.038166,-12.298296,-8.458690356736705
AIZ06731,H5,h5_holdout,73,0,-7.7941623,-7.929336,-8.73274845174546
AIZ06730,H5,h5_holdout,141,0,-7.8475604,-9.360741,-7.205082155026634
AIZ06729,H5,h5_holdout,73,0,-7.596872,-7.805246,-9.578157135343151
AIZ06728,H5,h5_holdout,73,0,-7.7778864,-7.4918933,-9.343743304495113
AIZ06727,H5,h5_holdout,73,0,-7.7941623,-7.929336,-8.73274845174546
AIZ06726,H5,h5_holdout,21,0,-10.597804,-10.095242,-7.504152302932797
AIZ06725,H5,h5_holdout,141,0,-9.140675,-9.913166,-5.807655228561121
AIZ06724,H5,h5_holdout,22,0,-11.909362,-12.039275,-2.1798511107033267
AIZ06723,H5,h5_holdout,23,0,-8.5878525,-10.415127,-4.53392389851755
AIZ06722,H5,h5_holdout,144,1,-7.9349985,-8.828068,-6.5739700795600555
AIZ06721,H5,h5_holdout,141,0,-7.9255853,-9.55847,-6.737060393266104
AIZ06720,H5,h5_holdout,24,0,-1.313332,-9.837254,-0.8929316715503415
AIZ06719,H5,h5_holdout,25,1,-8.8426895,-9.791835,-2.7575539197805607
AIZ06718,H5,h5_holdout,141,0,-7.8475604,-9.360741,-7.205082155026634
AIZ06717,H5,h5_holdout,141,0,-8.82726,-8.993391,-6.953544340407268
AIZ06716,H5,h5_holdout,26,0,-10.185159,-10.418512,-3.3542351472812815
BAP90990,H5,h5_holdout,324,0,-6.4358573,-8.098284,-3.3441349927272057
BAP90989,H5,h5_holdout,262,0,-5.7099667,-6.3871408,-2.4952108366510792
AII30335,H5,h5_holdout,315,0,-6.439096,-7.285149,-9.788635187098874
ABU87099,H5,h5_holdout,325,0,-1.5400976,-5.100077,-16.77067101504555
AIK26285,H5,h5_holdout,326,0,-8.713233,-7.8593926,-9.2849643454782
AIJ10913,H5,h5_holdout,315,0,-6.36472,-7.7466135,-11.10342399924455
AII30334,H5,h5_holdout,315,0,-7.4239144,-8.647054,-8.873611240923948
AHM24090,H5,h5_holdout,27,0,-10.097833,-10.407807,-2.246500260102019
AHM24104,H5,h5_holdout,27,0,-10.097833,-10.407807,-2.246500260102019
AGM53486,H5,h5_holdout,315,0,-6.800592,-8.204736,-10.146897598255
AGM53485,H5,h5_holdout,315,0,-6.5167074,-7.83133,-9.140444797359555
AGB84802,H5,h5_holdout,145,0,-10.085296,-9.585753,7.599647072138376
AGB84801,H5,h5_holdout,146,0,-9.695024,-9.578321,7.169049024767427
AGB84800,H5,h5_holdout,147,0,-9.429873,-10.447723,3.94734976382067
AGB84799,H5,h5_holdout,148,0,-9.097135,-8.8129225,7.391416631137188
AGB84798,H5,h5_holdout,148,0,-8.830809,-8.960817,7.698789008082352
AFP99779,H5,h5_holdout,171,0,5.2732816,-2.469159,-75.16420447497728
AFP99768,H5,h5_holdout,130,0,5.8503175,-2.316717,-74.22613942928731
AFP99757,H5,h5_holdout,101,0,5.754555,-1.8070339,-75.94503626815539
AFP99746,H5,h5_holdout,38,0,-7.513391,-8.6122265,1.1208118171510666
AFP99735,H5,h5_holdout,38,0,-7.851929,-8.017513,-2.1980244212932316
AFP99724,H5,h5_holdout,38,0,-7.7224374,-8.49827,-3.3403029298380513
AFP99713,H5,h5_holdout,38,0,-7.7385526,-8.500008,-3.3269946813649884
AGU01765,H5,h5_holdout,414,0,-7.0169396,-6.964922,-8.954069339551515
AGR54778,H5,h5_holdout,415,0,-3.167267,1.4060717,-16.496095341912962
AGR54777,H5,h5_holdout,416,0,-4.6689487,0.8675133,-21.70313820577119
AGR54776,H5,h5_holdout,417,0,-1.5777276,3.748894,-22.860494779366654
AGR54775,H5,h5_holdout,418,0,-7.2779965,-1.2198392,-13.328779471292195
AGR54774,H5,h5_holdout,419,0,-5.2711415,-2.559106,-14.261978753144367
AGR54773,H5,h5_holdout,420,0,-5.84419,-3.2897453,-11.676977333995454
AGR54772,H5,h5_holdout,420,0,-5.309476,-1.586373,-9.883745632259968
AGR54771,H5,h5_holdout,420,0,-5.674728,-4.2769666,-7.554161392653796
AGR54770,H5,h5_holdout,421,0,-7.020967,1.9549718,-14.499533562555479
AGR54769,H5,h5_holdout,422,0,-6.278785,-2.220822,-15.546267185023764
AFO38699,H5,h5_holdout,38,0,-6.7020836,-7.5750527,-4.873007850892304
AFO38698,H5,h5_holdout,43,0,-6.9870925,-7.4878964,-5.247339302574632
AFO38697,H5,h5_holdout,260,0,-7.386658,-11.371534,-8.150383878978358
AFO38696,H5,h5_holdout,44,0,-10.327899,-8.577452,-5.3030716644815765
AFO38695,H5,h5_holdout,252,0,4.579896,4.245969,-73.55015908677919
AGO02249,H5,h5_holdout,28,0,-7.560868,-9.275315,-9.65022373584608
AGO02248,H5,h5_holdout,390,0,-8.783994,-10.132402,2.78655010167021
AGM53484,H5,h5_holdout,315,0,-6.084729,-7.285277,-10.1849202320484
AFW17344,H5,h5_holdout,213,0,13.207125,13.199934,-192.1032136550188
AFW17310,H5,h5_holdout,29,0,-7.3107233,-7.1641374,-52.35413345218876
CCP19652,H5,h5_holdout,330,0,-5.335007,-6.525205,-6.898865318446292
CCP19650,H5,h5_holdout,330,0,-5.335007,-6.525205,-6.898865318446292
CCP19649,H5,h5_holdout,311,0,-6.763949,-8.175224,-5.183850036580479
CCP19648,H5,h5_holdout,214,0,13.137993,-6.335626,-13.743430529058998
AEQ73114,H5,h5_holdout,414,0,-6.164932,-4.729938,-4.913502048628748
ADB89241,H5,h5_holdout,215,0,20.518759,-3.0868475,-1.149955722762586
AAC58999,H5,h5_holdout,242,0,-6.7644734,-7.3081393,-6.600476265349885
ABN09954,H5,h5_holdout,332,0,-8.791175,-7.843518,-6.286689054654287
AAP72011,H5,h5_holdout,364,0,-6.2176776,-5.988217,-2.821093516976985
AAP72010,H5,h5_holdout,454,0,-9.380699,-7.8782954,-9.790563174762335
AAP72008,H5,h5_holdout,456,0,-6.8689957,-5.46757,-0.631796048618197
AAP72007,H5,h5_holdout,364,0,-6.7237725,-6.5190315,-1.6760110174485678
AAP72006,H5,h5_holdout,371,0,-5.9921765,-6.1989355,-1.210208365929427
AAP72004,H5,h5_holdout,457,0,-7.541606,-7.0380445,2.676875770386099
AEM24974,H5,h5_holdout,474,0,3.2319,6.9978995,-66.7948083564214
AEM24973,H5,h5_holdout,479,0,-2.080796,-5.211643,-11.182505069146933
AEM24972,H5,h5_holdout,482,0,-3.6147852,-5.646647,-13.174647796507392
AEM24967,H5,h5_holdout,478,0,-3.3307734,-9.579897,-13.455575823136293
AEM24966,H5,h5_holdout,480,0,-1.6057782,-8.75251,-15.780757169496301
AEM24964,H5,h5_holdout,481,0,-4.7339463,-7.8989472,-11.300371519897217
AEM24962,H5,h5_holdout,474,0,-2.8035507,-5.724567,-12.012571460793056
AEM24961,H5,h5_holdout,481,0,-3.6763096,-6.593902,-10.192349739273025
AEM24960,H5,h5_holdout,481,0,-3.6763313,-6.5939164,-10.192261497490472
AEM24959,H5,h5_holdout,483,0,-4.5359845,-7.6063304,-10.045272865206828
AEH59226,H5,h5_holdout,30,0,-9.793619,-10.204137,1.4695725892623575
AEH59224,H5,h5_holdout,30,0,-9.793619,-10.204137,1.4695725892623575
AEH59223,H5,h5_holdout,30,0,-9.678597,-10.046026,1.318527181215071
AEH59222,H5,h5_holdout,30,0,-9.678597,-10.046026,1.318527181215071
AEH59221,H5,h5_holdout,30,0,-9.678597,-10.046026,1.318527181215071
AEH59220,H5,h5_holdout,30,0,-9.678597,-10.046026,1.318527181215071
AEH59219,H5,h5_holdout,30,0,-9.678597,-10.046026,1.318527181215071
AEH59218,H5,h5_holdout,30,0,-9.678597,-10.046026,1.318527181215071
AEH59217,H5,h5_holdout,30,0,-9.678597,-10.046026,1.318527181215071
AEH59216,H5,h5_holdout,30,0,-9.678597,-10.046026,1.318527181215071
AEH59215,H5,h5_holdout,30,0,-9.678597,-10.046026,1.318527181215071
AEH59213,H5,h5_holdout,31,0,-9.417085,-9.943943,1.8896259516963791
AEH59211,H5,h5_holdout,32,0,-9.428781,-9.577782,1.15068908735544
AEH59209,H5,h5_holdout,33,0,-8.712692,-8.790603,0.9610405228376386
AEH59208,H5,h5_holdout,34,0,-8.930373,-10.858838,1.801495995715582
AEH59206,H5,h5_holdout,34,0,-8.930373,-10.858838,1.801495995715582
AEH59204,H5,h5_holdout,35,0,-9.645213,-10.961856,1.5980655612059795
AEH59203,H5,h5_holdout,36,0,-9.565951,-11.395721,0.8329150911898733
AEH59202,H5,h5_holdout,35,0,-9.655529,-11.241502,2.895087431837741
AEH59201,H5,h5_holdout,30,0,-9.678597,-10.046026,1.318527181215071
AEH59199,H5,h5_holdout,36,0,-9.565951,-11.395721,0.8329150911898733
AEH59198,H5,h5_holdout,30,0,-9.678597,-10.046026,1.318527181215071
AEH59197,H5,h5_holdout,30,0,-9.678597,-10.046026,1.318527181215071
AEH59195,H5,h5_holdout,3,1,-9.09151,-10.32415,0.7993748572391244
AEH59193,H5,h5_holdout,30,0,-9.678597,-10.046026,1.318527181215071
AEH59192,H5,h5_holdout,30,0,-9.678597,-10.046026,1.318527181215071
AEH59191,H5,h5_holdout,3,1,-9.09151,-10.32415,0.7993748572391244
AEH59189,H5,h5_holdout,3,1,-8.905863,-11.070141,2.1299339656276413
AEH59188,H5,h5_holdout,3,1,-9.09151,-10.32415,0.7993748572391244
AEH59187,H5,h5_holdout,30,0,-9.678597,-10.046026,1.318527181215071
AEH59186,H5,h5_holdout,30,0,-9.678597,-10.046026,1.318527181215071
AEH59185,H5,h5_holdout,30,0,-9.678597,-10.046026,1.318527181215071
AEH59184,H5,h5_holdout,3,1,-9.09151,-10.32415,0.7993748572391244
AEH59182,H5,h5_holdout,3,1,-9.09151,-10.32415,0.7993748572391244
AEH59181,H5,h5_holdout,3,1,-9.09151,-10.32415,0.7993748572391244
AEH59180,H5,h5_holdout,30,0,-9.678597,-10.046026,1.318527181215071
AEH59179,H5,h5_holdout,30,0,-9.678597,-10.046026,1.318527181215071
AEH59178,H5,h5_holdout,36,0,-9.565951,-11.395721,0.8329150911898733
AEH59177,H5,h5_holdout,36,0,-9.565951,-11.395721,0.8329150911898733
AEH59176,H5,h5_holdout,36,0,-9.565951,-11.395721,0.8329150911898733
AEH59175,H5,h5_holdout,36,0,-9.565951,-11.395721,0.8329150911898733
AEH59173,H5,h5_holdout,36,0,-9.749023,-11.28845,1.3314294310765167
AEH59172,H5,h5_holdout,36,0,-9.565951,-11.395721,0.8329150911898733
AEH59171,H5,h5_holdout,36,0,-9.565951,-11.395721,0.8329150911898733
AEH59170,H5,h5_holdout,30,0,-9.678597,-10.046026,1.318527181215071
AEH59168,H5,h5_holdout,3,1,-9.536235,-10.096844,3.524327697313229
AEH59167,H5,h5_holdout,3,1,-8.905863,-11.070141,2.1299339656276413
AEH59166,H5,h5_holdout,36,0,-9.428322,-11.353836,0.7931269138608457
AEH59165,H5,h5_holdout,30,0,-9.678597,-10.046026,1.318527181215071
AEH59164,H5,h5_holdout,37,0,-9.544902,-11.847546,1.6762069329015468
AEH59163,H5,h5_holdout,3,1,-9.517134,-11.056803,2.1129052814649043
AEH59161,H5,h5_holdout,3,1,-9.517134,-11.056803,2.1129052814649043
AEH59160,H5,h5_holdout,37,0,-9.544902,-11.847546,1.6762069329015468
AEH59159,H5,h5_holdout,37,0,-9.544902,-11.847546,1.6762069329015468
AEH59157,H5,h5_holdout,37,0,-9.544902,-11.847546,1.6762069329015468
AEH59156,H5,h5_holdout,3,1,-9.517134,-11.056803,2.1129052814649043
AEH59155,H5,h5_holdout,3,1,-9.73675,-11.027737,2.0392301430535493
AEH59154,H5,h5_holdout,3,1,-9.40293,-10.931937,2.3335772228012246
AEH59153,H5,h5_holdout,3,1,-9.40293,-10.931937,2.3335772228012246
AEH59152,H5,h5_holdout,3,1,-9.40293,-10.931937,2.3335772228012246
AEH59150,H5,h5_holdout,38,0,-9.203254,-10.674208,1.4565828676038794
AEH59149,H5,h5_holdout,35,0,-9.521485,-11.172676,2.7082256700104743
AEH59148,H5,h5_holdout,3,1,-9.318206,-10.930592,2.097425092566356
AEH59147,H5,h5_holdout,3,1,-9.318206,-10.930592,2.097425092566356
AEH59146,H5,h5_holdout,38,0,-9.203254,-10.674208,1.4565828676038794
AEH59145,H5,h5_holdout,38,0,-9.203254,-10.674208,1.4565828676038794
AEH59144,H5,h5_holdout,38,0,-9.203254,-10.674208,1.4565828676038794
AEH59143,H5,h5_holdout,38,0,-9.203254,-10.674208,1.4565828676038794
AEH59142,H5,h5_holdout,38,0,-9.203254,-10.674208,1.4565828676038794
AEH59140,H5,h5_holdout,38,0,-9.203254,-10.674208,1.4565828676038794
AEH59138,H5,h5_holdout,3,1,-9.318206,-10.930592,2.097425092566356
AEH59137,H5,h5_holdout,37,0,-9.727246,-11.345591,3.143695815428403
AEH59136,H5,h5_holdout,37,0,-9.727246,-11.345591,3.143695815428403
AEH59134,H5,h5_holdout,37,0,-9.727246,-11.345591,3.143695815428403
AEH59133,H5,h5_holdout,39,1,-7.834226,-8.48534,-3.7287344202796167
AEH59132,H5,h5_holdout,39,1,-7.834226,-8.48534,-3.7287344202796167
AEH59130,H5,h5_holdout,39,1,-7.834226,-8.48534,-3.7287344202796167
AEH59129,H5,h5_holdout,3,1,-9.40293,-10.931937,2.3335772228012246
AEH59127,H5,h5_holdout,3,1,-9.40293,-10.931937,2.3335772228012246
AEH59125,H5,h5_holdout,3,1,-9.255391,-11.015923,2.3367785910536263
AEH59123,H5,h5_holdout,40,0,-9.18518,-10.775616,1.9979528577694765
AEH59122,H5,h5_holdout,38,0,-9.210891,-10.890366,1.107943750507184
AEH59120,H5,h5_holdout,3,1,-9.351062,-11.355858,2.2009008875869167
AEH59119,H5,h5_holdout,3,1,-8.6537,-10.360734,-1.0784242690362742
BAI50033,H5,h5_holdout,180,0,4.585644,-1.0545354,-72.6878010444841
AEA04334,H5,h5_holdout,446,0,-3.4113326,0.27005655,-113.55486824771164
ACX48062,H5,h5_holdout,7,1,-8.216582,-9.234386,-5.823036652758457
ACX48061,H5,h5_holdout,7,1,-8.115161,-8.721163,-6.052979336674502
ACX48060,H5,h5_holdout,7,1,-7.968483,-9.497756,-4.9771708526712235
ACX48059,H5,h5_holdout,7,1,-7.8172145,-9.0658655,-5.848136661645951
ACX48058,H5,h5_holdout,7,1,-7.8172145,-9.0658655,-5.848136661645951
ACX48057,H5,h5_holdout,235,0,11.394054,7.510575,-62.33313278191916
ACX48056,H5,h5_holdout,217,0,11.536798,-2.0415728,-12.454902157503525
ACX48055,H5,h5_holdout,333,0,-6.545036,-1.0969255,-5.034444487007377
ACX48054,H5,h5_holdout,236,0,-6.522679,-7.485825,-0.35076948072789627
ACX48053,H5,h5_holdout,334,0,-6.35941,-6.868873,-2.4967080643322923
ACX48052,H5,h5_holdout,236,0,-6.703939,-8.207872,-1.4515913516993262
ACX48051,H5,h5_holdout,236,0,-5.9736323,-6.62495,-1.2705937238949279
ACX48050,H5,h5_holdout,323,0,-7.0528255,-7.9595227,-4.702585876606031
ACX48049,H5,h5_holdout,236,0,-5.8880134,-6.846349,-1.8185944757038133
ACX48047,H5,h5_holdout,41,1,-9.183074,-8.994784,-1.080869657047197
ACX48046,H5,h5_holdout,41,1,-9.183074,-8.994784,-1.080869657047197
ACX48043,H5,h5_holdout,41,1,-9.183074,-8.994784,-1.080869657047197
ACX48042,H5,h5_holdout,41,1,-9.183074,-8.994784,-1.080869657047197
ACX48041,H5,h5_holdout,41,1,-8.898453,-8.888933,-1.9448906525043341
ACX48040,H5,h5_holdout,41,1,-9.183074,-8.994784,-1.080869657047197
ACX48039,H5,h5_holdout,41,1,-9.472825,-8.742325,-1.2473982367299268
ACX48038,H5,h5_holdout,41,1,-9.183074,-8.994784,-1.080869657047197
ACX48037,H5,h5_holdout,41,1,-9.183074,-8.994784,-1.080869657047197
ADW80404,H5,h5_holdout,218,0,8.851491,2.3765032,-19.346499607645345
ADW80390,H5,h5_holdout,335,0,-6.336221,-7.0595407,-7.255526647055149
ADW80379,H5,h5_holdout,335,0,-4.8583093,-7.7768474,-14.564797946183528
ACZ53978,H5,h5_holdout,219,0,-14.829181,-0.5083332,-12.295764134577977
ACZ53967,H5,h5_holdout,220,0,-16.319828,-3.4408715,-17.29884771670038
ACZ53956,H5,h5_holdout,221,0,-14.816847,2.759689,-13.308790290709709
ABQ84477,H5,h5_holdout,222,0,-7.5633893,-9.003861,-5.467641552386235
ABQ84476,H5,h5_holdout,222,0,-5.943806,-7.406307,-4.541082483813016
ABQ84473,H5,h5_holdout,222,0,-7.6544094,-9.94701,-5.972914869539368
ABQ84469,H5,h5_holdout,320,0,-7.282993,-7.731937,-2.4217565037397364
ABQ84468,H5,h5_holdout,336,0,-7.9363065,-10.106567,-6.9923877677858695
BAJ23258,H5,h5_holdout,38,0,-6.732823,-7.751633,-4.16443288450321
BAJ23257,H5,h5_holdout,39,0,-5.0069795,-5.526048,-6.130083187570056
BAJ23256,H5,h5_holdout,39,0,-6.9914937,-7.4953284,-4.3986639790660345
BAJ23255,H5,h5_holdout,39,0,-6.6214037,-8.158121,-1.4796427126111613
BAJ23254,H5,h5_holdout,45,0,-8.671494,-9.44587,-12.05766231902812
BAJ23253,H5,h5_holdout,19,0,-8.346731,-7.536395,-8.258889890278455
BAJ23252,H5,h5_holdout,20,0,-5.7708507,-8.3655815,-6.632243340839988
BAJ23251,H5,h5_holdout,38,0,-6.9237447,-7.5749297,-6.16935823894392
BAJ23250,H5,h5_holdout,38,0,-6.6904964,-7.296437,-5.353864073301484
BAJ23249,H5,h5_holdout,38,0,-6.69708,-7.7917247,-3.5337416621148687
BAJ23248,H5,h5_holdout,38,0,-6.8270288,-7.5334964,-4.647756887636584
BAJ23247,H5,h5_holdout,46,0,-6.538997,-7.176354,-4.87014864380826
BAJ23246,H5,h5_holdout,47,0,-5.318048,-4.8911047,-9.536710888024347
BAJ23245,H5,h5_holdout,62,0,-0.0040689306,-0.31201845,-32.51506746232332
BAJ23244,H5,h5_holdout,48,0,-7.5510726,-9.22419,-8.267175809915804
BAJ23243,H5,h5_holdout,48,0,-7.498486,-9.614445,-7.13078705814606
BAJ23242,H5,h5_holdout,49,0,-6.0650187,-9.490007,-10.121321799088692
BAJ23241,H5,h5_holdout,50,0,-6.6586223,-6.2581744,-3.301733214092863
BAJ23240,H5,h5_holdout,51,0,-6.025001,-7.599911,-3.577090349757265
BAJ23239,H5,h5_holdout,51,0,-6.613071,-7.589661,-1.7646621817366306
BAJ23238,H5,h5_holdout,52,0,-6.9890313,-8.528808,-0.9030327967213658
BAJ23237,H5,h5_holdout,53,0,-5.3963857,-6.263812,-11.269439436374805
BAJ23236,H5,h5_holdout,54,0,-6.4894834,-7.246404,-7.099816859851961
BAJ23235,H5,h5_holdout,26,0,-10.835984,-11.660236,-7.786049030645826
BAJ23234,H5,h5_holdout,145,0,6.8744674,-1.0447292,-72.23439374267758
BAJ23233,H5,h5_holdout,180,0,4.721348,-0.94342417,-70.65847976042615
BAJ23232,H5,h5_holdout,181,0,6.5578656,-1.5859954,-73.55831623251079
BAJ23231,H5,h5_holdout,181,0,6.5578656,-1.5859954,-73.55831623251079
BAJ23230,H5,h5_holdout,180,0,5.140296,-1.0237803,-72.50742140061728
BAJ23229,H5,h5_holdout,229,0,1.9742305,-5.7077,-49.50552485694988
BAJ23228,H5,h5_holdout,73,0,3.455245,-3.2060523,-48.483938912175496
BAJ23227,H5,h5_holdout,5,0,-0.49831024,-5.78695,-56.86541400110828
BAJ23226,H5,h5_holdout,10,0,6.5456233,-1.2810334,-73.39974236113758
BAJ23225,H5,h5_holdout,10,0,7.555119,-1.287067,-81.7085837981869
BAJ23224,H5,h5_holdout,182,0,6.787928,-1.0361154,-76.95525680232286
BAJ23223,H5,h5_holdout,182,0,5.947049,-2.1856604,-76.67032706165698
AAT65209,H5,h5_holdout,42,0,-9.424186,-11.499319,-8.878884881385686
AAP72002,H5,h5_holdout,356,0,-7.361617,-6.2734485,-5.768015528572276
AAL75847,H5,h5_holdout,44,0,-7.6449594,-8.790919,-2.274096391418402
AAL75843,H5,h5_holdout,45,0,-7.8625503,-9.515338,-5.435680162800772
AAL75839,H5,h5_holdout,11,0,-7.2248588,-8.465746,-0.8693578163378106
ACD68157,H5,h5_holdout,150,1,-8.904433,-8.604224,1.846786745795086
ABW74703,H5,h5_holdout,3,1,-9.291719,-10.93247,1.082656567223891
ABW74702,H5,h5_holdout,3,1,-9.305394,-9.96192,3.04031378756887
ABW74701,H5,h5_holdout,3,1,-8.894407,-9.605368,3.0062321918545187
ABO14790,H5,h5_holdout,151,0,-9.295388,-7.9597654,2.214993868676368
AAF04720,H5,h5_holdout,357,0,-7.0188756,-7.8926377,-5.7833420131650985
AAF04719,H5,h5_holdout,315,0,-6.5868773,-7.6467595,-9.284984287963406
ACX48069,H5,h5_holdout,7,1,-8.34437,-9.86379,-4.812248457382415
ACX48068,H5,h5_holdout,47,0,-8.586274,-8.150351,-8.050098169644821
ACX48067,H5,h5_holdout,47,0,-8.34437,-9.86379,-4.812248457382415
ACX48066,H5,h5_holdout,7,1,-7.5796633,-9.55073,-5.602025994102354
ACX48065,H5,h5_holdout,7,1,-8.216582,-9.234386,-5.823036652758457
ACX48064,H5,h5_holdout,7,1,-8.216582,-9.234386,-5.823036652758457
ACX48063,H5,h5_holdout,7,1,-8.216582,-9.234386,-5.823036652758457
ABW74712,H5,h5_holdout,48,0,-9.3913765,-12.049948,2.6793335147975323
ABW74711,H5,h5_holdout,3,1,-9.232371,-10.429344,2.7806054253853816
ABW74710,H5,h5_holdout,3,1,-9.232371,-10.429344,2.7806054253853816
ABW74709,H5,h5_holdout,3,1,-9.309981,-10.994099,1.4047873324363511
ABW74708,H5,h5_holdout,3,1,-9.042757,-10.914571,1.6764657179890232
ABW74707,H5,h5_holdout,3,1,-9.02834,-10.471947,2.1653356323350312
ABW74706,H5,h5_holdout,3,1,-9.141158,-10.344847,2.4195609551086807
ABW74705,H5,h5_holdout,3,1,-9.232371,-10.429344,2.7806054253853816
ABW74704,H5,h5_holdout,3,1,-9.078919,-10.305404,3.670509431475283
BAI50046,H5,h5_holdout,180,0,6.5294757,0.30161226,-73.49266426891846
BAI50044,H5,h5_holdout,180,0,5.108669,-0.7636326,-73.1719201687649
BAI50042,H5,h5_holdout,180,0,5.159501,-0.7539069,-73.22851248794767
BAI50040,H5,h5_holdout,180,0,5.159501,-0.7539069,-73.22851248794767
BAI50037,H5,h5_holdout,187,0,4.636625,0.25932688,-70.75103907953276
BAI50035,H5,h5_holdout,180,0,4.6374564,-1.0467606,-72.71990702771431
BAI50031,H5,h5_holdout,39,0,-5.366064,-5.611983,-5.38549264387005
BAI50029,H5,h5_holdout,39,0,-5.1651855,-4.888998,-4.943791485691875
BAI50027,H5,h5_holdout,55,0,-6.621282,-8.150268,-8.703895861386103
BAI50025,H5,h5_holdout,55,0,-6.9825587,-8.96889,-7.425883012276371
ADA69429,H5,h5_holdout,360,0,-6.1472487,-6.9741015,-9.115504814343403
ADA69418,H5,h5_holdout,361,0,-5.810636,-6.1636186,-5.538990339162906
ADA69407,H5,h5_holdout,362,0,-5.669186,-6.3716125,-2.4920484653351167
ADA69396,H5,h5_holdout,330,0,-5.511512,-5.6893086,-3.549975990755316
ADA69385,H5,h5_holdout,363,0,-6.0393677,-4.9227624,-10.316772158860836
ADA69374,H5,h5_holdout,330,0,-5.294522,-5.9148383,-3.3363806249479477
AAP71997,H5,h5_holdout,366,0,-5.3962493,-6.0879836,-7.491372796871897
AAP71996,H5,h5_holdout,367,0,-5.1421175,-7.052406,-10.7551842732584
AAP71995,H5,h5_holdout,367,0,-5.410129,-5.7462077,-9.169204249900455
AAG38534,H5,h5_holdout,368,0,-7.4678273,-6.51469,-7.528635550122482
AAD13568,H5,h5_holdout,46,0,-7.5437994,-9.73038,-6.229022956869175
AAD13567,H5,h5_holdout,46,0,-7.633584,-10.165251,-5.21416038268041
AAD13566,H5,h5_holdout,46,0,-7.12665,-9.649265,-7.548359260881396
AAC32102,H5,h5_holdout,46,0,-7.5437994,-9.73038,-6.229022956869175
CAP45895,H5,h5_holdout,7,1,-7.848677,-9.250415,-4.7870248950888055
CAP45890,H5,h5_holdout,51,0,-7.999459,-9.405276,-4.798356853315745
CAP45885,H5,h5_holdout,51,0,-6.913373,-7.6966615,-6.528407440820571
CAP45883,H5,h5_holdout,51,0,-7.999459,-9.405276,-4.798356853315745
CAP45873,H5,h5_holdout,7,1,-7.968483,-9.497756,-4.9771708526712235
CAP45718,H5,h5_holdout,6,0,-9.209508,-8.301637,-0.3792226456810752
CAP45713,H5,h5_holdout,41,1,-9.312364,-8.712965,-2.022460583056075
CAP45708,H5,h5_holdout,6,0,-9.247109,-8.741164,0.12116088869871788
CAP45703,H5,h5_holdout,6,0,-9.247109,-8.741164,0.12116088869871788
CAP45698,H5,h5_holdout,13,0,-9.522193,-8.824578,-1.671080878005716
CAP45697,H5,h5_holdout,13,0,-9.522193,-8.824578,-1.671080878005716
CAP45696,H5,h5_holdout,13,0,-8.236802,-6.8327036,-4.110993479113089
CAP45695,H5,h5_holdout,13,0,-8.217685,-6.8832765,-3.7556674330318547
BAE48684,H5,h5_holdout,271,0,-7.0094504,-6.6884127,-6.745849513645583
ACF28529,H5,h5_holdout,225,0,-16.894848,2.0733294,-7.3368720756177055
ACF28528,H5,h5_holdout,226,0,-17.588676,-0.84695375,-1.9287685922218447
ACF28527,H5,h5_holdout,226,0,-17.146473,0.9416258,-5.051957843826465
BAE48688,H5,h5_holdout,369,0,-6.6399837,-9.174995,-5.042643322847896
ACD68156,H5,h5_holdout,6,0,-9.127847,-8.980265,0.4252998858534802
ABU87098,H5,h5_holdout,370,0,-4.3381248,-6.9580173,-23.332807078911657
CAF21874,H5,h5_holdout,436,0,-7.7509255,-8.22542,-9.627514261506258
AAP72005,H5,h5_holdout,371,0,-6.6456656,-7.019588,-5.570192366306312
BAF76006,H5,h5_holdout,372,0,-5.7659097,-7.2348294,-5.5175024281934295
AAR99628,H5,h5_holdout,152,0,-7.301766,-9.159893,-3.141972408407632
AAM49555,H5,h5_holdout,53,0,-8.167588,-9.131052,-7.60465115951293
AAC32101,H5,h5_holdout,46,0,-7.8455114,-9.492109,-9.657103537083128
AAC32078,H5,h5_holdout,46,0,-7.65146,-10.231084,-5.395196222597972
BAE48693,H5,h5_holdout,345,0,-5.504127,-6.4028573,-11.951009985782287
BAE48696,H5,h5_holdout,372,0,-8.216121,-4.0304933,-5.231761915714477
BAE48695,H5,h5_holdout,320,0,-7.699347,-2.853595,-10.467370631852893
BAE48694,H5,h5_holdout,372,0,-7.461536,-2.2483037,-6.392528020139407
BAE48692,H5,h5_holdout,458,0,-8.368116,-6.323115,-10.513884640278816
BAE48691,H5,h5_holdout,320,0,-7.2462926,-3.6315062,-11.794504378813466
BAE48690,H5,h5_holdout,460,0,-6.13193,-3.6697166,-8.135498942434127
BAE48689,H5,h5_holdout,460,0,-9.126819,-4.688108,-3.437330423121802
BAE48687,H5,h5_holdout,369,0,-6.7898145,-4.5092273,-11.332753417802314
BAE48686,H5,h5_holdout,369,0,-9.063728,-3.4643986,-3.652876881940548
BAE48685,H5,h5_holdout,344,0,-8.393361,-4.575944,-5.593745356634718
BAE48683,H5,h5_holdout,476,0,-11.382131,-9.526262,-15.01024688970782
AAA43083,H5,h5_holdout,181,0,-7.7202325,-9.757772,-5.163983057718903
AAA43082,H5,h5_holdout,181,0,-8.997454,-11.023857,-4.073775027551683
CAF21870,H5,h5_holdout,428,0,-6.129182,-8.141567,-13.194116088029793
CAC28131,H5,h5_holdout,222,0,-7.7890697,-9.765682,-7.816131074102511
HMIVD8,H5,h5_holdout,181,0,-9.037772,-11.374529,-6.424287108651756
YEM45960,H5,h5_holdout,81,1,-8.10855,-9.332848,-3.5582351758017694
XXI57597,H5,h5_holdout,81,1,-6.827864,-9.814299,-6.941959354637275
XXI57583,H5,h5_holdout,81,1,-6.827864,-9.814299,-6.941959354637275
XXI57575,H5,h5_holdout,81,1,-6.827864,-9.814299,-6.941959354637275
XXI57559,H5,h5_holdout,81,1,-6.827864,-9.814299,-6.941959354637275
XXI57557,H5,h5_holdout,81,1,-6.827864,-9.814299,-6.941959354637275
XXI57538,H5,h5_holdout,153,1,-6.7180295,-9.745518,-4.723996417800857
XXI57533,H5,h5_holdout,153,1,-6.827864,-9.814299,-6.941959354637275
XXI57518,H5,h5_holdout,153,1,-6.827864,-9.814299,-6.941959354637275
XXI57503,H5,h5_holdout,153,1,-6.783456,-9.8132,-7.635579288608334
XXI57487,H5,h5_holdout,153,1,-6.827864,-9.814299,-6.941959354637275
XXI57483,H5,h5_holdout,153,1,-6.827864,-9.814299,-6.941959354637275
XXI57474,H5,h5_holdout,153,1,-6.827864,-9.814299,-6.941959354637275
XXI57453,H5,h5_holdout,153,1,-6.827864,-9.814299,-6.941959354637275
XXI57447,H5,h5_holdout,153,1,-7.080983,-10.000877,-6.760338828773106
XXI57432,H5,h5_holdout,153,1,-6.827864,-9.814299,-6.941959354637275
XXI57417,H5,h5_holdout,153,1,-6.827864,-9.814299,-6.941959354637275
XXI57411,H5,h5_holdout,153,1,-6.827864,-9.814299,-6.941959354637275
XXI57396,H5,h5_holdout,153,1,-6.827864,-9.814299,-6.941959354637275
XXI57382,H5,h5_holdout,153,1,-6.827864,-9.814299,-6.941959354637275
XXI57367,H5,h5_holdout,153,1,-6.827864,-9.814299,-6.941959354637275
XXI57363,H5,h5_holdout,153,1,-6.827864,-9.814299,-6.941959354637275
XTP42041,H5,h5_holdout,81,1,-8.508529,-8.603305,-6.510542733106307
XTP42029,H5,h5_holdout,81,1,-8.508529,-8.603305,-6.510542733106307
XTP42017,H5,h5_holdout,81,1,-8.10855,-9.332848,-3.5582351758017694
XTP42005,H5,h5_holdout,81,1,-8.740533,-8.514188,-5.929292311682785
XTP41993,H5,h5_holdout,81,1,-8.10855,-9.332848,-3.5582351758017694
XTP41981,H5,h5_holdout,81,1,-8.10855,-9.332848,-3.5582351758017694
XTP41969,H5,h5_holdout,81,1,-8.10855,-9.332848,-3.5582351758017694
XTP41957,H5,h5_holdout,81,1,-8.10855,-9.332848,-3.5582351758017694
XTP41945,H5,h5_holdout,81,1,-8.10855,-9.332848,-3.5582351758017694
XTP41933,H5,h5_holdout,81,1,-8.10855,-9.332848,-3.5582351758017694
XTP41921,H5,h5_holdout,81,1,-7.711518,-9.4466715,-2.5286902182172586
XTP41863,H5,h5_holdout,81,1,-8.10855,-9.332848,-3.5582351758017694
XRJ07432,H5,h5_holdout,70,1,-7.6193013,-9.563825,-3.046308967435193
XRJ07424,H5,h5_holdout,70,1,-7.6193013,-9.563825,-3.046308967435193
XOS85058,H5,h5_holdout,81,1,-7.7597275,-9.608963,-4.2007460826793785
XOS76435,H5,h5_holdout,81,1,-8.10855,-9.332848,-3.5582351758017694
XOS76447,H5,h5_holdout,81,1,-8.10855,-9.332848,-3.5582351758017694
XOS76423,H5,h5_holdout,81,1,-8.10855,-9.332848,-3.5582351758017694
XOS76411,H5,h5_holdout,81,1,-7.716822,-9.38751,-1.4756159770880828
XOS76399,H5,h5_holdout,81,1,-8.10855,-9.332848,-3.5582351758017694
XOS76387,H5,h5_holdout,81,1,-8.13515,-9.066072,-3.0803811716334373
YDD41546,H5,h5_holdout,227,0,-16.993267,3.2891443,-13.324857946138446
YDD41534,H5,h5_holdout,70,1,-7.8392015,-9.469706,-2.964368365549616
YDD41522,H5,h5_holdout,81,1,-8.10855,-9.332848,-3.5582351758017694
YDD41509,H5,h5_holdout,81,1,-8.10855,-9.332848,-3.5582351758017694
XZY35686,H5,h5_holdout,153,1,-7.952345,-9.009808,-3.3276621875274213
XZY35676,H5,h5_holdout,157,0,-8.516578,-7.421886,-8.207935076341352
XTJ61994,H5,h5_holdout,70,1,-7.654982,-8.862115,-4.212922120403283
XQH08052,H5,h5_holdout,70,1,-8.003436,-9.506723,-2.6520267294816815
XPB69556,H5,h5_holdout,70,1,-7.8392015,-9.469706,-2.964368365549616
XOL43332,H5,h5_holdout,70,1,-7.6193013,-9.563825,-3.046308967435193
XNT23180,H5,h5_holdout,155,0,-7.4146943,-8.419529,-1.0957451361690005
XMP24855,H5,h5_holdout,70,1,-8.10922,-9.75432,-2.9050278181957925
XMP24816,H5,h5_holdout,70,1,-7.8392015,-9.469706,-2.964368365549616
XMF84336,H5,h5_holdout,153,1,-7.952345,-9.009808,-3.3276621875274213
XLZ06471,H5,h5_holdout,70,1,-8.10922,-9.75432,-2.9050278181957925
XLY78264,H5,h5_holdout,70,1,-7.8556514,-9.375029,-2.5019494912802447
XLY78253,H5,h5_holdout,70,1,-7.8392015,-9.469706,-2.964368365549616
XLV27089,H5,h5_holdout,153,1,-7.952345,-9.009808,-3.3276621875274213
XLQ97127,H5,h5_holdout,153,1,-7.952345,-9.009808,-3.3276621875274213
XLQ97115,H5,h5_holdout,81,1,-8.073834,-8.88485,-3.1942567178124808
XLQ97105,H5,h5_holdout,153,1,-7.952345,-9.009808,-3.3276621875274213
XLE45473,H5,h5_holdout,157,0,-7.8298917,-8.368038,-2.9704491119692378
XLD56357,H5,h5_holdout,153,1,-7.952345,-9.009808,-3.3276621875274213
XLD56350,H5,h5_holdout,153,1,-8.245518,-8.755086,-3.6522850908406443
XLD56333,H5,h5_holdout,153,1,-7.952345,-9.009808,-3.3276621875274213
XLD56331,H5,h5_holdout,156,0,10.346851,6.0357156,-52.41633987892485
XLD56327,H5,h5_holdout,153,1,-6.9161515,-9.378217,-4.954071052877273
XLD56318,H5,h5_holdout,157,0,-7.5948567,-7.977931,-3.484831385347052
XKQ11420,H5,h5_holdout,70,1,-7.8392015,-9.469706,-2.964368365549616
XKQ11392,H5,h5_holdout,81,1,-8.073834,-8.88485,-3.1942567178124808
XKQ11383,H5,h5_holdout,157,0,-8.654206,-9.258219,-5.352173643484317
XKQ11406,H5,h5_holdout,153,1,-7.952345,-9.009808,-3.3276621875274213
XKQ11380,H5,h5_holdout,81,1,-8.073834,-8.88485,-3.1942567178124808
XKQ11370,H5,h5_holdout,70,1,-7.8392015,-9.469706,-2.964368365549616
XKI31548,H5,h5_holdout,70,1,-7.8392015,-9.469706,-2.964368365549616
XKI31544,H5,h5_holdout,70,1,-7.8392015,-9.469706,-2.964368365549616
XKI31543,H5,h5_holdout,70,1,-7.8392015,-9.469706,-2.964368365549616
XKI31530,H5,h5_holdout,153,1,-7.952345,-9.009808,-3.3276621875274213
XKH22199,H5,h5_holdout,70,1,-7.8392015,-9.469706,-2.964368365549616
XKC00329,H5,h5_holdout,70,1,-7.8392015,-9.469706,-2.964368365549616
XKC00317,H5,h5_holdout,70,1,-7.8392015,-9.469706,-2.964368365549616
XJN13173,H5,h5_holdout,70,1,-7.8392015,-9.469706,-2.964368365549616
XJN13169,H5,h5_holdout,70,1,-7.8392015,-9.469706,-2.964368365549616
XJJ53380,H5,h5_holdout,81,1,-8.073834,-8.88485,-3.1942567178124808
XJJ53364,H5,h5_holdout,81,1,-8.073834,-8.88485,-3.1942567178124808
XIJ00989,H5,h5_holdout,81,1,-8.073834,-8.88485,-3.1942567178124808
XIJ00988,H5,h5_holdout,157,0,-7.1365476,-7.4545913,-4.927556381022752
XIJ00975,H5,h5_holdout,157,0,-7.952345,-9.009808,-3.3276621875274213
XIF08954,H5,h5_holdout,157,0,-7.952345,-9.009808,-3.3276621875274213
XIF08949,H5,h5_holdout,157,0,-7.952345,-9.009808,-3.3276621875274213
XIF04039,H5,h5_holdout,157,0,-8.197055,-9.884957,-5.0374105788472665
XHS89339,H5,h5_holdout,157,0,-8.073834,-8.88485,-3.1942567178124808
XHS89335,H5,h5_holdout,157,0,-7.81159,-9.255767,-3.9057554220549324
XGV25890,H5,h5_holdout,430,0,5.3876357,2.959339,-47.68035691597174
XGB73050,H5,h5_holdout,81,1,-7.711518,-9.4466715,-2.5286902182172586
XDJ26643,H5,h5_holdout,81,1,-8.10855,-9.332848,-3.5582351758017694
XDJ26636,H5,h5_holdout,81,1,-8.173124,-9.331483,-3.399390187899849
XDJ26629,H5,h5_holdout,81,1,-8.173124,-9.331483,-3.399390187899849
XDB69070,H5,h5_holdout,81,1,-8.10855,-9.332848,-3.5582351758017694
XCV17369,H5,h5_holdout,81,1,-8.10855,-9.332848,-3.5582351758017694
XBE32674,H5,h5_holdout,81,1,-8.10855,-9.332848,-3.5582351758017694
ADQ75462,H5,h5_holdout,327,0,-6.600204,-8.861082,-4.477686155006127
WYN03019,H5,h5_holdout,81,1,-7.5703635,-9.495119,-2.1559482907744734
USE07565,H5,h5_holdout,81,1,-7.933416,-9.616933,-1.0698149171516693
UDV79400,H5,h5_holdout,158,0,-9.096006,-9.877946,-8.817339558254584
QLI41799,H5,h5_holdout,438,0,17.915905,-0.9621081,1.468452284993532
ADM95469,H5,h5_holdout,61,0,-9.325017,-10.500723,-5.401064065161471
ADM95468,H5,h5_holdout,61,0,-8.573165,-9.671571,-5.653193092097224
ADM95463,H5,h5_holdout,383,0,-8.438519,-9.830856,-5.112010349726836
ADM95462,H5,h5_holdout,488,0,-10.163332,-10.068312,-1.2184215535111544
ACA64009,H5,h5_holdout,151,0,-8.538599,-9.143278,1.1766377436617415
ABW06377,H5,h5_holdout,39,1,-8.054973,-9.51894,-0.37456028921605267
ABW06367,H5,h5_holdout,3,1,-9.257733,-10.161515,1.565065839592915
ABW06358,H5,h5_holdout,3,1,-8.668596,-10.363094,2.363839432205335
ABW06347,H5,h5_holdout,3,1,-9.278981,-10.643528,0.4580286529392694
ABW06336,H5,h5_holdout,3,1,-9.890964,-10.517477,3.9164001559635313
ABW06326,H5,h5_holdout,3,1,-10.098498,-10.413063,13.177342016182331
ABW06315,H5,h5_holdout,3,1,-10.030599,-9.993666,13.155129197439583
ABW06287,H5,h5_holdout,3,1,-9.351516,-10.594872,4.152914069800703
ABW06266,H5,h5_holdout,3,1,-9.909844,-10.1876135,6.041240569471382
ABW06244,H5,h5_holdout,3,1,-9.437317,-10.649221,6.695922356182345
ABW06233,H5,h5_holdout,4,0,-9.945489,-9.636063,2.03933684357216
ABW06222,H5,h5_holdout,3,1,-8.815052,-10.724328,1.7040154089129516
ABW06211,H5,h5_holdout,4,0,-8.181271,-10.365418,-4.05880794584907
ABW06200,H5,h5_holdout,4,0,-8.200472,-10.613773,-3.34593723333497
ABW06178,H5,h5_holdout,4,0,-8.359344,-10.649796,-3.1268170341079333
ABW06160,H5,h5_holdout,4,0,-8.311939,-10.954909,-3.3807887101750485
ABW06150,H5,h5_holdout,4,0,-8.157199,-10.368057,-3.9089424104747525
ABW06139,H5,h5_holdout,3,1,-8.946038,-10.3484,2.4677893163516504
ABW06128,H5,h5_holdout,3,1,-9.91797,-7.181701,1.1629264736737053
ABW06117,H5,h5_holdout,3,1,-10.235711,-6.881246,0.6426404875826552
ABW06108,H5,h5_holdout,3,1,-9.283746,-10.605246,3.2203245031942203
ABV24020,H5,h5_holdout,64,0,-10.636363,-8.185175,5.590128019337056
ABV24009,H5,h5_holdout,64,0,-10.496275,-8.216547,5.421795054011076
ABV24000,H5,h5_holdout,41,1,-9.574784,-8.559706,3.794877726834878
ABV23989,H5,h5_holdout,41,1,-9.888693,-8.363227,3.4731448019451054
ABV23980,H5,h5_holdout,41,1,-10.20118,-8.103211,6.2510577523745905
ABV23971,H5,h5_holdout,41,1,-10.20118,-8.103211,6.2510577523745905
ABV23960,H5,h5_holdout,443,0,-10.2302065,-8.873115,4.81835650458334
ABV23952,H5,h5_holdout,443,0,-10.2302065,-8.873115,4.81835650458334
ABV23944,H5,h5_holdout,443,0,-10.20118,-8.103211,6.2510577523745905
ABV23942,H5,h5_holdout,41,1,-10.069073,-8.344442,2.849403421799641
ABV23941,H5,h5_holdout,41,1,-9.55527,-8.559034,3.9390021612366812
ABV23940,H5,h5_holdout,41,1,-10.088697,-8.345427,2.7095326056946814
ABV23934,H5,h5_holdout,444,0,-10.203267,-7.9627533,7.004961662633741
ABU99108,H5,h5_holdout,10,0,-8.745265,-9.906624,-4.577631795955112
ASU55601,H5,h5_holdout,75,1,-5.9818854,-10.08341,-14.86510509456564
AUO37630,H5,h5_holdout,10,0,-8.807087,-10.01971,-6.215904012856859
AUO37618,H5,h5_holdout,10,0,-8.807087,-10.01971,-6.215904012856859
AUO37606,H5,h5_holdout,10,0,-8.807087,-10.01971,-6.215904012856859
AUO37594,H5,h5_holdout,10,0,-8.807087,-10.01971,-6.215904012856859
AVP32365,H5,h5_holdout,10,0,-9.078387,-10.056773,-2.1724969288438682
ACI06189,H5,h5_holdout,64,0,-9.871781,-9.081832,6.761756765017486
ACI06188,H5,h5_holdout,64,0,-9.702698,-8.980229,5.53300403654754
ACI06187,H5,h5_holdout,447,0,-10.752086,-8.021812,2.9112754554201192
ACI06186,H5,h5_holdout,448,0,-10.105876,-8.923911,8.506686020173936
ACI06185,H5,h5_holdout,449,0,-12.411827,-10.578116,10.95008470665873
ACI06184,H5,h5_holdout,447,0,-10.860127,-7.9013886,5.0226134741193835
ACI06183,H5,h5_holdout,174,0,-10.858987,-8.566339,9.312788696751708
ACI06182,H5,h5_holdout,41,1,-10.888014,-8.491579,1.744321728312224
ACI06181,H5,h5_holdout,174,0,-11.05793,-8.897629,7.811716193035389
ACI06180,H5,h5_holdout,447,0,-10.927142,-8.280216,3.370383490992646
ACI06178,H5,h5_holdout,240,0,-8.606893,-9.681404,-2.225856655218541
ABF56648,H5,h5_holdout,468,0,-10.368466,-7.0702043,-13.00627920481754
ABE97634,H5,h5_holdout,241,0,-9.178817,-9.821209,-4.523204259189972
ABE97633,H5,h5_holdout,67,0,-9.176099,-9.789971,-4.831488196895629
ABE97632,H5,h5_holdout,241,0,-8.753577,-9.515324,-4.210393569170241
ABE97631,H5,h5_holdout,384,0,-10.2652235,-10.493852,-3.4806985958497254
ABE97630,H5,h5_holdout,67,0,-10.793139,-6.541287,-5.2088339786873
ABE97629,H5,h5_holdout,10,0,-8.8905735,-9.917128,-2.8191514781118077
ABE97628,H5,h5_holdout,10,0,-8.8905735,-9.917128,-2.8191514781118077
ABE97627,H5,h5_holdout,10,0,-8.648181,-9.985469,-3.528775633953172
ABE97626,H5,h5_holdout,468,0,-10.051406,-7.5151143,-16.579266967147007
ABE97625,H5,h5_holdout,66,0,-9.829539,-6.351933,-9.063644447436547
ABE97624,H5,h5_holdout,10,0,-8.437131,-9.821136,-3.2673769553970278
AAF74331,H5,h5_holdout,46,0,-7.8631034,-7.800677,-8.062518493054112
AAF74330,H5,h5_holdout,50,0,-7.5406127,-8.346121,-8.677191422876051
AAF74329,H5,h5_holdout,0,0,-8.5069,-8.222475,-7.854339010774785
ADY16763,H5,h5_holdout,225,0,-17.418076,-0.9029052,-4.728478527986386
ADR78646,H5,h5_holdout,374,0,-8.285832,-7.124199,-3.7948790829636465
ADQ92372,H5,h5_holdout,470,0,-8.473332,-7.4650187,-4.921490081696264
ADF83671,H5,h5_holdout,10,0,-8.745265,-9.906624,-4.577631795955112
ADF83670,H5,h5_holdout,10,0,-8.30801,-10.442436,-7.100382528380985
ADF83669,H5,h5_holdout,10,0,-8.594648,-9.510481,-5.318384271575743
ADF83668,H5,h5_holdout,10,0,-8.9118185,-10.164377,-4.375516169576612
ADF83667,H5,h5_holdout,10,0,-8.74559,-9.96554,-3.965828276620188
ADF83666,H5,h5_holdout,10,0,-8.74559,-9.96554,-3.965828276620188
ADF83665,H5,h5_holdout,54,0,-8.844538,-10.321543,-4.409108609361187
ADF83664,H5,h5_holdout,10,0,-8.745265,-9.906624,-4.577631795955112
ADF83663,H5,h5_holdout,10,0,-9.182771,-10.088543,-0.606356684379227
ADF83662,H5,h5_holdout,10,0,-9.17311,-11.403176,-7.507467962250606
ADF83661,H5,h5_holdout,159,0,-9.470409,-10.717897,-1.1157965526113838
ADF83660,H5,h5_holdout,150,1,-8.482762,-8.90838,2.316314149410852
ACU65077,H5,h5_holdout,10,0,-8.887235,-9.568594,2.9164834120042595
ABQ58925,H5,h5_holdout,41,1,-10.103553,-7.814816,5.275290926732554
ABQ58924,H5,h5_holdout,41,1,-9.95262,-7.886106,4.804163668219227
ABQ58923,H5,h5_holdout,41,1,-9.95262,-7.886106,4.804163668219227
ABQ58922,H5,h5_holdout,41,1,-10.299247,-8.217087,3.8315714243577634
ABO20946,H5,h5_holdout,468,0,-9.56906,-9.429644,-0.7334318373440762
ABM90500,H5,h5_holdout,48,0,-10.286382,-11.787626,10.108070912111513
ABM90489,H5,h5_holdout,48,0,-10.135233,-11.361275,9.922443688597069
ABM90478,H5,h5_holdout,48,0,-10.286382,-11.787626,10.108070912111513
ABM90456,H5,h5_holdout,48,0,-10.222434,-11.121433,9.629450723159932
ABM90445,H5,h5_holdout,48,0,-10.222434,-11.121433,9.629450723159932
ABM90434,H5,h5_holdout,48,0,-10.222434,-11.121433,9.629450723159932
ABJ90343,H5,h5_holdout,64,0,-11.392968,-9.697462,-1.1938724397185982
ABI49407,H5,h5_holdout,3,1,-10.042296,-10.007701,10.723118627640781
ABI36480,H5,h5_holdout,3,1,-9.971555,-10.635504,7.771656797031559
ABI36469,H5,h5_holdout,3,1,-9.904113,-10.494295,9.844450636117097
ABI36423,H5,h5_holdout,4,0,-9.837226,-9.7899,4.115263554837769
ABI36395,H5,h5_holdout,3,1,-9.969905,-10.516192,9.970312404298364
ABI36384,H5,h5_holdout,3,1,-9.771207,-10.474102,9.124160248446112
ABI36373,H5,h5_holdout,3,1,-9.969905,-10.516192,9.970312404298364
ABI36362,H5,h5_holdout,4,0,-9.911603,-10.03134,4.824162087114038
ABI36351,H5,h5_holdout,3,1,-10.002562,-10.5091,10.033988047041133
ABI36340,H5,h5_holdout,3,1,-10.002562,-10.5091,10.033988047041133
ABI36329,H5,h5_holdout,3,1,-10.013099,-11.292536,6.241663826159291
ABI36318,H5,h5_holdout,3,1,-10.013099,-11.292536,6.241663826159291
ABI36307,H5,h5_holdout,3,1,-10.106112,-10.530817,10.674185562695248
ABI36295,H5,h5_holdout,3,1,-10.297055,-11.103647,10.203006262322086
ABI36286,H5,h5_holdout,3,1,-10.20619,-10.410631,10.779366776084382
ABI36275,H5,h5_holdout,3,1,-10.20619,-10.410631,10.779366776084382
ABI36187,H5,h5_holdout,4,0,-9.837226,-9.7899,4.115263554837769
ABI36057,H5,h5_holdout,3,1,-10.041922,-10.643193,12.105955441621264
ABI36056,H5,h5_holdout,3,1,-10.14787,-11.049961,8.834966952554504
ABI36055,H5,h5_holdout,3,1,-10.14787,-11.049961,8.834966952554504
ABI36054,H5,h5_holdout,3,1,-10.14787,-11.049961,8.834966952554504
ABI36053,H5,h5_holdout,3,1,-10.14787,-11.049961,8.834966952554504
ABI36051,H5,h5_holdout,3,1,-9.69193,-9.614782,11.82395639917977
ABI36050,H5,h5_holdout,3,1,-10.039624,-10.238249,10.338267080692953
ABI36049,H5,h5_holdout,3,1,-10.013722,-10.1269865,11.714546420915331
ABI36048,H5,h5_holdout,3,1,-10.013722,-10.1269865,11.714546420915331
ABI36047,H5,h5_holdout,3,1,-10.013722,-10.1269865,11.714546420915331
ABI36046,H5,h5_holdout,3,1,-10.013722,-10.1269865,11.714546420915331
ABI36045,H5,h5_holdout,3,1,-10.013722,-10.1269865,11.714546420915331
ABI36044,H5,h5_holdout,3,1,-10.013722,-10.1269865,11.714546420915331
ABI36043,H5,h5_holdout,3,1,-9.247383,-9.962126,12.441631117235639
ABI36042,H5,h5_holdout,3,1,-9.247383,-9.962126,12.441631117235639
ABI36041,H5,h5_holdout,3,1,-9.700562,-9.997053,10.21206101069379
ABI36040,H5,h5_holdout,3,1,-10.227895,-10.59353,6.616595078735427
ABI36012,H5,h5_holdout,3,1,-10.234664,-10.199008,10.297825323158145
AKC44576,H5,h5_holdout,160,1,-10.508929,-9.229685,1.212523134587281
AJM70746,H5,h5_holdout,12,1,-10.330634,-9.864178,0.359960320551691
AJM70734,H5,h5_holdout,161,0,-10.421317,-9.757467,0.7014357521102941
AID48082,H5,h5_holdout,10,0,-8.807087,-10.01971,-6.215904012856859
AID48072,H5,h5_holdout,10,0,-8.807087,-10.01971,-6.215904012856859
AEN68938,H5,h5_holdout,55,0,-6.554193,-9.86952,-6.272042356201089
AEN68937,H5,h5_holdout,25,1,-8.620834,-10.1190815,-3.5657858106252984
AEN68936,H5,h5_holdout,56,0,-5.9401927,-10.3133545,-6.329802430901829
AEN68935,H5,h5_holdout,25,1,-8.721251,-9.917289,-4.102997129077034
AEN68934,H5,h5_holdout,25,1,-8.620834,-10.1190815,-3.5657858106252984
AEN68933,H5,h5_holdout,25,1,-8.855384,-9.951065,-4.459588084326208
AJS16294,H5,h5_holdout,229,0,-2.6410546,30.45145,-29.30592941189426
AJY79345,H5,h5_holdout,12,1,-10.475123,-9.352756,0.48209379813627784
AJY79344,H5,h5_holdout,162,0,-9.948979,-9.230477,-1.095074168019531
AJY79343,H5,h5_holdout,12,1,-10.401647,-9.416643,-0.07337730332836578
AJY79342,H5,h5_holdout,12,1,-10.445463,-9.539476,0.6899454671549297
AJY79341,H5,h5_holdout,160,1,-10.508929,-9.229685,1.212523134587281
AJY79340,H5,h5_holdout,162,0,-10.1501255,-9.262224,-2.6174994051314417
AJY79339,H5,h5_holdout,12,1,-10.600751,-9.656518,1.7509036293298994
AJY79338,H5,h5_holdout,12,1,-10.445463,-9.539476,0.6899454671549297
AJY79337,H5,h5_holdout,12,1,-10.844136,-9.954082,3.906676165630847
AJY79336,H5,h5_holdout,12,1,-10.445463,-9.539476,0.6899454671549297
AJS16287,H5,h5_holdout,230,0,19.530357,-3.9094899,-2.1472401226620796
AJK00239,H5,h5_holdout,163,0,-10.010337,-10.423229,3.490081923570864
AJK00229,H5,h5_holdout,163,0,-10.010337,-10.423229,3.490081923570864
AJK00218,H5,h5_holdout,164,0,-10.390878,-9.805262,-0.41129311430455573
AJK00207,H5,h5_holdout,163,0,-10.112,-10.537756,3.23008621342308
AJK00198,H5,h5_holdout,165,0,-10.001189,-9.2443075,2.4096418952199716
AJK00188,H5,h5_holdout,57,0,-9.430182,-10.119335,0.7900764248250223
AJK00177,H5,h5_holdout,57,0,-9.407127,-10.205444,-0.6621098633959139
AGS08902,H5,h5_holdout,58,0,-8.602143,-9.609074,-2.512075793083673
AGS08843,H5,h5_holdout,58,0,-8.714475,-9.554591,-2.5854342652142446
AGS08832,H5,h5_holdout,25,1,-8.8515415,-9.761501,-4.417194042026166
AGM16225,H5,h5_holdout,58,0,-8.734325,-9.576534,-3.3020838263348846
AGM16214,H5,h5_holdout,58,0,-8.461846,-8.894815,-3.368771214258526
AGM16203,H5,h5_holdout,58,0,-8.929603,-9.805458,-5.916838047544891
AGM16192,H5,h5_holdout,58,0,-8.734325,-9.576534,-3.3020838263348846
AGM16181,H5,h5_holdout,58,0,-9.277025,-9.784822,-2.8439831729300042
AGM16170,H5,h5_holdout,58,0,-8.79712,-9.864779,-3.3938823914980514
AGM16164,H5,h5_holdout,58,0,-9.277025,-9.784822,-2.8439831729300042
AIO11740,H5,h5_holdout,166,1,-10.578053,-9.791353,-0.7231890966420522
AIO11739,H5,h5_holdout,167,0,-11.003917,-10.371573,0.9472876112108946
AGQ88499,H5,h5_holdout,144,1,-7.926311,-8.910742,-6.748214412747805
AHF20480,H5,h5_holdout,58,0,-8.73244,-9.603769,-3.0258376093225863
AHF20461,H5,h5_holdout,58,0,-8.744424,-9.389923,-5.719280460754526
AHF20450,H5,h5_holdout,58,0,-9.091472,-10.137995,-6.057482708150873
AHF20439,H5,h5_holdout,58,0,-8.76212,-10.010786,-3.2474906074183565
AHF20428,H5,h5_holdout,58,0,-9.220087,-9.23469,-3.9886257988851757
AHF20402,H5,h5_holdout,59,0,-9.525676,-10.3947935,-4.258476536051754
AHF20394,H5,h5_holdout,58,0,-9.576932,-8.323945,-5.539934450557405
AHF20383,H5,h5_holdout,58,0,-8.612126,-10.185402,-7.128785858942052
AFN69310,H5,h5_holdout,3,1,-9.237941,-10.163928,1.690555246125248
AGI02568,H5,h5_holdout,168,0,-8.529242,-6.4289017,-2.3236363253498293
AGI02566,H5,h5_holdout,150,1,-8.708246,-8.169955,1.2656104933957213
AFQ60210,H5,h5_holdout,160,1,-10.603503,-10.102039,0.41156568895734047
AFQ60206,H5,h5_holdout,166,1,-10.353603,-9.675056,0.7111753151209168
ADY16765,H5,h5_holdout,215,0,19.77385,-2.510721,0.5345025216115857
ADL41173,H5,h5_holdout,215,0,19.812834,-4.1253347,0.13692296372337687
ADL41164,H5,h5_holdout,215,0,19.614101,-3.4145596,0.5854245124784043
AFF59189,H5,h5_holdout,60,0,-9.23664,-9.410792,-6.214316509768858
AFF59183,H5,h5_holdout,60,0,-9.1622305,-10.054897,-4.430660995912378
AFF59151,H5,h5_holdout,60,0,-8.8515415,-9.761501,-4.417194042026166
ADD97095,H5,h5_holdout,10,0,-8.74559,-9.96554,-3.965828276620188
BAK20423,H5,h5_holdout,61,0,-8.347404,-9.763682,-5.405275950974945
ADM88571,H5,h5_holdout,150,1,-9.46178,-9.129478,2.243717263878702
ACJ68612,H5,h5_holdout,169,0,-8.7524805,-9.241625,2.282204602299334
ADF83659,H5,h5_holdout,170,0,-10.25207,-9.238124,3.2325616758463873
ADF83658,H5,h5_holdout,150,1,-9.443896,-9.131597,2.347402280254043
ADF83657,H5,h5_holdout,171,0,-9.336738,-9.243884,2.8932969086791136
ADF83656,H5,h5_holdout,171,0,-9.443896,-9.131597,2.347402280254043
ADF83655,H5,h5_holdout,171,0,-8.959514,-9.619635,2.431387221142977
ADF83654,H5,h5_holdout,171,0,-9.6702795,-9.800472,-0.13501898073264051
ADF83653,H5,h5_holdout,172,0,-9.054897,-9.016723,3.481540750472158
ADF83652,H5,h5_holdout,171,0,-9.77414,-9.51165,2.1506399185965
ADF83651,H5,h5_holdout,171,0,-9.46178,-9.129478,2.243717263878702
ADF83650,H5,h5_holdout,57,0,-9.3120775,-9.956555,-0.002033847832832336
ADM95445,H5,h5_holdout,62,0,-8.638082,-9.976133,-4.3430506583820705
ADG59086,H5,h5_holdout,150,1,-7.548491,-6.9107146,-2.042194702228869
ADG59080,H5,h5_holdout,173,0,-8.530388,-9.073452,2.918466501737635
ADG59048,H5,h5_holdout,150,1,-8.482762,-8.90838,2.316314149410852
ABW90137,H5,h5_holdout,327,0,-7.52397,-9.249519,-3.7810242000095844
ABW90136,H5,h5_holdout,327,0,-6.64557,-9.038517,-4.434011253725258
ABW90135,H5,h5_holdout,327,0,-6.700968,-8.601116,-4.730773693208274
ABW90134,H5,h5_holdout,327,0,-7.6969576,-9.664244,-4.7640670763281285
ABW90133,H5,h5_holdout,327,0,-6.621613,-9.042957,-4.344391699470046
ABW90132,H5,h5_holdout,327,0,-7.258655,-9.124237,-2.939483986132858
ABW90131,H5,h5_holdout,327,0,-6.410382,-8.832513,-5.740960556602122
ABW90130,H5,h5_holdout,327,0,-7.804771,-9.405639,-3.707256185683983
ABW90129,H5,h5_holdout,327,0,-6.720554,-8.53558,-5.925259839521022
ABW90128,H5,h5_holdout,327,0,-6.410382,-8.832513,-5.740960556602122
ABW90127,H5,h5_holdout,327,0,-6.683261,-8.858654,-4.664454267206628
ABW90126,H5,h5_holdout,327,0,-6.4212174,-8.553911,-3.3410022536675132
ABW90125,H5,h5_holdout,327,0,-6.613811,-9.423823,-5.081760924829506
ABR10842,H5,h5_holdout,150,1,-8.628652,-8.790207,1.669103705261774
ABP96854,H5,h5_holdout,64,0,-10.067891,-9.388878,0.6930217083124646
ABP96853,H5,h5_holdout,63,0,-10.562627,-9.091518,4.958531611148397
ABP96852,H5,h5_holdout,63,0,-10.422131,-8.599138,-1.79694309727725
ABP96851,H5,h5_holdout,63,0,-10.405536,-8.56657,-1.7729039458317661
ABP96850,H5,h5_holdout,63,0,-10.405536,-8.56657,-1.7729039458317661
ABP96849,H5,h5_holdout,64,0,-10.18805,-8.987671,0.9966917278343317
ABP96848,H5,h5_holdout,65,0,-9.214214,-9.402129,-1.1350489101425065
ABP96847,H5,h5_holdout,64,0,-10.408068,-8.945585,1.528332775189055
ABP96846,H5,h5_holdout,64,0,-10.108653,-9.040865,0.7306849340839481
ABP96845,H5,h5_holdout,174,0,-10.120643,-8.970683,-0.36796001154796976
ACU46644,H5,h5_holdout,10,0,-8.100118,-9.259027,-9.878710099600807
ACL11932,H5,h5_holdout,7,1,0.4824732,-3.1456683,-5.679365036326487
ABW06304,H5,h5_holdout,3,1,-9.536235,-10.096844,3.524327697313229
ABW06295,H5,h5_holdout,3,1,-9.536235,-10.096844,3.524327697313229
ABW06169,H5,h5_holdout,3,1,-9.610475,-11.251818,5.444067571781263
ABP51991,H5,h5_holdout,10,0,-8.248,-9.536659,-7.0997770541679
ABP51985,H5,h5_holdout,10,0,-8.745265,-9.906624,-4.577631795955112
ABP51984,H5,h5_holdout,10,0,-8.745265,-9.906624,-4.577631795955112
ABP51982,H5,h5_holdout,10,0,-8.811987,-10.196053,-5.0568183251605365
ABP51978,H5,h5_holdout,10,0,-8.74559,-9.96554,-3.965828276620188
ABP51977,H5,h5_holdout,10,0,-8.74559,-9.96554,-3.965828276620188
ABP51976,H5,h5_holdout,10,0,-8.745265,-9.906624,-4.577631795955112
ABP51975,H5,h5_holdout,43,0,-8.0962715,-8.486401,-3.7704004036318235
ABP51969,H5,h5_holdout,3,1,-9.141158,-10.344847,2.4195609551086807
ABP51968,H5,h5_holdout,10,0,-8.745265,-9.906624,-4.577631795955112
ABO10187,H5,h5_holdout,66,0,-8.956015,-9.775366,-6.2833352058626435
ABO10186,H5,h5_holdout,159,0,-9.151303,-10.3923435,-3.1909530480980486
ABO10185,H5,h5_holdout,67,0,-9.126068,-9.939556,-5.413858130020342
ABO10184,H5,h5_holdout,61,0,-8.468185,-9.7479515,-5.0351409367955995
ABO10183,H5,h5_holdout,10,0,-8.895133,-9.583633,-4.960790639818752
ABO10181,H5,h5_holdout,66,0,-8.468157,-9.839718,-5.319125305395714
ACZ48514,H5,h5_holdout,46,0,-7.994868,-10.535141,-6.574863691033068
ACZ48509,H5,h5_holdout,50,0,-7.4747987,-10.184753,-5.984714614040032
ACZ48508,H5,h5_holdout,44,0,-7.5593457,-8.712628,0.5587093502724958
ACJ68614,H5,h5_holdout,68,0,-10.378291,-10.084778,0.11619787386759661
ACJ68613,H5,h5_holdout,175,0,-8.779369,-9.649795,-2.5215240166480566
ACJ68611,H5,h5_holdout,176,0,-8.813008,-9.309113,1.015330754920365
ACJ68610,H5,h5_holdout,150,1,-8.705745,-8.684139,0.3564164290823566
ACJ68609,H5,h5_holdout,150,1,-8.601363,-8.890453,1.3449742032531056
ACJ68608,H5,h5_holdout,150,1,-8.482762,-8.90838,2.316314149410852
ACJ68607,H5,h5_holdout,150,1,-7.557799,-6.8386188,-2.2329456419939984
ABY19419,H5,h5_holdout,171,0,-8.829801,-9.149668,2.4426320005501267
ABY19418,H5,h5_holdout,171,0,-9.308127,-9.015768,1.7060178364609406
ABY19417,H5,h5_holdout,171,0,-8.889321,-9.816568,3.921443934659214
ABI16504,H5,h5_holdout,169,0,-8.50389,-8.901315,-0.948677822187447
ABQ58979,H5,h5_holdout,69,0,-10.409772,-11.311371,2.5596357277114397
YEP31369,H7,h7_holdout,71,0,-6.4677567,-0.13249917,-110.93340914578586
YDV57170,H7,h7_holdout,72,0,3.7220788,-1.6806679,-43.07469660322207
AAD26929,H7,h7_holdout,73,0,4.8775463,-2.5493462,-47.35517668259169
AAD26938,H7,h7_holdout,74,0,2.213416,-6.327295,-44.477077789171354
YCO72003,H7,h7_holdout,75,0,2.5367808,-1.6120615,-44.8930561275112
YCO06296,H7,h7_holdout,75,0,2.984559,-1.607465,-43.35418368916171
AAO86952,H7,h7_holdout,224,0,3.4213386,-6.3656297,-51.023747198503926
AAO86951,H7,h7_holdout,76,0,2.2028477,-7.553185,-54.41087190550157
AAO86950,H7,h7_holdout,77,0,0.8901221,-1.6837517,-49.48259235982272
AAO86949,H7,h7_holdout,225,0,3.6254983,-5.421868,-53.507777637119084
AAO86948,H7,h7_holdout,78,0,2.4231303,-3.2131379,-48.92951734584547
AAO86947,H7,h7_holdout,226,0,2.660285,-3.5513597,-51.56377214104644
AAO86946,H7,h7_holdout,225,0,3.7316055,-5.468343,-51.67758983763434
AAO86945,H7,h7_holdout,217,0,4.220974,-5.913928,-47.97978793021694
AAO86944,H7,h7_holdout,227,0,3.2975564,-5.990719,-51.68632932234409
AAO86943,H7,h7_holdout,228,0,4.1511536,-5.1981893,-52.84462180463245
AAO86942,H7,h7_holdout,225,0,2.3697233,-5.110263,-54.39607472832529
AAO86941,H7,h7_holdout,229,0,2.8911848,-4.533201,-46.89395858624441
AAO86940,H7,h7_holdout,229,0,-1.2955095,-1.6432799,-50.655154041918
AAO86939,H7,h7_holdout,229,0,3.9604352,-5.7316775,-48.13116434397196
AAO86938,H7,h7_holdout,245,0,4.089665,-4.8272824,-61.381313511715604
AAO86937,H7,h7_holdout,229,0,2.7379513,-5.6836715,-50.489553599452876
AAO86936,H7,h7_holdout,230,0,4.2002378,-4.8641577,-58.94508070335936
AAO86935,H7,h7_holdout,231,0,-3.4694977,-3.1136186,-50.19498299716632
AAO86934,H7,h7_holdout,228,0,3.9513545,-4.776574,-51.06169171672427
AAO86933,H7,h7_holdout,229,0,2.9071913,-6.165149,-48.84635016825415
AAO86932,H7,h7_holdout,232,0,3.0742412,-9.093431,-50.4444146906773
AAO86931,H7,h7_holdout,232,0,-2.4229155,-5.220686,-58.4468491840813
AAO86930,H7,h7_holdout,232,0,1.9709847,-8.092348,-52.694189707840096
AAO86929,H7,h7_holdout,232,0,1.9709847,-8.092348,-52.694189707840096
AAO86928,H7,h7_holdout,232,0,1.0666785,-7.684253,-50.93607522897918
AAO86927,H7,h7_holdout,232,0,1.628238,-7.7489867,-50.646225747167136
AAO86926,H7,h7_holdout,229,0,2.4407077,-5.77889,-56.571532219008
AAO86925,H7,h7_holdout,233,0,1.5924819,-3.568295,-64.83677701225731
AAO86924,H7,h7_holdout,228,0,3.462218,-5.339913,-51.058730093727384
AAO86923,H7,h7_holdout,228,0,4.105903,-4.8389745,-51.065179820281884
AAO86922,H7,h7_holdout,228,0,3.8481946,-5.120999,-50.71299211308991
AAO86921,H7,h7_holdout,78,0,1.7697697,-3.6286528,-46.069480063796675
AAO86920,H7,h7_holdout,233,0,2.6609728,-5.162764,-54.07295262242512
AAO86919,H7,h7_holdout,79,0,4.5022755,-3.0709486,-49.216784925281026
AAO86918,H7,h7_holdout,234,0,5.564979,-4.931945,-48.68600230844916
AAO86917,H7,h7_holdout,229,0,2.7742944,-4.994207,-48.69145753002163
AAO86916,H7,h7_holdout,246,0,3.186388,-6.0834336,-57.801217023761666
AAO86915,H7,h7_holdout,229,0,4.5051665,-6.9495645,-49.42330943221856
AAO86914,H7,h7_holdout,228,0,3.737712,-5.122729,-51.109749883842255
AAO86913,H7,h7_holdout,231,0,0.581262,-5.6595273,-51.9515222885346
AAO86912,H7,h7_holdout,231,0,0.581262,-5.6595273,-51.9515222885346
AAO86911,H7,h7_holdout,235,0,4.2839055,-3.9269724,-51.58689914875842
AAO86910,H7,h7_holdout,236,0,4.8224454,-2.7152565,-53.59677645356297
AAO86909,H7,h7_holdout,229,0,3.1169238,-4.627624,-49.43965843875179
AAO86908,H7,h7_holdout,228,0,4.309995,-4.204709,-52.15202037598792
AAO86907,H7,h7_holdout,228,0,3.5481644,-5.096398,-51.62494256506455
AAO86906,H7,h7_holdout,228,0,4.3829575,-4.534776,-51.19187903534474
AAO86905,H7,h7_holdout,237,0,3.8371701,-5.832174,-48.813224739999974
AAO86904,H7,h7_holdout,238,0,3.7016544,-5.477888,-52.357553727702964
XYY31774,H7,h7_holdout,80,0,1.358429,-2.2752538,-45.62186708727188
XYY31762,H7,h7_holdout,81,0,4.5677013,0.56279385,-54.8799905472756
XYY31750,H7,h7_holdout,82,0,3.516521,0.98815113,-54.80587944464265
XYY31738,H7,h7_holdout,83,0,4.0431414,0.60120565,-55.285950986942844
XYY31726,H7,h7_holdout,81,0,3.4382215,0.47890076,-57.29696224472214
XYY31714,H7,h7_holdout,81,0,1.8441927,1.1899978,-58.6947081492932
XYY31697,H7,h7_holdout,81,0,2.791882,0.50390464,-59.176302916629
XYY31684,H7,h7_holdout,12,0,8.392007,3.9043593,-17.979314947833068
XYY31683,H7,h7_holdout,81,0,2.948083,0.4940726,-56.64422652105702
XYY31671,H7,h7_holdout,80,0,1.3105757,-2.2879007,-45.65782352523624
XYY31659,H7,h7_holdout,80,0,-0.070460536,-0.8259004,-55.07720234648116
XYY31652,H7,h7_holdout,81,0,5.1055484,0.24198131,-55.66213511335013
AFV68712,H7,h7_holdout,6,0,4.2127123,-2.0935905,-42.94483476790939
XPO56564,H7,h7_holdout,72,0,2.7739227,-1.0671682,-40.89535575502852
XPO56552,H7,h7_holdout,72,0,3.10307,-1.5711063,-41.59131545770491
XPO56550,H7,h7_holdout,72,0,3.331112,-1.7719333,-41.37177875182723
XPO56549,H7,h7_holdout,72,0,3.1580648,-1.562869,-41.59276695627904
XPO56548,H7,h7_holdout,72,0,2.9688816,-2.0859933,-40.796729468081836
XPO56551,H7,h7_holdout,72,0,2.7998385,-1.3678145,-42.67904228165692
XPO56547,H7,h7_holdout,84,0,3.0801992,-1.3674091,-42.62657799638457
XPK56078,H7,h7_holdout,72,0,2.7998385,-1.3678145,-42.67904228165692
XPK56077,H7,h7_holdout,72,0,3.1580648,-1.562869,-41.59276695627904
XOL09046,H7,h7_holdout,72,0,4.9885817,-1.7949798,-43.459718315720075
XOL08195,H7,h7_holdout,72,0,4.169575,-1.7123452,-42.961484409290016
XOL08194,H7,h7_holdout,72,0,4.9885817,-1.7949798,-43.459718315720075
XNM01030,H7,h7_holdout,72,0,4.9885817,-1.7949798,-43.459718315720075
XNM00995,H7,h7_holdout,72,0,4.9885817,-1.7949798,-43.459718315720075
XNM00994,H7,h7_holdout,72,0,5.0124574,-2.0981367,-43.783345683883205
XNM00960,H7,h7_holdout,72,0,4.9315715,-2.069124,-45.288938783291606
XNM00959,H7,h7_holdout,72,0,4.169575,-1.7123452,-42.961484409290016
XNM00958,H7,h7_holdout,85,0,3.9059913,-2.3272107,-44.86534745151493
XNM00876,H7,h7_holdout,72,0,4.983355,-0.4345581,-44.23895889169007
UZT26827,H7,h7_holdout,86,0,1.1882983,0.12631051,-61.59476752669828
UZC40556,H7,h7_holdout,27,0,-1.2833977,-4.5097938,-8.083817506562076
AWG44374,H7,h7_holdout,28,0,-5.484752,-6.4313636,-9.088497143817756
AWG44375,H7,h7_holdout,87,0,4.6375694,-1.7043242,-63.50659176913662
AWG44373,H7,h7_holdout,210,0,0.50458264,-1.1978511,-65.56669747616611
AWG44371,H7,h7_holdout,29,0,-5.199453,-6.2806287,-9.017019155060453
AWG44372,H7,h7_holdout,210,0,0.50458264,-1.1978511,-65.56669747616611
AWG44370,H7,h7_holdout,87,0,3.9303036,-1.8660052,-63.86425233979132
AWB97134,H7,h7_holdout,29,0,-5.3419785,-6.2477207,-8.817438563988427
AWB97133,H7,h7_holdout,29,0,-4.209563,-5.6841903,-8.299093169186168
AWB97132,H7,h7_holdout,29,0,-5.672127,-5.891443,-11.178640080987673
AWB35938,H7,h7_holdout,30,0,-2.3762832,-2.1003668,-13.823615561436782
AWB35939,H7,h7_holdout,29,0,-4.7710977,-5.306993,-10.802470322621664
AWB12169,H7,h7_holdout,31,0,-6.3883843,-3.9895551,-0.068018906536917
AWB06344,H7,h7_holdout,32,0,-9.127395,-5.9691997,-8.443099878043439
AWK27458,H7,h7_holdout,7,0,-1.0698466,-9.327195,-49.80362944429494
WHU98491,H7,h7_holdout,9,0,-6.417499,-11.281635,-3.305530560131528
UZH94901,H7,h7_holdout,72,0,2.5230272,-1.9755025,-40.765354933172084
UYR15157,H7,h7_holdout,72,0,1.9862949,-1.9365213,-42.315725834762986
UNA44558,H7,h7_holdout,88,0,4.8471127,-1.5248015,-50.97078024200258
UEF70314,H7,h7_holdout,89,0,1.3299564,-0.8760597,-49.29865668560325
UEF70291,H7,h7_holdout,90,0,4.186293,-2.5252225,-54.11786307601572
UAN07859,H7,h7_holdout,91,0,4.8041606,-3.1726086,-72.17436234620921
UAN07847,H7,h7_holdout,92,0,7.5553813,-1.9327106,-68.71313619431012
UAN07835,H7,h7_holdout,93,0,2.903262,-1.7333751,-48.994261271712986
QTO35560,H7,h7_holdout,88,0,4.2795014,-1.0802002,-48.63370466173794
QTO35512,H7,h7_holdout,72,0,3.884197,-2.4185157,-42.38172512748937
QTO35497,H7,h7_holdout,88,0,4.2795014,-1.0802002,-48.63370466173794
QTO35401,H7,h7_holdout,88,0,4.2795014,-1.0802002,-48.63370466173794
QTO35358,H7,h7_holdout,88,0,4.2795014,-1.0802002,-48.63370466173794
QTO35340,H7,h7_holdout,88,0,4.2795014,-1.0802002,-48.63370466173794
QTO35296,H7,h7_holdout,88,0,4.2795014,-1.0802002,-48.63370466173794
QTO35266,H7,h7_holdout,88,0,4.2795014,-1.0802002,-48.63370466173794
QTO35284,H7,h7_holdout,88,0,4.2795014,-1.0802002,-48.63370466173794
QTO35271,H7,h7_holdout,88,0,4.2795014,-1.0802002,-48.63370466173794
QTO35311,H7,h7_holdout,88,0,3.8153992,-1.231925,-52.988925284579885
QTO35320,H7,h7_holdout,72,0,3.8454318,-2.4531858,-41.969699806420444
QTO35303,H7,h7_holdout,88,0,4.2795014,-1.0802002,-48.63370466173794
QTO35235,H7,h7_holdout,88,0,4.2795014,-1.0802002,-48.63370466173794
QTO35228,H7,h7_holdout,88,0,4.2795014,-1.0802002,-48.63370466173794
QTO35220,H7,h7_holdout,88,0,4.0683722,-1.1744885,-47.60643833954505
QTO35188,H7,h7_holdout,88,0,4.2795014,-1.0802002,-48.63370466173794
QTO35166,H7,h7_holdout,88,0,4.2795014,-1.0802002,-48.63370466173794
QTO35147,H7,h7_holdout,88,0,4.022529,-1.1375269,-48.13070145253273
QTO35115,H7,h7_holdout,88,0,4.2795014,-1.0802002,-48.63370466173794
QTO35103,H7,h7_holdout,88,0,4.0683722,-1.1744885,-47.60643833954505
QTO35086,H7,h7_holdout,88,0,4.2795014,-1.0802002,-48.63370466173794
QTO35065,H7,h7_holdout,88,0,4.2795014,-1.0802002,-48.63370466173794
QTO35030,H7,h7_holdout,88,0,4.4940553,-1.2908763,-48.98007394282838
QTO35001,H7,h7_holdout,88,0,4.2795014,-1.0802002,-48.63370466173794
QTO34962,H7,h7_holdout,88,0,4.2795014,-1.0802002,-48.63370466173794
QTO34933,H7,h7_holdout,88,0,4.2795014,-1.0802002,-48.63370466173794
QTO34914,H7,h7_holdout,88,0,4.2795014,-1.0802002,-48.63370466173794
QTO34917,H7,h7_holdout,88,0,4.2795014,-1.0802002,-48.63370466173794
QTO34899,H7,h7_holdout,88,0,4.2795014,-1.0802002,-48.63370466173794
QTO34896,H7,h7_holdout,88,0,4.2795014,-1.0802002,-48.63370466173794
QTO34877,H7,h7_holdout,88,0,4.2795014,-1.0802002,-48.63370466173794
QTO34855,H7,h7_holdout,72,0,4.00481,-2.259288,-42.2044883510356
QTO34847,H7,h7_holdout,88,0,4.2795014,-1.0802002,-48.63370466173794
QTO34778,H7,h7_holdout,88,0,4.2795014,-1.0802002,-48.63370466173794
QTO34803,H7,h7_holdout,88,0,4.2795014,-1.0802002,-48.63370466173794
QTO34703,H7,h7_holdout,88,0,4.2795014,-1.0802002,-48.63370466173794
QTO34792,H7,h7_holdout,88,0,4.25652,-0.9175007,-49.11644751026377
QTO34763,H7,h7_holdout,72,0,3.8454318,-2.4531858,-41.969699806420444
QTO34689,H7,h7_holdout,88,0,4.4528074,-1.0442629,-49.34619805436708
QTO34736,H7,h7_holdout,88,0,4.2795014,-1.0802002,-48.63370466173794
QTO34712,H7,h7_holdout,88,0,4.2795014,-1.0802002,-48.63370466173794
QTO34648,H7,h7_holdout,88,0,5.053467,-0.2645691,-48.80717882239534
QTO34655,H7,h7_holdout,88,0,4.8979692,-1.1654193,-53.957006253219014
QTO34541,H7,h7_holdout,88,0,4.8979692,-1.1654193,-53.957006253219014
QTO34565,H7,h7_holdout,88,0,4.2795014,-1.0802002,-48.63370466173794
QTO34500,H7,h7_holdout,88,0,4.2795014,-1.0802002,-48.63370466173794
QTO34489,H7,h7_holdout,88,0,4.2795014,-1.0802002,-48.63370466173794
QTO34443,H7,h7_holdout,88,0,4.2795014,-1.0802002,-48.63370466173794
QTO34400,H7,h7_holdout,88,0,5.053467,-0.2645691,-48.80717882239534
QTO34425,H7,h7_holdout,88,0,4.2795014,-1.0802002,-48.63370466173794
QTO34410,H7,h7_holdout,88,0,5.053467,-0.2645691,-48.80717882239534
QTO34384,H7,h7_holdout,88,0,4.2795014,-1.0802002,-48.63370466173794
QTO34354,H7,h7_holdout,88,0,4.2795014,-1.0802002,-48.63370466173794
QTO34294,H7,h7_holdout,88,0,4.2795014,-1.0802002,-48.63370466173794
QTO34320,H7,h7_holdout,88,0,4.2795014,-1.0802002,-48.63370466173794
QTO34285,H7,h7_holdout,88,0,4.2795014,-1.0802002,-48.63370466173794
QTO34253,H7,h7_holdout,88,0,4.2795014,-1.0802002,-48.63370466173794
QTO34226,H7,h7_holdout,72,0,5.506109,-0.7423926,-42.77961993668333
QTO34205,H7,h7_holdout,72,0,3.884197,-2.4185157,-42.38172512748937
QTO34179,H7,h7_holdout,88,0,4.2795014,-1.0802002,-48.63370466173794
QTO34160,H7,h7_holdout,88,0,4.2795014,-1.0802002,-48.63370466173794
QTO34137,H7,h7_holdout,88,0,4.8979692,-1.1654193,-53.957006253219014
QTO34116,H7,h7_holdout,88,0,4.2795014,-1.0802002,-48.63370466173794
QTO34133,H7,h7_holdout,88,0,4.2795014,-1.0802002,-48.63370466173794
QTO34083,H7,h7_holdout,88,0,4.2795014,-1.0802002,-48.63370466173794
QTO34012,H7,h7_holdout,88,0,3.716341,-1.3018446,-48.70116661310746
QTO34073,H7,h7_holdout,88,0,4.1837687,-0.5506926,-47.52969266166282
QTO34063,H7,h7_holdout,88,0,4.8979692,-1.1654193,-53.957006253219014
QTO33952,H7,h7_holdout,72,0,3.8454318,-2.4531858,-41.969699806420444
QTO33941,H7,h7_holdout,88,0,4.2795014,-1.0802002,-48.63370466173794
QTO33914,H7,h7_holdout,72,0,3.884197,-2.4185157,-42.38172512748937
QTO33937,H7,h7_holdout,88,0,4.2795014,-1.0802002,-48.63370466173794
QTO33910,H7,h7_holdout,88,0,4.2795014,-1.0802002,-48.63370466173794
QTO33886,H7,h7_holdout,88,0,4.2795014,-1.0802002,-48.63370466173794
QTO33874,H7,h7_holdout,88,0,4.2795014,-1.0802002,-48.63370466173794
QTK30379,H7,h7_holdout,94,0,8.94834,-0.5819481,-69.58083307158816
QTK18059,H7,h7_holdout,94,0,8.971118,-0.22473276,-69.4256799548229
QTJ77296,H7,h7_holdout,88,0,4.0683722,-1.1744885,-47.60643833954505
QOJ99728,H7,h7_holdout,247,0,2.664681,-2.872437,-69.77031185511944
AYA78738,H7,h7_holdout,95,0,3.5426216,-1.0002786,-41.6353375722245
BAF02932,H7,h7_holdout,96,0,6.8805604,-1.3155557,-75.50039186929469
BAF02933,H7,h7_holdout,97,0,5.4713087,-2.649229,-75.92408700595308
BAF03206,H7,h7_holdout,98,0,7.5556874,-1.5823692,-78.3828851837129
BAF02930,H7,h7_holdout,99,0,2.5177176,-2.7862382,-51.15250440924372
BAF02934,H7,h7_holdout,100,0,3.921683,-1.1435226,-51.05287216918792
ABY26157,H7,h7_holdout,101,0,3.093381,-1.5757239,-71.77416144679879
ABY26156,H7,h7_holdout,242,0,3.9223938,0.207951,-71.6685084957385
ABY26155,H7,h7_holdout,242,0,4.6428237,-1.8964286,-75.42612067304506
ABY26154,H7,h7_holdout,242,0,4.496061,-1.3862201,-74.85361844550542
ABY26153,H7,h7_holdout,101,0,0.755191,1.4544709,-71.74596223145329
ABY26152,H7,h7_holdout,101,0,7.8891377,-1.4443927,-74.98411257137171
ABY26151,H7,h7_holdout,101,0,3.4174066,-1.6643364,-70.04178840802751
ABY26150,H7,h7_holdout,101,0,3.2666044,-2.1264045,-73.76594335461533
ABY26149,H7,h7_holdout,101,0,5.2006793,-3.1645777,-76.92694125813807
ABY26148,H7,h7_holdout,101,0,6.7100353,-2.7476866,-73.78467463793773
ABY26147,H7,h7_holdout,102,0,5.8118844,-3.39689,-81.10614294463632
ABY26146,H7,h7_holdout,101,0,6.590712,-2.5363517,-74.98880213738504
QGJ02652,H7,h7_holdout,103,0,6.689082,-1.4125382,-76.64038790834297
QGJ02494,H7,h7_holdout,104,0,9.165341,-0.5451086,-71.57126885830844
QFZ88761,H7,h7_holdout,104,0,7.6385922,-1.0297046,-71.42706267164166
AXF50062,H7,h7_holdout,107,0,6.609364,-0.59404594,-76.84330881314837
AXA11917,H7,h7_holdout,107,0,6.0498557,-1.1363429,-76.24034982423254
AWZ61776,H7,h7_holdout,95,0,3.4438028,-0.8717453,-41.481632763214954
AUO38035,H7,h7_holdout,109,1,3.7030253,-2.1296363,-71.2184017484682
AHZ39583,H7,h7_holdout,110,0,7.399005,-2.1130502,-74.32849195761652
AHZ39582,H7,h7_holdout,13,0,7.22253,-1.3976402,-26.34033887804229
AGE08169,H7,h7_holdout,25,0,8.506868,1.406872,-54.60416049222994
AGE08168,H7,h7_holdout,111,0,3.836566,-1.013364,-44.703515314512856
AAG10679,H7,h7_holdout,261,0,17.322222,22.672977,-84.36582552355242
AAG10672,H7,h7_holdout,115,0,7.078637,-0.85432774,-66.95457229698754
AAG10671,H7,h7_holdout,116,0,5.7389984,-2.0509512,-66.66929802937052
AAG10670,H7,h7_holdout,117,0,-1.3656471,3.2597754,-65.28435594545118
AAG10669,H7,h7_holdout,118,0,7.0322146,-1.7318151,-65.04173688272505
AAG10659,H7,h7_holdout,115,0,5.6940765,-1.3562269,-66.16560205499617
AAG10655,H7,h7_holdout,64,0,0.001760672,0.08409595,-55.8887222318673
AAG10654,H7,h7_holdout,61,0,-0.8928948,-2.2052438,-56.686098798036404
AAG10653,H7,h7_holdout,107,0,7.8270984,0.4932293,-79.65160739695214
AAG10651,H7,h7_holdout,65,0,0.96126556,-0.74267083,-56.79285088609681
AAG10650,H7,h7_holdout,61,0,3.196104,-1.5962722,-62.29927643752225
AAG10663,H7,h7_holdout,249,0,6.9347997,1.1284137,-62.86536150841539
AAG10662,H7,h7_holdout,239,0,-2.5858092,0.17732798,-63.44068301890515
AAG10661,H7,h7_holdout,240,0,-3.731503,-3.7745035,-47.180447763582464
AAG10660,H7,h7_holdout,215,0,6.956825,-1.4058735,-62.19265933679577
ARG43175,H7,h7_holdout,251,0,4.671535,-2.3168979,-75.95555010710798
APD70007,H7,h7_holdout,125,0,3.0639982,-1.1291329,-70.9156667945272
APD70006,H7,h7_holdout,126,0,6.248924,-1.625084,-64.94172207688511
APD70005,H7,h7_holdout,127,0,4.6438904,-1.1938974,-67.6319425587705
ANK78021,H7,h7_holdout,125,0,3.0639982,-1.1291329,-70.9156667945272
ANK78020,H7,h7_holdout,128,0,4.315004,-2.2808087,-71.04888206113773
ANK78019,H7,h7_holdout,126,0,7.5577283,-1.4131618,-68.41042432491707
ANK78018,H7,h7_holdout,129,0,5.6593833,-1.7363919,-77.96915530834742
ANK78017,H7,h7_holdout,129,0,5.6354833,-1.4397707,-74.30851291189897
ANK78015,H7,h7_holdout,10,0,6.6302094,-1.4032459,-73.74927763911987
ANK78014,H7,h7_holdout,10,0,6.5518284,-1.7443771,-72.32944752655149
ANK78013,H7,h7_holdout,10,0,6.2279353,-2.0014977,-73.134900054881
ANK78012,H7,h7_holdout,10,0,6.2279353,-2.0014977,-73.134900054881
ANK78011,H7,h7_holdout,10,0,6.587389,-1.6108497,-73.10446532089453
ANK78010,H7,h7_holdout,10,0,6.587389,-1.6108497,-73.10446532089453
ANK78009,H7,h7_holdout,10,0,6.587389,-1.6108497,-73.10446532089453
ANK78008,H7,h7_holdout,10,0,6.919645,-0.4846679,-69.4741325936614
ANK78007,H7,h7_holdout,127,0,5.0770793,-1.4720266,-69.0472680041655
BAE53684,H7,h7_holdout,130,0,6.26467,-1.3543229,-78.4314461993844
AAD19848,H7,h7_holdout,73,0,4.7567654,-1.4514894,-56.18089160587755
AAD19847,H7,h7_holdout,73,0,4.7567654,-1.4514894,-56.18089160587755
AAD26933,H7,h7_holdout,233,0,4.7713075,-6.116944,-54.22770152688328
AMK48446,H7,h7_holdout,131,0,0.88846093,0.15697826,-26.518980364688304
AMK48434,H7,h7_holdout,105,0,6.9498544,-0.88866067,-78.96170961241774
AMK48422,H7,h7_holdout,106,0,2.6933665,-0.86044043,-67.03773371646346
AMK48410,H7,h7_holdout,132,0,5.6171675,-1.5390002,-74.2197882103352
ALT67799,H7,h7_holdout,133,0,4.1306505,-0.7781507,-43.201684759544996
ALT67787,H7,h7_holdout,134,0,2.3587923,-0.3858969,-39.79751288188159
ALT67775,H7,h7_holdout,134,0,2.3587923,-0.3858969,-39.79751288188159
ALT67763,H7,h7_holdout,135,0,3.7323565,-2.077464,-48.96876246726352
ALT67751,H7,h7_holdout,136,0,4.1987104,-1.5669968,-50.980369853140495
ALT67739,H7,h7_holdout,133,0,3.9011436,-0.52731323,-45.836012442502
ALT67727,H7,h7_holdout,133,0,4.0312443,-0.90742993,-44.20681501919627
ALT67715,H7,h7_holdout,137,0,4.300141,-0.30229157,-42.75037356425935
ALT67703,H7,h7_holdout,133,0,3.9480875,-1.6854721,-43.67567058939967
ALT67691,H7,h7_holdout,138,0,2.9750366,-2.101598,-43.2321068520812
ALT67679,H7,h7_holdout,138,0,3.9480875,-1.6854721,-43.67567058939967
ALT67667,H7,h7_holdout,138,0,3.9480875,-1.6854721,-43.67567058939967
ALT67655,H7,h7_holdout,134,0,2.3587923,-0.3858969,-39.79751288188159
ALT67643,H7,h7_holdout,134,0,2.3587923,-0.3858969,-39.79751288188159
ALT67631,H7,h7_holdout,134,0,2.1821313,-0.4384966,-39.85570044204357
ALT67619,H7,h7_holdout,134,0,2.9074018,-0.847918,-42.75273886749644
ALT67612,H7,h7_holdout,134,0,2.3889863,-0.23292704,-38.69562353382366
ALT67600,H7,h7_holdout,134,0,1.9464996,0.012526563,-40.1594998238578
ALT67588,H7,h7_holdout,134,0,1.3269395,-0.8792418,-42.09891788181623
ALT67576,H7,h7_holdout,134,0,3.547837,-1.4124315,-41.34757832727112
ALT67564,H7,h7_holdout,133,0,4.0312443,-0.90742993,-44.20681501919627
ALT67552,H7,h7_holdout,134,0,3.3396447,-1.7266334,-42.560928184472516
ALT67540,H7,h7_holdout,112,0,3.4602544,-1.3999487,-44.19388033562226
ALT67528,H7,h7_holdout,134,0,2.7559032,-1.4821104,-43.37156597703894
ALT67516,H7,h7_holdout,134,0,2.7559032,-1.4821104,-43.37156597703894
ALT67504,H7,h7_holdout,133,0,3.8383493,-1.3739656,-44.83532656208179
ALT67492,H7,h7_holdout,112,0,4.2182927,-1.4192648,-49.43523759578753
ALT67480,H7,h7_holdout,138,0,3.9480875,-1.6854721,-43.67567058939967
ALT67468,H7,h7_holdout,133,0,3.994731,-1.5890429,-48.00354039258768
ALT67444,H7,h7_holdout,134,0,4.111411,-0.7292419,-40.87388724321622
ALT67432,H7,h7_holdout,134,0,4.111411,-0.7292419,-40.87388724321622
ALT67420,H7,h7_holdout,134,0,4.111411,-0.7292419,-40.87388724321622
ALT67396,H7,h7_holdout,139,0,3.0523486,-1.7563908,-41.36893307124946
ALT67384,H7,h7_holdout,133,0,3.8172789,-1.5227528,-45.79225767618489
ALT67372,H7,h7_holdout,133,0,4.463487,-0.5693981,-43.48059621170861
ALT67360,H7,h7_holdout,134,0,3.4605045,-0.7792651,-42.79719721350672
ALT67348,H7,h7_holdout,133,0,4.0312443,-0.90742993,-44.20681501919627
ALT67336,H7,h7_holdout,134,0,3.3545232,-1.2767459,-40.68137324078013
ALT67324,H7,h7_holdout,133,0,3.780192,-1.1961651,-44.274140587685835
ALT67312,H7,h7_holdout,134,0,3.2797983,-0.33717874,-45.316101887354236
ALT67300,H7,h7_holdout,140,0,5.217454,-0.78138685,-47.33381429708293
ALT67288,H7,h7_holdout,133,0,3.9033015,-1.3443956,-45.26457822820678
ALT67282,H7,h7_holdout,133,0,3.7332714,-0.9705708,-45.70425970766599
ALT67270,H7,h7_holdout,133,0,3.9376907,-0.90897506,-44.01671191456255
ALT67258,H7,h7_holdout,141,0,3.4456763,-1.7644122,-47.17188523553405
ALT67246,H7,h7_holdout,133,0,3.4658809,-0.52884597,-41.1741117880119
ALT67234,H7,h7_holdout,142,0,3.492176,-1.669792,-42.8335642654724
ALT67222,H7,h7_holdout,133,0,4.0312443,-0.90742993,-44.20681501919627
ALT67210,H7,h7_holdout,133,0,4.2003818,-0.76715314,-42.48178758045771
ALT67198,H7,h7_holdout,136,0,4.4643297,-1.0595691,-48.10335775613977
ALT67186,H7,h7_holdout,134,0,3.5598364,-0.77455443,-42.056918225385644
ALT67174,H7,h7_holdout,133,0,3.8979816,-0.93767536,-45.52257415276662
ALT67162,H7,h7_holdout,133,0,3.8979816,-0.93767536,-45.52257415276662
ALT67150,H7,h7_holdout,133,0,4.124924,-0.60395503,-45.67953951096416
ALT67138,H7,h7_holdout,133,0,3.8979816,-0.93767536,-45.52257415276662
ALT67126,H7,h7_holdout,133,0,3.7404785,-1.2021234,-45.291798217429694
ALT67114,H7,h7_holdout,133,0,3.8979816,-0.93767536,-45.52257415276662
ALT67102,H7,h7_holdout,133,0,3.8979816,-0.93767536,-45.52257415276662
ALT67090,H7,h7_holdout,133,0,3.8979816,-0.93767536,-45.52257415276662
ALT67078,H7,h7_holdout,133,0,3.8979816,-0.93767536,-45.52257415276662
ALT66925,H7,h7_holdout,133,0,3.8857002,-0.6383321,-47.20470256684811
AMK48398,H7,h7_holdout,33,0,-7.873924,-9.222004,-2.2645117183016357
AJS16530,H7,h7_holdout,198,1,1.5980818,-2.5344903,-75.5244564851396
AJS16515,H7,h7_holdout,150,1,2.0003905,-2.0477045,-76.13757287091744
AJS16514,H7,h7_holdout,211,0,4.0823636,-2.145395,-77.24027922360024
AJS16507,H7,h7_holdout,216,0,4.3885818,-2.9509327,-69.97884364068345
AJS16504,H7,h7_holdout,109,1,1.99091,-4.058088,-70.50023148049384
AJS16503,H7,h7_holdout,109,1,1.99091,-4.058088,-70.50023148049384
AJS16501,H7,h7_holdout,211,0,4.7347903,-2.8883333,-74.35599050035997
AJS16500,H7,h7_holdout,211,0,5.6117406,-3.2066548,-74.25676059229983
AJS16499,H7,h7_holdout,211,0,4.792032,-2.4662163,-76.60840354901778
AJS16498,H7,h7_holdout,211,0,4.1643033,-4.3268485,-70.93857458605547
AJS16497,H7,h7_holdout,211,0,4.7347903,-2.8883333,-74.35599050035997
AJS16496,H7,h7_holdout,211,0,4.7347903,-2.8883333,-74.35599050035997
AJS16495,H7,h7_holdout,211,0,5.002959,-2.6195014,-75.10561043206579
AJS16494,H7,h7_holdout,211,0,4.7426,-2.9697096,-74.0726250206239
AJS16493,H7,h7_holdout,212,0,5.3308406,-3.2188013,-68.88735664223852
AJS16492,H7,h7_holdout,150,1,2.1896904,-3.5994198,-71.92770534241565
AJS16491,H7,h7_holdout,150,1,2.7239819,-2.4430258,-72.83570732427121
AJS16490,H7,h7_holdout,150,1,6.14561,2.1067696,-86.9324394774512
AJS16489,H7,h7_holdout,150,1,2.2726681,-2.955232,-71.36884477968366
AJS16488,H7,h7_holdout,150,1,2.522163,-3.916608,-68.94692716569743
AJS16480,H7,h7_holdout,150,1,2.9907618,-1.7238812,-74.40206176472677
AJS16468,H7,h7_holdout,206,0,3.0876534,-4.483109,-72.09225417066426
AJS16464,H7,h7_holdout,207,0,4.0634036,-1.8219596,-76.2096997890744
AJS16462,H7,h7_holdout,213,0,2.5446413,-2.7990236,-71.46005105826316
AJS16459,H7,h7_holdout,207,0,4.40568,-1.6877173,-77.43207722067122
AJS16458,H7,h7_holdout,207,0,4.058214,-1.8238037,-73.6699291559363
AJS16456,H7,h7_holdout,207,0,5.052414,-1.9995319,-70.97890290073576
AJS16454,H7,h7_holdout,207,0,3.741142,-2.206889,-74.21948718117828
AJS16452,H7,h7_holdout,207,0,4.3374825,-1.9569652,-74.0543662839223
AJS16448,H7,h7_holdout,207,0,3.13755,-3.4855592,-70.223365348876
AJS16447,H7,h7_holdout,207,0,4.0634036,-1.8219596,-76.2096997890744
AJS16446,H7,h7_holdout,208,0,0.9126381,-1.8884563,-76.3963522228243
AJS16445,H7,h7_holdout,207,0,3.7002256,-2.175214,-76.75915318278372
AJS16439,H7,h7_holdout,207,0,3.6896472,-2.2167423,-74.16814180331413
AJS16435,H7,h7_holdout,207,0,3.6896472,-2.2167423,-74.16814180331413
AJS16433,H7,h7_holdout,150,1,1.8278674,-4.801497,-66.41138191840487
AJS16432,H7,h7_holdout,209,0,2.6413732,-2.043545,-75.83342160638877
AJS16431,H7,h7_holdout,207,0,3.7002256,-2.175214,-76.75915318278372
AJS16428,H7,h7_holdout,207,0,0.55115634,-3.5038998,-65.52143377315736
BAP90860,H7,h7_holdout,34,0,-6.218638,-7.0160775,-0.5937813251025155
BAP90859,H7,h7_holdout,35,0,-6.9902463,-7.9400864,-1.2859673051288585
ALH21359,H7,h7_holdout,109,1,5.0610347,-2.6754456,-71.605611699889
ALH21358,H7,h7_holdout,109,1,5.113225,-2.6686862,-71.64882407948589
ALH21357,H7,h7_holdout,109,1,5.113225,-2.6686862,-71.64882407948589
ALH21356,H7,h7_holdout,109,1,5.0928645,-3.0527422,-71.87752715027025
ALH21355,H7,h7_holdout,109,1,5.7938886,-2.9470022,-69.28107898740836
ALH21354,H7,h7_holdout,109,1,5.740873,-2.952846,-69.23545727388405
ALH21353,H7,h7_holdout,109,1,5.0956426,-2.7074227,-71.5719958332745
ALH21352,H7,h7_holdout,143,0,0.8034464,-0.5347101,-73.75072311384812
BAQ21394,H7,h7_holdout,36,0,-6.6455107,-7.412169,2.252972442496434
BAQ21393,H7,h7_holdout,36,0,-1.0915926,-4.102015,1.1218471072582101
BAQ21392,H7,h7_holdout,37,0,-8.196363,-8.954595,-7.117339645711462
BAQ21391,H7,h7_holdout,38,0,-7.209558,-8.062422,-5.3995616841610445
BAQ21390,H7,h7_holdout,39,0,-5.89672,-6.233189,-3.8669717965564896
BAQ21389,H7,h7_holdout,38,0,-6.5845037,-7.6773024,-4.7476191104448215
BAQ21388,H7,h7_holdout,144,0,5.1620235,-1.823672,-68.09633486234304
BAQ21387,H7,h7_holdout,144,0,5.1620235,-1.823672,-68.09633486234304
BAQ21386,H7,h7_holdout,144,0,5.1620235,-1.823672,-68.09633486234304
BAQ21385,H7,h7_holdout,144,0,6.281046,-0.43527672,-72.65112472210488
BAQ21384,H7,h7_holdout,144,0,5.3158393,-1.4631104,-72.72062399750844
BAQ21383,H7,h7_holdout,145,0,7.382919,0.16307475,-75.24139048056928
BAQ21382,H7,h7_holdout,145,0,7.382919,0.16307475,-75.24139048056928
BAQ21381,H7,h7_holdout,145,0,7.4525886,-0.21398465,-76.18827284298308
BAQ21380,H7,h7_holdout,145,0,7.4525886,-0.21398465,-76.18827284298308
BAQ21379,H7,h7_holdout,145,0,7.4525886,-0.21398465,-76.18827284298308
BAQ21378,H7,h7_holdout,145,0,7.4525886,-0.21398465,-76.18827284298308
BAQ21377,H7,h7_holdout,145,0,7.4525886,-0.21398465,-76.18827284298308
BAQ21376,H7,h7_holdout,145,0,7.4525886,-0.21398465,-76.18827284298308
BAQ21375,H7,h7_holdout,145,0,7.4525886,-0.21398465,-76.18827284298308
BAN59727,H7,h7_holdout,146,0,6.5612326,-2.7569761,-74.36322238918964
BAM63158,H7,h7_holdout,128,0,3.7173338,-1.6819079,-70.95975511873743
BAL61215,H7,h7_holdout,147,0,6.7112184,-3.235582,-69.87008875732768
BAL61214,H7,h7_holdout,147,0,6.487861,-3.4753244,-70.8103928770922
BAL14561,H7,h7_holdout,40,0,-6.7307467,-6.9675603,-1.919899936042098
BAL14560,H7,h7_holdout,40,0,-6.751088,-6.971,-1.962465081528702
BAK09613,H7,h7_holdout,145,0,7.398153,-0.22471504,-76.1284037368577
AII31069,H7,h7_holdout,8,0,-9.379842,-7.89138,-0.6272123076511331
AII31068,H7,h7_holdout,41,0,-6.763949,-8.175224,-5.183850036580479
AII31067,H7,h7_holdout,42,0,-9.080433,-9.278825,-12.21901275927299
AKJ80214,H7,h7_holdout,14,0,-2.6340356,29.564312,-28.597304608902014
AKJ80211,H7,h7_holdout,14,0,-2.548703,30.408966,-28.890562200128578
AKJ80210,H7,h7_holdout,14,0,-3.5346396,25.565943,-30.912013499334314
AKJ80207,H7,h7_holdout,15,0,-2.5374374,29.496872,-29.835758624737878
AKJ80205,H7,h7_holdout,14,0,-2.6340356,29.564312,-28.597304608902014
AJJ98491,H7,h7_holdout,148,0,-5.427299,-5.2139373,-15.0679634111671
AJJ98490,H7,h7_holdout,109,1,3.5032792,-1.8558494,-72.03099856717174
AJJ98473,H7,h7_holdout,148,0,-5.7752404,-5.6278577,-15.61668007887429
AJJ98472,H7,h7_holdout,109,1,3.5527864,-1.8477361,-72.09062224287624
AJJ98454,H7,h7_holdout,148,0,-5.401792,-5.209393,-14.98377956258025
AJJ98453,H7,h7_holdout,109,1,3.5527864,-1.8477361,-72.09062224287624
AJJ98433,H7,h7_holdout,148,0,-5.799169,-5.7738566,-15.975050880178324
AJJ98432,H7,h7_holdout,109,1,3.5527864,-1.8477361,-72.09062224287624
AJJ98392,H7,h7_holdout,148,0,-5.401792,-5.209393,-14.98377956258025
AJJ98391,H7,h7_holdout,109,1,3.5527864,-1.8477361,-72.09062224287624
AJJ98373,H7,h7_holdout,148,0,-5.7752404,-5.6278577,-15.61668007887429
AJJ98372,H7,h7_holdout,109,1,3.5527864,-1.8477361,-72.09062224287624
AJJ98333,H7,h7_holdout,148,0,-5.401792,-5.209393,-14.98377956258025
AJJ98332,H7,h7_holdout,109,1,3.5527864,-1.8477361,-72.09062224287624
AJJ98315,H7,h7_holdout,148,0,-5.510689,-5.3818502,-14.708964879211942
AJJ98314,H7,h7_holdout,109,1,3.5918202,-1.7213397,-71.17238874703484
AJJ98293,H7,h7_holdout,148,0,-5.401792,-5.209393,-14.98377956258025
AJJ98292,H7,h7_holdout,109,1,3.5527864,-1.8477361,-72.09062224287624
AJJ98259,H7,h7_holdout,148,0,-5.401792,-5.209393,-14.98377956258025
AJJ98258,H7,h7_holdout,109,1,3.5527864,-1.8477361,-72.09062224287624
AJJ98194,H7,h7_holdout,148,0,-5.510689,-5.3818502,-14.708964879211942
AJJ98193,H7,h7_holdout,109,1,3.5918202,-1.7213397,-71.17238874703484
AJJ98155,H7,h7_holdout,148,0,-5.401792,-5.209393,-14.98377956258025
AJJ98154,H7,h7_holdout,109,1,3.5527864,-1.8477361,-72.09062224287624
AJJ98136,H7,h7_holdout,148,0,-5.401792,-5.209393,-14.98377956258025
AJJ98135,H7,h7_holdout,109,1,3.5527864,-1.8477361,-72.09062224287624
AJJ98107,H7,h7_holdout,148,0,-5.401792,-5.209393,-14.98377956258025
AJJ98106,H7,h7_holdout,109,1,3.5918202,-1.7213397,-71.17238874703484
AJJ97986,H7,h7_holdout,148,0,-4.8312817,-4.9420524,-17.592255147616214
AJJ97985,H7,h7_holdout,149,1,3.344935,-3.2349522,-72.62036030894744
AJJ97912,H7,h7_holdout,148,0,-5.156237,-4.6876206,-14.093037215612977
AJJ97911,H7,h7_holdout,109,1,3.323261,-0.8144429,-69.70247545464451
AJJ97884,H7,h7_holdout,148,0,-6.839808,-8.510216,-17.357940772092263
AJJ97883,H7,h7_holdout,109,1,4.973248,-3.4725134,-67.41483557756563
AJJ97854,H7,h7_holdout,148,0,-6.6250134,-7.3543477,-15.453109681076947
AJJ97853,H7,h7_holdout,150,1,3.5690475,-1.8579645,-70.58343469310985
AJJ97645,H7,h7_holdout,148,0,-5.5238357,-5.750455,-16.35688474927096
AJJ97644,H7,h7_holdout,109,1,5.320576,-2.7242243,-69.9188832647698
AJJ97360,H7,h7_holdout,148,0,-5.52505,-5.669121,-16.231538576122162
AJJ97359,H7,h7_holdout,151,1,5.8636994,-2.74886,-68.71678467202685
AJJ95427,H7,h7_holdout,152,0,-5.2296224,-4.99705,-15.432234277422943
AJJ95426,H7,h7_holdout,153,0,5.8090625,-0.88787645,-100.6352233125806
AJJ95397,H7,h7_holdout,148,0,-5.401792,-5.209393,-14.98377956258025
AJJ95396,H7,h7_holdout,149,1,4.3582354,-2.4587052,-73.16272515510818
AJJ95308,H7,h7_holdout,148,0,-5.455385,-5.690118,-14.564393250174817
AJJ95307,H7,h7_holdout,154,1,4.994176,-2.731437,-71.05150635426065
AJJ95265,H7,h7_holdout,148,0,-5.7752404,-5.6278577,-15.61668007887429
AJJ95264,H7,h7_holdout,154,1,4.71013,-2.4493012,-71.49626988978059
AJJ95212,H7,h7_holdout,148,0,-5.455385,-5.690118,-14.564393250174817
AJJ95211,H7,h7_holdout,154,1,4.71013,-2.4493012,-71.49626988978059
AJJ94972,H7,h7_holdout,148,0,-5.8681207,-5.0571933,-13.459433008726032
AJJ94971,H7,h7_holdout,155,1,5.7566466,-3.0183756,-73.7112464935412
AJJ94798,H7,h7_holdout,148,0,-5.944494,-5.3182797,-14.805706450452675
AJJ94797,H7,h7_holdout,156,0,5.84567,-3.0066044,-68.5283360324825
AJJ94779,H7,h7_holdout,148,0,-5.56453,-5.1859136,-15.106428341982292
AJJ94778,H7,h7_holdout,154,1,4.5513916,-2.7438586,-72.05117626425654
AJJ94480,H7,h7_holdout,148,0,-5.4192595,-5.5439754,-13.905447963621745
AJJ94479,H7,h7_holdout,155,1,5.690498,-2.9465487,-73.95879834988855
AJJ94289,H7,h7_holdout,148,0,-5.455385,-5.690118,-14.564393250174817
AJJ94288,H7,h7_holdout,154,1,3.619294,-2.5464058,-70.36346007744216
AJJ94095,H7,h7_holdout,148,0,-5.8681207,-5.0571933,-13.459433008726032
AJJ94094,H7,h7_holdout,109,1,5.751127,-2.9757307,-71.05853430022185
AJJ94067,H7,h7_holdout,148,0,-5.969332,-6.1083503,-16.07511063899264
AJJ94066,H7,h7_holdout,149,1,4.3582354,-2.4587052,-73.16272515510818
AJJ94050,H7,h7_holdout,148,0,-5.8681207,-5.0571933,-13.459433008726032
AJJ94049,H7,h7_holdout,109,1,5.751127,-2.9757307,-71.05853430022185
AJJ94035,H7,h7_holdout,148,0,-5.944494,-5.3182797,-14.805706450452675
AJJ94034,H7,h7_holdout,155,1,5.573993,-2.5489628,-71.69635278053708
AJJ93994,H7,h7_holdout,148,0,-5.56453,-5.1859136,-15.106428341982292
AJJ93993,H7,h7_holdout,154,1,4.417432,-2.4279225,-71.18861608308926
AJJ93894,H7,h7_holdout,152,0,-4.831965,-4.6489034,-17.582980601359864
AJJ93893,H7,h7_holdout,156,0,6.141641,-2.8566818,-70.4661480591117
AJJ91836,H7,h7_holdout,157,0,-6.803105,-7.4897494,-8.528545376669838
AJJ91835,H7,h7_holdout,109,1,5.113225,-2.6686862,-71.64882407948589
AJJ91774,H7,h7_holdout,148,0,-5.787499,-5.465648,-15.759223431248115
AJJ91773,H7,h7_holdout,109,1,5.2899656,-2.7857807,-73.77917354251868
AJJ91640,H7,h7_holdout,148,0,-5.5701942,-5.621718,-13.670433956458073
AJJ91639,H7,h7_holdout,109,1,5.2899656,-2.7857807,-73.77917354251868
AJJ91603,H7,h7_holdout,67,0,10.887719,4.5473685,-43.273424350483104
AJJ91602,H7,h7_holdout,158,0,5.5908947,-1.4384221,-75.61689051299211
AJJ91565,H7,h7_holdout,148,0,-5.480089,-5.6938896,-14.644444794569479
AJJ91564,H7,h7_holdout,109,1,5.032614,-3.1310563,-72.54302455396588
AJJ91552,H7,h7_holdout,159,0,-5.9143014,-12.08739,-28.957179164747608
AJJ91551,H7,h7_holdout,109,1,5.084927,-3.125219,-72.58569505645904
AJJ91502,H7,h7_holdout,160,0,-6.982843,-9.322317,-16.10430021433951
AJJ91501,H7,h7_holdout,109,1,5.084927,-3.125219,-72.58569505645904
AJJ91489,H7,h7_holdout,160,0,-6.982843,-9.322317,-16.10430021433951
AJJ91488,H7,h7_holdout,109,1,5.2716584,-3.2884328,-72.72898024501313
AJJ91463,H7,h7_holdout,160,0,-6.982843,-9.322317,-16.10430021433951
AJJ91462,H7,h7_holdout,109,1,5.084927,-3.125219,-72.58569505645904
AJJ91427,H7,h7_holdout,159,0,-5.8662515,-11.010293,-27.020570688927634
AJJ91426,H7,h7_holdout,109,1,5.084927,-3.125219,-72.58569505645904
AJJ91389,H7,h7_holdout,161,0,-5.972731,-7.1165643,-17.790436730785373
AJJ91388,H7,h7_holdout,109,1,5.084927,-3.125219,-72.58569505645904
AJJ91375,H7,h7_holdout,148,0,-5.531096,-5.713265,-15.01813002673237
AJJ91374,H7,h7_holdout,109,1,5.084927,-3.125219,-72.58569505645904
AJJ91301,H7,h7_holdout,162,0,-5.69462,-9.524387,-18.714743926498628
AJJ91300,H7,h7_holdout,109,1,5.751127,-2.9757307,-71.05853430022185
AJJ91252,H7,h7_holdout,163,0,-7.5661864,-7.77889,-18.770914804237293
AJJ91251,H7,h7_holdout,155,1,5.7564917,-2.7153344,-71.78044348330816
AJJ90770,H7,h7_holdout,148,0,-7.0272813,-8.351872,-14.55198592858335
AJJ90769,H7,h7_holdout,155,1,5.238441,-3.0573914,-71.62410070735751
AJJ90600,H7,h7_holdout,109,1,5.2760715,-3.0366075,-73.63937788198825
AJJ90563,H7,h7_holdout,148,0,-6.2061763,-6.413437,-14.04501386950747
AJJ90562,H7,h7_holdout,155,1,6.6146207,-2.514123,-72.29371376029545
ACD03595,H7,h7_holdout,164,0,4.242307,-3.3834326,-52.11914951512724
ACD03594,H7,h7_holdout,165,0,4.7196145,-3.912533,-48.22785401577681
ACD03593,H7,h7_holdout,166,0,4.528643,-1.9439886,-50.39563423433573
ACD03592,H7,h7_holdout,166,0,4.288654,-1.7981477,-50.83850743885988
ACD03590,H7,h7_holdout,167,0,2.524901,-1.5611007,-49.33884480238542
BAQ54174,H7,h7_holdout,16,0,12.403247,1.3940214,-36.34569241751404
AGL97653,H7,h7_holdout,256,0,9.231979,14.048916,-47.10819210590653
AGL97643,H7,h7_holdout,133,0,3.3759804,-0.46182725,-50.771669380876126
AGT18697,H7,h7_holdout,133,0,4.7663817,-0.46761012,-45.988788235221165
AJD13909,H7,h7_holdout,151,1,5.9375978,-2.4537911,-69.18375656633056
AJD13908,H7,h7_holdout,68,0,8.591309,4.2643895,-46.271068384430414
AJD13807,H7,h7_holdout,168,0,5.284118,-5.64363,-85.1274332217594
AJD13806,H7,h7_holdout,69,0,15.600812,11.357795,-68.64782693860829
AJD13675,H7,h7_holdout,169,0,7.0880027,9.153393,-146.9510065422213
AJD13674,H7,h7_holdout,68,0,9.451121,4.4283557,-46.76625064129588
AJD13397,H7,h7_holdout,151,1,5.777324,-2.5745783,-67.28809924209538
AJD13396,H7,h7_holdout,68,0,7.7462044,3.554327,-46.16326457337997
AJD13383,H7,h7_holdout,151,1,5.981622,-2.1625612,-68.62985320072049
AJD13382,H7,h7_holdout,68,0,8.78259,5.2508826,-47.35204267149906
AJD13347,H7,h7_holdout,151,1,5.9375978,-2.4537911,-69.18375656633056
AJD13346,H7,h7_holdout,68,0,8.591309,4.2643895,-46.271068384430414
AJD13316,H7,h7_holdout,151,1,5.755544,-2.8173006,-69.19411735609523
AJD13315,H7,h7_holdout,68,0,8.468593,3.9087079,-47.064297263791346
AIX94903,H7,h7_holdout,17,0,8.354301,-1.0018212,-19.199187584593755
ACZ48632,H7,h7_holdout,167,0,2.469079,-1.5702301,-49.345081959139065
AGG53563,H7,h7_holdout,170,0,7.5814347,0.859852,-70.78387060251241
AGG53552,H7,h7_holdout,170,0,7.4157043,0.7848413,-69.99408758701657
AGG53541,H7,h7_holdout,171,0,6.7414227,-0.67756677,-75.07994628035644
AGG53530,H7,h7_holdout,172,0,1.8423436,-0.60794455,-67.67062260712132
AGG53520,H7,h7_holdout,146,0,5.4885755,-3.2706373,-76.86648037477157
AGG53509,H7,h7_holdout,172,0,0.49284893,-1.5439059,-67.0036256104829
AGG53498,H7,h7_holdout,173,0,4.4596367,-2.2938178,-66.61464731700998
AGG53487,H7,h7_holdout,128,0,4.261604,-1.5907708,-69.9936934914939
AGG53476,H7,h7_holdout,128,0,3.9993649,-1.8620453,-68.55752947966289
AGG53465,H7,h7_holdout,128,0,4.261604,-1.5907708,-69.9936934914939
AGG53454,H7,h7_holdout,128,0,4.261604,-1.5907708,-69.9936934914939
AGG53443,H7,h7_holdout,174,0,5.9074254,-2.3236845,-76.1359456435879
AGG53432,H7,h7_holdout,128,0,6.7116427,-1.0254023,-66.01314466060934
AGG53421,H7,h7_holdout,128,0,7.0310245,-0.5998034,-69.25923845169991
AGG53410,H7,h7_holdout,128,0,7.0310245,-0.5998034,-69.25923845169991
AGG53399,H7,h7_holdout,128,0,7.0310245,-0.5998034,-69.25923845169991
AGG53388,H7,h7_holdout,175,0,8.058658,-3.0930984,-60.62851272397617
AGG53377,H7,h7_holdout,176,0,2.8045053,-2.1566873,-63.464071044251284
AGG53366,H7,h7_holdout,176,0,3.3289495,-1.9639308,-66.37522744713421
AFP99779,H7,h7_holdout,171,0,5.2732816,-2.469159,-75.16420447497728
AFP99768,H7,h7_holdout,130,0,5.850325,-2.3167017,-74.22620488730334
AFP99757,H7,h7_holdout,101,0,5.754555,-1.8070339,-75.94503626815539
AFP99746,H7,h7_holdout,38,0,-7.513391,-8.6122265,1.1208118171510666
AFP99735,H7,h7_holdout,38,0,-7.851929,-8.017513,-2.1980244212932316
AFP99724,H7,h7_holdout,38,0,-7.7385526,-8.500008,-3.3269946813649884
AFP99713,H7,h7_holdout,38,0,-7.7385526,-8.500008,-3.3269946813649884
AFO38699,H7,h7_holdout,38,0,-6.7020836,-7.5750527,-4.873007850892304
AFO38698,H7,h7_holdout,43,0,-6.9870925,-7.4878964,-5.247339302574632
AFO38697,H7,h7_holdout,260,0,-7.386658,-11.371534,-8.150383878978358
AFO38696,H7,h7_holdout,44,0,-10.327899,-8.577452,-5.3030716644815765
AFO38695,H7,h7_holdout,252,0,4.579896,4.245969,-73.55015908677919
ACR56256,H7,h7_holdout,114,0,6.6433396,-1.3988495,-70.54758086380728
AEQ73295,H7,h7_holdout,214,0,-5.1918054,-5.2372456,-16.372353673461344
AEQ73188,H7,h7_holdout,218,0,-6.757797,-4.342509,-4.463707297860029
AEQ73116,H7,h7_holdout,219,0,-6.7341714,-5.193071,-7.286717954988697
AEK84776,H7,h7_holdout,145,0,6.8530135,-0.83962995,-80.54451750589642
AEK84775,H7,h7_holdout,18,0,-3.2648644,11.838213,-24.604774216461394
AEK84774,H7,h7_holdout,177,0,6.8552527,-2.6622026,-73.11711953719207
AEK84773,H7,h7_holdout,178,0,8.921894,7.6967177,-84.80629132773218
AEK84772,H7,h7_holdout,178,0,7.9693065,0.63165313,-73.5594464594802
AEK84771,H7,h7_holdout,257,0,12.531724,-5.705819,-68.96406739020934
AEK84770,H7,h7_holdout,179,0,6.7871146,0.52162355,-75.75234063825366
AEK84769,H7,h7_holdout,179,0,6.6044383,-0.05106876,-76.79816083795308
AEK84768,H7,h7_holdout,179,0,6.610355,-0.031855263,-82.60985148235464
AEK84767,H7,h7_holdout,179,0,7.359716,-0.36804718,-74.3619624525123
AEK84766,H7,h7_holdout,253,0,7.5503373,10.708238,-90.36302610801916
AEK84765,H7,h7_holdout,128,0,5.810953,-0.34297353,-73.60949778614497
AEK84764,H7,h7_holdout,128,0,3.2901034,-0.8143624,-73.30542218112285
AEK84763,H7,h7_holdout,220,0,-4.0117817,-0.043351352,-92.27866455443524
AEK84762,H7,h7_holdout,222,0,2.4420912,2.6590686,-89.29051763183064
AEK84761,H7,h7_holdout,221,0,4.4908266,3.8953817,-91.62974339928853
AEK84759,H7,h7_holdout,146,0,5.9317236,-1.5991666,-78.5358212289206
AEK84757,H7,h7_holdout,145,0,7.1673193,-0.3605092,-76.6566120365692
AEK84756,H7,h7_holdout,145,0,7.1673193,-0.3605092,-76.6566120365692
AET50899,H7,h7_holdout,105,0,6.3415837,-1.6134919,-76.9176130991008
AEO94612,H7,h7_holdout,70,0,2.011649,-3.5895922,-48.33423995264336
AEL99956,H7,h7_holdout,223,0,5.6098027,-3.0072093,-80.14790167692365
AEL99955,H7,h7_holdout,223,0,6.4515395,-3.0249846,-81.99747979277376
AAD26935,H7,h7_holdout,241,0,3.1833324,-6.690503,-52.80154445827681
AAD26937,H7,h7_holdout,232,0,2.804245,-7.912555,-49.33396649449827
AEM24968,H7,h7_holdout,243,0,-4.6892257,1.7811344,-61.49582750079585
AEM24965,H7,h7_holdout,244,0,-5.4003115,0.12642317,-64.55191834078387
AEK65976,H7,h7_holdout,101,0,3.2200694,1.7280165,-71.39548722135187
BAI50033,H7,h7_holdout,180,0,4.6374564,-1.0467606,-72.71990702771431
BAJ23258,H7,h7_holdout,38,0,-6.732823,-7.751633,-4.16443288450321
BAJ23257,H7,h7_holdout,39,0,-5.0069795,-5.526048,-6.130083187570056
BAJ23256,H7,h7_holdout,39,0,-6.971316,-7.4940224,-4.339694407171006
BAJ23255,H7,h7_holdout,39,0,-6.6011124,-8.158262,-1.415324587675494
BAJ23254,H7,h7_holdout,45,0,-8.671494,-9.44587,-12.05766231902812
BAJ23253,H7,h7_holdout,19,0,-8.346731,-7.536395,-8.258889890278455
BAJ23252,H7,h7_holdout,20,0,-5.7708507,-8.3655815,-6.632243340839988
BAJ23251,H7,h7_holdout,38,0,-6.9237447,-7.5749297,-6.16935823894392
BAJ23250,H7,h7_holdout,38,0,-6.670264,-7.2956443,-5.29150161251537
BAJ23249,H7,h7_holdout,38,0,-6.676351,-7.792106,-3.4751617769719605
BAJ23248,H7,h7_holdout,38,0,-6.8270288,-7.5334964,-4.647756887636584
BAJ23247,H7,h7_holdout,46,0,-6.538997,-7.176354,-4.87014864380826
BAJ23246,H7,h7_holdout,47,0,-5.318048,-4.8911047,-9.536710888024347
BAJ23245,H7,h7_holdout,62,0,-0.0040689306,-0.31201845,-32.51506746232332
BAJ23244,H7,h7_holdout,48,0,-7.5510726,-9.22419,-8.267175809915804
BAJ23243,H7,h7_holdout,48,0,-7.498486,-9.614445,-7.13078705814606
BAJ23242,H7,h7_holdout,49,0,-6.0650187,-9.490007,-10.121321799088692
BAJ23241,H7,h7_holdout,50,0,-6.6586223,-6.2581744,-3.301733214092863
BAJ23240,H7,h7_holdout,51,0,-6.025001,-7.599911,-3.577090349757265
BAJ23239,H7,h7_holdout,51,0,-6.613071,-7.589661,-1.7646621817366306
BAJ23238,H7,h7_holdout,52,0,-7.0100427,-8.529724,-0.9421229182772368
BAJ23237,H7,h7_holdout,53,0,-5.4164796,-6.2637115,-11.333092025594297
BAJ23236,H7,h7_holdout,54,0,-6.4894834,-7.246404,-7.099816859851961
BAJ23235,H7,h7_holdout,26,0,-10.835984,-11.660236,-7.786049030645826
BAJ23234,H7,h7_holdout,145,0,6.9286466,-1.0355655,-72.28947057175563
BAJ23233,H7,h7_holdout,180,0,4.7720103,-0.93396485,-70.70972065220688
BAJ23232,H7,h7_holdout,181,0,6.5578656,-1.5859954,-73.55831623251079
BAJ23231,H7,h7_holdout,181,0,6.5578656,-1.5859954,-73.55831623251079
BAJ23230,H7,h7_holdout,180,0,5.0893216,-1.0331657,-72.45209614389803
BAJ23229,H7,h7_holdout,229,0,1.9742305,-5.7077,-49.50552485694988
BAJ23228,H7,h7_holdout,73,0,3.455245,-3.2060523,-48.483938912175496
BAJ23227,H7,h7_holdout,5,0,-0.49831024,-5.78695,-56.86541400110828
BAJ23226,H7,h7_holdout,10,0,6.5456233,-1.2810334,-73.39974236113758
BAJ23225,H7,h7_holdout,10,0,7.6089435,-1.2788376,-81.75836842469988
BAJ23224,H7,h7_holdout,182,0,6.787928,-1.0361154,-76.95525680232286
BAJ23223,H7,h7_holdout,182,0,5.947049,-2.1856604,-76.67032706165698
CAA44436,H7,h7_holdout,0,0,-5.8034964,-2.9125931,-53.03779577993598
CAA44434,H7,h7_holdout,0,0,-6.1410537,-5.0711975,-49.133787574956244
CAA44429,H7,h7_holdout,1,0,-6.373338,-7.6746,-59.692137973611935
CAA44431,H7,h7_holdout,2,0,-7.702811,-4.022431,-57.54916539295715
CAA44437,H7,h7_holdout,0,0,-3.9098134,-1.4421933,-50.78643596043919
CAA44433,H7,h7_holdout,3,0,-5.7258635,-4.272678,-49.00901412477781
CAA43815,H7,h7_holdout,4,0,-10.139264,-4.969771,-54.75930030264719
CAA44435,H7,h7_holdout,0,0,-4.8319154,-2.8133795,-49.32433470173875
CAA44432,H7,h7_holdout,4,0,-10.841499,-5.7115316,-53.15687823657531
CAA44430,H7,h7_holdout,1,0,-5.856764,-6.049025,-52.84442642824922
AAD26923,H7,h7_holdout,183,0,3.5251195,-2.5245092,-46.459335441735746
AAD26925,H7,h7_holdout,184,0,-0.30520448,-3.4444091,-49.34666692003942
AAD26932,H7,h7_holdout,73,0,4.9236693,-2.7701702,-47.8541523922312
AAD26927,H7,h7_holdout,73,0,4.9755263,-2.327408,-45.733162044989186
AAD26936,H7,h7_holdout,232,0,3.178675,-9.202713,-48.04573240265803
AAD26934,H7,h7_holdout,233,0,3.1127133,-5.926794,-53.122549241388285
ABR66929,H7,h7_holdout,11,0,0.4208705,-3.5854099,-46.512573658560854
ABR66927,H7,h7_holdout,186,0,4.860343,-1.3013513,-43.18030755110912
BAI50046,H7,h7_holdout,180,0,6.5294757,0.30161226,-73.49266426891846
BAI50044,H7,h7_holdout,180,0,5.108669,-0.7636326,-73.1719201687649
BAI50042,H7,h7_holdout,180,0,5.159501,-0.7539069,-73.22851248794767
BAI50040,H7,h7_holdout,180,0,5.159501,-0.7539069,-73.22851248794767
BAI50037,H7,h7_holdout,187,0,4.636625,0.25932688,-70.75103907953276
BAI50035,H7,h7_holdout,180,0,4.6374564,-1.0467606,-72.71990702771431
BAI50031,H7,h7_holdout,39,0,-5.366064,-5.611983,-5.38549264387005
BAI50029,H7,h7_holdout,39,0,-5.1651855,-4.888998,-4.943791485691875
BAI50027,H7,h7_holdout,55,0,-6.621282,-8.150268,-8.703895861386103
BAI50025,H7,h7_holdout,55,0,-6.9825587,-8.96889,-7.425883012276371
AAA56803,H7,h7_holdout,60,0,-10.008431,-7.434386,-63.429178322135215
ACZ48597,H7,h7_holdout,190,0,1.4382949,-2.3853738,-49.884195447113356
ABQ12383,H7,h7_holdout,133,0,3.382602,-0.56451863,-42.408399458295904
BAF81208,H7,h7_holdout,63,0,-11.61292,-5.3659325,-65.35028042358837
BAF49202,H7,h7_holdout,63,0,-5.4907484,-5.982261,-60.236999357511316
BAF49200,H7,h7_holdout,63,0,-5.486406,-6.15328,-60.7479455501149
CAD57485,H7,h7_holdout,56,0,-4.680079,-3.5319448,-65.77938687960695
CAA87393,H7,h7_holdout,248,0,0.12483943,-4.5114555,-60.55355274002824
CAE48277,H7,h7_holdout,255,0,8.303064,51.10573,-75.87963764431264
CAE48276,H7,h7_holdout,101,0,6.251533,-1.950533,-77.39743047847206
CAE45011,H7,h7_holdout,56,0,-4.7123165,-3.534298,-65.74524158932473
XKT99366,H7,h7_holdout,21,0,-7.3213153,7.4006686,-5.812024241408154
QFQ61851,H7,h7_holdout,154,1,5.1813245,-3.0792434,-71.95937468687744
QFQ61839,H7,h7_holdout,154,1,5.3130507,-3.0167437,-71.12743797691094
UXD21033,H7,h7_holdout,109,1,5.279535,-3.0581653,-73.36181325720699
QPB40016,H7,h7_holdout,57,0,-2.015781,-3.4152434,-59.41033070831024
QDK58636,H7,h7_holdout,58,0,-1.4715569,-3.4282014,-60.13603680392243
QGH81243,H7,h7_holdout,151,1,5.6888027,-2.6975937,-69.83223389539587
AUN86810,H7,h7_holdout,191,0,1.4880294,-3.447265,-71.82221480053579
AUN86798,H7,h7_holdout,192,0,2.200216,-2.4781377,-71.98717647059259
AUN86786,H7,h7_holdout,193,0,3.4302156,-1.5475839,-70.69484900639868
ATS92040,H7,h7_holdout,109,1,5.105108,-3.1355922,-72.56664123161336
ATS92039,H7,h7_holdout,194,0,3.248695,-2.7509034,-75.9392630777745
ATS92038,H7,h7_holdout,109,1,3.77149,-2.27696,-71.93486404205252
ATS92037,H7,h7_holdout,109,1,3.2103906,-3.1219711,-70.8813320346862
ATS92036,H7,h7_holdout,195,0,3.2707424,-4.0377655,-69.50204901593169
ATS92035,H7,h7_holdout,195,0,4.268738,-3.0460129,-69.81354679367436
ATS92034,H7,h7_holdout,109,1,2.9982271,-2.046709,-73.43344852141628
ATS92033,H7,h7_holdout,150,1,5.6561847,-1.843724,-73.61420512624626
ATS92032,H7,h7_holdout,194,0,2.6593869,-3.8196309,-72.18732839888116
YP_009118475,H7,h7_holdout,109,1,5.0610347,-2.6754456,-71.605611699889
ASO96874,H7,h7_holdout,57,0,-1.2576438,-2.8701658,-61.611305640373054
ASO96862,H7,h7_holdout,59,0,-3.1502776,-5.067942,-56.93654013980637
AUS83949,H7,h7_holdout,192,0,2.0814922,-2.3486335,-71.58090815916051
AUS83937,H7,h7_holdout,58,0,-1.5357172,-2.4288824,-61.88832581068464
ATY74262,H7,h7_holdout,196,0,0.47162533,-2.8882449,-67.50665821208678
ASR91962,H7,h7_holdout,192,0,2.3936744,-1.045042,-70.79999298778606
ASR91961,H7,h7_holdout,192,0,2.1527126,-2.2961226,-71.16380333834405
ASR91960,H7,h7_holdout,192,0,2.1284225,-2.3414147,-71.6364420267081
ASR91959,H7,h7_holdout,192,0,2.3050375,-1.8213298,-71.130058784899
ASR91958,H7,h7_holdout,192,0,1.6389573,-2.722716,-72.40652042960447
ASR91957,H7,h7_holdout,192,0,1.6389573,-2.722716,-72.40652042960447
ASR91956,H7,h7_holdout,192,0,1.6389573,-2.722716,-72.40652042960447
ASR91955,H7,h7_holdout,192,0,4.5337462,-2.9008021,-72.91914685238996
ASR91954,H7,h7_holdout,192,0,1.6389573,-2.722716,-72.40652042960447
ASR91953,H7,h7_holdout,192,0,2.3050375,-1.8213298,-71.130058784899
ASR91952,H7,h7_holdout,192,0,3.419507,-1.6533035,-70.5027552137049
ASR91951,H7,h7_holdout,192,0,2.0844572,-1.9849899,-71.94234877522958
ASR91950,H7,h7_holdout,192,0,2.0984678,-1.968863,-72.6348175692347
ASR91949,H7,h7_holdout,192,0,2.1284225,-2.3414147,-71.6364420267081
ASR91948,H7,h7_holdout,192,0,2.3050375,-1.8213298,-71.130058784899
ASR91947,H7,h7_holdout,192,0,2.3050375,-1.8213298,-71.130058784899
ASR91946,H7,h7_holdout,192,0,2.0844572,-1.9849899,-71.94234877522958
ASR91945,H7,h7_holdout,192,0,2.3050375,-1.8213298,-71.130058784899
ASR91944,H7,h7_holdout,192,0,0.9490379,-3.011307,-73.41837929153806
ASR91943,H7,h7_holdout,192,0,2.780466,-2.551424,-70.6522938414623
ASR91942,H7,h7_holdout,192,0,2.1284225,-2.3414147,-71.6364420267081
ASR91941,H7,h7_holdout,192,0,2.0844572,-1.9849899,-71.94234877522958
ASR91940,H7,h7_holdout,192,0,1.0513191,-3.9947722,-71.25219317524736
ASR91939,H7,h7_holdout,192,0,2.0844572,-1.9849899,-71.94234877522958
ASR91938,H7,h7_holdout,192,0,1.1192269,-2.2478597,-69.1933566698949
ASR91937,H7,h7_holdout,192,0,2.3050375,-1.8213298,-71.130058784899
ASF57864,H7,h7_holdout,197,0,3.3089352,-2.7000153,-73.77555719924503
ASF57858,H7,h7_holdout,192,0,0.9659251,-1.6077304,-72.75196465643796
ASF57852,H7,h7_holdout,192,0,0.9659251,-1.6077304,-72.75196465643796
ASF57846,H7,h7_holdout,192,0,1.1931599,-3.3013828,-71.40392217680719
ASF57839,H7,h7_holdout,192,0,2.6099646,-1.4937887,-73.6887236774725
ARG43206,H7,h7_holdout,196,0,1.687715,-2.4772637,-69.25109814575681
AQY18960,H7,h7_holdout,258,0,11.651708,46.609528,-17.394054572311475
AQY18959,H7,h7_holdout,254,0,7.727514,44.91466,-67.08436929951232
AQY18958,H7,h7_holdout,59,0,-2.727539,-5.107041,-57.280314924931886
AQY18948,H7,h7_holdout,258,0,11.651708,46.609528,-17.394054572311475
AQY18947,H7,h7_holdout,254,0,7.727514,44.91466,-67.08436929951232
AQY18946,H7,h7_holdout,59,0,-1.8010029,-3.9151218,-59.348265032917496
AQW43714,H7,h7_holdout,57,0,-1.8052127,-2.8054178,-59.75556904222477
APR73185,H7,h7_holdout,198,1,4.3635736,-1.9801302,-71.04159944701868
APR73174,H7,h7_holdout,109,1,6.0724726,-1.7540191,-77.25309939481424
AJU15339,H7,h7_holdout,150,1,2.7981334,-2.027475,-72.5184627269105
AJU15338,H7,h7_holdout,109,1,3.5527864,-1.8477361,-72.09062224287624
AJU15336,H7,h7_holdout,109,1,4.9938397,-3.068217,-70.82353785220523
AJU15335,H7,h7_holdout,199,0,5.7092996,-2.133396,-72.12192381772557
AJU15334,H7,h7_holdout,109,1,4.9938397,-3.068217,-70.82353785220523
AJU15322,H7,h7_holdout,200,0,5.036801,-3.1512172,-70.7575792393725
ANU25458,H7,h7_holdout,155,1,7.3033776,-3.489545,-72.79017913924157
ANU24930,H7,h7_holdout,155,1,5.7564917,-2.7153344,-71.78044348330816
AIK26584,H7,h7_holdout,109,1,3.5527864,-1.8477361,-72.09062224287624
AIK26572,H7,h7_holdout,109,1,3.5527864,-1.8477361,-72.09062224287624
AJS16351,H7,h7_holdout,259,0,11.862294,45.284798,-21.835441489311066
AJS16350,H7,h7_holdout,150,1,3.2882838,-2.5181868,-71.62271774399004
AKI82245,H7,h7_holdout,150,1,2.6983738,-2.329179,-71.70243227693001
AKI82233,H7,h7_holdout,150,1,2.7422872,-2.0765433,-72.73319233729626
AHJ57418,H7,h7_holdout,195,0,4.510889,-2.7510736,-71.88737015974004
AJJ96841,H7,h7_holdout,201,0,2.2000537,-0.04124338,-69.95720188151375
AJJ96829,H7,h7_holdout,149,1,4.3582354,-2.4587052,-73.16272515510818
AJJ95668,H7,h7_holdout,109,1,5.15439,-2.364389,-71.15477488512252
AJJ95656,H7,h7_holdout,154,1,5.2811847,-2.4128337,-70.47818945892561
AJJ95644,H7,h7_holdout,154,1,5.2811847,-2.4128337,-70.47818945892561
AJJ95632,H7,h7_holdout,154,1,4.614184,-2.9339921,-70.07961612833797
AJJ95620,H7,h7_holdout,154,1,4.793611,-3.828781,-70.53493895587388
AJJ95608,H7,h7_holdout,155,1,5.7564917,-2.7153344,-71.78044348330816
AJJ95596,H7,h7_holdout,155,1,5.697451,-2.786466,-72.75098996835182
AJJ91981,H7,h7_holdout,155,1,5.873019,-2.6335616,-72.07099112413775
AJJ91969,H7,h7_holdout,154,1,5.2811847,-2.4128337,-70.47818945892561
AJJ91957,H7,h7_holdout,109,1,4.2899504,-4.0739293,-73.21757927282613
AJJ91945,H7,h7_holdout,155,1,4.987372,-3.640609,-74.19753687898051
AJJ91933,H7,h7_holdout,155,1,5.085197,-2.0329936,-68.99072903292037
AJJ91921,H7,h7_holdout,155,1,5.7564917,-2.7153344,-71.78044348330816
AJJ91909,H7,h7_holdout,202,0,6.2173963,-3.0699937,-75.77123791851659
AJJ91897,H7,h7_holdout,155,1,5.7564917,-2.7153344,-71.78044348330816
AJJ91885,H7,h7_holdout,155,1,5.0974603,-2.8298476,-73.3781764153295
AJJ91873,H7,h7_holdout,155,1,5.873019,-2.6335616,-72.07099112413775
AHL21382,H7,h7_holdout,109,1,5.595218,-2.78676,-71.00025659322144
AKD00316,H7,h7_holdout,109,1,5.525349,-2.6281612,-71.53809442272272
AHJ57411,H7,h7_holdout,109,1,5.759169,-2.8879368,-71.48606478822444
AIT93147,H7,h7_holdout,22,0,19.577385,-3.3140306,2.5722785805484865
AIN76383,H7,h7_holdout,151,1,4.7087708,-3.7365558,-69.45300530280036
AGW82624,H7,h7_holdout,109,1,5.113225,-2.6686862,-71.64882407948589
AHM24248,H7,h7_holdout,109,1,5.113225,-2.6686862,-71.64882407948589
AHM24236,H7,h7_holdout,109,1,5.113225,-2.6686862,-71.64882407948589
AHM24224,H7,h7_holdout,109,1,5.350146,-3.21615,-70.69940045459404
AGJ51953,H7,h7_holdout,109,1,5.113225,-2.6686862,-71.64882407948589
AHF20568,H7,h7_holdout,109,1,5.5781813,-2.621476,-71.58055083478021
AGW82600,H7,h7_holdout,109,1,5.033239,-5.409076,-74.3790030233921
AGW82612,H7,h7_holdout,203,0,7.699428,-0.82039356,-77.734461268056
AID70634,H7,h7_holdout,109,1,5.3825817,-2.7006874,-69.9624993607511
AID70632,H7,h7_holdout,22,0,19.577385,-3.3140306,2.5722785805484865
AHK10800,H7,h7_holdout,109,1,5.1021104,-2.371662,-71.11413027017325
AGI60292,H7,h7_holdout,109,1,5.7516685,-2.970739,-72.57710749060942
AGL43637,H7,h7_holdout,109,1,6.0494857,-2.0399473,-71.97197637208588
AHW83651,H7,h7_holdout,109,1,5.113225,-2.6686862,-71.64882407948589
AGL95098,H7,h7_holdout,109,1,4.052839,-3.436261,-71.53501057161667
AGL95088,H7,h7_holdout,109,1,4.554272,-4.0266504,-72.43755592349241
AGU02227,H7,h7_holdout,109,1,5.732595,-3.2466133,-72.50048473939306
AGU02233,H7,h7_holdout,109,1,3.7055626,-3.6518593,-69.73442491704344
AGU02230,H7,h7_holdout,109,1,3.2908988,-2.889555,-71.98463198741042
AGR85026,H7,h7_holdout,109,1,5.3893914,-3.501106,-71.84046325400452
AGR85014,H7,h7_holdout,109,1,5.113225,-2.6686862,-71.64882407948589
AGR85002,H7,h7_holdout,204,0,5.5879903,-3.274143,-72.08337507813044
AHL21383,H7,h7_holdout,109,1,5.595218,-2.78676,-71.00025659322144
AHF20528,H7,h7_holdout,109,1,5.2760715,-3.0366075,-73.63937788198825
AHH30760,H7,h7_holdout,109,1,5.113225,-2.6686862,-71.64882407948589
AHH25197,H7,h7_holdout,155,1,5.7564917,-2.7153344,-71.78044348330816
AHH25185,H7,h7_holdout,155,1,5.7075124,-3.1825578,-73.25871766877053
AHH25174,H7,h7_holdout,155,1,5.7564917,-2.7153344,-71.78044348330816
AGY41893,H7,h7_holdout,155,1,6.0217566,-2.737594,-72.66029770064753
AGR84990,H7,h7_holdout,204,0,4.714415,-2.8882043,-70.98282616141
AGR84978,H7,h7_holdout,204,0,5.2214646,-3.027113,-70.33017086678393
AGR84966,H7,h7_holdout,109,1,5.113225,-2.6686862,-71.64882407948589
AGR84954,H7,h7_holdout,109,1,4.7165723,-2.8914149,-71.06829506672545
AGR84942,H7,h7_holdout,109,1,4.55493,-3.0235965,-71.50298189138955
AGR84930,H7,h7_holdout,204,0,5.2214646,-3.027113,-70.33017086678393
AGO02477,H7,h7_holdout,204,0,4.117817,-3.189191,-70.83608560831078
AGN69522,H7,h7_holdout,23,0,-15.698208,5.2041574,-8.663758694391447
AHD25003,H7,h7_holdout,155,1,7.092736,-2.5208137,-70.16691313360464
AGO51374,H7,h7_holdout,109,1,5.0610347,-2.6754456,-71.605611699889
AGQ88511,H7,h7_holdout,109,1,5.679754,-3.2525535,-72.45529585315828
AGO51399,H7,h7_holdout,109,1,5.732595,-3.2466133,-72.50048473939306
AGO51387,H7,h7_holdout,205,0,7.144877,-3.0785744,-70.4643820692899
AHA11500,H7,h7_holdout,109,1,5.3862386,-3.126032,-72.22647961467409
AGS42061,H7,h7_holdout,109,1,5.113225,-2.6686862,-71.64882407948589
AGS42049,H7,h7_holdout,109,1,5.113225,-2.6686862,-71.64882407948589
AGX00937,H7,h7_holdout,155,1,6.0217566,-2.737594,-72.66029770064753
AGL44438,H7,h7_holdout,109,1,5.113225,-2.6686862,-71.64882407948589
AGN69474,H7,h7_holdout,109,1,5.19313,-2.8138843,-72.49522751687651
AGN69462,H7,h7_holdout,109,1,4.2056174,-4.176435,-71.23213255765471
AGO28204,H7,h7_holdout,109,1,5.113225,-2.6686862,-71.64882407948589
AGM16242,H7,h7_holdout,109,1,5.732595,-3.2466133,-72.50048473939306
AGJ73503,H7,h7_holdout,109,1,5.732595,-3.2466133,-72.50048473939306
AGK84860,H7,h7_holdout,109,1,5.732595,-3.2466133,-72.50048473939306
AGK84857,H7,h7_holdout,109,1,4.336325,-2.5946224,-71.9610805693742
AGI60301,H7,h7_holdout,109,1,5.0872884,-2.513105,-72.00314832232475
AGK82158,H7,h7_holdout,109,1,5.113225,-2.6686862,-71.64882407948589
