accession,train_label,logit
YFH77964,0,-20.391343002655375
YFH78007,0,-21.803420847011353
YEV86564,0,-10.50025125396327
YEV86563,0,-13.413575071523614
UPI56474,0,-14.835605230004017
UPI56462,0,-11.848746106629061
YDP22890,0,-7.952645147131921
YDP22889,0,-7.952645147131921
YDP22888,0,-7.952645147131921
YDP22886,0,-9.143621993058392
YDN61860,0,-19.98636978428669
YDK26846,0,-7.133584500661229
YDK26842,0,-8.392077544828222
YDH88916,0,-31.76602373369981
YDH88900,0,-29.232145934811037
YDH88894,0,-19.18045055865447
YDH88886,0,-12.302788678457441
YDH88882,0,-24.611367475342753
YDH88880,0,-30.493403851933707
YDH88876,0,-30.110819295792837
YDH88852,0,-10.502963941808641
YDH88848,0,-32.160692436683455
YDB96802,0,-17.32816270798847
YDB96798,0,-31.8992275004516
YDB96794,0,-13.100583820101635
YDB96790,0,-14.705213267920229
YDB96784,0,-16.268658401997904
YDB96780,0,-18.76519058622054
YDB96778,0,-12.541080958277698
YDB96774,0,-14.680314787397279
YDB96772,0,-25.422539100528464
YDB96768,0,-23.13221893326931
YDB96764,0,-14.40827019689606
YDB96762,0,-19.72142533812388
YDB96756,0,-21.722164799627834
YDB96752,0,-20.931057744407475
YDB96750,0,-16.268658401997904
YDB96748,0,-11.392838167075706
YDB96742,0,-13.540485655640799
YDB96740,0,-21.941041791657746
YDB96738,0,-16.268658401997904
YDB96736,0,-18.476954383082383
YDB96732,0,-20.254334548072983
YDB96730,0,-5.429035596583267
YDB96726,0,-8.4110429699176
YDB96724,0,-20.254334548072983
YDB96722,0,-10.731665349171632
YDB96720,0,-14.028073463281633
YDB96718,0,-11.838487005650709
YDB96716,0,-22.784417777654483
YDB96710,0,-14.028073463281633
YDB96708,0,-30.010428321101926
XTX72824,0,-31.170777734391834
XTX72813,0,-31.170777734391834
XTX72802,0,-31.170777734391834
YCZ87924,0,-5.8788227469024035
YCZ87922,1,-1.986090393809123
YCZ87920,0,-8.589658056049522
YCZ87918,0,-19.893107644346344
YCZ87914,0,-9.436019470432907
YCZ87912,0,-8.28806304680341
YCZ87910,0,-4.735057363954832
YCZ87908,0,-12.277461639899242
YCZ87906,0,-8.372130465521266
YCZ87904,0,-6.768259665760972
YCZ87900,0,-8.719753622351947
YCZ87898,0,-6.391103025070057
YCZ87896,0,-7.537401290641262
YCZ87894,0,-8.737924646941543
YCZ87892,0,-10.791908326219653
YCZ87890,0,-7.347918342971672
YCZ87888,0,-7.588172960648534
YCZ87884,0,-9.080804645427534
YCZ87882,0,-11.257174064726065
YCZ87880,0,-5.83848776729304
YCZ87878,0,-7.776430621877029
YCZ87876,0,-1.81905391415558
YCZ87872,0,-7.588172960648534
YCZ87870,0,-4.457366049683829
YCZ78801,0,-10.281247401718833
YCS47975,0,-12.197270603917081
YCS47963,0,-33.21829804813603
YCQ40290,0,-12.302788678457441
YCP19042,0,-18.84098160514351
YCP19034,0,-18.953748434170244
YCP19033,0,-19.000352350430035
YCO72643,0,-18.103442606609555
YCO14773,0,-18.828917095614372
YCO10462,0,-19.084233009744207
YCO10466,0,-18.452640331926506
YCO10463,0,-19.727870205790012
YCO10460,0,-19.58958189823168
YCO10461,0,-18.651286352892104
YCN39006,0,-18.103442606609555
YCN38955,0,-17.8557582100347
YCN38363,0,-18.95966220767577
YCN38089,0,-20.117122275286125
YCN38076,0,-19.146338443011942
YCN38070,0,-18.651286352892104
YCN37370,0,-18.651286352892104
YCN37365,0,-19.29988797628291
YCN37293,0,-18.651286352892104
YCN37264,0,-18.651286352892104
YCN37247,0,-19.29988797628291
YCN37189,0,-18.651286352892104
YCM62005,0,-18.919131626424473
YCM61970,0,-18.651286352892104
YCM61954,0,-18.651286352892104
YCM61892,0,-18.613165173135542
YCM61914,0,-18.651286352892104
YCJ10324,1,3.5249291398070444
YCJ10322,1,3.049972685219153
YCJ10321,1,9.07798580828767
YCJ10320,1,10.658844847028051
YCJ10319,1,2.3976969564925934
YCB58320,0,-20.423831625634918
YCB58318,0,-11.266402598657187
YCB21591,0,-8.805423639730169
YCB21580,0,-5.753966250207069
YCB21547,0,-4.52472813155708
YCB21536,0,-7.933946878264768
YCB21525,0,-9.191837043149581
YCB21503,0,-7.933946878264768
YCB21481,0,-7.933946878264768
YCB21470,1,0.9075083343542278
YCB21459,1,0.9075083343542278
YCB21437,0,-1.6771294260665766
YCB21426,0,-1.6771294260665766
YCB21404,0,-4.6372981458045555
YCB21382,0,-7.684196398410187
YCB21349,0,-7.933946878264768
YCB21327,0,-8.068811213502746
YCB21316,0,-3.600375928637435
YCB21261,0,-7.774371212463834
YCB21250,0,-5.335165459079539
YCB21239,0,-6.6825437067971
YCB21228,0,-7.933946878264768
YCB21217,0,-8.23555388475639
YCB21206,1,0.20361898571260717
YCB21195,1,0.20361898571260717
YCB21184,1,1.4931412493968725
YCB21174,1,1.4931412493968725
YCB21163,0,-5.230332966110202
YCB21152,0,-7.236256164014765
YCB21141,0,-7.863653550253337
YCB21130,0,-6.2315081013879325
YCB21119,0,-1.9109656529800905
YCB21108,0,-2.2803699216579343
YCB21086,0,-10.46125953554701
YCB21075,0,-8.199626911227544
YCB21064,0,-7.863653550253337
YCB21042,0,-5.335165459079539
YCB21031,0,-5.335165459079539
YCB21020,0,-7.933946878264768
YCB21009,0,-5.335165459079539
YCB20998,0,-6.024152565929027
YCB20987,0,-7.933946878264768
YCB20976,0,-8.21852041116962
YCB20965,0,-5.846126268666312
YCB20943,0,-7.933946878264768
YCB20932,0,-7.933946878264768
YCB20921,0,-11.904093316201678
YCB20910,1,-0.14368608441153619
YCB20899,0,-5.335165459079539
YCB20888,0,-3.011954626210514
YCB20877,1,1.4931412493968725
YCB20866,0,-8.068811213502746
YCB20855,0,-8.87792357282299
YCB20800,0,-7.933946878264768
YCB20789,0,-7.933946878264768
YCB20778,0,-3.4519914204454683
YCB20767,0,-5.735773818477723
YCB20756,0,-5.917471626174844
YCB20745,0,-5.5835970618032125
YCB20734,0,-7.647972374099313
YCB20723,0,-7.647972374099313
YCB20701,0,-7.647972374099313
YCB20690,0,-6.44830153435815
YCB20679,0,-5.278926004056885
YCB20668,0,-2.9087850756544196
YCB20657,0,-2.9087850756544196
YCB20646,0,-7.985935900279104
YCB20624,0,-7.776994785119129
YCB20591,0,-7.933946878264768
YCB20580,0,-7.933946878264768
YCB20569,0,-7.933946878264768
YCB20558,0,-6.547598914076042
YCB20547,0,-9.222452573404475
YCB20536,0,-7.933946878264768
YCB20525,0,-5.335165459079539
YCB20515,0,-5.335165459079539
YCB20506,0,-7.933946878264768
YCB20489,0,-5.335165459079539
YCB20480,0,-3.011954626210514
YCB20453,0,-5.335165459079539
YCB20414,0,-8.162847512341983
YCB20409,0,-7.933946878264768
YCB20398,0,-8.068811213502746
YCB20390,0,-6.571173560669521
YCB20381,0,-7.236256164014765
YCB20372,0,-7.749759992244256
YCB20363,0,-7.956424472170561
YCB20354,0,-7.933946878264768
YCB20343,0,-7.933946878264768
YCB20336,0,-6.571173560669521
YCB20328,0,-7.933946878264768
YCB20317,0,-8.317743523768884
YCB15482,0,-0.7566624305332503
YCB15478,0,-11.378143627106118
YCB15476,0,-18.13207607696409
YCB15474,0,-24.29321890216005
YBZ29168,0,-3.499683031663624
WPD40848,0,-6.117346527017883
YBW06056,0,-14.30837151307486
YBV45747,0,-9.836499370115812
YBV45739,0,-11.25468155305218
YBV45737,0,-30.547933676470628
YBV45735,0,-28.035960391598113
YBV45731,0,-15.55691976259045
YBU60584,0,-10.21726524478471
YBU60582,0,-9.484431568345261
YBU60580,0,-14.074116662523416
YBU60576,0,-5.83848776729304
YBU60572,0,-8.609218906669378
YBU60562,0,-8.372130465521266
YBU60556,0,-7.133584500661229
YBU60554,0,-30.547933676470628
YBU60542,0,-31.94468017938781
YBU60540,0,-6.552624437728381
YBU60538,0,-28.942188626634852
YBU60536,0,-15.194793345513444
YBP46472,0,-3.371642688005018
YBP08991,0,-14.959509676504434
YBP08989,0,-14.510479452669092
YBP08981,1,0.0007723533009631467
YBP08979,0,-22.394337425127908
YBK92974,0,-9.138803087755848
YBK92972,0,-17.935608458999813
YBK92960,0,-15.82137122844917
YBK92954,0,-21.872788575333693
YBK92952,0,-16.87335161678001
YBH87779,0,-5.83848776729304
YBH87777,0,-17.895250871592623
YBH87775,0,-32.94295011454645
YBH87773,0,-14.017892337731388
YBH87771,0,-30.493403851933707
YBH87769,0,-29.92102213889715
YBH87767,0,-10.847079420307624
YBH87761,0,-8.597571688064395
YBH87757,0,-11.896945637826096
YBH87755,0,-10.376862132191345
YBH87753,0,-19.61038336512733
YBB93953,0,-8.265933545425645
YAO56778,0,-10.064934451759683
YAO56774,0,-8.4110429699176
YAO56768,0,-10.15911589792271
YAO56760,0,-16.936643456065298
YAO56758,0,-7.820072811583325
YAO56750,0,-8.797005846808641
YAO56748,0,-32.027030598311775
YAO56746,0,-12.157718291283809
YAO56742,0,-15.003379829937725
YAB59163,0,-12.424706682647043
YAB59159,0,-5.83848776729304
YAB59149,0,-17.334632771085502
YAB59147,0,-15.824781418197404
YAB59145,0,-29.351384730261223
XZX72807,0,-26.993584793402157
XZX72805,0,-19.516708656456064
XZX72799,0,-17.364792948525775
XZX72797,0,-16.801301426194982
XZX72791,0,-30.493403851933707
XZX72789,0,-6.135713843944104
XZX72787,0,-16.523460251801865
XZE13727,0,-10.496736241658716
XZE13725,0,-8.294561425129682
XZE13721,0,-10.880622718223488
XYW64010,0,-19.796452752209916
XKH15321,0,-17.445538946096967
QWZ14542,0,-12.092554418523946
XVC18733,0,-20.858280072374846
XUN73840,0,-7.933946878264768
XUN73829,0,-7.608863633092968
XUN73807,0,-7.933946878264768
XUN73796,0,-8.755834998208583
XUN73785,0,-7.933946878264768
XUN73763,0,-8.493400362239045
XUN73752,0,-7.684196398410187
XUN73741,0,-7.187606861686531
XUN73730,0,-7.933946878264768
XUN73719,0,-7.933946878264768
XUN73708,0,-7.933946878264768
XUN73675,0,-7.933946878264768
XUN73642,0,-8.096413295862055
XUN73631,0,-7.933946878264768
XUN73587,0,-3.554652551813966
XUN73576,0,-3.2268928077799153
XUN73565,0,-7.42360377723246
XUN73554,1,-2.846759669960086
XUN73543,0,-6.105517878019726
XUN73532,0,-6.105517878019726
XUN73521,0,-7.684196398410187
XUN73510,0,-8.168313925100835
XUN73499,0,-7.684196398410187
XUN73477,0,-7.933946878264768
XUN73466,0,-6.610479219596526
XUN73433,0,-2.80533943445972
XUN73422,0,-7.164729085910199
XUN73411,0,-7.1398581820765425
XUN73389,0,-7.933946878264768
XUN73378,0,-7.684196398410187
XUN73367,0,-7.933946878264768
XUN73345,0,-5.335165459079539
XUN73334,0,-0.7895435988558628
XUN73312,0,-5.335165459079539
XUN73301,0,-7.684196398410187
XUN73279,0,-9.195700567380266
XUN73257,0,-7.933946878264768
XUN73246,0,-7.933946878264768
XUN73235,0,-8.307878781989647
XUN73224,0,-7.8707516495955705
XUN73213,0,-7.933946878264768
XUN73191,0,-7.933946878264768
XUN73169,0,-3.060669963593094
XUN73158,0,-3.011954626210514
XUN73136,0,-7.684196398410187
XUN73114,0,-8.589010146855319
XUN73103,0,-7.933946878264768
XUN73092,0,-8.803280839469373
XUN73081,0,-7.933946878264768
XUN73070,0,-7.933946878264768
XUN73026,0,-7.933946878264768
XUN73015,0,-8.753120867552056
XUN73004,0,-9.639280131652518
XUN72993,0,-8.805423639730169
XUN72982,1,0.584028178497265
XUN72971,0,-7.933946878264768
XUN72949,0,-7.933946878264768
XUN72938,0,-7.933946878264768
XUN72927,0,-9.665251317398257
XUN72916,0,-7.933946878264768
XUN72883,0,-7.933946878264768
XUN72839,0,-4.337272122071296
XUN72828,0,-8.913557297785253
XUN72817,0,-7.933946878264768
XUN72806,0,-7.8046902094159325
XUN72784,0,-2.6313692733707956
XUN72773,0,-7.933946878264768
XUN72762,0,-2.8832361512278837
XUN72740,0,-5.335165459079539
XUN72729,0,-0.4808948378068987
XUN72718,0,-5.335165459079539
XUN72707,0,-5.335165459079539
XUN72685,0,-7.933946878264768
XUN72674,0,-7.110925500840528
XUN72663,0,-7.933946878264768
XUN72630,0,-3.214275537907218
XUN72619,0,-7.933946878264768
XUN72586,0,-7.933946878264768
XUN72575,0,-7.933946878264768
XUN72564,0,-7.934425173444028
XUN72553,0,-7.933946878264768
XUN72542,0,-7.933946878264768
XUN72520,0,-7.684196398410187
XUN72509,0,-7.933946878264768
XUN72498,0,-3.308083032367085
XUN72487,0,-9.352785928232114
XUN72465,0,-7.933946878264768
XUN72454,0,-10.655009729882027
XUN72432,0,-7.933946878264768
XUN72421,0,-7.684196398410187
XUN72399,0,-7.933946878264768
XUN72388,0,-7.933946878264768
XUN72377,0,-7.933946878264768
XUN72366,0,-7.933946878264768
XUN72355,0,-7.933946878264768
XUN72333,0,-2.4665753961903825
XUN72322,0,-7.684196398410187
XUN72311,0,-7.933946878264768
XUN72300,0,-7.933946878264768
XUN72289,0,-3.0476622659305086
XUN72278,0,-7.933946878264768
XUN72267,0,-7.933946878264768
XUN72256,0,-7.933946878264768
XUN72234,0,-7.933946878264768
XUN72223,0,-7.684196398410187
XUN72212,0,-7.933946878264768
XUN72201,0,-8.479434525951907
XUN72179,0,-3.880322175218618
XUN72168,0,-12.638616312391248
XUN72146,0,-8.121638498012734
XUN72135,0,-12.638616312391248
XUN72113,0,-6.504792585452881
XUN72091,0,-7.933946878264768
XUN72080,0,-7.933946878264768
XUN72069,0,-7.933946878264768
XUN72058,0,-7.8716772919145335
XUN72047,0,-7.933946878264768
XUN72036,0,-7.933946878264768
XUN72025,0,-2.5987295618763184
XUN72003,0,-7.933946878264768
XUN71992,0,-7.933946878264768
XUN71981,0,-7.933946878264768
XUN71970,0,-7.895861187851125
XUN71959,0,-7.684196398410187
XUN71904,0,-7.933946878264768
XUN71882,0,-7.933946878264768
XUN71871,0,-7.933946878264768
XUN71860,0,-7.933946878264768
XUN71849,0,-7.933946878264768
XUN71838,0,-7.933946878264768
XUN71816,0,-7.933946878264768
XUN71794,0,-7.933946878264768
XUN71783,0,-7.313926911143396
XUN71728,0,-1.433796509476137
XUN71717,0,-5.335165459079539
XUN71706,0,-5.335165459079539
XUN71673,0,-5.335165459079539
XUN71651,0,-7.933946878264768
XUN71640,0,-7.933946878264768
XUN71629,0,-8.766514271624473
XUN71596,0,-8.040740106762284
XUN71585,0,-7.809157058928628
XUN71563,0,-3.2555636256615266
XUN71530,0,-8.077055048916296
XUN71519,0,-8.918142241182068
XUN71508,0,-7.1297669771717045
XUN71486,0,-3.011954626210514
XUN71475,0,-6.525137905709361
XUN71442,0,-7.684196398410187
XUN71431,0,-7.933946878264768
XUN71420,0,-7.863653550253337
XUN71398,0,-7.684196398410187
XUN71365,0,-8.23555388475639
XUN71343,0,-7.933946878264768
XUN71332,0,-7.933946878264768
XUN71321,0,-9.512493005927363
XUN71310,0,-7.933946878264768
XUN71299,0,-7.933946878264768
XUN71277,0,-7.8778989698954796
XUN71244,0,-7.855680219719334
XUN71233,0,-7.7515724647552915
XUN71222,0,-7.933946878264768
XUN71189,0,-6.820962833262875
XUN71178,0,-8.785683953452413
XUN71167,0,-7.933946878264768
XUN71156,0,-7.933946878264768
XUN71145,0,-7.933946878264768
XUN71134,0,-3.2815877965916425
XUN71123,0,-7.933946878264768
XUN71112,0,-7.933946878264768
XUN71079,0,-8.505692984116854
XUN71068,0,-7.933946878264768
XUN71035,0,-8.546154112682274
XUN71024,0,-8.116593757963887
XUN71013,0,-7.933946878264768
XUN71002,0,-7.933946878264768
XUN70958,0,-7.933946878264768
XUN70947,0,-7.885842865469543
XUN70936,0,-6.713339712467397
XUN70914,0,-7.933946878264768
XUN70903,0,-7.933946878264768
XUN70870,0,-7.933946878264768
XUN70859,0,-8.046757901882014
XUN70848,0,-6.838650170555679
XUN70837,0,-8.330103255567463
XUN70826,0,-10.02515466303055
XUN70782,0,-7.933946878264768
XUN70771,0,-7.286370989771731
XUN70749,0,-6.8123834334444435
XUN70738,0,-7.933946878264768
XUN70727,0,-7.933946878264768
XUN70705,0,-7.863653550253337
XUN70694,0,-7.933946878264768
XUN70683,1,1.4238834678294072
XUN70672,0,-7.933946878264768
XUN70661,0,-7.933946878264768
XUN70650,1,1.0704831906445165
XUN70639,1,1.0704831906445165
XUN70628,0,-7.933946878264768
XUN70617,0,-7.933946878264768
XUN70584,0,-7.933946878264768
XUN70573,0,-9.16886650714999
XUN70562,0,-7.933946878264768
XUN70551,0,-8.367140660404912
XUN70540,0,-7.933946878264768
XUN70529,0,-14.692997890616574
XUN70507,0,-8.423601769178335
XUN70496,0,-8.474699579298518
XUN70474,0,-7.959130011404141
XUN70463,0,-3.011954626210514
XUN70441,0,-9.259397278524718
XUN70430,0,-7.9339468782647735
XUN70419,0,-7.9339468782647735
XUN70408,0,-7.313926911143394
XUN70386,0,-8.221301361095803
XUN70364,0,-7.933946878264768
XUN70331,0,-7.933946878264768
XUN70320,0,-9.229600713390559
XUN70298,0,-7.933946878264768
XUN70287,0,-8.474699579298518
XUN70254,0,-7.933946878264768
XUN70243,0,-8.778169890027307
XUN70221,0,-7.8409957170086475
XUN70199,0,-7.933946878264768
XUN70188,0,-8.511362850283192
XUN70177,0,-5.803025046144091
XUN70155,0,-7.684196398410187
XUN70144,0,-7.933946878264768
XUN70133,0,-7.684196398410187
XUN70122,0,-7.684196398410187
XUN70100,0,-8.191759971214609
XUN70089,0,-8.233263242950144
XUN70078,0,-7.933946878264768
XUN70067,0,-4.342073888304091
XUN70056,0,-7.933946878264768
XUN70045,0,-8.291345976842297
XUN70023,0,-7.933946878264768
XUN70012,0,-3.7128805040396156
XUN70001,0,-2.9418079399174193
XUN69979,1,1.0704831906445165
XUN69957,1,1.0569256350252285
XUN69935,0,-7.684196398410187
XUN69924,0,-7.855680219719334
XUN69913,0,-7.855680219719334
XUN69902,0,-8.2236773334653
XUN69891,0,-3.011954626210514
XUN69880,0,-3.7282086975863535
XUN69858,0,-7.933946878264768
XUN69847,0,-8.322644322424976
XUN69836,0,-4.597825762149964
XUN69825,0,-7.933946878264768
XUN69814,0,-7.933946878264768
XUN69803,0,-7.933946878264768
XUN69792,0,-7.933946878264768
XUN69781,0,-10.896464068469149
XUN69770,0,-2.0466631659873364
XUN69737,0,-7.933946878264768
XUN69726,0,-8.887557065549165
XUN69715,0,-7.933946878264768
XUN69704,0,-7.933946878264768
XUN69693,0,-7.933946878264768
XUN69682,0,-7.933946878264768
XUN69671,0,-7.684196398410187
XUN69649,0,-7.933946878264768
XUN69628,0,-7.933946878264768
XUN69621,0,-8.6222760724226
XUN69604,0,-35.79577605339868
XUN69589,0,-7.684196398410187
XUN69580,0,-7.933946878264768
XUN69560,0,-7.933946878264768
XUN69540,0,-7.383046819980356
XUN69521,0,-7.933946878264768
XUN69513,0,-7.933946878264768
XUN69504,0,-7.258785261710671
XUN69494,0,-7.706579537488844
XUN69487,0,-10.751873766127222
XUN69480,0,-7.933946878264768
XUN69473,0,-7.893893183754516
XUN69467,1,1.099697934033923
XUN69456,0,-7.933946878264768
XUN69437,0,-7.769967721699247
XUN69428,0,-7.684196398410187
XUN69422,0,-7.3647077646546
XUN69367,0,-5.510384249545911
XUN69358,0,-8.783252069994697
XUN69348,0,-7.933946878264768
XUN69340,0,-7.933946878264768
XUN69330,0,-3.011954626210514
XUN69314,0,-8.397260486648095
XUN69304,0,-8.047351500580127
XUN69286,0,-7.933946878264768
XUN69279,1,1.4238834678294072
XUN69271,0,-8.056342146056883
XUN69263,0,-8.233263242950144
XUM80088,0,-3.011954626210514
XUM73440,0,-10.01683821102492
XUM73215,0,-9.082259033864958
XSF38112,0,-9.082259033864958
XSF37900,0,-7.041549018345044
XRI99510,0,-7.684196398410187
XRI98280,0,-3.214275537907218
XRI97979,0,-5.050379794057116
XRI58488,0,-5.809962164107575
XQE53506,0,-14.739627288632027
XPZ07120,0,-3.011954626210514
XPZ06778,0,-0.3249450710461268
XPZ03546,0,-3.0476622659305086
XPO71821,0,-11.711547479424672
XPO71820,0,-39.62048809613936
XPO71819,0,-29.417554237248318
XPO55351,0,-12.520229693171494
XPO14940,0,-5.104051426306805
XPO14822,1,-0.8057911290276909
XPO14784,0,-6.673801589334685
XPO14783,0,-3.450797093767532
XOE87489,0,-19.908076171069723
XOD40201,0,-18.83956318975534
XOD40124,0,-17.907127637964344
XOD39886,0,-18.45432850725742
XNM01023,0,-19.796452752209916
XNM00997,0,-19.796452752209916
XNM00964,0,-21.145693458787093
XNM00961,0,-19.685233171513566
XNM00938,0,-19.796452752209916
XNM00928,0,-19.796452752209916
XNM00885,0,-21.145693458787093
XNM00847,0,-19.796452752209916
XNM00764,0,-19.796452752209916
XNM00749,0,-18.76155056285272
XNM00714,0,-19.796452752209916
XMQ97238,0,-19.796452752209916
XMQ94975,0,-19.796452752209916
WZL55684,0,-19.051982289353152
WZL55500,0,-19.051982289353152
WZL55213,0,-18.022489013367682
XHW86885,1,1.0950270140789815
XHW86874,0,-2.02156067674977
XHW86863,1,1.3172592077635823
XHW86852,0,-5.278926004056885
XHW86841,0,-4.243306852054088
XHW86819,1,1.0950270140789815
XHW86808,0,-5.6385383062102346
XHW86797,0,-5.271795409676759
XHW86786,1,2.2521198154817004
XHW86775,0,-2.046833534239246
XHW86764,0,-2.046833534239246
XHW86742,0,-6.133258217122394
XHW86731,0,-6.133258217122394
XHW86720,0,-3.011954626210514
XHW86698,0,-1.6285377320119654
XHW86687,0,-1.6285377320119654
XHW86676,0,-5.335165459079539
XHW86665,0,-5.278926004056885
XHW86654,0,-2.4124968189316256
XHW86643,0,-5.278926004056885
XHW86632,0,-4.556033924402531
XHW86621,0,-2.5805444572086547
XHW86610,1,0.9789766516170424
XHW86599,1,1.0963243824672393
XHW86588,1,1.0963243824672393
XHW86566,0,-5.150663497344535
XHW86544,1,1.0950270140789815
XHW86533,1,3.1301159537475733
XHW86511,0,-5.234897323509999
XHW86500,0,-5.278926004056885
XHW86489,0,-4.897065132803123
XHW86478,0,-5.6385383062102346
XHW86467,0,-5.234897323509999
XHW86424,0,-2.6262146519960563
XHW86347,0,-2.958321766613624
XHW86336,1,1.0950270140789815
XHW86325,1,1.0950270140789815
XFC84613,0,-5.278926004056885
XFC84602,0,-5.278926004056885
XFC84591,1,1.6846282426893318
XFC84580,0,-1.296987474104295
XFC84569,0,-1.296987474104295
XFC84558,0,-5.335165459079539
XFC84547,0,-5.335165459079539
XFC84525,0,-5.278926004056885
XFC84514,0,-3.0476622659305086
XFC84503,0,-3.0476622659305086
XFC84492,1,1.0950270140789815
XFC84481,1,1.0950270140789815
XFC84448,0,-5.234897323509999
XFC84437,0,-8.395380266313433
XFC84415,1,1.0505994805252197
XFC84404,0,-5.698606684747325
XFC84382,1,1.0950270140789815
XFC84371,0,-5.278926004056885
XFC84360,0,-6.660071262393059
XFC84338,0,-6.0849490949630685
XFC84327,0,-1.9904870677727633
XFC84316,0,-2.5805444572086547
XFC84305,0,-3.1537776223211242
XFC84294,0,-5.278926004056885
XFC84283,0,-5.278926004056885
XFC84272,0,-6.588316202986624
XFC84261,0,-5.48659709844347
XFC84250,0,-5.278926004056885
XFC84239,0,-5.016139341650478
XFC84206,0,-5.335165459079539
XFC84195,0,-5.044855161840952
XFC84140,1,1.8126484118840374
XFC84129,1,1.5670082464564512
XFC84118,1,1.5670082464564512
XFC84107,1,1.0950270140789815
XFC84096,0,-4.936816886426191
XFC84085,0,-4.936816886426191
XFC84076,0,0.7673903128446042
XFC84065,0,0.7673903128446042
XFC84054,0,-1.5407334033620987
XFC84043,0,-1.5407334033620987
XFC84032,0,-0.8649892469232263
XFC84021,0,-0.8649892469232263
XFC84010,0,-5.278926004056885
XFC83999,1,1.0950270140789815
XFC83988,0,-5.6385383062102346
XFC83977,0,-5.6385383062102346
XFC83955,0,-2.5805444572086547
XFC83944,0,-5.765893072744042
XFC83933,0,-4.243306852054088
XFC83911,0,-5.278926004056885
XFC83900,0,-6.156409745562389
XFC83867,0,-5.6385383062102346
XFC83856,0,-2.0968813642365056
XFC83823,1,1.0950270140789815
XFC83801,0,-5.48659709844347
XFC83790,1,1.0950270140789815
XFC83768,0,-5.278926004056885
XFC83757,0,-4.786141615034388
XFC83746,0,-2.5805444572086547
XFC83713,0,-2.8083304412266923
XFC83691,0,-7.960978362928612
XFC83680,1,1.0950270140789815
XFC83669,1,1.0950270140789815
XFC83649,1,1.0950270140789815
XFC83631,0,-5.968199803261676
XFC83622,0,-3.709857451710267
XFC83603,0,-5.278926004056885
XFC83585,0,-2.5805444572086547
XFC83576,0,-5.48659709844347
XFC83557,0,-5.234897323509999
XFC83548,1,1.0950270140789815
XFC83538,0,-0.23656177757911045
XFC83529,1,1.0950270140789815
XFC83518,0,-5.6385383062102346
XFC83507,0,-8.333048606968068
XFC83496,0,-8.333048606968068
XFC83485,0,-6.623408455118591
XFC83463,0,-8.333048606968068
XFC83452,0,-5.6385383062102346
XFC83441,0,-5.6385383062102346
XFC83419,0,-5.278926004056885
XFC83397,0,-5.6292517511761595
XFC83386,0,-5.6385383062102346
XFC83375,0,-6.920998999645242
XFC83364,0,-6.920998999645242
XFC83354,0,-5.421317562393449
XFC83343,0,-5.421317562393449
XFC83334,0,-4.243306852054088
XFC83301,0,-5.846932362044241
XFC83268,0,-5.234897323509999
XFC83257,1,2.196604349656619
XFC83224,0,-5.48659709844347
XFC83213,0,-5.577187633729512
XFC83191,0,-4.422405801478771
XFC83180,0,-4.556033924402531
XFC83169,0,-6.0849490949630685
XFC83158,0,-5.48659709844347
XFC83147,0,-4.992796836657117
XFC83136,0,-4.992796836657117
XFC83104,0,-5.48659709844347
XFC83071,1,1.0950270140789815
XFC83060,1,1.5272743283362846
XFC83049,0,-7.721451465279225
XFC83016,0,-7.895833701097724
XFC83005,0,-7.895833701097724
XFC82994,0,-5.278926004056885
XFC82983,0,-5.278926004056885
XFC82975,0,-5.665035391467557
XFC82964,0,-6.381512878465866
XFC82953,0,-5.278926004056885
XFC82942,0,-6.0849490949630685
XFC82931,0,-6.0849490949630685
XFC82909,0,-6.999644147894596
XFC82898,0,-5.179441054823874
XFC82876,0,-5.6385383062102346
XFC82865,0,-5.179441054823874
XFC82854,0,-5.179441054823874
XFC82843,0,-5.278926004056885
XFC82832,0,-5.278926004056885
XFC82821,1,2.328843234431842
XFC82810,1,2.328843234431842
XFC82788,0,0.023701337651813148
XFC82777,0,-7.14636941509602
XFC82766,0,-6.506422872095561
XFC82755,0,-6.506422872095561
XFC82744,0,-6.506422872095561
XFC82735,0,-6.506422872095561
XFC82724,0,-6.506422872095561
XFC82713,0,-6.506422872095561
XFC82702,0,-5.48659709844347
XFC82691,0,-5.271795409676759
XFC82681,0,-5.271795409676759
XFC82670,0,-5.63004016312175
XFC82659,0,-4.243306852054088
XFC82637,0,-5.860211271264893
XFC82626,0,-5.637678991428236
XFC82593,0,-5.278926004056885
XFC82582,0,-5.278926004056885
XFC82560,0,-5.278926004056885
XFC82549,0,-5.48659709844347
XFC82538,0,-6.646823224045571
XFC82516,0,-1.4212633488192203
XFC82505,0,-6.6409772858071054
XFC82472,0,-5.48659709844347
XFC82461,0,-4.856183344468681
XFC82450,0,-5.6385383062102346
XFC82439,0,-5.6385383062102346
XFC82428,0,-5.6385383062102346
XFC82406,0,-5.278926004056885
XFC82395,0,-5.6385383062102346
XFC82351,0,-5.03979088720558
XFC82340,0,-5.03979088720558
XFC82307,0,-5.48659709844347
XFC82275,0,-6.773036757833024
XFC82253,0,-3.25530244780583
XFC82187,0,-4.859503053668434
XFC82165,0,-5.439640529734989
XFC82143,0,-6.440577528185106
XFC82121,0,-8.399411849653125
XFC82110,0,-8.399411849653125
XFC82099,0,-4.243306852054088
XFC82044,0,-6.0849490949630685
XFC82033,0,-6.0849490949630685
XFC82012,0,-3.2877470960606043
XFC82001,0,-3.0172051045037787
XFC81979,0,-5.278926004056885
XFC81968,1,1.0950270140789815
XFC81957,0,-4.243306852054088
XFC81946,0,-5.338422766026021
XFC81935,1,1.3741710553752835
XFC81924,0,-6.397575373847625
XFC81913,0,-5.02996678102393
XFC81891,0,-5.278926004056885
XFC81880,0,-4.647659030825809
XFC81847,0,-5.278926004056885
XFC81836,1,-0.06397083457818553
XFC81825,0,-6.002224271043305
XFC81814,0,-6.002224271043305
XFC81803,0,-6.002224271043305
XFC81792,0,-6.002224271043305
XFC81781,0,-6.0849490949630685
XFC81759,0,-6.6400826926214185
XFC81748,0,-6.6400826926214185
XFC81737,0,-5.278926004056885
XFC81726,0,-5.278926004056885
XFC81715,0,-5.234897323509999
XFC81693,0,-5.234897323509999
XFC81682,0,-6.002224271043305
XFC81671,0,-5.463033113553147
XFC81660,0,-6.506422872095561
XFC81649,0,-1.5135062328255007
XFC81638,0,-5.937556938216344
XFC81627,1,1.011032024472696
XFC81616,1,1.011032024472696
XFC81605,0,-5.706361601420596
XFC81583,0,-5.278926004056885
XFC81572,0,-5.271795409676759
XFC81561,0,-5.271795409676759
XFC81539,0,-8.017275932683049
XFC81528,0,-5.48659709844347
XFC81506,0,-5.410412389216237
XFC81473,0,-6.0849490949630685
XFC81429,0,-5.278926004056885
XFC81418,0,-5.278926004056885
XFC81407,0,-2.0485566700766
XFC81396,0,-2.0485566700766
XFC81374,0,-4.625492956738606
XFC81363,0,-5.48659709844347
XFC81341,0,-6.0849490949630685
XFC81330,0,-5.6385383062102346
XFC81319,0,-5.6385383062102346
XFC81308,0,-4.907064461039974
XFC81297,0,-4.907064461039974
XFC81286,0,-5.6385383062102346
XFC81275,0,-5.278926004056885
XFC81264,0,-5.234897323509999
XFC81253,0,-5.234897323509999
XFC81242,0,-6.259872654692803
XFC81221,0,-4.484630152295827
XFC81199,0,-4.243306852054088
XFC81188,0,-4.243306852054088
XFC81170,0,-5.48659709844347
XFC81159,0,-5.642916660768268
XFC81140,0,-5.642916660768268
XFC81129,0,-5.642916660768268
XFC81118,0,-7.857465374234732
XFC81096,0,-5.48659709844347
XFC81074,0,-5.48659709844347
XFC81052,0,-4.243306852054088
XFC81019,0,-3.8600755105561095
XFC81008,0,-5.035340812559102
XFC80997,0,-5.035340812559102
XFC80986,0,-5.278926004056885
XFC80964,0,-5.6385383062102346
XFC80953,0,-5.48659709844347
XFC80942,0,-6.0849490949630685
XFC80931,0,-4.036335661605026
XFC80909,0,-6.056637746877575
XFC80898,0,-4.468951087211167
XFC80887,0,-5.234897323509999
XFC80876,1,0.4603081498918389
XFC80865,0,-5.278926004056885
XFC80854,0,-5.7254808228617895
XFC80843,0,-5.024324439775447
XFC80832,0,-5.6385383062102346
XFC80799,1,1.0950270140789815
XFC80777,0,-5.6385383062102346
XFC80766,0,-5.6385383062102346
XFC80755,0,-5.278926004056885
XFC80733,0,-5.234897323509999
XFC80711,0,-5.765893072744042
XFC80700,0,-5.278926004056885
XFC80689,0,-4.243306852054088
XFC80678,0,-1.291419343275086
XFC80667,1,1.6058672907566685
XFC80656,0,-5.868071110436592
XFC80645,1,2.201322895219816
XFC80634,0,-5.530311685292636
XFC80623,0,-5.48659709844347
XFC80612,1,1.7739357590767124
XFC80601,0,-5.48659709844347
XFC80579,0,-5.48659709844347
XFC80568,0,-5.48659709844347
XFC80546,0,-1.291419343275086
XFC80514,0,-1.0128048753370003
XFC80503,0,-5.48659709844347
XFC80481,0,-1.291419343275086
XFC80470,0,-5.278926004056885
XFC80459,0,-5.133378959356373
XFC80448,0,-5.48659709844347
XFC80415,0,-4.8950500315150975
XFC80404,0,-7.964602741354801
XFC80393,0,-7.140411874659248
XFC80382,0,-8.395380266313433
XFC80371,0,-4.111243811011741
XFC80349,0,-5.234897323509999
XFC80330,0,-5.6385383062102346
XFC80319,0,-5.6385383062102346
XFC80308,0,-5.278926004056885
XFC80297,0,-4.243306852054088
XFC80275,0,-3.8102625847189273
XFC80265,0,-5.746906235115416
XFC80254,0,-5.48659709844347
XFC80243,0,-5.48659709844347
XFC80222,0,-4.992796836657117
XFC80211,0,-4.243306852054088
XFC80189,0,-5.48659709844347
XFC80167,0,-5.6385383062102346
XFC80145,0,-5.6385383062102346
XFC80134,0,-5.48659709844347
XFC80123,0,-5.278926004056885
XFC80101,0,-5.48659709844347
XFC80090,0,-5.278926004056885
XFC80079,0,-5.278926004056885
XFC80068,0,-2.8083304412266923
XFC80057,0,-4.990345494293485
XFC80046,0,-7.960978362928612
XFC80024,0,-5.571188938154589
XFC80013,0,-5.571188938154589
XFC80002,0,-4.992796836657117
XFC79980,0,-5.153877190803693
XFC79961,0,-5.6385383062102346
XFC79951,0,-4.961971888572982
XFC79941,0,-6.0849490949630685
XFC79931,0,-6.0849490949630685
XFC79902,0,-5.126547891062396
XFC79892,0,-5.421317562393449
XFC79883,0,-4.243306852054088
XFC79865,0,-5.234897323509999
XFC79848,0,-4.243306852054088
XFC79838,0,-5.421317562393449
XFC79831,0,-7.310342609602834
XFC79811,0,-6.9693031053503685
XFC79791,0,-5.6385383062102346
XFC79772,0,-4.243306852054088
XFC79753,0,-5.271795409676759
XFC79726,0,-6.056637746877575
XFC79717,0,-5.271795409676759
XFC79700,1,2.1085477238413954
XFC79693,0,-5.939027004409244
XFC79688,0,-7.310342609602834
XFC79677,0,-5.844129674406576
XFC79668,0,-6.0849490949630685
XFB56345,0,-12.474606595643477
XFB56343,0,-9.923821733294634
XFB56341,0,-22.351948324517217
XFB56339,1,1.2534795326584298
XFB56337,0,-7.588172960648534
XFB56333,0,-8.48636755103848
XFB56327,0,-17.932465837846564
XFB56325,0,-6.7932130832842486
XFB56311,0,-22.925089020726116
XFB56307,0,-30.41269551181592
XFB56303,0,-6.7026612107467844
XFB56301,0,-8.120313061289256
XFB56299,0,-27.95501399072411
XFB56297,0,-48.41495290819911
XFB56295,0,-43.26972442499265
XFA02390,0,-0.9213059457810591
XFA02389,0,-12.824221768898905
XFA02388,0,-14.241762829869334
XEQ90854,0,-11.950500900757511
XEQ90852,0,-20.716155097841906
XEQ90850,0,-20.83413243853806
XEQ90846,0,-21.887372506924855
XEQ90844,0,-16.896674657487736
XEQ90842,0,-21.704223102205823
XEQ90834,0,-8.48636755103848
XCV19025,1,1.9604451650649946
XCV19024,0,-5.881690584232221
XCV19023,1,0.42951843915093413
XCV19021,1,-1.3410632713060178
XCV19020,0,-3.054506173767777
XCV19017,1,-0.05069060718582996
XCV19016,1,2.4826107330110307
XCV19009,0,-8.901976054301612
XCV19007,0,-5.165789231955829
XCV19004,0,-2.4588305638123575
XCV19000,0,-4.433973984861735
XCV18999,1,0.7681231012406453
XCV18998,0,-2.4588305638123575
XCV18997,0,-4.410203646046229
XCV18996,0,-4.795672819611402
XCV18995,0,-4.410203646046229
XCV18994,0,-2.4588305638123575
XCV18993,0,-6.000112418845175
XCV18991,0,-20.143371682606016
XCV18990,0,-36.19386668796245
XCV18989,0,-3.407547657477746
XCV18987,0,-20.151822457589997
XCV18985,0,-19.934285382092924
XCV18984,0,-29.11137382929565
XCV18983,0,-31.540489669868094
XCV18982,0,-29.11137382929565
XCV18976,0,-31.85207442530249
XCV18973,0,-32.28323468643555
XCV18972,0,-32.28323468643555
XCV18968,0,-3.1169609999875743
XCV18967,0,-28.95178139103131
XCV18964,0,-5.148781204118724
XCV18962,0,-2.6454650280107614
XCV18961,0,-27.582815844286415
XCV18960,0,-28.87919367388696
XCV18959,0,-28.87919367388696
XCV18958,0,-20.591080232054857
XCV18957,0,-27.785297944307946
XCV18956,0,-19.9392881041954
XCV18951,1,1.3165004380953782
XCV18949,0,-20.97599831272354
XCV18947,0,-6.901838435204378
XCV18946,0,-6.901838435204378
XCV18944,0,-2.543535216935064
XCV18943,0,-28.33065691962883
XCV18939,0,-29.938443241086993
XCV18937,0,-20.285490236132638
XCV18936,0,-2.3020955050751173
XCV18934,0,-29.522899158836303
XCV18932,0,-28.4479661671999
XCV18931,0,-20.9069111251639
XCV18930,0,-24.32436530245738
XCV18929,0,-36.43763401637399
XCV18926,0,-26.186534157169675
XCV18923,0,-19.954900296903887
XCV18921,0,-17.678943202339305
XCV18920,0,-29.081011713290565
XCV18919,0,-30.93448189308694
XCV18918,0,-19.954900296903887
XCV18915,0,-18.620721912065545
XCV18913,0,-33.87839498875024
XCV18910,0,-4.149707293831742
XCV18905,0,-47.23818887010795
XCV18904,0,-47.23818887010795
XCV18902,0,-22.738801944919615
XCV18899,0,-29.408109734747498
XCV18898,0,-26.63039793016941
XCV18895,0,-35.82617649827752
XCV18892,0,-5.755866129217646
XCV18891,0,-5.755866129217646
XCV18890,0,-30.684578958233786
XCV18887,0,-30.684578958233786
XCV18886,0,-28.885108538512725
XCV18885,0,-6.498880302850813
XCV18882,0,-26.63039793016941
XCV18881,1,2.7453213785356656
XCV18880,1,2.7453213785356656
XCV18879,0,-20.339531695063595
XCV18878,0,-45.25721703560198
XCV18877,0,-31.990140528860906
XCV18876,0,-4.1249111739825
XCV18875,0,-26.344599493396966
XCV18874,0,-45.731612620552085
XCV18873,0,-13.989968421582645
XCV18872,0,-15.886026296502038
XCV18871,1,2.258311114395786
XCV18870,0,-45.92251109419908
XCV18866,0,-25.400247844686916
XCV18865,0,-7.949909727983384
XCV18862,0,-3.3052292662020992
XCV18860,0,-3.3052292662020992
XCV18858,0,-30.106201061983235
XCV18857,0,-25.15805137267369
XCV18852,0,-3.3052292662020992
XCV18848,0,-37.13706247401803
XCV18847,0,-26.325437047572507
XCV18845,0,-35.49034318230989
XCV18843,0,-14.093804479310311
XCV18842,0,-38.71385704686171
XCV18841,0,-25.888088027895364
XCV18840,0,-21.571205194372517
XCV18835,0,-20.257387851175043
XCV18834,0,-20.449521731824177
XCV18833,0,-21.663300164459848
XCV18831,0,-18.299566016586326
XCV18827,0,-13.810554381094805
XCV18824,0,-22.650637986783906
XCV18823,1,2.658836929932372
XCV18822,0,-5.354278476513798
XCV18821,0,-31.52218411379257
XCV18820,0,-28.374272069000973
XCV18818,1,2.3824144846561115
XCV18817,1,2.3824144846561115
XCV18816,1,1.8111469068215378
XCV18815,0,-27.10151498210606
XCV18812,0,-16.672606942681476
XCV18811,0,-1.6693259976788664
XCV18810,0,-26.554169960371475
XCV18809,0,-19.9292710928189
XCV18808,0,-5.023209419178023
XCV18806,0,-21.13802719478908
XCV18805,0,-27.270076770041833
XCV18804,0,-17.43567959793055
XCV18801,0,-21.43280437911774
XCV18800,0,-21.43280437911774
XCV18798,0,-32.08013837409146
XCV18793,0,-10.923496764482778
XCV18790,0,-27.297903177485374
XCV18783,0,-13.212942842455995
XCV18776,0,-25.473586963840766
XCV18770,0,-24.286392248807246
XCV18769,0,-10.801293601571818
XCV18768,0,-10.801293601571818
XCV18766,0,-23.631192239110824
XCV18763,0,-24.15006985107688
XCV18762,0,-9.715147318081941
XCV18761,0,-3.3678985079311055
XCV18759,0,-9.715147318081941
XCV18758,0,-27.641040081843045
XCV18757,0,-14.075642498371451
XCV18755,0,-9.051601950693303
XCV18754,0,-9.051601950693303
XCV18752,0,-8.453090163356912
XCV18748,0,-24.155041415906013
XCV18747,0,-12.450590395957411
XCV18741,0,-5.039016772887214
XCV18739,0,-5.039016772887214
XCV18738,0,-3.881904202401314
XCV18737,0,-15.004097031086848
XCV18736,0,-10.390994077146358
XCV18735,0,-9.930798935139261
XCV18727,0,-14.485288572439927
XCV18726,0,-4.902906159524989
XCV18725,0,-4.4798859216334
XCV18724,0,-5.039016772887214
XCV18721,0,-4.146869900661326
XCV18720,0,-4.778592342027942
XCV18718,0,-12.450590395957411
XCV18712,0,-4.778592342027942
XCV18711,0,-5.226705719635222
XCV18709,0,-9.744803978136376
XCV18708,0,-6.417983260681742
XCV18706,0,-8.43878509970721
XCV18704,0,-12.450590395957411
XCV18703,0,-22.873317451097535
XCV18701,0,-20.307927543817307
XCV18700,0,-20.307927543817307
XCV18699,0,-31.11242664659408
XCV18697,0,-29.873095810592403
XCV18695,0,-15.834350606194862
XCV18690,1,4.85455511796158
XCV18684,0,-10.261983090610567
XCV18683,1,5.4810694768814106
XCV18677,0,-21.922435203542744
XCV18672,0,0.14641209500024033
XCV18669,0,-29.122493402553296
XCV18668,0,-18.949164861452022
XCV18667,0,-19.640034161383813
XCV18665,0,-19.278233244982463
XCV18663,0,-2.720921580038519
XCV18662,0,-3.888651656862935
XCV18660,0,-20.486306218111945
XCV18657,0,-21.013682631801338
XCV18656,0,-5.524970024665418
XCV18655,0,-20.897276643086073
XCV18654,0,-28.38881513072866
XCV18652,0,-21.381666702473858
XCV18651,0,-22.609749081905854
XCV18650,0,-26.27257218039775
XCV18649,0,-15.608406751487296
XCV18648,0,-19.972884502503973
XCV18647,0,-19.637765451950614
XCV18645,0,-19.972884502503973
XCV18642,0,-24.176920788991943
XCV18641,0,-25.33643422470818
XCV18640,0,-4.814279401552989
XCV18638,0,-21.686417167392797
XCV18637,0,-25.757136655946724
XCV18636,0,-1.2695312194794415
XCV18635,0,-18.505083410544835
XCV18633,1,3.9711947699546055
XCV18631,1,3.6367628765514066
XCV18630,0,-2.68749980765657
XCV18629,1,3.6367628765514066
XCV18628,0,-19.714561776116245
XCV18626,0,-26.276735071574564
XCV18621,0,-26.627527389750412
XCV18618,0,-25.98182520378939
XCV18613,0,-3.587309824314307
XCV18612,0,-22.869146832420725
XCV18610,0,-23.60485803717569
XCV18609,0,-23.960806919546222
XCV18608,0,-23.960806919546222
XCV18606,0,-20.96803653524583
XCV18603,0,-26.583845073429103
XCV18600,0,-24.588806826516468
XCV18599,0,-7.214573362374196
XCV18595,0,-2.4429175391641103
XCV18594,0,-21.64916117404879
XCV18591,0,-33.56988603373415
XCV18588,0,-30.95786818303646
XCV18586,0,-7.407276047735982
XCV18585,0,-21.99894559695255
XCV18584,1,0.42951843915093413
XCV18583,0,-3.547232310356968
XCV18582,0,-3.547232310356968
XCV18581,0,-3.547232310356968
XCV18580,0,-3.547232310356968
XCV18578,0,-30.477962393475657
XCV18577,0,-3.547232310356968
XCV18575,0,-3.547232310356968
XCV18573,0,-34.5921241800888
XCV18572,0,-5.494406812175592
XCV18570,0,-21.702640763802997
XCV18569,0,-35.42449869468243
XCV18568,0,-1.191654872231032
XCV18567,0,-32.096014727326256
XCV18566,0,-3.3340526577368568
XCV18565,0,-42.60751385193213
XCV18564,0,-37.00309050064257
XCV18563,0,-22.52327234124028
XCV18562,0,-40.46294787499529
XCV18561,0,-3.2697627808320373
XCV18557,0,-4.821791235221001
XCV18556,0,-35.42449869468243
XCV18555,0,-38.376559830671454
XCV18554,0,-4.821791235221001
XCV18553,0,-34.265446284326
XCV18552,0,-30.173103337185083
XCV18551,0,-32.66253075453619
XCV18550,0,-38.376559830671454
XCV18549,0,-4.9351316700194445
XCV18548,0,-22.217226825983452
XCV18547,0,-3.1995253794045926
XCV18546,0,-3.984522301374385
XCV18544,1,-0.02885493459341859
XCV18543,1,-0.11651648815326965
XCV18542,0,-12.719397948615134
XCV18540,0,-2.8724314022283384
XCV18538,0,-1.630731980361448
XCV18537,0,-3.8566294074045953
XCV18535,0,-36.385348047176656
XCV18528,0,-36.153785403531224
XCV18511,0,-21.942650760200813
XCV18504,0,-18.122760476478277
XCV18500,0,-31.320013553410796
XCV18337,0,-13.005588887372177
XCV18336,0,-17.140250638065165
XCV18335,0,-27.323992115445783
XCV18334,0,-27.211979877326428
XCV18332,0,-12.096199748061863
XCV18329,0,-11.607492296627596
XCV18327,0,-11.335495442411405
XCV18323,0,-21.974796819706846
XCV18318,0,-15.52595171421752
XCV18317,0,-20.345064422605788
XCV18316,0,-16.096564481426107
XCV18315,0,-6.803368361628111
XCV18314,0,-21.356448436010993
XCV18313,0,-2.8910968632570313
XCV18310,0,-16.56092708382937
XCV18309,0,-11.797723466104248
XCV18307,0,-4.400621292040645
XCV18304,0,-16.56092708382937
XCV18303,0,-36.284921593244
XCV18302,0,-7.696309985453272
XCV18301,0,-5.27280053581141
XCV18300,0,-7.458670932176544
XCV18299,0,-20.375434774531158
XCV18297,0,-21.52157632794932
XCV18295,0,-2.7592642476699876
XCV18294,0,-6.345071618498501
XCV18291,0,-19.48088427855395
XCV18288,0,-8.012074871975237
XCV18286,0,-7.013991277717709
XCV18285,0,-5.510566750587959
XCV18284,0,-21.356448436010993
XCV18281,0,-21.64155979492829
XCV18279,0,-23.296826652519638
XCV18277,0,-21.982956035321934
XCV18272,0,-21.398455861995842
XCV18271,0,-5.354278476513798
XCV18270,0,-21.351879352752015
XCV18269,0,-21.451116887276108
XCV18268,0,-21.451116887276108
XCV18265,0,-2.3791467376604967
XCV18264,0,-20.008390169649672
XCV18262,0,-21.300959441427302
XCV18260,0,-21.398455861995842
XCV18257,1,3.6770282912886127
XCV18254,0,-6.087653611374428
XCV18253,0,-21.720938785166087
XCV18248,0,-21.512143177546392
XCV18246,0,-12.676762219725576
XCV18245,0,-21.451116887276108
XCV18244,0,-3.278804177699854
XCV18243,0,-2.0547730295231865
XCV18242,0,-2.0547730295231865
XCV18241,0,-22.849662107438338
XCV18239,0,-21.052259446750192
XCV18237,0,-21.720938785166087
XCV18236,0,-21.451116887276108
XCV18234,0,-11.971171024114808
XCV18230,0,-2.521909195425616
XCV18229,0,-21.052259446750192
XCV18228,0,0.20555766016470933
XCV18227,0,-21.28903304670068
XCV18224,0,-20.7471618299908
XCV18223,0,-22.22702622807185
XCV18215,0,-19.922830158513378
XCV18210,0,-4.737019044071417
XCV18209,0,-11.034898508136576
XCV18207,0,-11.08983764045214
XCV18204,0,-11.335495442411405
XCV18202,0,-25.473586963840766
XCV18201,0,-4.006792235860539
XCV18199,0,-29.917694728239056
XCV18197,0,-17.85213190150497
XCV18196,0,-27.211979877326428
XCV18195,0,-27.211979877326428
XCV18193,0,-25.40678394250906
XCV18192,0,-10.745887624155023
XCV18187,0,-22.680083937301738
XCV18186,0,-30.74224308005524
XCV18185,0,-10.311893207973409
XCV18181,0,-13.834675546808716
XCV18176,0,-18.378346307526634
XCV18175,0,-24.974027959310767
XCV18174,0,-25.473586963840766
XCV18173,0,-21.72808450944497
XCV18172,0,-18.12279562322915
XCV18170,0,-27.270076770041833
XCV18169,0,-27.178222223622228
XCV18166,0,-17.851443153732863
XCV18165,0,-24.79114022812857
XCV18161,0,-26.041744592902546
XCV18160,0,-25.43845705126456
XCV18157,0,-6.013302565273168
XCV18151,0,-25.571636763421708
XCV18148,0,-6.6837701316180915
XCV18147,0,-30.09809260533804
XCV18146,0,-25.473586963840766
XCV18142,0,-19.715683079622412
XCV18140,0,-25.473586963840766
XCV18137,1,1.0153180386704896
XCV18136,0,-21.515068371500533
XCV18135,0,-25.909619685413247
XCV18133,0,-18.378346307526634
XCV18129,0,-25.40678394250906
XCV18127,0,-5.492648395531523
XCV18126,0,-6.774965025537043
XCV18125,0,-21.68806954554925
XCV18124,0,-4.957665943394373
XCV18122,0,-24.832450030141956
XCV18121,0,-25.339469825749255
XCV18120,0,-1.3465383958751378
XCV18118,0,-18.413894017969128
XCV18115,0,-7.1804851239923355
XCV18114,0,-24.86043643344003
XCV18112,0,-22.231178813323886
XCV18110,0,-30.669661616909274
XCV18109,1,1.0153180386704896
XCV18107,0,-25.473586963840766
XCV18106,0,-24.79114022812857
XCV18105,0,-22.08528258641467
XCV18104,0,-25.338194945347453
XCV18103,0,-24.96045484309692
XCV18100,1,1.6052366964255462
XCV18098,0,-1.5498023763368014
XCV18097,0,-9.197717511913995
XCV18096,0,-4.487926457819971
XCV18094,0,-24.970245996154397
XCV18093,0,-1.975157122195581
XCV18091,0,-6.61143668754038
XCV18090,0,-6.335980358329755
XCV18089,0,-6.335980358329755
XCV18086,0,-5.944847793849268
XCV18078,0,-4.773435883075573
XCV18075,0,-4.992811204302054
XCV18074,0,-12.511320598700845
XCV18073,1,2.890827213951667
XCV18071,0,1.3012443679416226
XCV18070,0,-21.63460532484403
XCV18069,0,-5.6667623522915145
XCV18068,0,-0.48242444871028844
XCV18067,0,-5.6667623522915145
XCV18066,0,-5.6667623522915145
XCV18063,0,-5.7014214175033455
XCV18062,0,-33.972753085588366
XCV18060,1,3.324119132638911
XCV18059,1,1.1626695064664663
XCV18055,1,2.071636750086613
XCV18053,1,2.071636750086613
XCV18052,1,1.7020106368488737
XCV18051,0,-23.75004569566287
XCV18050,1,2.071636750086613
XCV18047,0,-5.944847793849268
XCV18045,0,-11.659396133024437
XCV18043,0,-22.182441626449112
XCV18042,0,-9.197717511913995
XCV18039,1,0.09527824580818667
XCV18038,0,-5.944847793849268
XCV18037,0,-31.78539866255779
XCV18033,0,-23.318258825696326
XCV18029,0,-7.655968972530152
XCV18027,0,-1.9708148503979235
XCV18026,0,-23.15391621054013
XCV18025,0,-18.854653555130472
XCV18014,0,-7.845244913324107
XCV18013,0,-13.78362855413093
XCV18011,0,-20.008061383653807
XCV18010,0,-7.991588117757608
XCV18002,0,-24.93836951348026
XCV17999,0,-6.33950093295217
XCV17995,0,-20.920006835357277
XCV17994,0,-14.966136433456157
XCV17992,0,-8.084335756745185
XCV17991,0,-23.852684180790437
XCV17990,1,3.929775726711254
XCV17989,0,-6.467993688864489
XCV17987,0,-18.370118857302792
XCV17984,0,-16.478477579477243
XCV17982,0,-7.140106456537195
XCV17978,1,1.71434897447571
XCV17970,0,-17.20728428087542
XCV17968,0,-3.7131151291468605
XCV17967,0,-16.626920418484687
XCV17966,0,-2.324003557662243
XCV17965,0,-21.840867413305702
XCV17964,0,-8.344769215284863
XCV17959,0,-19.664335645952054
XCV17958,0,-5.493392600403288
XCV17957,0,-6.312195527373767
XCV17956,0,-22.643449793815403
XCV17953,0,-16.626920418484687
XCV17952,0,-21.109674982121405
XCV17951,0,-15.831931947492954
XCV17950,0,-21.109674982121405
XCV17949,0,-7.910948776293397
XCV17948,0,-5.657747665911249
XCV17945,0,-18.380257983421345
XCV17944,0,-5.657747665911249
XCV17942,0,-17.70668361519236
XCV17940,0,-6.464195262374989
XCV17939,0,-16.022088519188408
XCV17938,0,-6.074760289127417
XCV17937,0,-5.988271776319805
XCV17934,0,-7.910948776293397
XCV17933,0,-24.498007139007154
XCV17929,0,-13.177251360964217
XCV17928,0,-5.106719778699842
XCV17927,0,-7.910948776293397
XCV17925,0,-7.910948776293397
XCV17924,0,-7.910948776293397
XCV17923,0,-16.963931952827807
XCV17919,0,-15.46806426819298
XCV17915,0,-6.518605039971243
XCV17913,0,-5.539350836035692
XCV17911,0,-16.480456982525865
XCV17910,0,-4.894383497861686
XCV17909,0,-24.81376697058934
XCV17908,0,-14.447307074909922
XCV17904,0,-3.387033740071601
XCV17903,0,-5.106719778699842
XCV17901,0,-28.029317194766584
XCV17900,0,-5.3971543119539716
XCV17896,0,-5.650411050064044
XCV17895,0,-20.616029435184043
XCV17894,0,-13.935261726329493
XCV17885,0,-6.285652819286128
XCV17884,0,-3.423491508151212
XCV17882,0,-13.12936665004937
XCV17881,0,-16.94179596471775
XCV17879,0,-14.105424261903881
XCV17877,0,-13.521036653448437
XCV17875,0,-12.102981000067912
XCV17867,1,1.3012443679416226
XCV17865,0,-14.351231878715023
XCV17864,0,-14.351231878715023
XCV17863,0,-4.565843198055627
XCV17861,0,-14.209214554059557
XCV17853,0,-14.328971715088734
XCV17851,0,-14.253617937100513
XCV17847,0,-17.100813089643985
XCV17846,0,-14.351231878715023
XCV17844,0,-12.761568946921738
XCV17843,0,-14.351231878715023
XCV17842,0,-32.145163294799694
XCV17841,0,-12.778985165471003
XCV17840,0,-14.351231878715023
XCV17838,0,-14.351231878715023
XCV17836,0,-8.48059381699676
XCV17835,0,-28.122206922321016
XCV17834,0,-5.633823918893798
XCV17833,0,-8.48059381699676
XCV17830,0,-8.48059381699676
XCV17829,0,-13.22473508365234
XCV17828,0,-13.22473508365234
XCV17826,0,-13.301729153024288
XCV17825,0,-13.942912772802428
XCV17822,0,-13.420403685293717
XCV17820,0,-13.420403685293717
XCV17819,0,-13.32090618628208
XCV17818,0,-13.32090618628208
XCV17817,0,-13.32090618628208
XCV17815,0,-12.146105776256071
XCV17814,0,-12.268223519294033
XCV17812,0,-12.364651255901391
XCV17811,0,-12.364651255901391
XCV17810,0,-12.364651255901391
XCV17809,0,-12.453379737474842
XCV17808,0,-12.453379737474842
XCV17807,0,-13.420403685293717
XCV17805,0,-12.428254502568576
XCV17804,0,-13.697210453979094
XCV17802,0,-12.538977249620439
XCV17801,0,-12.538977249620439
XCV17799,0,-23.873946005394686
XCV17796,0,-28.856677196330594
XCV17795,0,-14.547738208187821
XCV17794,0,-14.547738208187821
XCV17791,0,-12.884588418511202
XCV17786,0,-27.20752202077047
XCV17784,0,-23.871613575349286
XCV17780,0,-22.284292866305965
XCV17777,0,-7.762388867090375
XCV17776,0,-29.555512125429722
XCV17775,0,-7.762388867090375
XCV17773,0,-5.369565964479797
XCV17766,0,-26.988961980580157
XCV17765,0,-13.419580697236254
XCV17764,0,-27.021937295344927
XCV17762,0,-25.873741114812354
XCV17760,0,-23.985204335103532
XCV17758,0,-25.842815866724408
XCV17757,0,-11.796817966082966
XCV17756,0,-27.971871767905085
XCV17755,0,-4.258856860403059
XCV17753,0,-3.554415077393939
XCV17752,0,-23.979534661775293
XCV17751,0,-23.979534661775293
XCV17749,0,-23.979534661775293
XCV17748,0,-27.971871767905085
XCV17747,0,-7.332568398735583
XCV17745,0,-27.971871767905085
XCV17744,0,-27.514641225249513
XCV17743,0,-34.61310397712222
XCV17742,0,-34.61310397712222
XCV17741,0,-23.8424761333725
XCV17740,0,-30.151667907058012
XCV17738,0,-25.204514424773485
XCV17736,0,-7.3524563542093535
XCV17735,0,-7.3524563542093535
XCV17734,0,-27.97518893355219
XCV17733,0,-27.97518893355219
XCV17729,0,-3.6150051446916684
XCV17728,0,-2.725068146210356
XCV17727,0,-3.6150051446916684
XCV17720,0,-30.151667907058012
XCV17719,0,-26.60974530511122
XCV17718,0,-26.60974530511122
XCV17704,0,-28.539744420018394
XCV17703,0,-28.539744420018394
XCV17701,0,-6.0444491550559984
XCV17696,0,-4.839618264507885
XCV17693,0,-6.0444491550559984
XCV17692,0,-4.839618264507885
XCV17691,0,-4.839618264507885
XCV17690,0,-4.743377156976759
XCV17683,0,-27.764055106050968
XCV17682,0,-27.764055106050968
XCV17680,0,-27.764055106050968
XCV17679,0,-6.251106963696292
XCV17677,0,-34.08355616226941
XCV17666,1,3.6367628765514066
XCV17665,1,3.6367628765514066
XCV17664,0,-2.8431287604378266
XCV17660,0,-7.462525835612729
XCV17659,1,3.66184783524856
XCV17658,1,4.61155730036233
XCV17657,1,3.66184783524856
XCV17656,1,4.61155730036233
XCV17652,0,-33.912961525137455
XCV17649,0,-6.951036581892181
XCV17644,0,-2.8431287604378266
XCV17643,0,-2.8431287604378266
XCV17642,0,-7.462525835612729
XCV17641,0,-7.462525835612729
XCV17639,0,-33.912961525137455
XCV17637,0,-6.951036581892181
XCV17635,0,-33.912961525137455
XCV17632,0,-7.104537088684976
XCV17629,0,-7.104537088684976
XCV17626,0,-37.01870095599212
XCV17624,0,-37.01870095599212
XCV17623,0,-37.01870095599212
XCV17622,0,-7.104537088684976
XCV17621,0,-3.915727863621786
XCV17620,0,-3.915727863621786
XCV17618,0,-7.104537088684976
XCV17616,0,-7.104537088684976
XCV17615,0,-7.104537088684976
XCV17612,0,-35.97615604403013
XCV17610,0,-7.104537088684976
XCV17609,0,-7.104537088684976
XCV17608,0,-17.047837705875168
XCV17605,0,-17.047837705875168
XCV17598,0,-17.92370146727216
XCV17594,0,-37.01870095599212
XCV17591,0,-36.86052368929493
XCV17590,0,-23.16224710708149
XCV17588,0,-16.973939785817876
XCV17587,0,-8.41200495154893
XCV17583,0,-7.7105721164026715
XCV17582,0,-6.627594198644179
XCV17579,0,-8.599085783709182
XCV17577,0,-7.589809553417949
XCV17576,0,-30.598412925293957
XCV17575,0,-19.52035562212574
XCV17574,0,-25.015561899533687
XCV17573,0,-19.50771793422203
XCV17572,0,-32.076551878294886
XCV17571,0,-19.249905699354827
XCV17569,0,-30.22921058194737
XCV17566,0,-19.319572988274224
XCV17564,0,-4.9304272988824795
XCV17563,0,-31.460372713444016
XCV17562,0,-2.9484188371487754
XCV17560,0,-2.479920251876889
XCV17559,0,-31.038328634141784
XCV17557,0,-1.8613207006874024
XCV17556,0,-1.8613207006874024
XCV17555,0,-30.598412925293957
XCV17554,0,-2.9484188371487754
XCV17553,0,-1.8613207006874024
XCV17552,0,-2.6620967220223477
XCV17551,0,-31.038328634141784
XCV17549,0,-2.6620967220223477
XCV17543,0,-2.944169236839061
XCV17542,0,-2.944169236839061
XCV17541,0,-28.357086169687165
XCV17538,0,-29.856524426904734
XCV17537,0,-1.9386621826870307
XCV17536,0,-1.9386621826870307
XCV17533,0,-2.944169236839061
XCV17532,0,-1.9386621826870307
QDH26117,0,-18.711751485936862
QDH12016,0,-13.67889537075284
XCB11815,1,4.43879334254934
XCB11814,1,4.43879334254934
XCB07764,0,-8.169489575394069
XBA05588,0,-4.5038998818131475
XBA05456,0,-14.739627288632027
WZE57314,0,-4.907064461039974
WZE57303,0,-4.907064461039974
WZE57281,0,-8.333048606968068
WZE57270,0,-8.333048606968068
WZE57259,0,-5.48659709844347
WZE57248,0,-7.526477892971073
WZE57237,0,-5.02996678102393
WZE57226,0,-5.182695109938084
WZE57204,0,-5.48659709844347
WZE57171,0,-0.36723588913785754
WZE57160,0,0.18185492068359288
WZE57149,0,-5.48659709844347
WZE57127,0,-5.278926004056885
WZE57116,0,-9.315490174713648
WZE57105,0,-5.48659709844347
WZE57094,0,-5.234897323509999
WZE57072,0,-5.6385383062102346
WZE57061,0,-5.48659709844347
WZE57050,0,-5.6385383062102346
WZE57039,0,-5.271795409676759
WZE57028,0,-5.234897323509999
WZE57017,0,-6.381512878465866
WZE56995,0,-5.469991054823235
WZE56986,0,-5.278926004056885
WZE56975,0,-6.174290790959811
WZE56964,0,-5.6385383062102346
WZE56953,0,-6.0849490949630685
WZE56942,0,-6.0849490949630685
WZE56931,0,-6.0849490949630685
WZE56920,1,1.0950270140789815
WZE56909,0,-6.0849490949630685
WZE56887,0,-5.48659709844347
WZE56876,0,-6.871773451137431
WZE56865,0,-6.871773451137431
WZE56854,0,-5.48659709844347
WZE56843,0,-5.48659709844347
WZE56832,0,-5.160322881867792
WZE56821,0,0.17735433401896117
WZE56810,0,-0.7515892570345493
WZE56777,1,1.6212315164248725
WZE56755,0,-7.933946878264768
WZE56733,0,-1.291419343275086
WZE56722,0,-1.291419343275086
WZE56700,0,-5.814440949043429
WZE56689,0,-6.066789774725999
WZE56678,0,-5.278926004056885
WZE56667,0,-4.794857547414395
WZE56645,0,-5.258771597618301
WZE56634,0,-7.585285979484583
WZE56612,0,-5.433029629450626
WZE56601,0,-5.019492549088598
WZE56590,0,-5.6385383062102346
WZE56579,0,-5.6385383062102346
WZE56568,0,-6.634607149156958
WZE56557,0,-6.0849490949630685
WZE56546,0,-5.278926004056885
WZE56534,1,1.7739357590767124
WZE56524,0,-6.143977009184145
WZE56502,1,1.7190468650865949
WZE56480,0,-4.243306852054088
WZE56458,1,1.7739357590767124
WZE56436,0,-4.8950500315150975
WZE56425,0,-4.8950500315150975
WZE56403,0,-5.6385383062102346
WZE56383,0,-4.69152407132832
WZE56361,0,-4.907064461039974
WZE56339,0,-7.7905213313980415
WZE56328,0,-2.0485566700766
WZE56317,0,-5.234897323509999
WZE56306,0,-5.234897323509999
WZE56295,0,-5.6385383062102346
WZE56284,0,-4.243306852054088
WZE56273,0,-4.997569513015698
WZE56262,0,-4.992796836657117
WZE56251,0,-2.5805444572086547
WZE56240,0,-6.638611769647412
WZE56229,0,-5.6385383062102346
WZE56218,0,-5.6385383062102346
WZE56199,0,-4.243306852054088
WZE56188,0,-5.48659709844347
WZE56155,0,-1.0128048753370003
WZE56133,0,-4.907064461039974
WZE56122,0,-5.539492853774992
WZE56111,0,-2.5769575832845373
WZE56100,0,-3.384639665059586
WZE56089,0,-2.1479003330818163
WZE56078,0,-4.512943530412453
WZE56067,0,-4.512943530412453
WZE56056,0,-4.599308474079814
WZE56045,0,-4.111243811011741
WZE56034,0,-5.278926004056885
WZE56023,0,-6.0849490949630685
WZE56012,1,1.6212315164248725
WZE56001,0,-5.439640529734989
WZE55990,1,1.7739357590767124
WZE55979,1,1.7739357590767124
WZE55968,0,-5.439640529734989
WZE55926,0,-4.723538044849722
WZE55915,0,-4.723538044849722
WZE55904,0,-5.6385383062102346
WZE55893,0,-5.6385383062102346
WZE55838,0,-5.6385383062102346
WZE55827,0,-5.48659709844347
WZE55816,0,-5.48659709844347
WZE55805,0,-5.887398615149476
WZE55794,0,-5.48659709844347
WZE55783,0,-5.48659709844347
WZE55772,0,-5.278926004056885
WZE55761,0,-6.0849490949630685
WZE55750,1,1.7739357590767124
WZE55717,0,-5.278926004056885
WZE55706,0,-3.8102625847189273
WZE55662,0,-2.1479523025039864
WZE55651,0,-6.381512878465866
WZE55640,0,-5.48659709844347
WZE55607,0,-5.808512586276267
WZE55596,0,-5.808512586276267
WZE55585,0,-5.278926004056885
WZE55574,0,-5.278926004056885
WZE55552,0,-5.293563253652812
WZE55541,0,-4.111243811011741
WZE55530,1,1.7739357590767124
WZE55519,0,-5.48659709844347
WZE55508,0,-1.0804897757903689
WZE55497,0,-1.0804897757903689
WZE55475,0,-4.243306852054088
WZE55464,0,-4.036335661605026
WZE55453,0,-5.278926004056885
WZE55442,0,-5.278926004056885
WZE55431,0,-5.626699392473631
WZE55420,0,-5.626699392473631
WZE55409,0,-6.073823104635758
WZE55387,0,-5.6385383062102346
WZE55376,0,-5.6385383062102346
WZE55365,0,-5.6385383062102346
WZE55354,0,-6.1440289574305
WZE55343,0,-6.1440289574305
WZE55332,0,-2.6868936855779157
WZE55310,0,-4.243306852054088
WZE55299,0,-4.243306852054088
WZE55277,0,-5.234897323509999
WZE55266,0,-1.291419343275086
WZE55244,0,-3.9386630925137975
WZE55233,0,-5.48659709844347
WZE55222,0,-6.381512878465866
WZE55200,0,-6.417598232004538
WZE55167,0,-8.395380266313433
WZE55156,0,-7.142547315222119
WZE55145,0,-1.7167532312473188
WZE55134,0,-5.48659709844347
WZE55112,0,-6.644506103505092
WZE55101,0,-5.664253223775624
WZE55090,0,-4.992796836657117
WZE55079,0,-5.278926004056885
WZE55057,0,-1.9508102214535317
WZE55035,0,-34.701033974102224
WZE55024,0,-5.138864938068638
WZE55013,0,-2.657100688821478
WZE54991,0,-5.25379014564407
WZE54981,0,-5.48659709844347
WZE54959,0,-5.48659709844347
WZE54948,0,-5.278926004056885
WZE54937,1,1.0950270140789815
WZE54926,0,-3.9422346104295727
WZE54915,0,-1.291419343275086
WZE54904,0,-5.48659709844347
WZE54893,0,-7.796752363641248
WZE54871,0,-5.6385383062102346
WZE54838,0,-6.854400111432598
WZE54805,0,-5.278926004056885
WZE54794,0,-1.6748799090995536
WZE54783,0,-5.278926004056885
WZE54772,0,-6.0849490949630685
WZE54765,0,-5.6385383062102346
WZE54755,0,-5.319563069362989
WZE54745,0,-5.271795409676759
WZE54727,0,-7.796752363641248
WZE54717,0,-6.531749734751822
WZE54707,0,-5.179441054823874
WZE54697,0,-5.234897323509999
WZE54679,0,-6.143977009184145
WZE54663,0,-6.0849490949630685
WZE54653,0,-6.717488720953016
WZE54643,0,-2.4352708954349254
WZE54635,0,-5.48659709844347
WZE54617,0,-8.395380266313433
WZE54597,0,-5.48659709844347
WZE54578,1,1.148118502457395
WZE54558,0,-1.0128048753370003
WZE54548,0,-4.907064461039974
WZE54530,0,-5.184135664232792
WZE54521,0,-5.296163536957483
WZE54511,0,-4.243306852054088
WZD33219,0,-6.0849490949630685
UDV76342,0,-19.98116800906793
UDV76341,0,-13.08224127235143
UDV76340,0,-15.686255162249116
UDV76339,0,-15.657166098126803
UDV76338,0,-13.331197253796867
WVR18237,0,-26.52531594468818
QIB02447,0,-19.834088030071115
WPN07623,1,4.43879334254934
WPN07622,1,6.165762885465435
WPN07620,1,1.0509037572296833
WHO43055,0,-4.803545488547227
WHO43018,0,-5.02996678102393
WFH86284,0,-5.300244175505346
WFH86237,0,-1.0977887507801576
WFH86214,0,-5.02996678102393
WFH86131,0,-5.847138413809335
WFH86120,0,-1.0977887507801576
WFH86049,0,-5.728081845361508
WFH85954,0,-5.02996678102393
WFH85931,0,-5.847138413809335
WFH85897,0,-5.02996678102393
WFH85874,0,-6.908748616019381
WFH85851,0,-5.02996678102393
WFH85828,0,-5.398382649701687
WFH85781,0,-1.0977887507801576
WFH85710,0,-5.1765356163371585
WFH85699,0,-5.48659709844347
WFH85688,0,-1.0977887507801576
WFH85665,0,-5.48659709844347
WFH85654,0,-5.48659709844347
WFH85643,0,-1.0977887507801576
WFH85621,0,-5.815691546502162
WFH85610,0,-5.50486962348648
WFH85599,0,-5.50486962348648
WFH85438,0,-6.434155115788855
WFH85436,0,-5.48659709844347
WFH85435,0,-2.5229865360144412
WFH85357,0,-5.02996678102393
WFH85356,1,1.0728956259353293
WFH85311,0,-5.228740671411536
WFH85310,0,-5.682174832491345
WFH85181,0,-1.6222922584333794
WFH85180,0,-6.491510480452478
WFH85179,0,-1.7167639355880926
WFH85178,0,-5.02996678102393
WFH85111,0,-3.8881172327809477
WFH85110,0,-5.48659709844347
WFH85107,0,-5.02996678102393
WFH84988,0,-5.815691546502162
WBG53452,0,-16.34368110253063
WES70816,0,-5.48659709844347
WDK38115,0,-5.691057731895722
WDK38110,0,-6.421524584848162
WBS16660,1,2.375735362089319
WBS16659,0,-31.545196082302446
WBS16658,0,-1.0977887507801576
WBS16656,0,-1.0977887507801576
WBS16655,0,-1.0977887507801576
WBS16654,0,-1.0977887507801576
WBS16653,0,-0.6502549448669299
WBP78002,1,4.43879334254934
WBP78001,1,4.43879334254934
WBP77999,1,5.1132645361282005
WBP77998,1,1.0509037572296833
WBP77995,1,3.322536067770157
WBP77994,1,6.042757675842461
WBP77993,1,8.032324631158213
WBP77991,1,4.517095313499562
WBP77990,1,6.08721767901862
WBP77989,1,3.677905145990886
WBP77985,1,7.193229192677476
WBP77982,1,3.7772531108324916
WBP77981,1,4.43879334254934
WBP77979,1,4.43879334254934
WBP77978,1,4.43879334254934
WBP77977,1,6.165762885465435
WBP77976,1,5.1132645361282005
WBP77975,1,1.0509037572296833
WBP77974,1,3.31420513335064
WBP77973,1,6.226174304674318
WBP77972,1,3.322536067770157
WBP77971,1,5.940802560031651
WBP77969,1,3.6739118074738695
WBP77967,1,6.189334543076482
WBP77965,1,3.454290581855947
WBP77964,1,3.3218412951635425
WBP77963,1,6.551740448499499
WBP77962,1,7.193229192677476
WBP77961,1,6.529885211254269
WBP77959,1,3.7772531108324916
WBP77958,1,4.43879334254934
WBP77957,1,10.388504088409919
WBP77956,1,4.43879334254934
WBP77955,1,4.43879334254934
WBP77954,1,6.165762885465435
WBP77952,1,1.0509037572296833
WBG96000,0,-1.2845909198683056
WBG95998,1,4.212950066005208
WBG95997,0,-2.2549606214608495
WBG95994,0,-0.22413563222701427
WBG95993,1,2.11399747422049
WBG95992,0,-4.920167886550155
WBG95988,0,-1.7614551727211971
WBG95981,0,-12.020058877487994
WBG95980,1,1.170047060422208
WBG95972,0,-1.5115707078371425
WBG95967,1,0.1518129141203044
WBG95961,1,1.4173673553002466
WBG95958,0,-1.5478991509488864
WBG95954,0,-3.8251761628196395
WBG95946,1,0.8648016394084745
WBG95944,0,-5.433584457045795
WBG95937,1,1.6052366964255462
WBG95931,1,2.3824144846561115
WBG95930,1,1.3784244465524012
WBG95928,0,-4.502465558900463
WBG95925,1,1.9389611423529427
WBG95924,0,-4.068167009603249
WBG95919,1,1.8807535874037153
WBG95916,1,2.4615516401640907
WBG95909,0,-0.33329689944833163
WBG95897,0,-3.4714947760306583
WBG95890,1,3.7419540488906105
WBG95886,0,-1.7165376353824051
WBG95883,1,-0.38752646166030935
WBG95878,1,1.3012443679416226
WBG95873,1,3.929775726711254
WBG95871,0,0.21030144742785772
WBG95860,1,-0.07844682672014258
WBG95858,0,-0.6410078090698814
WBG95855,1,-0.15612686668563747
WBG95851,1,-0.10562651222335795
WBG95847,0,0.14641209500024033
WBG95842,0,-1.3170012869301164
WBG95834,1,2.11399747422049
WBG95832,0,-3.5130096107103057
WBG95831,1,0.9421046532385571
WBG95823,1,0.8421542399635911
WBG95820,0,-4.383568903857547
WBG95811,0,-1.8224742843756925
WBG95809,0,-1.9883387982575602
WBG95808,0,-2.8938619326696244
WBG95804,0,-2.2549606214608495
WBG95797,1,3.7528717507894047
WBG95796,1,0.6449958497511279
WBG95794,0,-11.609012972081576
WBG95789,0,-2.5166934888829697
WBG95783,0,-2.07762601136778
WBG95780,0,-0.5683871213102396
WBG95778,0,-4.297984104287705
WBG95772,0,-2.2549606214608495
WBG95769,0,1.4354698619551822
WBG95763,0,-2.3070572001220366
WBG95761,0,-0.018570924007979883
WBG95759,0,-2.07762601136778
WBG95754,1,1.3012443679416226
WBG95748,1,0.8255442711765166
WBG95746,0,-0.6410078090698814
WBG95734,0,0.8133383687415527
WBG95733,1,2.8983786165551546
WBG95726,1,0.46495196294712215
WBG95721,1,4.85455511796158
WBG95717,0,-2.07762601136778
WBG95716,0,-3.3980772535444235
WBG95715,1,2.3824144846561115
WBG95712,1,1.3012443679416226
WBG95711,1,3.438916973750743
WBG95709,0,-0.055217241121797045
WBG95691,1,3.6367628765514066
WBG95679,1,2.545833944331319
WBG95675,0,-0.8477836985820257
WBG95670,0,-2.8938619326696244
WBG95669,0,-3.300512299575324
WBG95665,0,-0.06331326278733762
WBG95663,1,2.890827213951667
WBG95656,0,-3.4933410175173645
WBG95654,0,1.2664611016940484
WBG95649,0,-0.3183066921290596
WBG95643,1,2.2168999366379136
WBG95639,0,-12.961255165862411
WBG95637,1,1.0153180386704896
WBG95630,0,-2.0285284825431145
WBG95622,1,1.3012443679416226
WBG95620,0,-3.1049655323011596
WBG95615,0,-0.22157117699945417
WBG95608,1,0.6526428567048974
WBG95607,0,-0.4003158532320352
WBG95606,0,-6.962387461194712
WBG95605,0,-8.636502053018866
WBG95604,1,5.815279938253232
WBG95586,0,-0.94849156709118
WBG95574,0,-3.5130096107103057
WBG95572,1,0.029284742429460664
WBG95558,1,-0.625905166010714
WBG95553,1,1.1626695064664663
WBG95549,1,2.6796882285525943
WBG95538,0,-2.2549606214608495
WBG95535,1,0.8156942538768153
WBG95522,0,-0.1590131489168094
WBG95520,0,-1.3250939775781827
UXC94675,1,6.08721767901862
UXC94674,1,3.9408455092797343
UXC94673,1,6.364367951115492
UXC94672,1,3.751594863912471
UXC94670,1,2.801731335674523
UXC94669,1,5.71134312193462
UXC94667,1,3.621119329965948
UXC94666,1,3.4651525633533335
UXC94665,1,3.9880402323289186
UXC94661,1,9.46177044580074
UXC94660,1,3.677905145990886
UXC94658,0,-2.7170886592838492
UXC94657,1,4.43879334254934
UXC94656,1,6.77474674875984
UXC94655,1,4.43879334254934
UWY17006,1,7.722412715914457
UWY17005,1,3.199785831278122
UWY17004,0,0.8919855416927565
UWY17003,1,9.46177044580074
UWY17002,1,7.342629173783534
UWY16824,1,3.31420513335064
UWY16823,1,6.226174304674318
UWY16821,1,6.042757675842461
UWY16818,1,4.517095313499562
UWY16817,1,6.08721767901862
UWY16816,1,3.677905145990886
UWY16815,1,3.454290581855947
UWY16813,1,6.551740448499499
UWY16812,1,7.193229192677476
UWY16811,1,6.529885211254269
UWY16810,1,5.101123976320055
UWY16809,1,3.7772531108324916
UWY16807,1,10.388504088409919
UWY16806,1,4.43879334254934
UWY16805,1,4.43879334254934
UWY16804,1,6.165762885465435
UWW34154,1,1.3035096471294096
UWW34153,1,1.7056345855941348
UWW34151,1,2.6717411773530504
UWW34150,1,7.538077482100205
UWW34148,1,5.9834639797585165
UWW34147,1,2.876093565920618
UWW34145,1,4.517108537361155
UWW34143,1,3.8266618068523055
UWW34142,1,4.43879334254934
UWW34141,1,4.307624627942127
UWW34139,1,3.8266618068523055
UWW34138,1,4.43879334254934
UWW34137,1,4.307624627942127
UWW34136,1,4.43879334254934
UWV31774,0,-10.772062728623752
UWV31773,0,-6.8056248943443345
UWV31772,0,-9.169430171167193
UWV31770,0,-5.131857287519596
UWV31769,0,-2.072850383299601
UWV31767,0,-2.52151326423483
UWV31762,0,-6.878349661240998
UWV31761,0,-3.39363064734229
UWV31760,0,-5.990044434561657
USO97900,0,-13.29222499740843
USO97049,0,-6.367691601032968
USO97036,0,-9.726103448207553
UEF70281,0,-18.816856111265245
ALP01920,0,-7.953300533528893
ALJ54615,0,-2.306002825417197
QPQ50099,0,-16.999020684634687
QPQ50087,0,-28.718124752235987
QPQ50076,1,2.5360962253281603
QPQ50065,0,-38.1630693750124
QPQ50007,0,-15.40563470260779
QPQ49984,0,-19.40593789792522
QPQ49972,0,-25.4245964500751
QPQ49948,0,-39.150722859732745
QPQ49936,0,-25.649871854048776
QPQ49935,0,-19.69340097753878
QPQ49934,0,-21.26052344615163
QPQ49933,0,-26.68792555302074
QPQ49932,0,-42.36311865327578
QPQ49931,0,-28.094456311949543
QPQ49930,0,-15.40563470260779
QPQ49929,0,-14.297611787831654
QPQ49928,0,-15.78563722665889
QPQ49927,0,-38.236347448806306
QPQ49926,0,-21.470889468908076
QPQ49925,0,-27.372259867760008
QPQ49924,0,-26.81124727722961
QPQ49923,0,-37.54098992828427
QPQ49921,0,-19.83555790361641
QPQ49920,0,-15.471361968276915
QPQ49919,0,-40.87584086175999
QPQ49918,0,-22.478311323076873
QPQ49917,0,-29.366665747217866
QPQ49914,0,-47.05201300539811
QPQ49913,0,-38.4049840473241
QPQ49911,0,-14.581871559114552
QPQ49909,0,-28.225309735415372
QPQ49908,0,-21.372707460676196
QPQ49906,0,-26.187720539011217
QPQ49905,0,-26.187720539011217
QPQ49904,0,-37.221354349915664
QPQ49901,0,-18.517841648682094
QPQ49900,0,-13.412403480143636
QPQ49898,0,-14.66634300469721
QPQ49874,0,-47.248689285773395
BAI83396,0,-20.526539221151744
BAI83395,0,-22.38619810420834
QOL72033,0,-21.45151625167353
QOL24301,0,-17.96043313821574
AXO64440,0,-18.62390850070892
QNH89147,0,-6.771610766252687
QNH89071,0,-21.794876431435103
QNH89049,0,-21.585632473705658
QNH89038,0,-23.270496345596577
QNH89018,0,-21.585632473705658
QNH88998,0,-20.65690687624264
QNH88987,0,-21.585632473705658
QNH88976,0,-21.585632473705658
QNH88965,0,-21.585632473705658
QNH88867,0,-21.8094617286135
QNH88858,0,-21.8094617286135
QNH88847,0,-21.8094617286135
QNH88815,0,-21.8094617286135
QNH88804,0,-21.8094617286135
QNH88795,0,-21.8094617286135
QNH88775,0,-21.8094617286135
QNH88763,0,-21.8094617286135
QNH88754,0,-21.8094617286135
QNH88734,0,-21.8094617286135
QNH88705,0,-21.8094617286135
QNH88694,0,-21.840867413305702
QNH88683,0,-21.840867413305702
QKS74596,0,-19.238698489001866
QKX08576,0,-6.340820432864772
QKX08606,1,2.1616223446976637
QKX08605,1,1.8869325314329561
QKX08598,0,-3.9984098429457706
QKX08603,1,1.9604451650649946
QKX08587,0,-4.4071755962864625
QKX08588,1,-1.1007442564123586
QKX08586,0,-16.76604344911994
QKX08584,0,-0.336405192806259
QKX08582,1,3.1201495289985512
QKX08580,1,2.7228875473415837
QKX08581,0,-6.470650694696241
QKX08578,1,4.55872881833468
QKX08577,1,2.1462281782877763
QKX08574,1,3.5407584147174074
QKX08548,1,2.1567290397355485
QKX08547,0,-2.2131139008126564
QKX08573,0,-1.9731485884389635
QKX08546,1,1.4138641403862433
QKX08544,0,-7.282541929024948
QKX08532,1,3.2480870580986068
QKX08533,1,2.5722785805484865
QKX08531,1,2.5722785805484865
QKX08530,1,2.553446557188778
QKX08529,0,-6.3901421366057765
QKX08527,0,-7.282541929024948
QKX08525,1,1.9341304275643871
QJI52656,1,1.9479775680385334
QIZ31694,1,0.6900939046823655
QIV14108,1,2.3309465706436487
QIQ44212,1,2.3824144846561115
QIA57521,1,4.112589132132422
ATV88318,0,-1.8232416636931195
ATV88317,0,-1.4178645865615476
ATV83578,0,-5.092350472832114
ATJ01981,0,-24.562980779089223
ATJ01980,1,2.663411073887959
ASY92872,0,-11.848079478465761
ASJ81281,0,-15.373295583563412
ASJ81280,0,-19.450845622569712
ASJ81244,0,-15.373295583563412
ASJ81243,0,-25.73836504219884
ASJ81242,0,-19.450845622569712
QFU20133,1,2.734639581312498
BBN23844,0,-1.3349548362638988
BBN23843,0,-25.30246570932286
QEE84129,0,-12.101527528177817
QCG82571,1,2.546448567786898
QBY33566,0,5.11914732361368
QBR98631,0,-2.305669813102032
QBR98518,0,-115.50798650486149
AYA22049,1,1.360337629465624
AYA22048,1,2.601344114191763
AVV64955,1,2.489093571106771
AVV64954,1,4.278808678586261
AVV64953,1,6.567332043644717
AVV64952,1,4.788666673202718
AVV64951,1,1.6882208858982963
AVV64950,1,-0.012090478694080531
AVV64949,1,2.6597926297178702
AVV64947,1,5.336500500697243
AVV64946,1,1.4498950227050607
AVV64944,1,1.8610801699098936
AVV64943,1,1.272020284960158
AVV64942,0,-0.8871565406176192
AVV64941,0,0.8682464136348447
AXY81023,1,3.1415982856520426
AXY80579,1,3.1415982856520426
AXO64583,0,-20.33125275815327
AXO64514,0,-19.472463718534005
AXO63971,0,-20.123520621348053
AXO63951,0,-20.123520621348053
AXF93468,1,2.258311114395786
AXF93440,1,1.9677954696947229
AXF93428,1,1.4512210825938734
AXF93419,1,0.32691834691236643
AXF93400,1,4.307143959585085
AXF93393,1,3.754678645177828
AXF93323,1,4.098053979515347
AWZ61198,0,-19.472463718534005
AMQ46551,0,-32.141103495630226
AMQ26450,0,-17.39062011372976
AHN00404,0,-28.116453775580496
AHL78909,0,-23.68464572786324
AHL78795,0,-32.90734386430659
AHL78604,0,-18.106103157774786
AHL78445,0,-32.90734386430659
AHB23130,0,-9.464678250042532
AHB21268,0,-14.66454925919292
AHB21267,0,-1.7613158187167048
AGG83052,0,-20.06163157019929
AGG82865,0,-17.916228434430046
AGG82864,0,-22.63928425750528
AGG82847,0,-17.916228434430046
AGG27468,0,-17.462380606274277
AGG27466,0,-24.068234151506154
AGG26919,0,-42.898849611570704
AGG26918,0,-14.976002536583515
AGG26716,0,-20.990541146050553
AGG26715,0,-15.811169988542996
AGG26666,0,-20.4430643321721
AGG26665,0,-9.821562307003934
AGC73436,0,-28.71650116137979
AGC73435,0,-17.13421619432238
AGC00237,0,-18.625749012146663
AGC00181,0,-18.625749012146663
AGC00169,0,-38.46850037885172
AGC00135,0,-18.625749012146663
AGC00101,0,-38.46850037885172
AGC00100,0,-18.625749012146663
AGC00078,0,-38.46850037885172
AGC00043,0,-18.625749012146663
AGC00021,0,-38.46850037885172
AGB99970,0,-38.85401879830455
AGB99969,0,-18.625749012146663
AGB99934,0,-18.625749012146663
AGB99933,0,-38.85401879830455
AGB99886,0,-38.85401879830455
AGB99840,0,-18.625749012146663
AGB99839,0,-38.85401879830455
AGB99782,0,-18.625749012146663
AGB99781,0,-38.85401879830455
AGB99746,0,-38.46850037885172
AGB99745,0,-18.625749012146663
AFY07178,0,-17.84878562084137
AFY06548,0,-25.987423548753185
AFY05765,0,-18.29663440720331
AFY05764,0,-24.77791038398083
AFJ12407,0,-35.190839335234195
AFJ12406,0,-24.501213789549396
AFH74465,1,0.6637824127854124
AFH74464,0,-7.927458253402995
AET78197,0,-14.976002536583515
AET78196,0,-42.898849611570704
AET77850,0,-19.20673097695072
AET77849,0,-17.48924161369355
AET74493,0,-19.927383727433757
AET74492,0,-16.891313137628998
AEO91594,0,-19.509137459104316
AEM75339,0,-76.58152840997299
AEM75338,0,-21.53250852734689
AEI91999,0,-9.326501944642128
AEI91998,1,0.21717978142148198
AEI91978,0,-12.148034810629769
AEI91977,1,0.420338184475483
ATE49491,0,-25.644225045040205
ATE49040,0,-3.2583204551987652
ATE48871,0,-3.2583204551987652
ASV62302,0,-4.349793003571177
AOZ86615,1,2.826158237634015
AOZ86516,1,3.6367628765514066
AOZ86357,1,2.6945850367575783
AOZ86331,1,5.235910838079365
AOZ86247,1,3.6367628765514066
AOZ85573,1,3.6367628765514066
ANE23927,1,1.1340688434872224
AKT07978,0,-3.2778017850580294
ABW23337,0,-35.5819111048366
ASO97503,0,-46.11894161794919
ASO97501,0,-24.595646240582777
ASO97485,0,-14.072411101899236
ASO97483,0,-10.2134273729856
ARQ84253,0,-20.25806635560244
ARQ84252,0,-20.25806635560244
ARQ84251,0,-15.8984274550359
ARQ84249,0,-15.27996412451655
ARQ84245,0,-19.48053545915347
ARQ84243,0,-18.999105808102954
ARQ84239,0,-19.523197392161844
ARQ84237,0,-17.09515968736129
ARQ84235,0,-17.09515968736129
ARQ84234,0,-17.09515968736129
ARQ84233,0,-17.09515968736129
ARQ84232,0,-17.09515968736129
ARQ84231,0,-17.09515968736129
ARQ84228,0,-20.94155343655773
ARQ84227,0,-15.563281681067284
ARQ84226,0,-20.94155343655773
ASB33690,0,-38.61647780508858
ASB32842,0,-7.0949932485337035
ASB32833,1,-0.02885493459341859
ARX97449,0,-4.561274514069499
ARU07171,0,-8.944869389933253
ARQ86095,1,3.6367628765514066
ARJ63957,0,-4.049648487862504
ARJ63955,0,-13.889329311571624
ARJ63954,0,-18.459850383159292
AQY18739,0,-2.677343411196869
AQU12413,0,-20.1763341811978
APY25381,0,-33.006935894172784
APW84919,0,-32.67244700377008
APG56782,0,-3.8620235674638668
ANE37509,0,-37.17917892238192
ANE37492,0,-5.906656098222861
AMU04445,0,-23.60293869810114
AMP44891,0,-29.522899158836303
AMB72621,0,-6.901838435204378
AMA65421,0,-4.886691400289493
ALX27323,0,-23.180100156708413
ALT19930,0,-32.2701325511796
ALT19823,0,-1.5125362667168254
ALR83415,0,-4.733956912260382
ALR83348,0,-4.939331287308402
ALR83338,0,-4.382742693232716
ALP01838,0,-28.756632527170957
AKV57693,0,-7.104537088684976
AKP04496,0,-1.9487727527887575
AKH14609,0,-4.433973984861735
AJY54596,1,0.42951843915093413
AJF45788,0,-1.1371996940608877
AJF45784,0,-16.808386774775414
AJF45775,0,-16.0006418404702
AJD78008,0,-27.1515103662192
AJD77986,0,-18.644314750163588
AJD77982,0,-17.92370146727216
AIZ70289,0,-14.185953476211614
AIZ70285,0,-32.66508342007904
AIZ70269,0,-46.951888712430595
AIZ70243,0,-15.161603681273338
AIZ70218,0,-31.22053912376183
AIZ70214,0,-14.185953476211614
AIZ70208,0,-7.142767635003059
AIZ70204,0,-17.1100648963608
ARG44523,0,-34.41249639004941
APR73245,1,-0.4932893560489813
APR73243,0,-39.16730795767017
APR73242,0,-22.858599724369235
APR73241,0,0.5849626036707942
APR73239,0,-21.340790835638515
APR73238,0,0.4295387371543047
APR73237,0,0.2752415827366157
APR73236,0,-3.5366721338744416
APR73235,1,-0.4932893560489813
APR73234,0,-38.41913467175928
APR73233,0,-44.74651163099759
APQ31976,0,-24.523721210118875
APQ31975,0,-19.231817582708416
APO39357,0,-27.778354622911976
APO39355,0,-17.054515427591234
AAF04721,0,-14.783936671690507
ADX98705,0,-2.3230164194205614
ADW54451,0,-16.943119147539008
ADM73553,0,-8.692345215513518
ADM73552,0,-7.511677746040247
ADM73551,0,-8.909406788080878
ADM73549,0,-11.07344994883371
ADM73548,0,-16.45385569526778
ADM73547,0,-7.7346228365821705
ADM73546,0,-8.890000275541075
ADM73545,0,-11.742101488840584
ADM73544,0,-7.7346228365821705
ADM73541,0,-7.7346228365821705
ADM73540,0,-7.7346228365821705
ADM73539,0,-5.505008049071593
ADM73538,0,-7.7346228365821705
ADM73537,0,-8.058405186600934
ADM73535,0,-5.7218270294370885
ADM73534,0,-7.7346228365821705
ADM73532,0,-7.7346228365821705
ADM73531,0,-7.7346228365821705
ADM73530,0,-7.7346228365821705
ADM73529,0,-8.033526970845253
ADM73527,0,-7.7346228365821705
ADM73526,0,-9.755643926554354
ADM73525,0,-7.7346228365821705
ADM73524,0,-8.908327992883452
ADM73522,0,-7.394944057016351
ADM73521,0,-6.9187484275577855
ADM73520,0,-7.876671324431099
ADM73519,0,-6.93423015739309
ADM73518,0,-6.690786158165219
ADM73517,0,-10.07533535042481
ADM73516,0,-8.05840518660091
ADM73514,0,-8.522333717455195
ADM73513,0,-7.150102526149643
ADM26518,0,-14.156838770753842
ADM26517,0,-15.57270316232249
ADM26515,0,-14.48627152126727
ADM26514,0,-15.52589431534629
ADM26513,0,-11.071272181312011
ADM26512,0,-10.600028902835897
ADM26510,0,-11.686785938238534
ADM26508,0,-6.3123907067112
ADM26507,0,-7.716979438281799
ADM18099,0,-18.85552096446393
ADM18098,0,-32.990208629628555
ADM18096,0,-21.270423811216276
ADM18094,0,-42.3893131690139
ADM18093,0,-3.6559422128991876
ADM18089,0,-23.771796373414602
ACY67454,0,-23.88415472504511
ACR26757,0,-0.16996271161445797
ACR26754,0,-16.939698431426834
ACR26744,0,-21.723987048542647
ACQ73205,0,-17.266082049581257
ACQ73202,0,-6.985368357762114
ACQ73201,0,-19.20499350617633
ANK57860,0,-14.46240588524079
ANG55912,0,-2.555471062509314
ANF29079,0,-37.33753460709065
ANF29075,0,-20.107311440253078
AIC64617,0,-0.8123872318067473
AIC64615,0,-1.4769708606625862
AIC64600,0,-6.328948211827444
AKZ42082,0,-18.33349056243547
AKZ41843,0,-17.83685359753072
AJJ98649,0,-15.02153296421126
AJJ98647,0,-15.353163586074794
AJJ98646,0,-17.02008066480637
AJJ98645,0,-19.024956172665714
AJJ98644,0,-16.670565275726048
AJJ98643,0,-14.583664919913044
AJJ98641,0,-17.94183029784989
AJJ98639,0,-19.024956172665714
AJJ98638,0,-19.898436845298747
AJJ98636,0,-16.534685423916002
AHZ41463,0,-4.4279445627520655
ALE66682,0,-3.866660693652763
ALD19393,0,-24.587982822655327
AKM15195,0,-0.1614036829698744
AKM15194,0,-30.76001743185396
AKM15189,0,-27.737194808009
AKM15186,1,0.4027801462226517
ALA50332,0,-18.62239098308686
AKL90745,0,-28.33297177450615
AKJ84209,0,-36.59148153082539
AGB13105,0,-1.4781098389852136
AGB13082,1,-0.4189715378642447
BAQ19486,0,-12.374665325339269
BAQ19476,0,-19.185811873877682
BAQ19466,0,-19.185811873877682
BAQ19456,0,-20.449815112000884
BAQ19446,0,-8.72704024917538
BAQ19436,0,-0.7703447366983891
BAQ19426,0,-0.5462975959767782
BAQ19416,1,1.3285828213017954
BAQ19406,0,-15.300298495126292
BAQ19396,0,-2.175840320556757
BAQ19386,0,-1.680042489593479
AIX94903,0,-19.199187584593755
AIT38426,0,-45.98982694983133
AIT38419,0,-31.646217743426746
AIA62021,0,-22.791168579813316
AIA62010,0,-20.20206140403935
AIA61999,0,-18.52831497037938
AIA61989,0,-22.021139594469282
AIA61978,0,-10.354411197263554
AIA61967,0,-23.544783532987488
AIA61945,0,-18.118675210929112
AIQ77764,0,-19.642124752646172
AIQ77756,0,-19.642124752646172
AIO11735,0,-17.806639157561353
AIO11726,0,-3.234124902286162
AIO11695,0,-5.029901741580774
AIO11686,0,-17.248047225285497
AIN25596,1,-2.033421027228444
AIN25586,1,-0.2364083640043102
AIN25566,0,-3.234124902286162
AIN25541,1,0.42951843915093413
AII31203,0,-21.98414702254638
AIE53446,0,-2.8848121582602833
AIE52177,0,-27.249970432463563
AIE52173,0,-12.656103108009926
AHK10692,0,-3.9054394418382756
AHK10659,0,-3.9054394418382756
AHI43444,0,-22.392510039492237
AHI43440,0,-31.930905652759122
AHZ65653,0,-4.293289838770521
AHY95057,0,-34.07431311815861
AHY95053,0,-30.22548239283166
AHM98831,0,-0.4102783760133928
AHW46689,0,-39.21195859354119
AHW46685,0,-16.48873060876358
AHW46664,0,-33.8315785162312
AHW46564,0,-34.48213623327056
AHM24129,0,-4.410732753496575
AHL21547,0,-19.20022486589731
AHL21470,0,-32.393991260318685
AHK10688,0,-25.290101992203315
AHK10681,0,-4.410732753496575
AHK10677,0,-15.60061842450132
AHK10663,0,-4.410732753496575
AHI43402,0,-4.431768927966052
AHI43398,0,-13.797933523070482
AHI43290,0,-16.48873060876358
AHH00822,0,-2.91555951241558
AHG26656,0,-25.705633541264625
AHG26652,0,-14.707623732154286
AHD25180,0,-15.258700644512487
AHD25163,0,-16.265704243535694
AHD25147,0,-6.288106499571363
AHD25146,0,-15.385445133871475
AHB73608,0,-15.938049743216482
AHB24479,0,-21.93248541423297
AHB52150,0,-7.114115194560124
AHA57102,0,-31.741000967334067
AGZ62310,0,-2.7873581296585144
AGU69952,0,-4.038333775810928
AEN69435,0,-0.8725048572489786
AGT41695,0,-4.217038788630335
AGT41690,0,-17.248355794884166
AGO51467,0,-18.625749012146663
AGL51629,0,-16.265704243535694
AFJ76170,0,-62.06463047137423
AFJ76169,1,0.7306138953002463
AFJ76155,0,-1.2845824166809177
AFJ76131,0,0.4445646692651355
AFY09646,1,0.9267837877241423
AFX96359,1,2.6784908560638065
AFX96347,1,0.6637824127854124
AFN69199,0,-24.429027937319947
AFN69198,0,-0.9856237772535099
ADG85249,0,-1.267232788857152
ADG85245,1,0.41717925675463796
ADG85241,1,0.41717925675463796
ADG85229,1,0.41717925675463796
ADG85225,0,-1.7884730737495556
ADG85221,0,-0.03970141315125275
AEX63539,0,-16.816174589173425
AFM78666,0,0.24494594866093955
AFM46540,0,-13.314095374655722
AFM46539,0,-2.942554602252022
AFJ75615,0,-30.75155491665256
AFJ74819,0,-9.71549081160843
AFJ74780,0,-7.752898949522484
AFJ74779,0,-27.367329604668154
AFJ74761,0,-6.096313825109606
AFJ74743,0,-27.367329604668154
AFJ74727,0,-8.219170036715218
AFJ74695,0,-7.502181498897219
AFJ74674,0,-12.118889446161534
AFJ74673,0,-28.606007037367405
AFJ74654,0,-7.135238217036976
AFJ74634,0,-7.752898949522484
AFJ74560,0,-9.911045929920805
AFJ74559,0,-27.047269438972044
AFJ74546,0,-18.613746686332377
AEQ50015,0,-17.263412329396623
AEQ50005,0,-17.263412329396623
AEQ49985,0,-17.263412329396623
AEO08966,0,-17.229819066122744
AEO08944,0,-17.69778717767695
AET50910,0,-15.833332896975243
ADV69109,0,-40.39371453142908
ADV69108,0,-26.10312544074778
ADV69106,0,-25.197127031615437
ADV69104,0,-38.5925360989264
ADV69103,0,-22.535734053802877
ADV69102,0,-38.23369278307037
ADV69101,0,-37.396006152317995
ADV69100,0,-38.733879883952156
ADV69099,0,-27.288390196180437
ADV69098,0,-25.47951734769915
ADV69095,0,-26.268104430764403
ADV69094,0,-29.032064868777155
ADV69093,0,-25.315944920051827
ADV69091,0,-19.59940199399304
ADV69090,0,-29.82787447920105
ADV69089,0,-38.50290450998671
ADV69088,0,-30.74100527470963
ADV69087,0,-25.777684201845304
ADV69083,0,-22.492356505859995
ADV69082,0,-29.188116537321214
ADV69081,0,-22.764359099547686
ADV69080,0,-40.98423475106151
ADV69079,0,-26.49214339709586
ADV69078,0,-35.72353338807137
ADV69077,0,-23.481882789426614
ADV69076,0,-23.481882789426614
ADV69075,0,-28.554800258791538
ADV69074,0,-32.077537726894285
ADV69073,0,-32.077537726894285
AEH42796,0,-13.580669224447815
AEH42774,0,-17.04899678735875
AEH42752,0,-12.435693706301551
ADU33163,0,-12.031263455140207
BAJ40064,1,1.5856850994369633
BAJ40063,1,0.1418277007426827
BAJ40062,1,2.489317937724996
BAJ40061,1,0.1418277007426827
BAJ40060,1,0.420338184475483
BAJ40059,1,3.074959770902529
BAJ40058,1,1.5856850994369633
BAJ40057,1,2.147682941774738
BAJ40056,0,-3.656077247275565
BAJ40054,1,0.420338184475483
BAJ40053,1,2.8286844036983894
BAJ40052,1,-0.013074771830551057
BAJ40050,1,0.8702952426729045
BAJ40049,1,2.8286844036983894
BAJ40048,1,3.074959770902529
BAJ40045,1,0.29179527416078344
BAJ40043,1,1.5856850994369633
BAJ40042,0,-2.9806767754860903
BAJ40041,1,1.5856850994369633
BAJ40039,1,0.6637824127854124
BAJ40038,1,2.1908460754234085
BAJ40037,1,1.5856850994369633
BAJ40036,0,-0.8341903998462215
BAJ40034,1,2.6325164237465
BAJ40033,0,0.6941213765019949
BAJ40032,1,3.074959770902529
BAJ40030,0,0.6941213765019949
BAJ40029,1,3.074959770902529
BAJ40026,0,0.420338184475483
BAJ40025,1,3.074959770902529
BAJ40024,1,1.115194648210906
BAJ40020,0,0.29179527416078344
BAJ40018,0,0.420338184475483
BAJ40017,1,0.3085009712995177
BAJ40016,1,3.074959770902529
BAJ40013,1,3.074959770902529
BAJ40012,1,1.3522721432886033
BAJ40011,1,3.074959770902529
BAJ40010,1,-1.0126203356916168
BAJ40005,0,0.1418277007426827
BAJ40004,0,-0.8690268526285738
BAJ40002,1,0.6637824127854124
BAJ40001,0,1.2838747362372196
BAJ40000,1,1.9769144775061278
BAJ39999,1,3.074959770902529
BAJ39997,1,1.9950382215661069
BAJ39996,1,0.6637824127854124
BAJ39995,1,3.074959770902529
BAJ39994,0,2.740326124972791
BAJ39993,1,0.6637824127854124
BAJ39991,1,1.9769144775061278
BAJ39990,1,0.6637824127854124
BAJ39988,1,0.5352490761494586
BAJ39985,1,0.6637824127854124
BAJ39983,1,1.8477887618153108
BAJ39981,0,-0.19473081510045276
BAJ39980,1,1.5856850994369633
BAJ39976,0,-1.5768214486773129
BAJ39974,1,0.6637824127854124
BAJ39970,1,0.6637824127854124
BAJ39968,1,0.08379382103737854
BAJ39967,0,0.8173531787037085
BAJ39966,1,0.6637824127854124
BAJ39964,1,1.5856850994369633
BAJ39963,1,0.6637824127854124
BAJ39962,0,-1.746755019509866
BAJ39961,1,0.9945216522254139
BAJ39959,0,-2.5805424202244414
BAJ39958,0,0.0452610149996584
BAJ39957,1,1.5856850994369633
BAJ39955,0,-3.2369126972269324
BAJ39952,1,1.5856850994369633
BAJ39951,1,0.6607907464157687
BAJ39949,1,4.270936063480429
ACY06462,0,-24.26452117726931
ACY06461,0,-24.261345353859113
ACY06458,0,-13.912392998114782
ACY06457,0,-7.8990031332314405
ACY06456,0,-12.078909499591166
ACY06455,0,-12.171691429355695
ACY06454,0,-7.12253452271896
ACY06453,0,-13.708403150809835
ACY06452,0,-14.133847957296974
ACY06449,0,-17.9549621756354
ACY06446,0,-16.355088145272894
ACY06445,0,-16.355088145272894
AAA16879,0,-20.122614419104956
BAI83394,0,-21.96840280102243
BAI83387,0,-5.528655800777214
AAK71687,0,-7.086187376130367
AAF04720,0,-5.7833420131650985
ACV90512,0,-27.358976613915047
ACR26759,0,-3.7631285271074617
ACR26758,0,-5.158934635308984
ACR26752,0,-11.32292729982566
ACR26750,0,-1.8593902820041937
ACR26749,0,-3.746700084926685
ACR26747,0,-5.355736744246407
ACR26746,0,-13.23384279817954
ACR26745,0,-19.810303477371463
ACR26743,0,-20.109997484771778
ACR26742,0,-3.414407983174131
ABI96109,0,-32.29008511725008
ABI96107,0,-33.052113667692545
ABI96106,0,-35.62050139462438
ABI96104,0,-37.29961151118525
ABI96103,0,-30.49344148121662
AAA19934,0,-9.93866256130922
ACQ73204,1,-0.4932893560489813
ACF28529,0,-7.3368720756177055
ACF28528,0,-1.9287685922218447
ACF28527,0,-5.051957843826465
ACD37507,0,-30.472400186767885
ACD37430,0,-23.796387869848456
BAA00719,0,-32.614434319561646
BAA00720,0,-11.502543033066935
ABF71860,0,-14.201501203877783
YEV49150,0,-11.270133676026125
YEV49138,0,-11.405945657849587
YES77109,0,-8.518297346846968
YES76852,0,-8.518297346846968
YEP46523,0,-29.442864776495213
YEP46230,0,-18.371394946221397
YEP46180,0,-19.002572295745125
YEP45492,0,-18.056049891962964
WWZ86435,0,-29.864946392622734
WWZ86424,0,-23.933506709013564
WWZ86408,0,-28.487526212043015
WWZ86384,0,-27.180655855520463
WWZ86360,0,-24.86464930041007
WWZ86348,0,-26.330005022314758
WWZ86162,0,-27.969008878699967
WWZ86148,0,-33.94229197624799
WWZ86136,0,-26.537192894264983
WWZ86124,0,-36.44508395170503
WWZ86106,0,-30.388259124382607
WWZ86094,0,-25.300094080703396
WWZ86068,0,-26.962227450358533
WWZ86043,0,-26.38048633596607
WWZ86030,0,-26.769586289972548
WWZ86015,0,-26.862848014449057
WWZ86003,0,-25.97696803895105
WWZ85977,0,-25.97696803895105
WWZ85964,0,-31.5928043805659
WWZ85952,0,-30.172114611726165
YEI35128,0,-8.920104910103772
UPI56582,0,-28.854108861886083
UPI56510,0,-31.140987112523625
UPI56498,0,-36.33573754138071
UPI56486,0,-28.286461751009718
YDS75924,0,-63.17481151917127
YDQ55499,0,-28.188722236687166
YDQ55430,0,-30.614560987221893
YDQ51060,0,-25.675943174803763
YDQ51052,0,-30.502235290672033
YDQ51002,0,-26.059245391843895
YDQ50990,0,-30.63766078318004
YDP23700,0,-9.075498450831173
YDP23699,0,-8.247714305056604
YDP23697,0,-7.690438767031928
YDP23696,0,-12.236955586809852
YDP23695,0,-11.550419269754881
YDP23693,0,-11.550419269754881
YDP23691,0,-11.550419269754881
YDP23686,0,-11.867996429844924
YDP23684,0,-11.867996429844924
YDP23683,0,-11.550419269754881
YDP23682,0,-11.550419269754881
YDP23681,0,-11.550419269754881
YDP23679,0,-11.550419269754881
YDP23678,0,-11.550419269754881
YDP23677,0,-10.605925769958787
YDP23676,0,-5.94684884747194
YDP23673,0,-11.550419269754881
YDP23672,0,-11.550419269754881
YDP23671,0,-11.833106976905064
YDP23670,0,-11.550419269754881
YDK24523,0,-12.199941990159063
YDH88934,0,-6.084933306789794
YDH88932,0,-7.017773628020554
YDH88930,0,-26.981623204426
YDH88928,0,-10.600261533391864
YDH88914,0,-14.684202941431128
YDH88912,0,-6.069108043352598
YDH88910,0,-10.418817746516888
YDH88906,0,-10.418817746516888
YDH88904,0,-15.909204406224429
YDH88874,0,-11.609198278432245
YDH88870,0,-11.918698215620205
YDH88868,0,-15.255208944557339
YDH88866,0,-11.28502772354148
YDH88864,0,-24.037844126634454
YDH88862,0,-14.710105928020532
YDH88860,0,-10.904666986372614
YDH88858,0,-6.660702143278572
YDH88856,0,-14.768426055273721
YDH88850,0,-18.357827487611384
YDH88840,0,-7.624567060671136
YDH88838,0,-6.630254741106478
YDH88836,0,-10.47400022646968
YDH88834,0,-15.91370141591839
YDE42140,0,-10.16345803245712
YDE42116,0,-10.518686905737466
YDE42104,0,-12.199941990159063
YDE42092,0,-11.867996429844924
YDE42080,0,-7.858587625706343
YDC08355,0,-12.199941990159063
YDC08320,0,-12.199941990159063
YDC08308,0,-12.199941990159063
YDC08263,0,-11.550419269754881
YDC08231,0,-11.550419269754881
YDB83239,0,-12.199941990159063
YDB83227,0,-11.603589437918826
YDB83215,0,-19.62175032647918
YDB83203,0,-12.113337053471787
YDB83191,0,-12.342558592519234
YDB83179,0,-11.550419269754881
YDB83167,0,-12.199941990159063
YDB33865,0,-9.635390493763667
YDB30413,0,-9.595225543769464
YDB30267,0,-11.550419269754881
YCZ79439,0,-11.550419269754881
YCZ79427,0,-12.199941990159063
YCZ79415,0,-11.550419269754881
YCZ79403,0,-11.550419269754881
YCZ79391,0,-11.550419269754881
YCZ79379,0,-11.550419269754881
YCZ79356,0,-11.64981300334904
YCZ79344,0,-12.171358151123194
YCZ79332,0,-12.265048777220608
YCS47977,0,-13.896307578917739
YCP90553,0,-11.02767889893924
YCP90541,0,-11.550419269754881
YCP90529,0,-10.047927667456118
YCO90435,0,-12.199941990159063
YCO90423,0,-10.809186002940883
YCO90383,0,-11.550419269754881
YCO90371,0,-13.388340321504703
YCO90354,0,-12.199941990159063
YCM62951,0,-12.199941990159063
YCM62917,0,-11.550419269754881
YCM62884,0,-12.199941990159063
YCM62864,0,-12.199941990159063
YCM62829,0,-11.731639865189324
YCL10971,0,-11.550419269754881
YCK96278,0,-12.02625556381965
YCB21382,0,-7.684196398410187
YCB20091,0,-9.515577798582235
YCB18995,0,-11.839266167248267
YCB17135,0,-11.550419269754881
YCB15480,0,-13.796138085953347
YBZ29190,0,-12.244004311963373
YBV45743,0,-11.650893279625068
YBU60574,0,-14.573784009998262
YBU60560,0,-10.904666986372614
YBU60552,0,-13.6061667071623
YBU60550,0,-9.762490920998104
YBP47878,0,-13.925516967537073
YBP47877,0,-4.974431315648523
YBP08993,0,-6.316771477307361
YBP08983,0,-8.81947631282012
YBK92970,0,-10.281090216697189
YBK92962,0,-6.084933306789794
YBH87781,0,-9.814989464650672
YBH87763,0,-3.097762120714277
YBH87759,0,-12.006996938052188
YBH87749,0,-17.241536071744143
YBB93693,0,-14.238314146614842
YAO56776,0,-6.590669249439861
YAO56770,0,-17.851751146278428
YAO56766,0,-10.933393200068465
YAO56764,0,-9.813209757258507
YAO56762,0,-17.32328698092671
YAO56754,0,-18.774871172281497
YAO56752,0,-10.466936824815582
YAO56744,0,-7.696974695434401
YAB59161,0,-12.781694068807422
YAB59155,0,-6.614510602559472
YAB59151,0,-5.2486863569032725
XZX72811,0,-16.55656056095801
XZX72803,0,-28.262842000257045
XZX72795,0,-26.930316876579237
XZX72785,0,-11.615749157629267
XZE13723,0,-8.404027069791526
XYE66472,0,-12.315357601941104
XUM71524,0,-11.839266167248267
XUM70752,0,-11.839266167248267
XUM70721,0,-11.839266167248267
XUM70695,0,-10.926125625851663
XRI88233,0,-10.002950989326417
XRI88227,0,-8.91799220189479
XRI88009,0,-13.360894296565561
XRI88002,0,-10.310796519849674
XRI87993,0,-11.839266167248267
XRI87856,0,-11.839266167248267
XRI87771,0,-12.424656214441155
XRI87750,0,-11.839266167248267
XRI87374,0,-12.97952998058224
XQE93561,0,-14.912296093956767
XQE93272,0,-11.888190181693133
XQE93265,0,-6.2942822631181246
XQE93105,0,-9.352721067313245
XQE92966,0,-12.174586199261812
XPY38374,0,-10.059292473110505
XPY38234,0,-11.839266167248267
XPO56668,0,-8.51875348489602
XPO56656,0,-8.51875348489602
XPO56644,0,-3.427127518191467
XPO56632,0,-5.5268302412512575
XPL72934,0,-11.839266167248267
XPL72922,0,-11.809914200482362
XPL72898,0,-16.36903327195764
XPL72886,0,-16.36903327195764
XPL72862,0,-8.66215683195643
XPL72838,0,-11.809914200482362
XPL72826,0,-8.308478293699755
XPL72802,0,-12.454844615169087
XPL72790,0,-11.839266167248267
XPL72778,0,-11.839266167248267
XPL72766,0,-12.07381576495659
XPL72754,0,-12.07381576495659
XPL72742,0,-15.627635011954224
XPL72730,0,-8.917992201894789
XPL72718,0,-11.839266167248267
XPL72706,0,-12.947116403146596
XPL72646,0,-6.169152236557766
XPL72634,0,-6.169152236557766
XPL72622,0,-12.60068449525332
XPL72610,0,-14.058568873255417
XPL72598,0,-14.058568873255417
XPL72586,0,-14.058568873255417
XPL72574,0,-12.78078488201566
XPL72562,0,-12.496361451835613
XPL72550,0,-8.64112374222688
XPL72526,0,-13.326682314094075
XPL72514,0,-12.553629140876057
XPL72502,0,-12.07381576495659
XPL72490,0,-12.07381576495659
XPL72478,0,-18.18726536797661
XPL72466,0,-11.839266167248267
XPL72442,0,-11.839266167248267
XPL72430,0,-11.611265874349872
XPL72418,0,-18.18726536797661
XPL72406,0,-11.839266167248267
XPL72382,0,-8.600726726121028
XPL72370,0,-10.495762461813387
XPL72358,0,-11.839266167248267
XPL72346,0,-8.600726726121028
XPL72322,0,-11.899754612935759
XPL72310,0,-12.639144635990556
XPL72298,0,-12.0823072432128
XPL72287,0,-11.839266167248267
XPL72275,0,-11.839266167248267
XPL72263,0,-11.839266167248267
XPL72251,0,-11.839266167248267
XPL72239,0,-11.839266167248267
XPL72215,0,-11.839266167248267
XPL72191,0,-15.609391355773798
XPL72167,0,-17.850464755381978
XPL72143,0,-11.899754612935759
XPL72131,0,-13.29886577066269
XPL72107,0,-8.75849889783332
XPL72095,0,-11.839266167248267
XPL72071,0,-10.926125625851663
XPL72059,0,-12.639144635990556
XPL72047,0,-11.937779350093328
XPL72035,0,-11.839266167248267
XPL72011,0,-8.917992201894789
XPL71999,0,-8.75849889783332
XPL71987,0,-11.839266167248267
XPL71975,0,-11.839266167248267
XPL71952,0,-4.433344849803571
XPL71940,0,-9.584427017009999
XPL71928,0,-7.296496169468215
XPL71916,0,-7.296496169468215
XPL71904,0,-12.009335610238407
XPL71868,0,-13.782542850396663
XPL71856,0,-11.839266167248267
XPL71844,0,-11.267936236925093
XPL71829,0,-11.839266167248267
XPL71820,0,-12.322328367841992
XPL71808,0,-12.322328367841992
XPL71796,0,-11.031323246538978
XPL71784,0,-12.639144635990556
XPL71760,0,-14.863555489034056
XPL71748,0,-11.452431331949356
XPL71736,0,-11.452431331949356
XPL71700,0,-15.622467835459108
XPL71688,0,-12.392224478561403
XPL71676,0,-11.839266167248267
XPL71652,0,-18.18726536797661
XPL71640,0,-18.18726536797661
XPL71604,0,-12.947116403146596
XPL71592,0,-11.267936236925093
XPL71580,0,-6.7572684504866185
XPL71544,0,-8.917992201894789
XPL71536,0,-8.917992201894789
XPL71524,0,-12.74741022538722
XPL71512,0,-13.652109134041254
XPL71500,0,-10.715306176718142
XPL71476,0,-11.078947069220883
XPL71464,0,-12.878836536582446
XPL71428,0,-11.97895961232706
XPL71416,0,-12.878836536582446
XPL71404,0,-12.878836536582446
XPL71392,0,-11.078947069220883
XPL71380,0,-10.715306176718142
XPL71356,0,-11.078947069220883
XPL71320,0,-16.38642425856454
XPL71308,0,-12.74741022538722
XPL71284,0,-11.267936236925093
XPL71272,0,-11.267936236925093
XPL71260,0,-12.582905197741471
XPL71236,0,-10.853318680466641
XPL71224,0,-11.267936236925093
XPL71212,0,-11.267936236925093
XPL71200,0,-11.267936236925093
XPL71176,0,-11.899754612935759
XPL71152,0,-11.839266167248267
XPL71140,0,-13.534709450473006
XPL71128,0,-13.534709450473006
XPL71116,0,-11.839266167248267
XPL71092,0,-11.839266167248267
XPL71080,0,-11.839266167248267
XPL71068,0,-12.322328367841992
XPL71056,0,-11.839266167248267
XPL71032,0,-10.926125625851663
XPL71020,0,-10.926125625851663
XPL71008,0,-12.467635541952239
XPL70996,0,-11.839266167248267
XPL70984,0,-11.839266167248267
XPL70972,0,-11.839266167248267
XPL70960,0,-11.839266167248267
XPL70948,0,-11.839266167248267
XPL70936,0,-11.839266167248267
XPL70924,0,-13.799791749436174
XPL70912,0,-11.809611901264585
XPL70900,0,-11.839266167248267
XPL70888,0,-11.839266167248267
XPL70876,0,-11.839266167248267
XPL70864,0,-11.839266167248267
XPL70852,0,-11.839266167248267
XPL70840,0,-11.839266167248267
XPL70804,0,-12.639144635990556
XPL70792,0,-12.639144635990556
XPL70756,0,-13.712643176246033
XPL70732,0,-13.712643176246033
XPL70720,0,-10.649464988411188
XPL70708,0,-11.839266167248267
XPL70685,0,-17.407675779495733
XPL70661,0,-10.585776875041555
XPL70649,0,-12.69856013112468
XPL70637,0,-12.243689044279657
XPL70625,0,-10.609243653077124
XPL70613,0,-9.559057504380062
XPL70601,0,-11.73303576951835
XPL70589,0,-12.947116403146596
XPL70577,0,-7.430184431010016
XPL70565,0,-16.322689930518326
XPL70517,0,-11.839266167248267
XPL70505,0,-12.639144635990556
XPL70493,0,-12.355216923852888
XPL70481,0,-12.639144635990556
XPL70469,0,-11.839266167248267
XPL70457,0,-11.839266167248267
XPL70445,0,-11.839266167248267
XPL70433,0,-17.212299152666567
XPL70421,0,-11.839266167248267
XPL70409,0,-12.112022589210484
XPL70397,0,-10.002950989326417
XPL70373,0,-16.100365571604737
XPL70361,0,-11.463719806013486
XPL70349,0,-12.639144635990556
XPL70337,0,-16.100365571604737
XPL70325,0,-15.627635011954224
XPL70301,0,-15.8335439208721
XPL70289,0,-16.100365571604737
XPL70265,0,-16.100365571604737
XPL70241,0,-13.892230731690429
XPL70217,0,-13.892230731690429
XPL70193,0,-11.667100991237511
XPL70181,0,-13.169019461885183
XPL70133,0,-11.022336410239959
XPL70121,0,-11.474200598385904
XPL70109,0,-17.407675779495733
XPL70097,0,-10.289720753177763
XPL70085,0,-12.947116403146596
XPL70073,0,-11.440273689357905
XPL70061,0,-13.892230731690429
XPL70049,0,-11.267936236925093
XPL70037,0,-11.267936236925093
XPL70026,0,-8.906817239423614
XPL70014,0,-17.407675779495733
XPL69990,0,-13.289202986793661
XPL69978,0,-12.332337504770358
XPL69966,0,-11.267936236925093
XPL69954,0,-11.267936236925093
XPL69942,0,-10.609497011027978
XPL69930,0,-11.267936236925093
XPL69906,0,-12.639144635990556
XPL69882,0,-10.751152213810311
XPL69870,0,-10.751152213810311
XPL69846,0,-13.212237036775049
XPL69834,0,-8.815372797548237
XPL69822,0,-13.149162017996309
XPL69774,0,-11.809611901264585
XPL69762,0,-11.839266167248267
XPL69750,0,-11.839266167248267
XPL69714,0,-11.839266167248267
XPL69702,0,-11.839266167248267
XPL69678,0,-11.839266167248267
XPL69666,0,-11.839266167248267
XPL69654,0,-11.839266167248267
XPL69618,0,-11.839266167248267
XPL69582,0,-8.917992201894789
XPL69570,0,-12.0823072432128
XPL69558,0,-12.0823072432128
XPL69546,0,-12.0823072432128
XPL69534,0,-12.0823072432128
XPL69510,0,-12.153729024208035
XPL69474,0,-12.490498414083895
XPL69462,0,-10.503315360200997
XPL69438,0,-10.503315360200997
XPL69426,0,-11.839266167248267
XPL69414,0,-11.839266167248267
XPL69402,0,-11.839266167248267
XPL69354,0,-12.578027227736026
XPL69342,0,-11.839266167248267
XPL69330,0,-11.839266167248267
XPL69306,0,-11.517320844300622
XPL69294,0,-11.079424411515458
XPL69270,0,-11.839266167248267
XPL69234,0,-13.326682314094075
XPL69222,0,-11.839266167248267
XPL69210,0,-17.475835972412746
XPL69198,0,-18.18726536797661
XPL69186,0,-17.407675779495733
XPL69174,0,-8.815372797548237
XPL69162,0,-8.617785502647312
XPL69138,0,-18.18726536797661
XPL69130,0,-13.169019461885183
XPL69114,0,-21.13070954013032
XPL69102,0,-19.41667685149948
XPL69090,0,-10.212997402552524
XPL69078,0,-10.212997402552524
XPL69066,0,-11.792652682498082
XPL69054,0,-18.18726536797661
XPL69042,0,-16.36903327195764
XPL69018,0,-9.635634805615723
XPL69006,0,-4.712682394290171
XPL68994,0,-7.442036303344576
XPL68983,0,-9.726890582425224
XPL68972,0,-12.639144635990556
XPL68960,0,-9.726890582425224
XPL68949,0,-12.639144635990556
XPL68937,0,-12.599805341682382
XPL68865,0,-11.370944357250423
XPL68853,0,-9.726890582425224
XPL68829,0,-12.639144635990556
XPL68817,0,-16.026248533449408
XPL68805,0,-12.639144635990556
XPL68793,0,-12.322328367841992
XPL68781,0,-10.926125625851663
XPL68769,0,-10.963376480317907
XPL68733,0,-11.114865659706016
XPL68721,0,-16.090076184527938
XPL68709,0,-14.654825833353188
XPL68697,0,-12.627214162877069
XPL68685,0,-12.594614690163747
XPL68661,0,-15.849549118759315
XPL68649,0,-11.839266167248267
XPL68625,0,-11.839266167248267
XPL68613,0,-17.407675779495733
XPL68601,0,-12.639144635990556
XPL68589,0,-18.381100348487255
XPL68577,0,-17.407675779495733
XPL68567,0,-12.18332039026921
XPL68556,0,-16.322689930518326
XPL68546,0,-11.839266167248267
XPL68536,0,-11.267936236925093
XPL68526,0,-11.839266167248267
XPL68516,0,-15.04857435484573
XPL68506,0,-7.442036303344576
XPL68498,0,-9.053542532171894
XPL68488,0,-9.053542532171894
XPL68476,0,-11.267936236925093
XPL68466,0,-11.839266167248267
XPL68459,0,-11.839266167248267
XPL68452,0,-11.899798320799233
XPL68442,0,-12.208233526498404
XPL68435,0,-17.407675779495733
XPL68415,0,-11.839266167248267
XPL68404,0,-13.291910651746752
XPL68385,0,-15.851455439693131
XPL68375,0,-11.809914200482362
XPL68353,0,-19.41667685149948
XPL68344,0,-13.652109134041254
XPL68334,0,-12.322328367841992
XPL68324,0,-10.495762461813387
XPL68315,0,-11.839266167248267
XPL68309,0,-10.750173005262766
XPL68300,0,-13.326682314094075
XPL68272,0,-11.078947069220883
XPL68265,0,-11.022336410239959
XOD40155,0,-28.822205358485917
XNM01050,0,-31.203030437989057
XNM00869,0,-30.24758947416565
XNM00820,0,-30.24758947416565
XNM00791,0,-30.24758947416565
XNM00781,0,-30.24758947416565
XMQ97291,0,-30.24758947416565
XMQ97200,0,-30.092646498672373
XMQ95356,0,-30.24758947416565
XMQ95228,0,-30.24758947416565
XMQ94971,0,-30.092646498672373
XCX90934,0,-23.91316114842676
XCV14090,0,-19.615335210668654
XCV14058,0,-30.80273966643145
XCV14073,0,-29.4687801522863
XCV14041,0,-17.955292986026333
XCV14057,0,-28.33230624789485
XCV14035,0,-30.03161593532586
XCV13979,0,-17.955292986026333
XCV13984,0,-29.145628840050158
XCV13951,0,-23.308977241546735
XCV13931,0,-29.145628840050158
XCV13935,0,-27.56124253174612
XCV13905,0,-28.33230624789485
XCV13923,0,-17.955292986026333
XCV13896,0,-28.33230624789485
XCV13886,0,-27.56124253174612
XCV13871,0,-23.83477174897722
XCV13831,0,-23.91316114842676
WZW45697,0,-28.822205358485917
WZW45509,0,-19.33900401154798
WZW45496,0,-19.33900401154798
WZW45410,0,-28.822205358485917
WZL55743,0,-28.977728503133
WZL55700,0,-29.9081243068986
WZL55697,0,-17.964852594423014
WZL55649,0,-28.96338038216208
WZL55637,0,-19.473047950601917
WZL55565,0,-28.51940260197962
WZL55546,0,-18.703460447840627
WZL55539,0,-18.703460447840627
WZL55524,0,-21.61562046007453
WZL55478,0,-23.91316114842676
WZL55455,0,-29.45643680928938
WZL55438,0,-22.464392258388944
WZL55414,0,-27.56124253174612
WZL55409,0,-28.822205358485917
WZL55354,0,-28.51940260197962
WZL55348,0,-28.92759104640161
WZL55333,0,-28.822205358485917
WZL55296,0,-28.33230624789485
WZL55279,0,-20.70089337612844
WZL55255,0,-26.79029481336438
WZL55236,0,-28.442274010639608
WZL55221,0,-28.33230624789485
WZL55199,0,-27.024848973312807
WZL55195,0,-29.145628840050158
WZL55171,0,-28.33230624789485
WZL55127,0,-17.964852594423014
WZL55117,0,-16.714406181058685
WZL55092,0,-17.964852594423014
WZL55076,0,-19.59950358900563
WZL55074,0,-26.023846338008326
WZL55056,0,-28.51940260197962
WZL55042,0,-28.33230624789485
WZL55038,0,-18.703460447840627
WYD67653,0,-28.33230624789485
XHV22734,0,-15.05516994930201
XHH12998,0,-3.942687470173352
XHH12986,0,-3.942687470173352
XHH12984,0,-3.942687470173352
XHH12962,0,-3.942687470173352
XHH12960,0,-3.942687470173352
XHH12948,0,-3.942687470173352
XHH12936,0,-3.942687470173352
XHH12888,0,-3.942687470173352
XFD34695,0,-12.947116403146596
XFD34671,0,-12.947116403146596
XFD34647,0,-12.947116403146596
XFD34635,0,-12.947116403146596
XFD34623,0,-11.809914200482362
XFD34575,0,-18.17086344062777
XFD34551,0,-12.231477938166071
XFD34541,0,-12.231477938166071
XFD34517,0,-12.548346085059654
XFD34493,0,-10.639018423152
XFD34481,0,-12.231477938166071
XFD34469,0,-11.659208289601901
XFD34457,0,-11.659208289601901
XFD34433,0,-12.570446822849755
XFD34409,0,-16.93308701144639
XFD34397,0,-10.22209439040148
XFD34374,0,-12.231477938166071
XFD34350,0,-14.866764868273545
XFD34328,0,-12.726693302352258
XFD34316,0,-15.007420730997369
XFD34292,0,-12.231477938166071
XFD34256,0,-12.102438270787323
XFD34244,0,-12.947116403146596
XFD34234,0,-12.947116403146596
XFD34222,0,-12.231477938166071
XFD34210,0,-10.747388484280329
XFD34198,0,-10.747388484280329
XFD34186,0,-11.899754612935759
XFD34174,0,-11.899754612935759
XFD34162,0,-11.659208289601901
XFD34138,0,-11.747622599208551
XFD34126,0,-11.659208289601901
XFD34114,0,-13.900596431903976
XFD34092,0,-11.899754612935759
XFD34068,0,-12.681145048809904
XFD34025,0,-11.899754612935759
XFD34003,0,-11.899754612935759
XFD33981,0,-11.899754612935759
XFD33945,0,-11.899754612935759
XFD33921,0,-13.07882130302231
XFD33897,0,-12.570446822849755
XFD33885,0,-12.570446822849755
XFD33861,0,-11.662011890140777
XFD33837,0,-12.681145048809904
XFD33830,0,-13.714497171985771
XFD33813,0,-12.02089228617412
XFD33801,0,-10.922208917057548
XFD33789,0,-12.231477938166071
XFD33765,0,-11.57453455036641
XFD33753,0,-11.57453455036641
XFD33741,0,-15.05516994930201
XFD33717,0,-12.814048142948296
XFD33705,0,-11.899754612935759
XFD33657,0,-15.05516994930201
XFD33633,0,-12.638843575586334
XFD33621,0,-12.401394153892339
XFD33609,0,-12.231477938166071
XFD33597,0,-12.814048142948296
XFD33561,0,-12.231477938166071
XFD33549,0,-13.427831730575905
XFD33537,0,-13.263713989780204
XFD33525,0,-11.32685304270636
XFD33513,0,-13.020207575104031
XFD33453,0,-12.707551160247403
XFD33441,0,-10.603961524746383
XFD33429,0,-12.737671358654755
XFD33417,0,-12.231477938166071
XFD33405,0,-11.899754612935759
XFD33369,0,-7.9379208928807845
XFD33357,0,-11.899754612935759
XFD33345,0,-12.231477938166071
XFD33333,0,-10.857054901904899
XFD33321,0,-12.539129658227875
XFD33299,0,-12.336264119275093
XFD33275,0,-11.233635976653092
XFD33263,0,-11.233635976653092
XFD33239,0,-11.84186589282218
XFD33227,0,-12.02089228617412
XFD33203,0,-12.67063906178546
XFD33179,0,-8.815372797548237
XFD33168,0,-12.838593808937706
XFD33156,0,-12.838593808937706
XFD33144,0,-12.838593808937706
XFD33132,0,-12.838593808937706
XFD33120,0,-14.030852998561508
XFD33108,0,-14.030852998561508
XFD33096,0,-12.998201127411361
XFD33084,0,-12.998201127411361
XFD33072,0,-12.998201127411361
XFD33060,0,-12.998201127411361
XFD33024,0,-13.714497171985771
XFD33012,0,-13.714497171985771
XFD33002,0,-13.714497171985771
XFD32990,0,-11.662011890140777
XFD32978,0,-11.662011890140777
XFD32966,0,-12.570446822849755
XFD32930,0,-14.093306763099568
XFD32918,0,-11.738909956570856
XFD32906,0,-11.738909956570856
XFD32894,0,-12.570446822849755
XFD32882,0,-16.54171927307933
XFD32870,0,-11.662011890140777
XFD32858,0,-11.662011890140777
XFD32846,0,-12.02089228617412
XFD32834,0,-12.020892286174123
XFD32822,0,-8.616614317706956
XFD32810,0,-8.61661431770696
XFD32798,0,-12.998201127411361
XFD32787,0,-12.998201127411361
XFD32756,0,-12.831894082171004
XFD32744,0,-14.583477425915772
XFD32732,0,-14.583477425915772
XFD32720,0,-12.570446822849755
XFD32708,0,-12.570446822849755
XFD32698,0,-12.02089228617412
XFD32686,0,-12.02089228617412
XFD32674,0,-10.495762461813387
XFD32662,0,-13.378393364041795
XFD32650,0,-13.403518149565974
XFD32638,0,-11.021249543557815
XFD32614,0,-13.169019461885183
XFD32578,0,-12.231477938166071
XFD32566,0,-11.659208289601901
XFD32554,0,-12.231477938166071
XFD32530,0,-12.02089228617412
XFD32518,0,-12.02089228617412
XFD32506,0,-12.02089228617412
XFD32494,0,-10.136884143147068
XFD32482,0,-15.966424950924724
XFD32470,0,-12.681145048809904
XFD32458,0,-12.681145048809904
XFD32446,0,-12.742125373432431
XFD32434,0,-12.742125373432431
XFD32422,0,-11.899754612935759
XFD32387,0,-12.02089228617412
XFD32351,0,-12.02089228617412
XFD32327,0,-12.74741022538722
XFD32315,0,-12.74741022538722
XFD32291,0,-11.888190181693133
XFD32231,0,-12.02089228617412
XFD32195,0,-16.93308701144639
XFD32183,0,-16.93308701144639
XFD32171,0,-9.952636400418633
XFD32159,0,-9.952636400418633
XFD32123,0,-13.622100909109339
XFD32113,0,-10.145520458776653
XFD32101,0,-10.145520458776653
XFD32089,0,-14.39065419329306
XFD32077,0,-14.39065419329306
XFD32065,0,-9.242117133472131
XFD32041,0,-12.570446822849755
XFD32017,0,-15.184529820901735
XFD31985,0,-15.184529820901735
XFD31973,0,-8.815372797548237
XFD31961,0,-8.815372797548237
XFD31937,0,-11.357248497257013
XFD31925,0,-11.689456530170908
XFD31913,0,-11.689456530170908
XFD31901,0,-13.776955312400837
XFD31889,0,-13.776955312400837
XFD31877,0,-12.02089228617412
XFD31865,0,-15.184529820901735
XFD31853,0,-15.184529820901735
XFD31841,0,-15.05516994930201
XFD31829,0,-15.05516994930201
XFD31817,0,-12.060991450134322
XFD31805,0,-13.270257153933542
XFD31757,0,-11.899754612935759
XFD31745,0,-15.05516994930201
XFD31733,0,-12.231477938166071
XFD31721,0,-12.638843575586334
XFD31697,0,-11.899754612935759
XFD31685,0,-11.899754612935759
XFD31673,0,-7.828372777417215
XFD31661,0,-7.828372777417215
XFD31649,0,-7.828372777417215
XFD31637,0,-13.208418971242157
XFD31625,0,-12.183860191040722
XFD31613,0,-11.312837430922349
XFD31565,0,-12.231477938166071
XFD31553,0,-9.135275362519957
XFD31541,0,-10.152259552416693
XFD31529,0,-13.264367798064225
XFD31517,0,-12.785678648323943
XFD31505,0,-12.785678648323943
XFD31483,0,-13.714497171985771
XFD31471,0,-13.224296646819282
XFD31459,0,-13.224296646819282
XFD31447,0,-14.093306763099568
XFD31436,0,-14.093306763099568
XFD31424,0,-12.02089228617412
XFD31412,0,-12.02089228617412
XFD31388,0,-12.687471590648986
XFD31376,0,-16.05766265460528
XFD31364,0,-16.05766265460528
XFD31352,0,-12.09219132165442
XFD31340,0,-14.260781070864745
XFD31328,0,-10.924164047229795
XFD31316,0,-12.365235527645925
XFD31304,0,-12.570446822849755
XFD31292,0,-12.557728890595795
XFD31268,0,-12.570446822849755
XFD31256,0,-13.924394690181225
XFD31244,0,-13.714497171985771
XFD31232,0,-13.714497171985771
XFD31220,0,-13.714497171985771
XFD31208,0,-12.872027835126039
XFD31184,0,-13.714497171985771
XFD31161,0,-12.570446822849755
XFD31149,0,-12.570446822849755
XFD31137,0,-18.05298092278767
XFD31125,0,-18.05298092278767
XFD31113,0,-11.899754612935759
XFD31101,0,-11.899754612935759
XFD31089,0,-12.766248099813346
XFD31065,0,-12.681145048809904
XFD31053,0,-10.782149019355083
XFD31041,0,-11.659208289601901
XFD31029,0,-12.58882118255456
XFD31017,0,-12.02089228617412
XFD30993,0,-11.42629152639014
XFD30981,0,-12.91809569842296
XFD30969,0,-12.02780450833185
XFD30933,0,-12.947116403146596
XFD30921,0,-12.947116403146596
XFD30909,0,-12.300703511369932
XFD30885,0,-9.912039243095323
XFD30873,0,-8.917992201894789
XFD30861,0,-8.917992201894789
XFD30849,0,-10.36830907284523
XFD30837,0,-12.2706022941486
XFD30825,0,-16.62277809438897
XFD30813,0,-8.917992201894789
XFD30805,0,-14.12214512333321
XFD30777,0,-12.91809569842296
XFD30765,0,-11.989375880126937
XFD30753,0,-11.877862301485164
XFD30729,0,-12.681145048809904
XFD30705,0,-12.947116403146596
XFD30693,0,-12.947116403146596
XFD30681,0,-11.899754612935759
XFD30669,0,-11.899754612935759
XFD30621,0,-12.231477938166071
XFD30609,0,-13.714497171985771
XFD30587,0,-12.927384949803658
XFD30563,0,-12.02089228617412
XFD30551,0,-9.79449565292106
XFD30539,0,-9.79449565292106
XFD30515,0,-9.79449565292106
XFD30503,0,-12.02089228617412
XFD30491,0,-9.79449565292106
XFD30481,0,-9.79449565292106
XFD30469,0,-9.811993067625187
XFD30457,0,-9.79449565292106
XFD30445,0,-9.79449565292106
XFD30433,0,-19.99499938126432
XFD30421,0,-12.02089228617412
XFD30409,0,-13.714497171985771
XFD30373,0,-14.517729335609292
XFD30361,0,-13.714497171985771
XFD30301,0,-11.673164910342889
XFD30277,0,-13.378393364041795
XFD30253,0,-13.378393364041795
XFD30241,0,-12.231477938166071
XFD30229,0,-12.231477938166071
XFD30217,0,-12.681145048809904
XFD30205,0,-12.681145048809904
XFD30193,0,-12.004471823433233
XFD30145,0,-12.231477938166071
XFD30121,0,-13.214800559265763
XFD30109,0,-13.214800559265763
XFD30097,0,-11.524863233793262
XFD30085,0,-11.524863233793262
XFD30049,0,-12.058853791459141
XFD30037,0,-12.058853791459141
XFD30025,0,-11.524863233793262
XFD30013,0,-11.524863233793262
XFD30001,0,-12.22977675605292
XFD29989,0,-12.22977675605292
XFD29977,0,-11.750005961699802
XFD29965,0,-11.750005961699802
XFD29931,0,-11.868794774077246
XFD29872,0,-12.681145048809904
XFD29860,0,-14.312580146972213
XFD29848,0,-13.76196732078339
XFD29836,0,-12.570446822849755
XFD29812,0,-12.231477938166071
XFD29800,0,-12.681145048809904
XFD29788,0,-12.02089228617412
XFD29776,0,-12.02089228617412
XFD29764,0,-9.912050479816964
XFD29728,0,-12.261322972868106
XFD29716,0,-11.899754612935759
XFD29706,0,-11.899754612935759
XFD29694,0,-11.476826167492087
XFD29682,0,-11.476826167492087
XFD29670,0,-13.117734483775529
XFD29658,0,-13.117734483775529
XFD29646,0,-8.815372797548237
XFD29634,0,-8.815372797548237
XFD29622,0,-12.681145048809904
XFD29610,0,-12.681145048809904
XFD29598,0,-8.917992201894789
XFD29574,0,-13.270049830699492
XFD29562,0,-12.987367440400595
XFD29550,0,-12.987367440400595
XFD29538,0,-12.200439649996566
XFD29527,0,-12.200439649996566
XFD29479,0,-15.382436311768627
XFD29467,0,-16.249643907078372
XFD29455,0,-16.249643907078372
XFD29419,0,-12.02089228617412
XFD29407,0,-12.02089228617412
XFD29395,0,-8.600726726121028
XFD29383,0,-8.600726726121028
XFD29347,0,-13.169019461885183
XFD29335,0,-15.97103140913316
XFD29311,0,-12.634073836371813
XFD29299,0,-13.58596860507352
XFD29275,0,-11.267936236925093
XFD29263,0,-11.267936236925093
XFD29251,0,-12.231477938166071
XFD29227,0,-12.570446822849755
XFD29193,0,-12.231477938166071
XFD29181,0,-12.570446822849755
XFD29169,0,-12.570446822849755
XFD29157,0,-12.570446822849755
XFD29145,0,-13.714497171985771
XFD29133,0,-13.714497171985771
XFD29097,0,-12.570446822849755
XFD29073,0,-12.02089228617412
XFD29037,0,-15.05516994930201
XFD29013,0,-13.161923986360271
XFD29001,0,-12.681145048809904
XFD28989,0,-12.681145048809904
XFD28977,0,-12.231477938166071
XFD28965,0,-11.659208289601901
XFD28953,0,-11.659208289601901
XFD28941,0,-13.104885696063485
XFD28929,0,-13.104885696063485
XFD28917,0,-11.659208289601901
XFD28905,0,-11.659208289601901
XFD28893,0,-11.659208289601901
XFD28869,0,-14.69139295362638
XFD28857,0,-11.209800742293032
XFD28845,0,-11.209800742293032
XFD28833,0,-11.92343278184286
XFD28821,0,-11.92343278184286
XFD28809,0,-13.541824002465866
XFD28797,0,-14.42712329928496
XFD28785,0,-14.42712329928496
XFD28761,0,-12.570446822849755
XFD28749,0,-13.541824002465866
XFD28725,0,-12.02089228617412
XFD28701,0,-12.207511238846966
XFD28677,0,-8.319578709139586
XFD28665,0,-12.947116403146596
XFD28653,0,-9.36987258370219
XFD28629,0,-12.02089228617412
XFD28617,0,-12.02089228617412
XFD28605,0,-12.02089228617412
XFD28593,0,-12.02089228617412
XFD28581,0,-10.867289367659376
XFD28570,0,-10.867289367659376
XFD28559,0,-10.523499006521426
XFD28547,0,-10.523499006521426
XFD28535,0,-8.917992201894789
XFD28523,0,-12.231477938166071
XFD28511,0,-12.231477938166071
XFD28499,0,-8.917992201894789
XFD28487,0,-8.917992201894789
XFD28475,0,-9.661778331095816
XFD28451,0,-13.214800559265763
XFD28427,0,-9.661778331095816
XFD28415,0,-16.93308701144639
XFD28403,0,-16.93308701144639
XFD28391,0,-12.681145048809904
XFD28379,0,-12.681145048809904
XFD28367,0,-12.354339332082244
XFD28343,0,-13.714497171985771
XFD28319,0,-13.221428783361858
XFD28307,0,-13.221428783361858
XFD28295,0,-12.681145048809904
XFD28283,0,-12.681145048809904
XFD28271,0,-13.204107726248775
XFD28259,0,-13.204107726248775
XFD28247,0,-12.231477938166071
XFD28237,0,-12.231477938166071
XFD28225,0,-12.231477938166071
XFD28213,0,-12.231477938166071
XFD28201,0,-12.231477938166071
XFD28191,0,-12.231477938166071
XFD28179,0,-13.636001187394172
XFD28167,0,-13.636001187394172
XFD28155,0,-12.231477938166071
XFD28143,0,-12.231477938166071
XFD28131,0,-15.02489334964936
XFD28119,0,-15.02489334964936
XFD28107,0,-15.02489334964936
XFD28095,0,-15.02489334964936
XFD28073,0,-15.02489334964936
XFD28037,0,-9.503941948331182
XFD28025,0,-11.754109581901014
XFD28013,0,-11.754109581901014
XFD28001,0,-12.401394153892339
XFD27989,0,-12.231477938166071
XFD27977,0,-12.401394153892339
XFD27965,0,-9.242117133472131
XFD27941,0,-12.336760118089684
XFD27930,0,-12.336760118089684
XFD27919,0,-12.787147318434947
XFD27907,0,-13.848938937514186
XFD27871,0,-12.231477938166071
XFD27859,0,-11.899754612935759
XFD27847,0,-13.333460415974502
XFD27835,0,-11.689456530170908
XFD27823,0,-13.83896822431085
XFD27787,0,-12.336760118089684
XFD27776,0,-14.658883864329791
XFD27764,0,-12.947116403146596
XFD27728,0,-13.835180364870556
XFD27704,0,-9.436755677433695
XFD27692,0,-10.610612551043122
XFD27680,0,-10.610612551043122
XFD27668,0,-13.714497171985771
XFD27644,0,-17.350813429017435
XFD27632,0,-11.086252059230102
XFD27620,0,-15.736822512662537
XFD27608,0,-15.736822512662537
XFD27596,0,-8.815372797548237
XFD27584,0,-8.815372797548237
XFD27572,0,-8.815372797548237
XFD27560,0,-12.681145048809904
XFD27536,0,-8.319578709139586
XFD27488,0,-15.046047128475163
XFD27452,0,-12.231477938166071
XFD27440,0,-12.231477938166071
XFD27428,0,-9.122142791832665
XFD27416,0,-9.122142791832665
XFD27404,0,-12.231477938166071
XFD27356,0,-11.899754612935759
XFD27344,0,-11.899754612935759
XFD27332,0,-12.638843575586334
XFD27320,0,-14.108803366793692
XFD27308,0,-11.899754612935759
XFD27296,0,-11.899754612935759
XFD27284,0,-16.86433139674437
XFD27272,0,-16.86433139674437
XFD27260,0,-12.681145048809904
XFD27248,0,-12.681145048809904
XFD27237,0,-14.930126510208295
XFD27201,0,-10.762706191517148
XFD27177,0,-12.570446822849755
XFD27165,0,-12.231477938166071
XFD27153,0,-12.570446822849755
XFD27141,0,-12.231477938166071
XFD27129,0,-12.231477938166071
XFD27105,0,-13.100358281212424
XFD27093,0,-10.535237184080179
XFD27081,0,-10.535237184080179
XFD27057,0,-13.714497171985771
XFD27045,0,-12.570446822849755
XFD27033,0,-12.570446822849755
XFD27009,0,-11.659208289601901
XFD26997,0,-11.659208289601901
XFD26961,0,-11.726007908703403
XFD26937,0,-15.05516994930201
XFD26925,0,-15.05516994930201
XFD26913,0,-13.714497171985771
XFD26901,0,-13.714497171985771
XFD26889,0,-11.91679315551602
XFD26865,0,-13.714497171985771
XFD26853,0,-13.714497171985771
XFD26829,0,-12.570446822849755
XFD26805,0,-14.054704206249834
XFD26793,0,-14.054704206249834
XFD26781,0,-14.054704206249834
XFD26769,0,-14.054704206249834
XFD26757,0,-14.638351987956318
XFD26745,0,-13.62604717777254
XFD26733,0,-13.62604717777254
XFD26721,0,-13.62604717777254
XFD26709,0,-13.714497171985771
XFD26697,0,-13.714497171985771
XFD26685,0,-11.056493670244988
XFD26673,0,-11.056493670244988
XFD26651,0,-12.231477938166071
XFD26639,0,-12.231477938166071
XFD26615,0,-12.570446822849755
XFD26603,0,-12.570446822849755
XFD26591,0,-12.231477938166071
XFD26569,0,-13.714497171985771
XFD26533,0,-12.231477938166071
XFD26521,0,-12.231477938166071
XFD26509,0,-11.899754612935759
XFD26497,0,-11.899754612935759
XFD26485,0,-12.231477938166071
XFD26473,0,-14.333378803994686
XFD26462,0,-12.02089228617412
XFD26450,0,-12.02089228617412
XFD26438,0,-16.728156564404394
XFD26426,0,-12.231477938166071
XFD26402,0,-12.231477938166071
XFD26378,0,-12.231477938166071
XFD26366,0,-12.231477938166071
XFD26330,0,-12.681145048809904
XFD26318,0,-14.002374910875563
XFD26294,0,-12.570446822849755
XFD26270,0,-12.187960236091174
XFD26258,0,-15.05516994930201
XFD26246,0,-11.54892821484914
XFD26234,0,-11.54892821484914
XFD26198,0,-12.409569181912204
XFD26186,0,-12.998201127411361
XFD26174,0,-12.231477938166071
XFD26162,0,-12.554052170533373
XFD26150,0,-15.91113826538768
XFD26138,0,-12.072199452491999
XFD26102,0,-12.231477938166071
XFD26078,0,-13.996321837320943
XFD26054,0,-11.475539698987928
XFD26042,0,-12.947116403146596
XFD26030,0,-12.947116403146596
XFD26018,0,-12.947116403146596
XFD25994,0,-12.947116403146596
XFD25970,0,-11.797386397435211
XFD25958,0,-12.947116403146596
XFD25946,0,-9.50572670488362
XFD25922,0,-13.354570997868352
XFD25910,0,-13.714497171985771
XFD25898,0,-11.899754612935759
XFD25862,0,-16.06637006787847
XFD25850,0,-12.231477938166071
XFD25838,0,-12.570446822849755
XFD25826,0,-11.58061735767694
XFD25814,0,-11.9012678496771
XFD25802,0,-12.02089228617412
XFD25778,0,-12.358517469487454
XFD25767,0,-12.02089228617412
XFD25755,0,-10.857365201140254
XFD25743,0,-13.625559407659948
XFD25731,0,-10.087908965845708
XFD25719,0,-12.231477938166071
XFD25707,0,-11.75197989731073
XFD25683,0,-9.941694219410916
XFD25659,0,-11.899754612935759
XFD25647,0,-9.242117133472131
XFD25635,0,-10.125908946849663
XFD25623,0,-10.721363155245507
XFD25611,0,-11.388418724830247
XFD25601,0,-11.388418724830247
XFD25577,0,-11.899754612935759
XFD25565,0,-12.947116403146596
XFD25553,0,-12.02089228617412
XFD25541,0,-13.714497171985771
XFD25529,0,-11.899754612935759
XFD25517,0,-12.354339332082244
XFD25493,0,-12.231477938166071
XFD25481,0,-11.979023657417216
XFD25471,0,-12.952646332996759
XFD25461,0,-12.570446822849755
XFD25439,0,-11.438577407359812
XFD25429,0,-12.02089228617412
XFD25419,0,-11.57453455036641
XFD25404,0,-14.620399603981069
XFD25394,0,-12.947116403146596
XFD25384,0,-12.947116403146596
XFD25366,0,-12.570446822849755
XFD25345,0,-12.570446822849755
XFD25335,0,-11.899754612935759
XFD25315,0,-15.757155022501541
XFD25306,0,-11.659208289601901
XFD25294,0,-12.202323013964632
XFD25284,0,-11.659208289601901
XFD25274,0,-12.231477938166071
XFD25254,0,-8.917992201894789
XFD25234,0,-12.428591575148042
XFD25224,0,-13.390182057270112
XFD25214,0,-8.815372797548237
XFD25195,0,-11.218306668642272
XFD25188,0,-13.58596860507352
XFD25178,0,-12.570446822849755
XFD25168,0,-12.480982780687185
XFD25149,0,-13.208418971242157
XFD25139,0,-12.831894082171004
XFD25121,0,-12.231477938166071
XFD25099,0,-13.21305255427781
XFD25088,0,-11.899754612935759
XFD25078,0,-14.42712329928496
XFD25067,0,-7.775705499450995
XFD25046,0,-12.231477938166071
XFD25036,0,-13.58596860507352
XFD25026,0,-12.681145048809904
XFD25016,0,-15.05516994930201
XFD24989,0,-14.42712329928496
XFD24978,0,-13.438159082217764
XFD24970,0,-12.681145048809904
XFD24930,0,-10.865760630872014
XFD24913,0,-13.044620447579112
XFD24903,0,-11.659208289601903
XFD24863,0,-10.087908965845708
XFD24853,0,-12.570446822849755
XFD24843,0,-11.71181956304366
XFD24833,0,-12.681145048809904
XFD24822,0,-12.231477938166071
XFD24812,0,-12.02089228617412
XFD24801,0,-12.231477938166071
XFD24791,0,-12.02089228617412
XFD24781,0,-12.231477938166071
XFD24771,0,-12.766248099813346
XFD24741,0,-11.90760495173561
XFB56347,0,-14.64840570975944
XFB56335,0,-13.345208792915155
XFB56329,0,-7.7832518353401134
XFB56319,0,-15.354456896934341
XFB56315,0,-16.95874678049249
XFB56313,0,-14.470852917232811
XFA02388,0,-14.241759262340391
XFA02387,0,-4.197568019559171
XEQ90840,0,-15.693271659010678
XEQ90836,0,-15.457436463731732
XCV19028,0,-15.249990626464427
XCV19026,0,-14.597797624318815
XCV19019,0,-14.808087580113972
XCV19018,0,-14.861676521645995
XCV19015,0,-18.928187731104565
XCV19013,0,-17.407149135160658
XCV19012,0,-16.65647004461542
XCV19010,0,-15.985801433952737
XCV19008,0,-18.110438661171003
XCV19006,0,-20.08412036548835
XCV19005,0,-19.484766311637678
XCV18988,0,-23.643838544867485
XCV18980,0,-18.057592657567646
XCV18975,0,-17.547294794577947
XCV18965,0,-16.17670476233065
XCV18955,0,-17.547294794577947
XCV18950,0,-17.547294794577947
XCV18948,0,-15.260908926797683
XCV18945,0,-17.046437533847488
XCV18942,0,-13.610125138862943
XCV18940,0,-17.547294794577947
XCV18935,0,-19.017825237899693
XCV18924,0,-10.26979320339376
XCV18914,0,-16.222484861881817
XCV18909,0,-16.222484861881817
XCV18907,0,-16.222484861881817
XCV18888,0,-13.015119588331073
XCV18883,1,2.426943079773391
XCV18859,0,-18.682709948623884
XCV18851,0,-6.169394761400756
XCV18849,0,-7.719311434428569
XCV18844,0,-9.304007427468438
XCV18828,0,-9.880567649781987
XCV18813,0,-15.724108588085445
XCV18803,0,-20.34727792195664
XCV18802,0,-2.8487880408783113
XCV18799,0,-18.87899876246766
XCV18796,0,-18.3472048590912
XCV18795,0,-18.707863295415656
XCV18794,0,-19.163175326685206
XCV18792,0,-19.163175326685206
XCV18789,0,-19.163175326685206
XCV18781,0,-17.856775358815053
XCV18780,0,-12.355328130334822
XCV18779,0,-17.856775358815053
XCV18775,0,-3.0285553907507357
XCV18774,0,-12.470606595703355
XCV18773,0,-10.476597459888273
XCV18771,0,-21.7319303314786
XCV18751,0,-12.060952788561965
XCV18750,0,-13.034813450497898
XCV18746,0,-12.060952788561965
XCV18742,0,-22.507324167062094
XCV18734,0,-10.167251740839365
XCV18733,0,-4.618198060118542
XCV18732,0,-9.68194332032607
XCV18730,0,-12.060952788561965
XCV18722,0,-11.13036240244264
XCV18719,0,-6.460141800577368
XCV18717,0,-4.819030555467199
XCV18716,0,-5.218081091802495
XCV18715,0,-14.417826362580579
XCV18714,0,-4.819030555467199
XCV18713,0,-9.152956666096836
XCV18710,0,-14.068753679320174
XCV18702,0,-20.281427926701582
XCV18689,0,-14.605041952362726
XCV18687,1,3.3166684714851833
XCV18686,0,-18.859388126335542
XCV18682,0,-15.58095044831285
XCV18670,0,-10.12465350404667
XCV18625,0,-19.58521563302717
XCV18616,0,-18.200399037203905
XCV18611,0,-24.396747795902343
XCV18598,0,-16.90170254537824
XCV18597,0,-16.90170254537824
XCV18596,0,-16.90170254537824
XCV18590,0,-16.826317931345365
XCV18587,0,-19.05673363535204
XCV18534,0,-15.194430071723653
XCV18532,0,-14.43508428471742
XCV18526,0,-12.205166804316045
XCV18525,0,-17.101239297644998
XCV18524,0,-5.95814680785089
XCV18523,0,-12.823919060503059
XCV18520,0,-13.09144401331395
XCV18519,0,-12.823919060503059
XCV18518,0,-13.09144401331395
XCV18517,0,-12.858906849119288
XCV18515,0,-13.09144401331395
XCV18513,0,-6.1567354928047315
XCV18512,0,-5.267989495171106
XCV18333,0,-3.2518080146751043
XCV18331,0,-4.729655325420206
XCV18328,0,-12.058856369391185
XCV18326,0,-18.264130283196625
XCV18325,0,-6.604848098305466
XCV18324,0,-6.604848098305466
XCV18322,0,-18.264130283196625
XCV18305,0,-19.665643712342842
XCV18290,0,-11.45975753454907
XCV18289,0,-14.258551795878411
XCV18280,0,-7.339867938304691
XCV18278,0,-11.412815138012192
XCV18275,0,-11.178883648455205
XCV18274,0,-10.444113750697152
XCV18273,0,-8.137755482421559
XCV18256,0,-12.818938679583228
XCV18255,0,-19.854747263768523
XCV18247,0,-10.105538281684495
XCV18232,0,-9.283394003853147
XCV18225,0,-21.235985720117505
XCV18222,0,-15.751661413686826
XCV18219,0,-12.890854933777991
XCV18216,0,-11.984778962552273
XCV18208,0,-18.87759922875852
XCV18206,0,-17.66046098788514
XCV18205,0,-19.163175326685206
XCV18203,0,-18.946224274051442
XCV18198,0,-18.994386161569544
XCV18191,0,-18.994386161569544
XCV18189,0,-11.824528500926759
XCV18182,0,-18.946224274051442
XCV18180,0,-11.948198563430772
XCV18178,0,-20.669099642579624
XCV18177,0,-17.796294009587612
XCV18163,0,-17.274437956271168
XCV18158,0,-18.024388084552058
XCV18156,0,-16.59136194576333
XCV18155,0,-9.927450299058474
XCV18154,0,-10.633383152576478
XCV18138,0,-17.78502938122108
XCV18131,0,-19.724850109830207
XCV18130,0,-20.119487400090527
XCV18108,0,-5.51870895082189
XCV18101,0,-31.46037122095325
XCV18092,0,-18.154850027053882
XCV18087,0,-11.248728930816828
XCV18085,0,-17.89758473366924
XCV18081,0,-17.89758473366924
XCV18080,0,-11.248728930816828
XCV18076,0,-14.758471084480895
XCV18054,0,-11.248728930816828
XCV18049,0,-21.39241275960531
XCV18048,0,-20.281427926701582
XCV18040,0,-20.281427926701582
XCV18035,0,-20.281427926701582
XCV18034,0,-20.281427926701582
XCV18032,0,-19.21756292663831
XCV18028,0,-14.392232939662613
XCV18020,0,-18.706433994465286
XCV18019,0,-20.270362456268398
XCV18018,0,-18.295158391615782
XCV18012,0,-7.733581834924077
XCV18009,1,4.846887196079754
XCV18008,0,-19.0051118557886
XCV18007,1,4.846887196079754
XCV18006,0,-19.122210139666493
XCV18000,0,-19.122210139666493
XCV17998,0,-7.595413423176566
XCV17996,0,-13.000191562971825
XCV17988,0,-26.03000325130278
XCV17975,0,-19.854747263768523
XCV17974,0,-16.146902523947862
XCV17962,0,-13.84144265234368
XCV17961,0,-3.297932677150177
XCV17954,0,-16.146902523947862
XCV17932,1,0.5818930467719738
XCV17930,0,-10.14195986680912
XCV17922,0,-13.015119588331073
XCV17916,0,-12.087887015908596
XCV17912,0,-9.350636999577539
XCV17898,0,-10.00774384649619
XCV17892,1,2.2725399352889486
XCV17888,0,-13.936792488863276
XCV17886,0,-13.921321217911089
XCV17870,0,-15.051756854109462
XCV17869,0,-15.715106186303409
XCV17866,0,-15.216061119617702
XCV17862,0,-12.117623118082385
XCV17860,0,-15.694222540173499
XCV17858,0,-14.616152521062988
XCV17855,0,-15.961720138792442
XCV17854,0,-15.961720138792442
XCV17852,1,3.3166684714851833
XCV17848,0,-13.247740503643591
XCV17837,0,-13.015119588331073
XCV17824,0,-14.000194829159936
XCV17823,0,-14.000194829159936
XCV17816,0,-19.673225421073916
XCV17813,0,-19.673225421073916
XCV17798,0,-17.180553562949235
XCV17797,0,-14.000194829159936
XCV17793,0,-17.025441356803608
XCV17787,0,-19.671328055904695
XCV17771,0,-13.6538094721324
XCV17770,0,-13.946999243729945
XCV17769,0,-13.6538094721324
XCV17768,0,-13.946999243729945
XCV17767,0,-14.19304751867812
XCV17731,0,-15.837798087508647
XCV17723,0,-15.653420602456276
XCV17721,0,-15.653420602456276
XCV17715,0,-18.680803393578294
XCV17714,0,-18.850952643524472
XCV17712,0,-18.680803393578294
XCV17711,0,-18.850952643524472
XCV17700,0,-18.55133562671169
XCV17698,0,-18.85281407431757
XCV17695,0,-24.310772779403848
XCV17689,0,-24.310772779403848
XCV17688,0,-23.153022878375687
XCV17687,0,-18.55133562671169
XCV17684,0,-17.732261996835437
XCV17676,0,-20.326660546818406
XCV17675,0,-20.326660546818406
XCV17673,0,-16.31481217475441
XCV17672,0,-20.1492155144888
XCV17671,0,-16.31481217475441
XCV17670,0,-16.31481217475441
XCV17669,0,-17.613028979157757
XCV17663,0,-14.697071650042089
XCV17662,0,-14.697071650042089
XCV17661,0,-14.697071650042089
XCV17655,0,-11.1403327441788
XCV17654,0,-14.697071650042089
XCV17653,0,-12.894308228228342
XCV17648,0,-8.860589074933715
XCV17647,0,-8.860589074933715
XCV17646,0,-8.860589074933715
XCV17645,0,-8.860589074933715
XCV17640,0,-12.894308228228342
XCV17634,0,-14.697071650042089
XCV17633,0,-14.471384164970967
XCV17627,0,-17.05742050479624
XCV17619,0,-24.060713075528753
XCV17617,0,-22.650983124640163
XCV17614,0,-22.650983124640163
XCV17613,0,-15.52649949741259
XCV17611,0,-16.318872755209707
XCV17607,0,-24.060713075528753
XCV17606,0,-24.060713075528753
XCV17603,0,-15.52649949741259
XCV17601,0,-14.471384164970967
XCV17600,0,-14.471384164970967
XCV17599,0,-18.644314750163588
XCV17597,0,-15.034421094659995
XCV17596,0,-18.644314750163588
XCV17592,0,-22.226343612788853
XCV17589,0,-17.05742050479624
XCV17585,0,-16.4826632506527
XCV17584,0,-16.27483708796162
XCV17561,0,-14.218052089226331
XCV17547,0,-14.873828558107501
XCV17546,0,-14.873828558107501
XCV17544,0,-16.265704243535694
QDH11968,0,-29.987843537976687
XCB07766,0,-10.362356820582358
XCB07762,0,-10.459064359941511
XBP17305,0,-12.231477938166071
XAV35323,0,-12.336760118089684
XAV35317,0,-8.000503076481092
XAV35109,0,-13.312404629384439
WZL52273,0,-12.998201127411361
WZL52249,0,-12.515435889842623
WZL52237,0,-12.515435889842623
WZL52201,0,-12.855149848160105
WZL52189,0,-11.011435558941677
WZL52177,0,-8.412389585614536
WZL52165,0,-8.412389585614536
WZL52153,0,-12.998201127411361
WZL52141,0,-12.998201127411361
WZL52129,0,-11.630502686055612
WZL52117,0,-11.630502686055612
WZL52095,0,-12.02089228617412
WZL52083,0,-12.401394153892339
WZL52071,0,-13.50987187841962
WZL52059,0,-13.125950852995189
WZL52037,0,-12.02089228617412
WZL52025,0,-12.02089228617412
WZL52015,0,-12.02089228617412
WZL52003,0,-12.02089228617412
WZL51991,0,-12.02089228617412
WZL51979,0,-12.10421354338879
WZL51967,0,-12.02089228617412
WZL51943,0,-12.231477938166071
WZL51931,0,-12.02089228617412
WZL51919,0,-12.02089228617412
WZL51907,0,-9.25982122354317
WZL51883,0,-12.02089228617412
WZL51871,0,-12.02089228617412
WZL51859,0,-12.02089228617412
WZL51847,0,-12.02089228617412
WZL51787,0,-11.899754612935759
WZL51775,0,-11.899754612935759
WZL51763,0,-11.899754612935759
WZL51751,0,-11.689456530170908
WZL51739,0,-13.190663125376421
WZL51727,0,-11.844732786508215
WZL51703,0,-12.231477938166071
WZL51691,0,-12.231477938166071
WZL51679,0,-12.231477938166071
WZL51655,0,-12.231477938166071
WZL51643,0,-12.231477938166071
WZL51631,0,-12.231477938166071
WZL51619,0,-11.659208289601901
WZL51607,0,-11.659208289601901
WZL51595,0,-9.568023526827833
WZL51583,0,-11.659208289601901
WZL51571,0,-11.659208289601901
WZL51559,0,-11.659208289601901
WZL51547,0,-11.659208289601901
WZL51535,0,-11.659208289601901
WZL51523,0,-12.231477938166071
WZL51511,0,-15.05516994930201
WZL51499,0,-11.899754612935759
WZL51487,0,-11.899754612935759
WZL51475,0,-11.899754612935759
WZL51463,0,-11.899754612935759
WZL51415,0,-16.72117550100551
WZL51403,0,-13.631330921756025
WZL51391,0,-12.231477938166071
WZL51379,0,-12.231477938166071
WZL51367,0,-12.231477938166071
WZL51355,0,-13.217778519096953
WZL51343,0,-12.02089228617412
WZL51319,0,-11.659208289601901
WZL51307,0,-12.07331633786784
WZL51295,0,-12.07331633786784
WZL51283,0,-12.257000863935678
WZL51271,0,-12.257000863935678
WZL51259,0,-11.01356138573237
WZL51235,0,-13.311527675458512
WZL51223,0,-9.537009480335598
WZL51211,0,-9.537009480335598
WZL51199,0,-11.71181956304366
WZL51188,0,-11.71181956304366
WZL51177,0,-12.534365571033282
WZL51153,0,-8.030217639037179
WZL51141,0,-12.231477938166071
WZL51129,0,-12.060991450134322
WZL51105,0,-12.060991450134322
WZL51093,0,-12.060991450134322
WZL51081,0,-12.060991450134322
WZL51057,0,-12.060991450134322
WZL51047,0,-12.060991450134322
WZL51035,0,-12.060991450134322
WZL51023,0,-12.681145048809904
WZL51011,0,-15.05516994930201
WZL50999,0,-12.401394153892339
WZL50975,0,-11.659208289601901
WZL50963,0,-12.231477938166071
WZL50951,0,-12.1675850257596
WZL50928,0,-16.93308701144639
WZL50880,0,-14.471952465269666
WZL50868,0,-17.818628035330498
WZL50832,0,-12.482246579121375
WZL50820,0,-10.272718499335237
WZL50785,0,-12.02089228617412
WZL50761,0,-7.9379208928807845
WZL50749,0,-11.899754612935759
WZL50737,0,-11.899754612935759
WZL50725,0,-10.857054901904899
WZL50713,0,-12.02089228617412
WZL50689,0,-12.231477938166071
WZL50665,0,-11.094862954228
WZL50653,0,-11.094862954228
WZL50617,0,-11.094862954228
WZL50605,0,-11.97275428364974
WZL50593,0,-12.61652740439303
WZL50557,0,-12.61652740439303
WZL50545,0,-12.61652740439303
WZL50533,0,-12.231477938166071
WZL50521,0,-12.231477938166071
WZL50509,0,-13.37074970382372
WZL50497,0,-13.37074970382372
WZL50485,0,-10.918640567390325
WZL50473,0,-15.497045854417264
WZL50461,0,-15.497045854417264
WZL50449,0,-11.524863233793262
WZL50437,0,-11.524863233793262
WZL50413,0,-15.497045854417264
WZL50401,0,-9.540429015387565
WZL50389,0,-11.391167836860534
WZL50377,0,-10.884166494201928
WZL50365,0,-12.401394153892339
WZL50353,0,-11.84186589282218
WZL50341,0,-11.524863233793262
WZL50329,0,-13.526360294051893
WZL50317,0,-12.02089228617412
WZL50305,0,-12.02089228617412
WZL50293,0,-11.75197989731073
WZL50281,0,-11.75197989731073
WZL50269,0,-11.75197989731073
WZL50245,0,-13.149898341726805
WZL50233,0,-13.149898341726805
WZL50221,0,-11.659208289601901
WZL50209,0,-11.524863233793262
WZL50197,0,-11.524863233793262
WZL50185,0,-11.877862301485164
WZL50161,0,-11.659208289601901
WZL50137,0,-10.857054901904899
WZL50125,0,-10.692847075418454
WZL50117,0,-10.692847075418454
WZL50105,0,-13.818776506683312
WZL50069,0,-14.546418688676935
WZL50057,0,-12.61652740439303
WZL50045,0,-12.61652740439303
WZL50033,0,-13.714497171985771
WZL50009,0,-12.02089228617412
WZL49997,0,-10.705287391583377
WZL49973,0,-13.714497171985771
WZL49961,0,-11.734305999706534
WZL49949,0,-12.998201127411361
WZL49937,0,-12.998201127411361
WZL49925,0,-14.882096936742
WZL49901,0,-9.242117133472131
WZL49889,0,-9.242117133472131
WZL49877,0,-13.161923986360271
WZL49865,0,-13.392206852237077
WZL49853,0,-13.392206852237077
WZL49829,0,-12.314398855201928
WZL49817,0,-12.534365571033282
WZL49781,0,-12.998201127411361
WZL49769,0,-11.122080463016813
WZL49757,0,-8.51875348489602
WZL49745,0,-12.231477938166071
WZL49733,0,-12.231477938166071
WZL49709,0,-15.05516994930201
WZL49697,0,-15.05516994930201
WZL49685,0,-15.05516994930201
WZL49661,0,-12.02089228617412
WZL49649,0,-12.02089228617412
WZL49637,0,-12.02089228617412
WZL49625,0,-11.782152309542735
WZL49601,0,-12.231477938166071
WZL49577,0,-13.378393364041795
WZL49570,0,-13.378393364041795
WZL49558,0,-11.899754612935759
WZL49546,0,-11.140660536863662
WZL49510,0,-10.199491250268133
WZL49498,0,-14.641850411544466
WZL49486,0,-14.641850411544466
WZL49474,0,-12.02089228617412
WZL49462,0,-12.187265325900944
WZL49450,0,-12.187265325900944
WZL49438,0,-12.02089228617412
WZL49414,0,-11.57453455036641
WZL49402,0,-12.336760118089684
WZL49391,0,-12.336760118089684
WZL49368,0,-12.50829238889317
WZL49344,0,-12.238911503368756
WZL49332,0,-12.238911503368756
WZL49308,0,-12.02089228617412
WZL49284,0,-12.681145048809904
WZL49272,0,-12.681145048809904
WZL49236,0,-11.524863233793262
WZL49224,0,-12.02089228617412
WZL49212,0,-12.917766170035447
WZL49200,0,-12.917766170035447
WZL49188,0,-12.32300351057453
WZL49176,0,-11.659208289601901
WZL49164,0,-11.659208289601901
WZL49140,0,-12.02089228617412
WZL49116,0,-11.470987891552493
WZL49092,0,-12.231477938166071
WZL49080,0,-12.231477938166071
WZL49068,0,-11.877862301485164
WZL49032,0,-12.314398855201928
WZL49020,0,-11.247246965758913
WZL49008,0,-9.764978205915979
WZL48997,0,-9.242117133472128
WZL48973,0,-13.260236914370672
WZL48961,0,-13.260236914370667
WZL48937,0,-13.260236914370667
WZL48925,0,-11.158077907094528
WZL48901,0,-12.231477938166071
WZL48889,0,-12.570446822849755
WZL48877,0,-12.231477938166071
WZL48865,0,-12.060991450134322
WZL48853,0,-12.570446822849755
WZL48841,0,-12.814048142948296
WZL48829,0,-12.060991450134322
WZL48817,0,-11.266889019881631
WZL48805,0,-12.060991450134322
WZL48793,0,-12.570446822849755
WZL48781,0,-13.805442463241473
WZL48745,0,-14.005541287047077
WZL48697,0,-11.906332171707877
WZL48675,0,-12.094775025441391
WZL48663,0,-10.857054901904899
WZL48651,0,-12.91809569842296
WZL48639,0,-12.231477938166071
WZL48627,0,-12.231477938166071
WZL48615,0,-13.483755724410363
WZL48591,0,-12.574465795779762
WZL48555,0,-12.02777254613086
WZL48543,0,-12.02777254613086
WZL48507,0,-12.033992900445872
WZL48461,0,-12.766248099813346
WZL48449,0,-12.766248099813346
WZL48425,0,-12.988943072543323
WZL48401,0,-12.336760118089684
WZL48390,0,-11.659208289601901
WZL48366,0,-12.094775025441391
WZL48354,0,-12.094775025441391
WZL48342,0,-10.878888312845342
WZL48331,0,-10.878888312845342
WZL48308,0,-12.02089228617412
WZL48296,0,-12.231477938166071
WZL48284,0,-15.05516994930201
WZL48272,0,-11.659208289601901
WZL48260,0,-12.231477938166071
WZL48248,0,-11.659208289601901
WZL48236,0,-12.58882118255456
WZL48224,0,-12.02089228617412
WZL48212,0,-10.571180419823085
WZL48200,0,-11.42629152639014
WZL48188,0,-10.473622571901243
WZL48176,0,-12.91809569842296
WZL48152,0,-12.401394153892339
WZL48128,0,-12.91809569842296
WZL48116,0,-14.152299861737546
WZL48104,0,-11.899754612935759
WZL48080,0,-13.280914053123757
WZL48056,0,-12.059611650430128
WZL48044,0,-12.059611650430128
WZL48020,0,-12.231477938166071
WZL48008,0,-12.231477938166071
WZL47984,0,-12.231477938166071
WZL47960,0,-9.540429015387565
WZL47948,0,-12.02089228617412
WZL47936,0,-11.899754612935759
WZL47924,0,-12.02089228617412
WZL47900,0,-11.899754612935759
WZL47888,0,-12.231477938166071
WZL47876,0,-11.899754612935759
WZL47852,0,-11.899754612935759
WZL47840,0,-11.899754612935759
WZL47828,0,-11.899754612935759
WZL47816,0,-11.659208289601901
WZL47792,0,-11.899754612935759
WZL47756,0,-16.85440659354039
WZL47744,0,-11.899754612935759
WZL47732,0,-11.57453455036641
WZL47720,0,-11.899754612935759
WZL47708,0,-11.256595758558044
WZL47684,0,-12.231477938166071
WZL47672,0,-11.899754612935759
WZL47660,0,-12.231477938166071
WZL47600,0,-14.721989618633513
WZL47576,0,-13.060975049827908
WZL47540,0,-12.60389813135848
WZL47528,0,-11.659208289601901
WZL47516,0,-12.60389813135848
WZL47504,0,-12.231477938166071
WZL47492,0,-12.231477938166071
WZL47456,0,-11.418382868946582
WZL47444,0,-11.418382868946582
WZL47432,0,-12.231477938166071
WZL47420,0,-12.231477938166071
WZL47396,0,-11.418382868946582
WZL47360,0,-12.278366430475625
WZL47348,0,-12.231477938166071
WZL47336,0,-12.231477938166071
WZL47324,0,-14.254756463127695
WZL47291,0,-14.254756463127695
WZL47256,0,-12.487721614034855
WZL47244,0,-12.681145048809904
WZL47232,0,-12.02089228617412
WZL47220,0,-12.02089228617412
WZL47208,0,-12.231477938166071
WZL47196,0,-15.853046691722604
WZL47184,0,-15.853046691722604
WZL47172,0,-12.02089228617412
WZL47160,0,-12.681145048809904
WZL47112,0,-12.681145048809904
WZL47052,0,-11.899754612935759
WZL47004,0,-9.242117133472131
WZL46980,0,-12.61652740439303
WZL46956,0,-9.568023526827833
WZL46944,0,-10.920146595514456
WZL46932,0,-12.231477938166071
WZL46896,0,-12.681145048809904
WZL46884,0,-11.787994902171487
WZL46872,0,-11.787994902171487
WZL46860,0,-10.938120960613047
WZL46848,0,-11.662011890140777
WZL46836,0,-11.662011890140777
WZL46824,0,-12.395662068893053
WZL46812,0,-12.395662068893053
WZL46790,0,-12.681145048809904
WZL46778,0,-9.473867620614955
WZL46766,0,-9.473867620614955
WZL46754,0,-9.118357837132661
WZL46743,0,-9.118357837132661
WZL46721,0,-12.336760118089684
WZL46710,0,-9.118357837132661
WZL46687,0,-11.759058063911647
WZL46675,0,-11.759058063911647
WZL46651,0,-13.157826953134427
WZL46639,0,-14.706361327602151
WZL46603,0,-13.157826953134427
WZL46591,0,-14.721989618633513
WZL46567,0,-12.336760118089684
WZL46544,0,-13.714497171985771
WZL46532,0,-13.541824002465866
WZL46520,0,-12.336760118089684
WZL46497,0,-12.681145048809904
WZL46485,0,-12.681145048809904
WZL46473,0,-12.451842803088875
WZL46449,0,-12.02089228617412
WZL46403,0,-11.736954174395597
WZL46379,0,-12.02089228617412
WZL46367,0,-9.540429015387565
WZL46355,0,-9.540429015387565
WZL46343,0,-9.540429015387565
WZL46285,0,-13.737213015822643
WZL46237,0,-12.231477938166071
WZL46225,0,-12.231477938166071
WZL46213,0,-10.938120960613047
WZL46201,0,-12.231477938166071
WZL46189,0,-12.819368977305485
WZL46177,0,-12.231477938166071
WZL46165,0,-12.231477938166071
WZL46153,0,-10.682624723979124
WZL46141,0,-10.682624723979124
WZL46129,0,-9.722966773112951
WZL46105,0,-12.02089228617412
WZL46093,0,-12.231477938166071
WZL46081,0,-12.231477938166071
WZL46069,0,-12.231477938166071
WZL46057,0,-12.231477938166071
WZL46045,0,-12.215301170022991
WZL46021,0,-11.57453455036641
WZL45997,0,-12.215301170022991
WZL45985,0,-11.82781603826034
WZL45961,0,-12.681145048809904
WZL45949,0,-12.681145048809904
WZL45937,0,-12.231477938166071
WZL45925,0,-12.231477938166071
WZL45913,0,-12.231477938166071
WZL45901,0,-12.231477938166071
WZL45889,0,-12.681145048809904
WZL45834,0,-13.736334058767008
WZL45822,0,-11.84186589282218
WZL45810,0,-15.117291639736571
WZL45798,0,-15.117291639736571
WZL45786,0,-12.02089228617412
WZL45762,0,-11.303822813280734
WZL45750,0,-15.117291639736571
WZL45738,0,-15.117291639736571
WZL45715,0,-12.053708527784591
WZL45691,0,-8.815372797548237
WZL45679,0,-10.15811909505097
WZL45667,0,-12.401394153892339
WZL45643,0,-12.231477938166071
WZL45631,0,-12.354339332082244
WZL45607,0,-9.540429015387565
WZL45559,0,-12.681145048809904
WZL45547,0,-11.353436158436017
WZL45535,0,-11.353436158436017
WZL45523,0,-11.07678143675989
WZL45511,0,-11.57453455036641
WZL45499,0,-11.381421044211574
WZL45463,0,-14.132351884933458
WZL45451,0,-9.558938786951336
WZL45427,0,-11.57453455036641
WZL45415,0,-11.57453455036641
WZL45403,0,-12.278366430475625
WZL45391,0,-12.278366430475625
WZL45379,0,-13.138087311850912
WZL45355,0,-11.57453455036641
WZL45343,0,-11.57453455036641
WZL45331,0,-10.046374611073743
WZL45295,0,-10.046374611073743
WZL45283,0,-10.046374611073743
WZL45247,0,-9.684461179035743
WZL45211,0,-11.689456530170908
WZL45199,0,-11.689456530170908
WZL45187,0,-10.473324110147194
WZL45175,0,-10.473324110147194
WZL45163,0,-12.231477938166071
WZL45151,0,-13.019537183961349
WZL45139,0,-13.019537183961349
WZL45127,0,-13.019537183961349
WZL45115,0,-11.392673705305475
WZL45103,0,-11.759015487473045
WZL45091,0,-11.759015487473045
WZL45079,0,-12.231477938166071
WZL45067,0,-13.019537183961349
WZL45055,0,-13.019537183961349
WZL45043,0,-12.681145048809904
WZL45031,0,-12.681145048809904
WZL45007,0,-11.877862301485164
WZL44995,0,-12.681145048809904
WZL44983,0,-12.681145048809904
WZL44971,0,-12.310630210069197
WZL44947,0,-6.285062163096677
WZL44923,0,-12.231477938166071
WZL44911,0,-10.865760630872014
WZL44888,0,-12.969586838905318
WZL44876,0,-11.754109581901014
WZL44864,0,-12.423498193387168
WZL44852,0,-11.754109581901014
WZL44840,0,-13.755385911004728
WZL44804,0,-12.401394153892339
WZL44792,0,-14.824904890347701
WZL44744,0,-12.814048142948296
WZL44720,0,-15.05516994930201
WZL44708,0,-7.486040114103629
WZL44696,0,-14.250958185382109
WZL44684,0,-14.721989618633513
WZL44672,0,-11.688527700732728
WZL44660,0,-12.336760118089684
WZL44649,0,-12.336760118089684
WZL44638,0,-14.721989618633513
WZL44626,0,-12.58882118255456
WZL44602,0,-11.885949358498296
WZL44578,0,-13.848938937514186
WZL44542,0,-13.848938937514186
WZL44530,0,-13.848938937514186
WZL44518,0,-11.045461912079562
WZL44494,0,-11.659208289601901
WZL44482,0,-14.015364379962511
WZL44470,0,-11.659208289601901
WZL44458,0,-11.689456530170908
WZL44411,0,-13.306581595597573
WZL44400,0,-12.231477938166071
WZL44388,0,-12.231477938166071
WZL44376,0,-12.231477938166071
WZL44364,0,-12.336760118089684
WZL44283,0,-12.336760118089684
WZL44272,0,-12.336760118089684
WZL44249,0,-11.899754612935759
WZL44237,0,-11.012846746828625
WZL44226,0,-11.012846746828625
WZL44215,0,-11.785684936572558
WZL44204,0,-12.231477938166071
WZL44192,0,-12.231477938166071
WZL44168,0,-9.340599005394312
WZL44122,0,-12.336760118089684
WZL44111,0,-11.288550316733192
WZL44099,0,-11.760118407534037
WZL44063,0,-12.231477938166071
WZL44051,0,-12.231477938166071
WZL44015,0,-12.231477938166071
WZL44003,0,-12.231477938166071
WZL43991,0,-11.267936236925093
WZL43979,0,-11.267936236925093
WZL43967,0,-12.02089228617412
WZL43955,0,-13.671398767025321
WZL43943,0,-13.671398767025321
WZL43919,0,-12.998201127411361
WZL43907,0,-12.998201127411361
WZL43895,0,-12.231477938166071
WZL43883,0,-12.231477938166071
WZL43871,0,-12.231477938166071
WZL43861,0,-12.231477938166071
WZL43849,0,-12.231477938166071
WZL43837,0,-12.231477938166071
WZL43825,0,-12.998201127411361
WZL43789,0,-13.671398767025321
WZL43777,0,-12.231477938166071
WZL43765,0,-12.573076350294917
WZL43741,0,-15.922917026289221
WZL43729,0,-15.922917026289221
WZL43717,0,-11.433390219190576
WZL43685,0,-12.231477938166071
WZL43673,0,-15.210533591193242
WZL43661,0,-12.231477938166071
WZL43649,0,-12.231477938166071
WZL43637,0,-12.814048142948296
WZL43613,0,-12.02089228617412
WZL43601,0,-12.02089228617412
WZL43577,0,-12.231477938166071
WZL43565,0,-12.231477938166071
WZL43529,0,-11.659208289601901
WZL43517,0,-12.952646332996759
WZL43506,0,-11.96795162044763
WZL43482,0,-11.57453455036641
WZL43470,0,-11.57453455036641
WZL43446,0,-15.497045854417264
WZL43434,0,-12.231477938166071
WZL43422,0,-12.567842029179
WZL43410,0,-12.072199452491999
WZL43398,0,-10.571180419823085
WZL43374,0,-12.231477938166071
WZL43362,0,-12.231477938166071
WZL43338,0,-12.681145048809904
WZL43326,0,-15.05516994930201
WZL43314,0,-12.231477938166071
WZL43302,0,-15.05516994930201
WZL43290,0,-13.714497171985771
WZL43254,0,-11.659208289601901
WZL43230,0,-12.02089228617412
WZL43195,0,-12.02089228617412
WZL43183,0,-10.857365201140254
WZL43159,0,-13.625559407659948
WZL43147,0,-10.087908965845708
WZL43135,0,-12.231477938166071
WZL43123,0,-11.75197989731073
WZL43099,0,-15.05516994930201
WZL43087,0,-12.401394153892339
WZL43075,0,-10.125908946849663
WZL43027,0,-12.420807502607255
WZL43015,0,-13.714497171985771
WZL42979,0,-18.20908340020212
WZL42967,0,-12.231477938166071
WZL42943,0,-11.899754612935759
WZL42931,0,-12.231477938166071
WZL42883,0,-11.899754612935759
WZL42859,0,-14.449790248075578
WZL42847,0,-14.449790248075578
WZL42835,0,-11.899754612935759
WZL42811,0,-12.231477938166071
WZL42787,0,-11.899754612935759
WZL42775,0,-12.02089228617412
WZL42739,0,-11.899754612935759
WZL42727,0,-12.02089228617412
WZL42715,0,-12.02089228617412
WZL42703,0,-11.659208289601901
WZL42691,0,-12.475992312685188
WZL42679,0,-12.354339332082244
WZL42631,0,-12.239595481920558
WZL42621,0,-12.231477938166071
WZL42599,0,-11.492961982903447
WZL42590,0,-17.720910849074684
WZL42578,0,-12.231477938166071
WZL42568,0,-11.787994902171487
WZL42558,0,-12.278366430475625
WZL42526,0,-15.05516994930201
WZL42506,0,-12.231477938166071
WZL42496,0,-13.13399798876276
WZL42476,0,-11.787994902171487
WZL42456,0,-11.82781603826034
WZL42446,0,-12.02089228617412
WZL42436,0,-13.228757116120503
WZL42405,0,-12.814048142948296
WZL42344,0,-12.681145048809904
WZL42334,0,-12.814048142948296
WZL42325,0,-14.863555489034056
WZL42320,0,-12.340921158616077
WZL42308,0,-12.231477938166071
WZL42287,0,-12.02089228617412
WZL42259,0,-11.82781603826034
WZL42239,0,-12.231477938166071
WZL42230,0,-13.671398767025321
WZL42210,0,-11.524863233793262
WZL42203,0,-11.524863233793262
WZL42193,0,-13.13399798876276
WZL42183,0,-11.835628375786571
WZL42152,0,-12.231477938166071
WZL42131,0,-13.107442035737943
WZL42089,0,-12.231477938166071
WZL42069,0,-11.90760495173561
WZL42050,0,-12.998201127411361
WZL42018,0,-11.71181956304366
WZL42008,0,-11.868794774077246
WVR18255,0,-15.701823532576444
WVR18245,0,-19.879978628958227
QPZ33437,0,-25.034160368442986
QPZ33477,0,-28.760824480200682
QPZ33449,0,-25.034160368442986
QPZ33425,0,-26.025288176935707
QIB02472,0,-23.934530446359545
QIB02343,0,-26.069282955541514
QIB02326,0,-27.679819717626373
WPF72611,0,-4.974431315648523
WPF72599,0,-4.974431315648523
WPF72587,0,-5.125131181722437
WOA06558,0,-7.418943086962196
WOA06557,0,-7.418943086962196
WOA06556,0,-7.418943086962196
WOA06555,0,-7.0080974406429135
WOA06553,0,-10.272718499335237
WOA06552,0,-13.295484485363543
WOA06551,0,-12.870012169068703
WOA06550,0,-11.58466784442664
WOA06549,0,-8.266770206888067
WOA06541,0,-9.550865319817165
WOA06540,0,-9.550865319817165
WOA06539,0,-10.191157399016237
WOA06538,1,2.611008112185031
WOA06537,1,2.611008112185031
WOA06536,0,-6.494631047399743
WIW77987,0,-9.031077450439655
WIW77975,0,-9.031077450439655
WIW77963,0,-9.031077450439655
WIW77951,0,-6.734819790555884
WIW77939,0,-9.031077450439655
WIW77927,0,-10.310018969779303
WIW77680,0,-9.031077450439655
WIW77668,0,-9.031077450439655
WIW77656,0,-9.031077450439655
WIW77644,0,-9.498703453083994
WIW77620,0,-9.031077450439655
WIW77608,0,-10.310018969779303
WIW77596,0,-9.031077450439655
WIW77572,0,-7.716609483127615
WIW77206,0,-9.94598191078293
WIW77194,0,-9.031077450439655
WIW77182,0,-10.372601845906571
WIW77170,0,-9.031077450439655
WIW77158,0,-10.324071713884347
WIW77146,0,-10.310018969779303
WIW77134,0,-10.310018969779303
WIW77110,0,-9.031077450439655
WIW77098,0,-10.310018969779303
WIW77074,0,-9.031077450439655
WIW77062,0,-9.031077450439655
WIW72829,0,-10.310018969779303
WIW72817,0,-9.031077450439655
WIW72805,0,-9.031077450439655
WIW72793,0,-6.734819790555884
WIW72764,0,-22.1699457991269
WIW72752,0,-9.031077450439655
WIW72740,0,-9.031077450439655
WIW72318,0,-10.165233838410986
WIW72306,0,-6.780235620344373
WIW72294,0,-10.036055519260174
WHO46301,0,-8.932526576639907
WHO46272,0,-9.1183930063049
WHO46240,0,-7.194931408579621
WHL55455,0,-29.61315750685427
WFH86261,0,-16.846457782364748
WFH86249,0,-17.370605579014672
WFH86226,0,-17.442437085338653
WFH86167,0,-9.216641718241904
WFH86155,0,-17.442437085338653
WFH86143,0,-17.442437085338653
WFH86109,0,-7.0080974406429135
WFH86085,0,-7.8349214654434585
WFH86061,0,-4.525587434867555
WFH86038,0,-18.991967690916773
WFH86026,0,-17.409893567400367
WFH86014,0,-17.442437085338653
WFH86002,0,-7.0080974406429135
WFH85990,0,-16.149160763006805
WFH85978,0,-17.442437085338653
WFH85943,0,-7.284996081433873
WFH85909,0,-9.666502273058107
WFH85886,0,-17.442437085338653
WFH85840,0,-7.8349214654434585
WFH85817,0,-7.8349214654434585
WFH85793,0,-7.0080974406429135
WFH85770,0,-6.348721283429792
WFH85758,0,-7.8349214654434585
WFH85746,0,-7.8349214654434585
WFH85734,0,-7.8349214654434585
WFH85722,0,-9.532072841413862
WFH85576,0,-7.8349214654434585
WFH85564,0,-5.898401063479884
WFH85552,0,-7.8349214654434585
WFH85540,0,-7.8349214654434585
WFH85516,0,-7.8349214654434585
WFH85444,0,-13.478916821111666
WFH85442,0,-6.975635118328635
WFH85441,0,-8.429815914668215
WFH85439,0,-8.576705079252553
WFH85361,0,-8.576705079252553
WFH85358,0,-9.259865506805554
WFH85312,0,-13.611979975006811
WFH85276,0,-9.594301502200475
WFH85275,0,-8.774238054394027
WFH85274,0,-8.774238054394011
WFH85185,0,-7.834921465443458
WFH85184,0,-8.57095450935581
WFH85183,0,-10.272718499335237
WFH85043,0,-10.272718499335237
WFH85042,0,-9.371413374346497
WFH85041,0,-9.340599005394312
WFH85040,0,-17.442437085338653
WFH85037,0,-7.512536107620143
WFH85036,0,-13.424460124270002
WES82532,0,-8.51875348489602
WES75242,0,-9.449416997967157
WCR54599,0,-37.948318639751754
WCR54589,0,-37.20058368686229
WCR54593,0,-37.20058368686229
WCF71433,0,-16.826317931345365
WCF71421,1,1.3607233413649436
WCF71409,0,-2.965081860173701
WCF71387,1,0.21298729777095993
WCF71375,0,-3.315843866624462
WCF71363,0,-10.26979320339376
WCF71352,0,-7.335969071364698
WCF71340,0,-16.08263740629104
WCF71318,1,3.3166684714851833
WCF71306,0,-3.6614451361425218
WCF71330,1,0.210750554924914
WCF71295,0,-7.925812791008699
WCF71283,0,-10.99690190930737
WCF71248,0,-5.454096858480598
WCF71224,0,-17.597420374931353
WCF71236,0,-17.383955844714393
WCF71212,0,-16.08263740629104
WCF71200,0,-11.848079478465761
WCF71190,0,-9.691768558999652
WCF71160,0,-4.103103966207245
WCF71138,0,-7.548359565270193
WCF71126,0,-4.035686324860146
WCF71114,0,-23.04544762392819
WCF71080,0,-16.08263740629104
WCF71070,0,-10.26979320339376
WCF71046,0,-8.621811537399198
WCF71034,1,3.3166684714851833
WCF71022,0,-16.834982197139894
WCF71010,0,-10.809611094561284
WCF70998,1,1.9548741596433405
WCF70976,0,-10.26979320339376
WCF70965,0,-3.3271197970338395
WCF70953,0,-11.220166627160054
WCF70917,0,-16.834982197139894
WCF70941,0,-14.77203229049407
WCF70929,0,-16.21846402180322
UKH70659,0,-29.627720012352874
UKH70635,0,-30.827345357798166
UKH70623,0,-31.092192353406794
UKH70611,0,-31.58329010883139
WBS97801,0,-9.698666491876425
WBS97799,0,-8.329705745113259
WBS97792,0,-5.999286336089394
WBS97790,0,-9.933598932581791
WBS97788,0,-11.301859984017968
WBS97787,0,-10.3692460255739
WBS97783,0,-5.999286336089394
WBS97782,0,-12.173550597716247
WBS97781,0,-9.951693401271967
WBS97780,0,-11.063663228442515
WBR47351,0,-5.7453626560638105
WBR47331,0,-10.355590186751904
WBR44974,0,-8.031450668303808
QTC20725,0,-28.88421550140724
UZO45473,0,-17.436718607559513
UZO45325,0,-18.36638972835012
UZO40557,0,-9.226491935925768
UZO39213,0,-18.76772355211747
UZO36526,0,-6.69461635063404
UZH94884,0,-29.51950996668949
UZH94862,0,-37.948318639751754
UZH94840,0,-33.819127288689565
UZH94785,0,-33.819127288689565
UYR15249,0,-28.51940260197962
UYR10301,0,-33.20198150657079
UYR10252,0,-30.86975995562107
UYL65108,0,-6.69461635063404
UYL16211,0,-18.76772355211747
QGI57457,0,-27.092200793904613
ADD97077,0,-25.92483201028763
UVV50350,0,-49.26125720661963
UVV50339,0,-21.452960466406154
UVV50329,0,-36.599107918278605
UVV50317,0,-41.76373818201683
UVV50294,0,-25.875535602175773
UVV50282,0,-15.94403252213981
USO97049,0,-6.367691601032968
USO97036,0,-9.726103448207553
UNA44800,0,-25.186152274712157
UNA44822,0,-25.02463106817253
UNA44810,0,-25.23641434227188
UNA44546,0,-25.23641434227188
ALP01956,0,-13.50384290123672
ALJ54619,0,-28.20531717846074
QVE64429,0,-28.09233591616033
QPP47266,0,-7.887046992790481
QPP47265,0,-5.51870895082189
QPP47262,0,-7.887046992790481
QPP47260,0,-6.571539273786944
QPP47252,0,-7.056200908328819
QPP47251,0,-6.0805779745818
QHF16222,0,-5.087660608043845
QHF16217,0,-5.8952816204142255
QHF16212,0,-7.719311434428569
QHF16210,0,-8.446634198229216
QHF16205,0,-7.125304174915671
QHF16201,0,-6.711487730994383
QHF16200,0,-0.36425647720477095
QHF16196,0,-3.1219362339797616
QHF16190,0,-4.647489290924649
QHF16187,0,0.34404780697973614
AXO64577,0,-38.36317558253515
AXO64553,0,-38.36317558253515
AXO64488,0,-38.36317558253515
AXO64401,0,-38.36317558253515
AXO64314,0,-38.36317558253515
AXO64246,0,-28.861427775268858
AXO64122,0,-38.36317558253515
AXO64104,0,-38.36317558253515
AWZ61415,0,-30.2797307542248
AWZ61402,0,-30.47305586696885
AWZ61148,0,-30.2797307542248
AYD37923,0,-34.32784599054285
AXO64330,0,-30.2797307542248
QNI23603,0,-29.46467537106033
AYD37800,0,-34.32784599054285
AYA78737,0,-18.60948255143622
QKS74710,0,-30.289066602571808
QKS74657,0,-28.32434535081162
QKS74630,0,-30.25685358332467
QKS74545,0,-29.63218896397524
QIV19651,0,-7.755442320503722
QIQ46003,0,-9.970488027240362
QIJ25983,0,-2.088201005216497
QIA55118,0,-9.970488027240362
QHW14782,0,-10.813280588140008
QGQ58784,0,-11.808672726842344
QGQ58191,0,-2.847899485249286
QGQ58177,0,-9.386029435627785
QDX47307,0,-19.16835540209733
QDX47306,0,-26.552662571819024
ASJ81359,0,-15.373295583563412
ASJ81358,0,-59.14986284899149
ASJ80989,0,-15.373295583563412
ASJ80988,0,-24.364519693215527
QEI01938,0,-2.847899485249286
BBM96444,0,-32.65800236325978
BBM96487,0,-21.605959259761992
BBM96476,0,-30.338244602896616
BBM96422,0,-17.44240773137353
BBM96411,0,-32.82342092576885
QDX11291,1,3.3166684714851833
QDQ43496,0,-9.250427281238913
QCW12961,1,1.8890361671322857
QCR64923,0,-29.776578572723473
AVZ24024,1,3.456697893313903
AVZ24023,1,0.43084304966187226
AVZ24020,0,-1.1049413806492456
AVZ24019,0,-1.707156288433021
AVZ24018,1,-3.5912707269466733
AVZ24017,1,5.7815709087609495
AVZ24014,0,-7.934754769993811
AVZ24013,0,-7.925812791008699
AVZ24012,1,3.456697893313903
AVZ24010,0,-8.24733222327211
AVZ23185,1,2.8218456666045437
AVZ23184,1,2.8218456666045437
AVZ23183,1,1.8629516254200222
AVZ23182,1,5.6573351988930565
AVZ23181,1,0.8703296810621524
AVZ23180,1,3.8223221419340607
AVZ23179,1,2.1540575045471098
AVZ23178,0,-2.853307996175543
AVZ23177,0,-3.6859668550548204
AVZ23176,0,-3.5579535105746256
AVZ23175,0,-22.650925815370876
AVZ23174,0,-2.9513947776922933
AVZ23173,1,-0.25149627558340804
AVZ00484,1,5.104115023262027
AVZ00483,1,2.3660543554579636
AVZ00482,1,2.1917369895368886
AVZ00481,0,-7.452282337332571
AVZ00480,0,-7.925812791008699
QCD37444,0,-7.838968208837418
QCD37281,0,-9.121992995296486
QBS20860,1,3.3166684714851833
QBS20521,0,-10.358658800663322
QBS20503,1,1.8811027346433669
QBP38183,1,3.3166684714851833
QBL91215,1,3.3166684714851833
QBL91210,0,-2.570320638754403
QBJ05984,0,-10.420401255107931
QBJ05983,0,-4.323018970767103
QBK12117,0,-9.477411483306675
QBK12116,0,-7.4447087868106125
QBK12115,0,-1.4929838905156956
QBK12114,0,-9.477411483306675
QBJ05996,0,-1.4929838905156956
QBJ05995,0,-8.834087279893481
QBJ05994,0,-9.477411483306675
QBJ05993,0,-9.374507940437269
QBJ05992,0,-2.4708976501721374
QBJ05991,0,-8.895947426331954
QBJ05990,0,-11.88058093543745
QBJ05989,0,-7.4447087868106125
QBJ05988,0,-11.513823412345985
QBJ05987,0,-1.876953442713278
QBJ05986,0,-1.4929838905156956
AZS63843,1,4.480298256708624
AZQ08976,0,-14.49418413213986
AYM50085,1,2.79361522760893
AYM50065,1,1.3424214090159534
AXO64599,0,-28.60326226617279
AXO64535,0,-18.9512407563336
AXL27689,1,2.887388757556094
AXF92812,1,2.951117632447234
AWZ62216,0,-29.628455480233995
AWZ61655,0,-21.394213945010364
AWZ61334,0,-34.32784599054285
AWZ61044,0,-29.792857311415197
AWT24840,0,-8.646211180687933
AWT24838,1,4.470603846697992
AWT24837,0,-5.666807646758254
AWT24836,0,-7.654795202653132
AWT24833,0,-7.654795202653132
AWT24832,1,3.5140104329683783
AWT24831,0,-7.706427074131474
AWT24830,0,-7.654795202653132
AWT24829,0,-7.654795202653132
AWT24828,1,3.5140104329683783
AWT24827,1,3.5140104329683783
AWT24826,0,-7.654795202653132
AWT24825,1,3.8056490208072145
AWT24822,1,3.5140104329683783
AWT24820,1,3.5140104329683783
AWT24819,0,-7.654795202653132
AWT24818,0,-1.148633677293999
AWT24817,0,-1.148633677293999
AWT24816,1,2.3632288853836005
AWT24815,0,-7.654795202653132
AWT24814,0,-5.653846014806861
AWT24811,0,-5.666807646758254
AWT24809,0,-7.654795202653132
AWT24808,0,-7.654795202653132
AWT24807,0,-5.666807646758254
AWT24806,0,-7.654795202653132
AWT24805,1,3.5140104329683783
AWT24803,0,-7.654795202653132
AWT24802,1,3.5140104329683783
AWT24801,0,-7.654795202653132
AWT24800,0,-10.00165579844809
AWT24799,0,-7.706427074131474
AWT24796,1,3.5140104329683783
AWT24795,1,2.6631224017728155
AWT24794,1,3.901635446878581
AWT24791,1,3.5140104329683783
AWT24789,1,3.5140104329683783
AWT24787,0,-7.654795202653132
AWT24785,0,-1.148633677293999
AWT24783,0,-7.654795202653132
AWT24782,0,-7.654795202653132
AWT24781,1,3.5140104329683783
AWT24780,0,-5.666807646758254
AWT24779,1,3.5140104329683783
AWT24777,1,3.6103079687812087
AWI45959,1,1.1079420771658501
AWI45948,1,2.951117632447234
AWI45921,1,2.951117632447234
AWI45903,0,-0.6154502749042461
AWI45895,1,0.772818070495255
AWI45878,1,3.9671560265585892
AWI45838,1,2.951117632447234
AVV62424,0,-16.48873060876358
AVK88342,0,-13.617868972075842
ATQ63178,0,-14.101878910911903
AMX73557,0,-24.161236910390457
AMX72990,0,-27.086733999276177
AMX72989,0,-19.287935748554204
AMX46385,0,-17.536711248476024
AMX46346,0,-27.086733999276177
AMX46345,0,-19.287935748554204
AMX28524,0,-23.313932028154284
AMX28472,0,-15.445120302398543
AMX28401,0,-27.086733999276177
AMX28387,0,-30.17369137026462
AMX28374,0,-25.017695741634128
AMX28373,0,-17.93552374379155
AMX28361,0,-26.23973895702762
AMX28360,0,-15.454135550253113
AMQ30931,0,-7.447160151062308
AMQ30930,0,-22.847880794071834
AMQ30929,0,-18.558203989688195
AMQ26041,0,-28.457150724716513
AMQ26040,0,-22.57143162483056
ALZ47802,0,-21.15931532059365
ALZ47801,0,-23.839868573520086
ALZ47664,0,-26.29395748077409
ALZ47663,0,-22.266113709108897
ALZ46734,0,-22.266113709108897
ALZ46733,0,-27.85078240264673
ALZ46699,0,-28.083736436058864
ALZ46698,0,-20.51087861378175
ALV71379,0,-28.858741395642973
AID07388,0,-34.330447850262416
AID07387,0,-15.859883329728344
AHZ37650,0,-29.76580813171202
AHZ37649,0,-43.90510993457963
AHL82676,0,-23.6455272920539
AHL79472,0,-28.20215803015124
AHL78591,0,-32.90734386430659
AHL78590,0,-33.335108421229165
AGL59938,0,-23.87269681502547
AGL56243,0,-15.399380415555255
AGL52668,0,-52.91150027610482
AGL52650,0,-21.267000235674292
AGL52402,0,-21.458824663385883
AGK42455,0,-26.921854608834987
AGK42454,0,-19.66634380940031
AGK42374,0,-23.6349695711127
AGK42373,0,-17.401947758807193
AGK41920,0,-28.385235747650754
AGK41795,0,-28.385235747650754
AGK41609,0,-17.43413617934841
AGK41472,0,-14.145147901984155
AGG83907,0,-44.23348844296026
AGG83595,0,-24.28798807385526
AGG83335,0,-20.140544829503405
AGG83334,0,-24.28798807385526
AGG83197,0,-43.09924398953917
AGG83196,0,-20.140544829503405
AGG81961,0,-57.58983804925964
AGG81960,0,-22.63928425750528
AGG27129,0,-9.776125700841082
AGG27128,0,-18.97854224130534
AGG26638,0,-46.27272151429773
AGG26637,0,-19.122624737700672
AGG26501,0,-25.586877801476824
AGG26136,0,-23.296670312904947
AGG26135,0,-22.131159475133025
AGG23670,0,-20.907691916727963
AGG23643,0,-21.854523059829194
AGE09042,0,-13.610998548061442
AGE08110,0,-20.542080214668864
AGE03121,0,-43.94156242979184
AGE03120,0,-29.15695549916134
AGE00445,0,-18.801067619054514
AGE00444,0,-24.635208453715826
AGC73498,0,-23.87269681502547
AFY05902,0,-29.075757807206656
AFY05795,0,-28.291039498893053
AFP20954,0,-26.528619986711032
AFP20926,0,-26.528619986711032
AFP20925,0,-28.291039498893053
AFG72317,0,-13.136846647305138
AFG72316,0,-28.88100303855113
AET79367,0,-58.70492881355248
AET79366,0,-18.326334844569768
AET78076,0,-23.454950586421297
AET78075,0,-18.703575694386842
AET78039,0,-18.703575694386842
AET77991,0,-44.792225822054945
AET77990,0,-21.62007093677028
AET77944,0,-17.48924161369355
AET77827,0,-17.48924161369355
AET77826,0,-17.754897408077873
AET77804,0,-17.48924161369355
AET77803,0,-18.888343438140318
AET77700,0,-24.673845199208742
AET77549,0,-24.33358203063935
AET77548,0,-18.360886546215273
AET76803,0,-67.57437159744805
AET75367,0,-21.856322087015474
AET74857,0,-19.64740775091058
AET74706,0,-18.703575694386842
AET74688,0,-23.313932028154284
AET74687,0,-17.48924161369355
AET74519,0,-24.961290948072907
AEO91690,0,-14.879847434414739
AEO91689,0,-4.658320372626484
ATQ63177,0,-11.171280290480448
ATE49491,0,-25.644225045040205
ATE49388,0,-25.644225045040205
ATE48871,0,-3.2583204551987652
ATE48859,0,-25.644225045040205
APB91288,0,-9.932131011370732
APB91038,0,-3.3409634629424634
APB91017,1,-1.4711725421943065
APB91003,1,0.37724520702876063
APB90991,0,-2.316983702232397
APB90867,0,-2.3021535720415827
APB90696,0,-9.26640199042939
APB90521,0,-8.48310550178012
APB90381,1,-3.254002905845418
APB90374,0,-3.095873996838506
APB90168,0,-3.5800991938108755
APB89984,0,-3.095873996838506
APB89877,0,-8.663758694391447
APB89858,0,-6.403699769289558
APB89776,0,-3.095873996838506
APB89758,0,-8.681574726027366
APB89747,0,-3.095873996838506
APB89732,0,-4.026583487387903
APB89616,0,-2.7115794476277575
APB89573,0,-4.556283502086417
APB89521,0,-3.386021927560714
APB89511,0,-4.21127911936423
APB89487,1,0.9794891276319184
APB89442,0,-4.563900341041696
APB89305,0,-2.9336470632584106
APB89304,0,-9.99632357532778
APB89247,0,-1.556647503158155
APB89215,0,-3.095873996838506
AOZ85491,1,-0.2646003137944053
AOZ85465,0,-5.815783516066972
AOZ85454,0,-4.316155151158842
AIU46948,0,-2.9129117680280423
AIU46946,0,-2.22055910293245
AIU46945,0,-3.095873996838506
AIU46944,0,-3.095873996838506
AIU46943,0,-9.450011154799132
AIU46942,0,-3.095873996838506
AIU46939,0,-11.154936940453787
AIU46938,0,-2.5177178571135936
AIU46937,0,-1.3157955922027913
AIU46936,0,-7.651491335399066
AIU46935,0,-3.095873996838506
AIU46934,0,-6.56192989068894
AIU46932,0,-3.095873996838506
AIU46929,0,-8.53852151802822
AIU46928,0,-3.8860951987370456
AIU46927,0,-3.095873996838506
AIU46926,0,-3.8860951987370456
AIU46923,0,-6.56192989068894
AIU46922,0,-7.02497182678696
AIU46921,0,-3.3318694763683645
AIU46920,0,-6.56192989068894
AIU46919,0,-6.56192989068894
AIU46917,0,-3.8860951987370456
AIU46916,0,-3.8860951987370456
AIU46915,0,-5.499567359156623
AIU46914,0,-3.095873996838506
AIU46913,0,-3.8860951987370456
AIU46912,0,-7.02497182678696
AIU46911,0,-3.095873996838506
AIU46910,0,-3.1793789993428216
AIU46909,0,-4.686679810550217
AIU46908,0,-3.095873996838506
AIU46905,0,-3.080954468328793
AIU46904,0,-3.8860951987370456
AIU46903,0,-5.499567359156623
AIU46902,0,-3.8860951987370456
AIU46900,0,-3.095873996838506
AIU46899,0,-3.095873996838506
AIU46896,0,-6.372390614211687
AIU46895,0,-3.095873996838506
AIU46893,0,-3.095873996838506
AIU46892,0,-5.987898653859245
AIU46891,0,-11.04489264579033
AIU46890,0,-3.2988831026315513
AIU46888,0,-2.9006692985217555
AIU46886,0,-4.048748627090667
AIU46883,0,-4.686679810550217
AIU46881,0,-3.095873996838506
AIU46880,0,-6.56192989068894
AIU46879,0,-3.095873996838506
AIU46878,0,-3.095873996838506
AIU46876,0,-11.04489264579033
AIU46875,0,-3.8860951987370456
AIU46873,0,-7.010485009847947
AIU46872,0,-6.56192989068894
AIU46870,0,-3.095873996838506
AIU46869,0,-3.5915103492382077
AIU46868,0,-3.095873996838506
AIU46866,0,-4.949607677749624
AIU46865,0,-3.095873996838506
AIU46864,0,-7.681182131756604
AIU46862,0,-4.949607677749624
AIU46860,0,-3.095873996838506
AIU46859,0,-3.095873996838506
AIU46858,0,-3.888427790886846
AIU46855,0,-3.6895744970768973
AIU46854,0,-3.961955379970556
AIU46853,0,-1.8756536767641077
AIU46852,0,-3.095873996838506
AIU46850,0,-3.095873996838506
AIU46848,0,-6.271088754962002
AIU46847,0,-3.095873996838506
AIU46845,0,-4.949607677749624
AIU46842,0,-3.095873996838506
AIU46840,0,-6.907647399762275
AIU46839,0,-4.949607677749614
AIU46838,0,-7.651491335399066
AIU46837,0,-2.356392403835647
AIU46836,0,-2.5261870845270398
AIU46834,0,-3.095873996838506
AIU46832,0,-2.7970906342326476
AIU46830,0,-3.8860951987370456
AIU46829,0,-2.4685725272445023
AIU46825,0,-2.084229871173509
AIU46824,0,-3.8860951987370456
AIU46821,0,-3.3318694763683645
AIU46820,0,-3.095873996838506
AIU46819,0,-4.21127911936423
AIU46818,0,-1.9040463126854537
AIU46817,1,-0.1338118866585578
AIU46815,0,-8.142993571923206
AIU46814,0,-6.56192989068894
AIU46813,0,-5.370164416036303
AIU46812,0,-3.095873996838506
AIU46809,0,-10.64029210323896
AIU46808,0,-3.744337208244371
AIU46807,0,-3.5915103492382077
AIU46806,0,-5.209411753666709
AIU46805,0,-3.095873996838506
AIU46804,0,-3.095873996838506
AIU46802,0,-11.415555049561009
AIU46801,0,-5.209411753666709
AIU46800,0,-3.095873996838506
AIU46798,0,-9.916125975763212
AIU46797,0,-3.095873996838506
AIU46795,0,-3.095873996838506
AIU46794,0,-4.317029995117062
AIU46793,0,-3.095873996838506
AIU46792,0,-3.095873996838506
AIU46788,0,-3.095873996838506
AIU46786,0,-3.095873996838506
AIU46783,0,-3.095873996838506
AIU46782,0,-3.9621554774027103
AIU46781,0,-3.095873996838506
AIU46779,0,-3.095873996838506
AIU46778,0,-2.9716826543817056
AIU46777,0,-3.095873996838506
AIU46774,0,-6.6445245131810555
AIU46773,0,-3.095873996838506
AIU46772,1,-1.5243194983152506
AIU46771,0,-2.335375735189439
AIU46770,0,-3.9621554774027103
AIU46768,0,-3.095873996838506
AIU46767,0,-3.095873996838506
AIU46765,0,-9.431128230408376
AIU46764,0,-2.9059827577210893
AIU46763,0,-3.095873996838506
AIU46762,0,-3.095873996838506
AIU46761,0,-4.605864101108201
AIU46760,0,-5.44754492772533
AIU46759,0,-3.8860951987370456
AIU46758,0,-3.3318694763683645
AIU46756,0,-2.9059827577210893
AIU46755,0,-6.146214276625946
AIU46754,0,-2.690722350566796
AIU46753,0,-2.272959338840481
AIU46749,0,-9.338200491249784
AIU46746,0,-5.209411753666709
AIU46745,0,-4.048748627090667
AIU46744,0,-9.572038693413045
AIU46743,0,-2.29028456130478
AIU46740,0,-10.265502613990503
AIU46739,0,-5.209411753666709
AIU46737,0,-3.095873996838506
AIU46735,0,-3.3406040142506743
AIU46733,0,-3.095873996838506
AIU46732,0,-3.5915103492382077
AIU46731,0,-4.3920162812916015
AIU46483,0,-3.095873996838506
AIU46481,0,-3.095873996838506
AIU46479,0,-3.095873996838506
AIU46478,0,-3.095873996838506
AIU46477,0,-3.8860951987370456
AIU46476,0,-3.8860951987370456
AIU46474,0,-3.8860951987370456
AIU46399,0,-3.8860951987370456
ASU47793,0,-3.095873996838506
ASO97503,0,-46.11894161794919
ASO97501,0,-24.595646240582777
ASO97485,0,-14.072411101899236
ASO97483,0,-10.2134273729856
ASB33702,0,-5.000063343861132
ASB33690,0,-38.61647780508858
ASB32842,0,-7.0949932485337035
ASB32833,0,-0.02885493459341859
ARX97390,0,-24.343439691323933
ARX97388,0,-12.916441845760403
ARU07171,0,-8.944869389933253
ARU07169,0,-10.789985753988953
ARQ85940,0,-2.0283125080215996
ARJ63957,0,-4.049648487862504
ARJ63952,0,-13.302268724765181
AQU12413,0,-20.1763341811978
APY25383,0,-14.432215837078358
APW84921,0,-12.311310603843383
APW84910,0,-14.328357812866203
ALX27327,0,-17.836718505625328
ALT19951,0,-15.319379673849369
ALT19827,0,-10.593423364778166
ALP01834,0,-15.692877954207203
ALJ54530,0,-16.964780445862473
ALH21545,0,-15.815007438040295
AKV57697,0,-17.05742050479624
AKH14605,0,-9.614272251455239
AJY54592,0,-18.928187731104565
AJF45784,0,-16.808386774775414
AJF45779,0,-21.04302206551598
AJF45775,0,-16.0006418404702
AJD77986,0,-18.644314750163588
AIZ70289,0,-14.185953476211614
AIZ70285,0,-32.66508342007904
AIZ70247,0,-2.0954533012721406
AIZ70214,0,-14.185953476211614
AIZ70208,0,-7.142767635003059
APO39355,0,-17.054515427591234
AOV82401,0,-1.822718527046824
ALG00738,0,-18.17287364846814
ALG00730,0,-21.140456391366705
ALG00726,0,-10.004809787985522
ALG00722,0,-20.207818190323756
ALG00718,0,-23.400488055967003
ALG00714,0,-23.324249866077167
ALG00710,0,-20.891863410921225
ALG00706,0,-23.342872202985504
ALG00702,0,-28.75596261323674
AOC37756,0,-14.748438327024827
ACF48930,0,-25.707830617189018
AAA18781,0,-15.919337899479387
AEB66665,0,-78.78406703259166
ADW80470,0,-29.497739841733264
ADW80459,0,-29.853148165162047
ADG21028,0,-10.860925015692276
ADG21007,0,-9.494081531962948
ADG21005,0,-9.469696450861308
ABO37609,0,-4.802360442733969
ABO37542,0,-3.154632770509222
ABO37490,0,-2.4316381651379917
ABO37489,0,-3.1893355317356136
ANG55916,0,-21.19643696721178
ANF29075,0,-20.107311440253078
ALR81994,0,-31.020640164787523
ALR81993,0,-25.383919152397034
ALR81992,0,-28.820631064575643
ALR81991,0,-25.999986237529257
ALR81989,0,-28.413021715705298
ALR81988,0,-27.235212323176828
AIC64616,0,-13.59002924275039
AIC64601,0,-19.640664725302305
AKZ42083,0,-22.19615392789192
AKZ41921,0,-31.337518887297513
AKZ41895,0,-28.98861739969741
AKZ41844,0,-29.44176095273651
AJS17976,0,-33.72512559775027
AJS17973,0,-39.98308386607346
AJS17971,0,-21.761475378378123
AJS17969,0,-36.17636865209454
AJS17968,0,-30.933658200686608
AJS17966,0,-27.174391121501227
AJS17964,0,-35.13840911863799
AJS17963,0,-37.38657434714646
AJS17962,0,-37.927634655572774
AJS17961,0,-45.28935790638497
AJS17960,0,-41.375014835174866
AJS17956,0,-41.31804859759144
AJS17920,0,-33.27656238524817
AJS17918,0,-33.95373438675979
AJS17917,0,-38.40822643771576
AJS17915,0,-36.90542677547309
AJS17913,0,-31.582300908442413
AJS17911,0,-31.012994899112904
AJS17907,0,-31.840045593625455
AJS17906,0,-33.95373438675979
AJS17905,0,-33.06236291496471
AJS17903,0,-33.27656238524817
AJS17899,0,-32.23107438902088
AJS17898,0,-32.90711654302606
AJS17897,0,-32.05773914688316
AJS17896,0,-33.43446575681736
AJS17895,0,-26.351104023639085
AJS17894,0,-30.530488777757178
AJS17893,0,-29.566949034197208
AJS17892,0,-27.60552753094074
AJS17891,0,-28.458256134190947
AJS17889,0,-28.458256134190947
AJS17888,0,-28.458256134190947
AJS17886,0,-28.458256134190947
AJS17885,0,-28.458256134190947
AJS17883,0,-28.744572397012945
AJS17882,0,-28.744572397012945
AJS17881,0,-28.744572397012945
AJS17880,0,-16.966709213595863
AJS16419,0,-37.2654500113972
AJS16396,0,-33.972358407244045
AJS16390,0,-32.28040837930189
AJS16384,0,-20.775791159630987
AJS16373,0,-20.811343251943576
AJS16370,0,-32.44600793842359
AJS16367,0,-24.910773346457987
AJS16364,0,-28.40681516585029
AJS16361,0,-32.32384177125323
AJS16358,0,-24.899927030539466
AJS16352,0,-21.70507397378644
AGR54712,0,-30.38858728815522
AGR54709,0,-21.403673008071934
AHB59323,0,-8.53066647697531
ALE66689,0,-24.396747795902343
ALD19413,0,-16.164607649198473
AHX38096,0,-28.94430563754156
AHX38093,0,-36.273982672074006
AKL90745,0,-28.267472949745777
AKL90741,0,-11.848079478465761
AKJ84209,0,-36.59148153082539
AKJ80211,0,-28.890562200128578
AKJ80207,0,-29.835758624737878
AJJ96179,0,-73.5759253880117
AJJ96178,0,-31.320703863145788
AJJ96022,0,-72.95707959546348
AJJ96020,0,-68.91358548857706
AJJ96019,0,-30.74148676449345
AJJ95846,0,-72.8793983256189
AJJ95845,0,-32.715166376239566
AJJ95832,0,-26.579186765541245
AAA43149,0,-22.90445269622078
AAA43146,0,-15.3454070228836
AAA43145,0,-11.7411393864332
AAA43144,0,-15.84081615052778
AAA43143,0,-17.492087629272767
AIE53166,0,-3.5590229240040756
AJD14112,0,-47.31657904255281
AJD14111,0,-22.79592321289912
AJD14110,0,-27.0776297608537
AJD14109,0,-29.854380321511
AJD14001,0,-52.5667369237624
AJD13999,0,-28.66685761854425
AJD12987,0,-28.26618769702013
AJD12986,0,-25.692249922371012
AJD12973,0,-31.320703863145788
AJD12972,0,-72.8793983256189
AJD12956,0,-28.768991247421162
AJD12955,0,-72.8793983256189
AJD12918,0,-30.894640771470804
AJD12865,0,-27.3983404850051
AJD12863,0,-29.623674829897773
AJD12847,0,-31.320703863145788
AJD12846,0,-71.27386440305398
AJD12831,0,-21.90634451347649
AJD12813,0,-21.80557859453829
AJD12812,0,-27.79290640090091
AJD12795,0,-73.89891304674869
AJD12793,0,-30.590333255193066
AJD12777,0,-21.80557859453829
AJD12757,0,-75.22798512135734
AJD12756,0,-32.08133068485221
AJD12728,0,-30.977407814929443
BAQ19486,0,-12.374665325339269
BAQ19476,0,-19.185811873877682
BAQ19456,0,-20.449815112000884
BAQ19446,0,-8.72704024917538
BAQ19436,0,-0.7703447366983891
BAQ19416,1,1.3285828213017954
BAQ19406,0,-15.300298495126292
AIU46705,0,-17.29319732116315
AIT38426,0,-45.98982694983133
AIQ77768,0,-4.359437070243564
AIQ77756,0,-19.642124752646172
AIO11726,0,-3.234124902286162
AIO11715,0,-17.248047225285497
AIO11706,0,-3.234124902286162
AIO11686,0,-17.248047225285497
AIN25566,0,-3.234124902286162
AIN25558,0,-17.597420374931353
AIN25551,0,0.42951843915093413
AIN25541,0,0.42951843915093413
AHL24597,0,-31.35951579797807
AHL24577,0,-35.16174841355646
AHL24567,0,-31.35951579797807
AHL24557,0,-31.35951579797807
AHL24517,0,-25.773817465373597
AII30768,0,-17.248047225285497
AIE52177,0,-27.249970432463563
AFO83088,0,-19.771899831071103
AHY95057,0,-34.07431311815861
AHY95053,0,-30.22548239283166
AHW46685,0,-16.48873060876358
AHW46664,0,-33.8315785162312
AHW46660,0,-16.48873060876358
AHM24129,0,-4.410732753496575
AHM24125,0,-16.48873060876358
AHL21543,0,-0.8421908544032011
AHL21470,0,-32.393991260318685
AHL21466,0,-16.48873060876358
AHK10681,0,-4.410732753496575
AHK10677,0,-15.60061842450132
AHK10667,0,-25.24653355937962
AHK10663,0,-4.410732753496575
AHH00822,0,-2.91555951241558
AHG26656,0,-25.705633541264625
AHD25184,0,-6.288106499571363
AHD25163,0,-16.265704243535694
AHD25142,0,-25.292447649877104
AHB73608,0,-15.938049743216482
AGY79655,0,-14.429591546509645
AGT41695,0,-4.217038788630335
AGT41690,0,-17.248355794884166
ADU17015,0,-21.116932779437153
AGL51629,0,-16.265704243535694
AEP95319,0,-16.59466873743014
AEQ73293,0,-16.428862325555286
AEQ73168,0,-2.39937213228618
AEQ61206,0,-32.55950420023756
AEK50760,0,-16.672923866248546
AFP99367,0,-23.52255026682434
AFP21014,0,-30.67419020287125
AFN69199,0,-24.429027937319947
AEQ62915,0,0.6861718760366333
AEQ62914,0,-1.2309523455324722
AEQ62912,0,-1.8811147405398234
AEQ62910,0,-1.7470523591151554
ADU20562,1,0.3084230703918962
ACY56526,0,-30.648964050827246
ACY56525,0,-30.02012391465221
ACY56524,0,-20.869541858807523
ACY56523,0,-22.8802206653651
ACY56522,0,-34.574618270243455
ACY56519,0,-39.185293959430844
ACY56518,0,-33.040946858676136
ACY56517,0,-16.40363080921125
ACY56516,0,-22.959624095461876
AEI29915,0,-19.467242365825847
AEI29913,0,-23.14617523829482
AEI29912,0,-23.961564783247177
AEI29910,0,-24.877289509834355
AEI29902,0,-32.084962656101325
AEI29901,0,-30.44999258473142
AEI29900,0,-32.9063913931178
AEI29899,0,-30.975944927961166
AEI29898,0,-30.352730908257236
AEI29896,0,-28.940581726764364
AEI29895,0,-34.866772037327294
AEI29893,0,-25.34124889698591
AEI29891,0,-25.033782082093154
AEI29890,0,-40.70906466732902
AEI29889,0,-30.986107609571377
AEI29888,0,-26.74141057738143
AEI29887,0,-35.84913902991719
AEI29885,0,-44.88510719322855
AEI29883,0,-30.786284205057143
AEI29882,0,-29.393746500679192
AEI29881,0,-25.31012440754275
AEI29880,0,-30.80928346121877
AEI29879,0,-30.06929724914761
AEI29878,0,-16.294090343986706
AEI29877,0,-37.26419976189822
AEI29876,0,-35.12876043553305
AEI29875,0,-37.48758270846158
AEI29874,0,-36.445623309935854
AEI29873,0,-36.47134874282139
AEI29872,0,-36.31260900536377
AEI29871,0,-29.654675438023233
AEH26544,0,-37.62717193665337
ADU17459,0,-21.458824663385883
ADU17103,0,-22.25929996780016
ADU16565,0,-18.23901274787461
ADU16018,0,-43.213774734061445
AEA04387,0,-14.015056208837384
ADW80437,0,-17.822061463002342
ADW80357,0,-45.223228643932494
ADW80283,0,-28.050444974247778
ADW80250,0,-26.85393018364554
ACY06463,0,-26.01336814208362
ACY06462,0,-24.26452117726931
ACY06460,0,-31.85088708545083
ACY06459,0,-29.037578500781883
ACY06457,0,-7.8990031332314405
ACY06455,0,-12.171691429355695
ACY06453,0,-13.708403150809835
ACY06452,0,-14.133847957296974
ACY06451,0,-12.9504614306397
ACY06447,0,-16.355088145272894
ACY06446,0,-16.355088145272894
AAA62470,0,-24.41606652929643
BAJ09300,0,-28.53093766882052
BAJ09299,0,-28.53093766882052
BAJ09298,0,-28.632047884642567
BAJ09297,0,-29.102483138815955
BAJ09296,0,-28.53093766882052
BAJ09295,0,-28.53093766882052
BAJ09294,0,-28.632047884642567
BAJ09292,0,-30.7355232733484
BAJ09291,0,-29.851447462844412
BAJ09289,0,-29.851447462844412
BAJ09288,0,-28.261204280194747
BAJ09287,0,-30.432737309061658
BAJ09286,0,-30.645610838748482
BAJ09285,0,-28.693771079054727
BAJ09284,0,-29.14364083844665
BAJ09283,0,-29.14364083844665
BAJ09282,0,-28.693771079054727
BAJ09281,0,-29.14364083844665
BAJ09280,0,-28.693771079054727
BAJ09278,0,-29.01168012623453
BAJ09277,0,-28.693771079054727
BAJ09276,0,-33.09117922180803
BAJ09275,0,-29.91937474039328
BAJ09274,0,-28.24000567673538
ADG21027,0,-7.470714948121449
ADG21025,0,-11.981432319195699
ADG21020,0,-8.237293005201813
ADG21017,0,-7.990303850193356
ADG21016,0,-7.279730416898307
ADG21015,0,-7.202336245324637
ADG21014,0,-7.5543197157352395
ADG21012,0,-7.927458253402995
ADG21010,0,-7.927458253402995
ADG21008,0,-4.064136422880743
ADG21006,0,-7.927458253402995
ADG21004,0,-7.927458253402995
AAA64228,0,-16.64744911554598
AAA64229,0,-16.18876538671435
ACI06174,0,-22.61448239571544
ACI06172,0,-22.61448239571544
ACI06171,0,-22.61448239571544
ACI06169,0,-25.324210229049942
ACI06168,0,-23.9834558415944
ACI06167,0,-31.38728715369315
ACI06163,0,-27.787156877909922
ACI06160,0,-25.324210229049942
ACI06158,0,-23.890899996651875
ACI06157,0,-23.890899996651875
ACI06156,0,-23.890899996651875
ACI06154,0,-22.93640179717667
ACI06153,0,-24.931301147834994
ACI06152,0,-23.890899996651875
ACI06151,0,-23.890899996651875
ACI06150,0,-22.93062236571616
ACI06146,0,-20.684455197186956
ACI06144,0,-26.477572056561684
ACI06142,0,-25.324210229049942
ACI06140,0,-25.324210229049942
ACI06138,0,-25.324210229049942
ACI06137,0,-25.324210229049942
ACI06134,0,-25.324210229049942
ACI06133,0,-25.324210229049942
ACI06132,0,-25.703559215946825
ACI06131,0,-27.26775547654517
ACI06130,0,-25.703559215946825
ACI06129,0,-25.703559215946825
ACI06128,0,-24.492055491959576
ACI06127,0,-25.703559215946825
ACI06125,0,-12.52326866727115
ACI06124,0,-27.052106460731224
ACI06123,0,-25.703559215946825
ABY81852,0,-35.15534669961922
ABY81851,0,-28.547709554529135
ABY81850,0,-28.52255834651819
ABY81849,0,-19.74060356497505
ABY81848,0,-34.57852688976932
ABY81847,0,-34.57852688976932
ABY81846,0,-34.57852688976932
ABY81845,0,-36.579778427396874
ABY81843,0,-30.10180986030492
ABY81842,0,-34.57852688976932
ABY81840,0,-32.979119609994406
ABY81839,0,-32.56242795210712
ABY81838,0,-30.50770696786161
ABY81837,0,-32.98744222039077
ABY81836,0,-35.454896615628705
ABY81835,0,-33.325629431645176
ABY81834,0,-36.75552303327595
ABY81833,0,-39.368804333695536
ABZ81075,0,-14.8757074828014
ABR88080,0,-5.169756039579341
ACF28527,0,-5.051957843826465
BAA00772,0,-23.84893125847645
ABQ41898,0,-18.391268660680197
ABQ41888,0,-18.10693715507619
ABO51928,0,-28.405119659319446
AAA43114,0,-25.784733790797457
AAA43112,0,-48.841682483840486
AAA43111,0,-16.67869763740861
AAA43103,0,-51.46061420760738
AAA43102,0,-47.985662700583966
AAA43101,0,-31.84449875620514
ABF60581,0,-21.22075539982773
ABF60578,0,-21.286761282050037
ABF60576,0,-33.42954572705699
CAA24271,0,-20.683627660709014
HMIV89,0,-15.3454070228836
HMIV77,0,-17.383678581270456
JQ1153,0,-26.407644278832635
