accession,train_label,logit
UPI56474,0,-2.1713843668611137
UPI56462,0,-2.3523399329526864
XTX72824,0,-27.786240194476846
XTX72813,0,-27.786240194476846
XTX72802,0,-27.786240194476846
YCB21580,0,-5.167405890825426
YCB21547,0,-4.853508181848067
YCB21470,1,0.38346499694375424
YCB21459,1,0.38346499694375424
YCB21437,0,-1.7974457332320988
YCB21426,0,-1.7974457332320988
YCB21404,0,-4.352850841119304
YCB21316,0,-4.47871194552606
YCB21250,0,-5.077042718396575
YCB21206,1,0.10235950248780412
YCB21195,1,0.10235950248780412
YCB21184,1,0.6799426101810351
YCB21174,1,0.6799426101810351
YCB21163,0,-5.1379690187584455
YCB21119,0,-1.7797077716937437
YCB21108,0,-1.9930744763522181
YCB21042,0,-5.077042718396575
YCB21031,0,-5.077042718396575
YCB21009,0,-5.077042718396575
YCB20965,0,-4.97409645486802
YCB20910,1,-1.1345124982216337
YCB20899,0,-5.077042718396575
YCB20888,0,-3.2743893316133725
YCB20877,1,0.6799426101810351
YCB20800,0,-6.089221824035835
YCB20789,0,-6.089221824035835
YCB20767,0,-5.233442366549811
YCB20756,0,-5.399613069440223
YCB20745,0,-5.340236905487364
YCB20690,0,-5.649400946229656
YCB20679,0,-4.61093842111689
YCB20668,0,-2.9333650677244254
YCB20657,0,-2.9333650677244254
YCB20525,0,-5.077042718396575
YCB20515,0,-5.077042718396575
YCB20506,0,-6.089221824035835
YCB20489,0,-5.077042718396575
YCB20480,0,-3.2743893316133725
YCB20453,0,-5.077042718396575
WPD40848,0,-6.390535856324055
XYW64010,0,-6.263669625657814
XKH15321,0,-10.25664410916312
QWZ14542,0,-1.0750013485819938
XVC18733,0,-16.534960565484194
XUN73554,0,-5.325634638466697
XUN73345,0,-5.077042718396575
XUN73334,0,-0.7162336717986921
XUN73312,0,-5.077042718396575
XUN72740,0,-5.077042718396575
XUN72729,0,0.3634547408198774
XUN72718,0,-5.077042718396575
XUN72707,0,-5.077042718396575
XUN71728,0,-1.3386950100408903
XUN71717,0,-5.077042718396575
XUN71706,0,-5.077042718396575
XUN71673,0,-5.077042718396575
XUN71563,0,-2.9427062896849936
XUN70683,0,-0.9514403646574632
XUN70650,0,-0.4276857670790921
XUN70639,0,-0.4276857670790921
XUN70133,0,-5.527811845104468
XUN70122,0,-5.527811845104468
XUN70100,0,-5.860568412926549
XUN69979,0,-0.4276857670790921
XUN69957,0,-0.39620776284520964
XUN69467,0,-0.34680463615657686
XUN69279,0,-0.9514403646574632
XRI58488,0,-4.464372290301268
XQE53506,0,-11.662900098074529
XPZ03546,0,-2.6944677564645145
XPO71821,0,-7.313123985988204
XPO71820,0,-11.622770940043067
XPO71819,0,-15.341320467195535
XPO55351,0,-7.514159607208843
XPO14940,0,-4.858432488019844
XPO14822,1,-0.704563414628959
XPO14784,0,-4.848431543045583
XPO14783,0,-2.5871512921025968
XOE87489,0,-7.961189322173846
XOD40201,0,-5.58100366685454
XOD40124,0,-6.047595014896643
XOD39886,0,-5.6569977196077
XNM01023,0,-6.263669625657814
XNM00997,0,-6.263669625657814
XNM00964,0,-7.852243765807325
XNM00961,0,-6.640256305052162
XNM00938,0,-6.263669625657814
XNM00928,0,-6.263669625657814
XNM00885,0,-7.852243765807325
XNM00847,0,-6.263669625657814
XNM00764,0,-6.263669625657814
XNM00749,0,-4.202230707889589
XNM00714,0,-6.263669625657814
XMQ97238,0,-6.263669625657814
XMQ94975,0,-6.263669625657814
WZL55684,0,-5.616502927279258
WZL55500,0,-5.616502927279258
WZL55213,0,-4.717229391175147
XHW86885,1,0.4838420465104516
XHW86874,0,-2.029918261756375
XHW86863,1,0.7978613961456791
XHW86852,0,-4.61093842111689
XHW86841,0,-4.916619787043777
XHW86819,1,0.4838420465104516
XHW86808,0,-5.485340677084126
XHW86797,0,-5.0388832332966995
XHW86786,0,0.9284107759631457
XHW86775,0,-2.21438092880795
XHW86764,0,-2.21438092880795
XHW86742,0,-5.801506797133227
XHW86731,0,-5.801506797133227
XHW86720,0,-3.2743893316133725
XHW86698,0,-2.454471727117859
XHW86687,0,-2.454471727117859
XHW86676,0,-5.077042718396575
XHW86665,0,-4.61093842111689
XHW86654,0,-2.3278212458173737
XHW86643,0,-4.61093842111689
XHW86632,0,-3.880312688663185
XHW86621,0,-2.865553062264004
XHW86610,1,0.09312452431458063
XHW86599,1,0.42094387310988957
XHW86588,1,0.42094387310988957
XHW86566,0,-5.033072737756919
XHW86544,1,0.4838420465104516
XHW86533,1,1.8402520421576476
XHW86511,0,-4.899401401463127
XHW86500,0,-4.61093842111689
XHW86489,0,-5.0488701449651945
XHW86478,0,-5.485340677084126
XHW86467,0,-4.899401401463127
XHW86424,0,-6.055069562306743
XHW86347,0,-3.717045487610754
XHW86336,1,0.4838420465104516
XHW86325,1,0.4838420465104516
XFC84613,0,-4.61093842111689
XFC84602,0,-4.61093842111689
XFC84591,1,0.6682567990075068
XFC84580,0,-1.9390241294944595
XFC84569,0,-1.9390241294944595
XFC84558,0,-5.077042718396575
XFC84547,0,-5.077042718396575
XFC84525,0,-4.61093842111689
XFC84514,0,-2.6944677564645145
XFC84503,0,-2.6944677564645145
XFC84492,1,0.4838420465104516
XFC84481,1,0.4838420465104516
XFC84448,0,-4.899401401463127
XFC84437,0,-7.214197790195827
XFC84415,1,0.9041431016153663
XFC84404,0,-5.424777805613681
XFC84382,1,0.4838420465104516
XFC84371,0,-4.61093842111689
XFC84360,0,-5.213019081176663
XFC84338,0,-5.661911145739328
XFC84327,0,-1.2736917137383301
XFC84316,0,-2.865553062264004
XFC84305,0,-3.969820108803379
XFC84294,0,-4.61093842111689
XFC84283,0,-4.61093842111689
XFC84272,0,-5.496606355590343
XFC84261,0,-5.367476009048433
XFC84250,0,-4.61093842111689
XFC84239,0,-3.7618269794095465
XFC84206,0,-5.077042718396575
XFC84195,0,-4.154745815022082
XFC84140,1,1.748118416649028
XFC84129,1,1.3364326063205016
XFC84118,1,1.3364326063205016
XFC84107,1,0.4838420465104516
XFC84096,0,-5.262123422630944
XFC84085,0,-5.262123422630944
XFC84076,0,0.19246691108281233
XFC84065,0,0.19246691108281233
XFC84054,0,-1.8824195490905513
XFC84043,0,-1.8824195490905513
XFC84032,0,-0.8843070547383345
XFC84021,0,-0.8843070547383345
XFC84010,0,-4.61093842111689
XFC83999,1,0.4838420465104516
XFC83988,0,-5.485340677084126
XFC83977,0,-5.485340677084126
XFC83955,0,-2.865553062264004
XFC83944,0,-5.157885014481485
XFC83933,0,-4.916619787043777
XFC83911,0,-4.61093842111689
XFC83900,0,-5.856561396528278
XFC83867,0,-5.485340677084126
XFC83856,0,-2.388499568626008
XFC83823,1,0.4838420465104516
XFC83801,0,-5.367476009048433
XFC83790,1,0.4838420465104516
XFC83768,0,-4.61093842111689
XFC83757,0,-4.102474844100604
XFC83746,0,-2.865553062264004
XFC83713,0,-2.6179973637118916
XFC83691,0,-7.519200503707319
XFC83680,1,0.4838420465104516
XFC83669,1,0.4838420465104516
XFC83649,1,0.4838420465104516
XFC83631,0,-5.087234198436169
XFC83622,0,-3.882520362781925
XFC83603,0,-4.61093842111689
XFC83585,0,-2.865553062264004
XFC83576,0,-5.367476009048433
XFC83557,0,-4.899401401463127
XFC83548,1,0.4838420465104516
XFC83538,0,0.10004885939039632
XFC83529,1,0.4838420465104516
XFC83518,0,-5.485340677084126
XFC83507,0,-7.98737591745755
XFC83496,0,-7.98737591745755
XFC83485,0,-4.7287922313790745
XFC83463,0,-7.98737591745755
XFC83452,0,-5.485340677084126
XFC83441,0,-5.485340677084126
XFC83419,0,-4.61093842111689
XFC83397,0,-5.328851767818319
XFC83386,0,-5.485340677084126
XFC83375,0,-5.837563804934055
XFC83364,0,-5.837563804934055
XFC83354,0,-5.3005119869421975
XFC83343,0,-5.3005119869421975
XFC83334,0,-4.916619787043777
XFC83301,0,-5.5636438784291276
XFC83268,0,-4.899401401463127
XFC83257,1,3.0001834303454
XFC83224,0,-5.367476009048433
XFC83213,0,-6.179139781999234
XFC83191,0,-4.67307959991914
XFC83180,0,-3.880312688663185
XFC83169,0,-5.661911145739328
XFC83158,0,-5.367476009048433
XFC83147,0,-5.101992351634761
XFC83136,0,-5.101992351634761
XFC83104,0,-5.367476009048433
XFC83071,1,0.4838420465104516
XFC83060,1,0.9478132410200981
XFC83049,0,-7.490284574352346
XFC83016,0,-8.218336345467298
XFC83005,0,-8.218336345467298
XFC82994,0,-4.61093842111689
XFC82983,0,-4.61093842111689
XFC82975,0,-5.5665501972509634
XFC82964,0,-6.321990689335175
XFC82953,0,-4.61093842111689
XFC82942,0,-5.661911145739328
XFC82931,0,-5.661911145739328
XFC82909,0,-6.5845036804746115
XFC82898,0,-5.183080048204422
XFC82876,0,-5.485340677084126
XFC82865,0,-5.183080048204422
XFC82854,0,-5.183080048204422
XFC82843,0,-4.61093842111689
XFC82832,0,-4.61093842111689
XFC82821,1,2.5676678531913115
XFC82810,1,2.5676678531913115
XFC82788,0,-0.252228284409048
XFC82777,0,-5.657209659783938
XFC82766,0,-5.348297107064436
XFC82755,0,-5.348297107064436
XFC82744,0,-5.348297107064436
XFC82735,0,-5.348297107064436
XFC82724,0,-5.348297107064436
XFC82713,0,-5.348297107064436
XFC82702,0,-5.367476009048433
XFC82691,0,-5.0388832332966995
XFC82681,0,-5.0388832332966995
XFC82670,0,-5.797595983493139
XFC82659,0,-4.916619787043777
XFC82637,0,-4.979273170019249
XFC82626,0,-5.450333914244656
XFC82593,0,-4.61093842111689
XFC82582,0,-4.61093842111689
XFC82560,0,-4.61093842111689
XFC82549,0,-5.367476009048433
XFC82538,0,-6.390229993297023
XFC82516,0,-2.551896035921496
XFC82505,0,-7.242087099746959
XFC82472,0,-5.367476009048433
XFC82461,0,-3.776550771271774
XFC82450,0,-5.485340677084126
XFC82439,0,-5.485340677084126
XFC82428,0,-5.485340677084126
XFC82406,0,-4.61093842111689
XFC82395,0,-5.485340677084126
XFC82351,0,-4.114351463914932
XFC82340,0,-4.114351463914932
XFC82307,0,-5.367476009048433
XFC82275,0,-4.156994634006759
XFC82253,0,-3.786383912734765
XFC82187,0,-5.340988679089966
XFC82165,0,-4.646479068511283
XFC82143,0,-5.488847571673462
XFC82121,0,-6.54978745036227
XFC82110,0,-6.54978745036227
XFC82099,0,-4.916619787043777
XFC82044,0,-5.661911145739328
XFC82033,0,-5.661911145739328
XFC82012,0,-4.632224142265665
XFC82001,0,-2.397874335595475
XFC81979,0,-4.61093842111689
XFC81968,1,0.4838420465104516
XFC81957,0,-4.916619787043777
XFC81946,0,-4.953493153809735
XFC81935,1,1.1038589856201302
XFC81924,0,-6.041458034016937
XFC81913,0,-4.6500220610879985
XFC81891,0,-4.61093842111689
XFC81880,0,-4.558435370735099
XFC81847,0,-4.61093842111689
XFC81836,1,-0.6635153757030299
XFC81825,0,-5.130503448445744
XFC81814,0,-5.130503448445744
XFC81803,0,-5.130503448445744
XFC81792,0,-5.130503448445744
XFC81781,0,-5.661911145739328
XFC81759,0,-6.104898539248804
XFC81748,0,-6.104898539248804
XFC81737,0,-4.61093842111689
XFC81726,0,-4.61093842111689
XFC81715,0,-4.899401401463127
XFC81693,0,-4.899401401463127
XFC81682,0,-5.130503448445744
XFC81671,0,-5.414985022365341
XFC81660,0,-5.348297107064436
XFC81649,0,-1.8646988821382582
XFC81638,0,-5.767509020699189
XFC81627,1,0.009594829561924811
XFC81616,1,0.009594829561924811
XFC81605,0,-5.4963802897877905
XFC81583,0,-4.61093842111689
XFC81572,0,-5.0388832332966995
XFC81561,0,-5.0388832332966995
XFC81539,0,-8.98129111680353
XFC81528,0,-5.367476009048433
XFC81506,0,-4.548457490246028
XFC81473,0,-5.661911145739328
XFC81429,0,-4.61093842111689
XFC81418,0,-4.61093842111689
XFC81407,0,-2.1946462748494486
XFC81396,0,-2.1946462748494486
XFC81374,0,-4.318242448571908
XFC81363,0,-5.367476009048433
XFC81341,0,-5.661911145739328
XFC81330,0,-5.485340677084126
XFC81319,0,-5.485340677084126
XFC81308,0,-5.011020115255983
XFC81297,0,-5.011020115255983
XFC81286,0,-5.485340677084126
XFC81275,0,-4.61093842111689
XFC81264,0,-4.899401401463127
XFC81253,0,-4.899401401463127
XFC81242,0,-6.154009566673308
XFC81221,0,-4.829380623122228
XFC81199,0,-4.916619787043777
XFC81188,0,-4.916619787043777
XFC81170,0,-5.367476009048433
XFC81159,0,-6.032990786552103
XFC81140,0,-6.032990786552103
XFC81129,0,-6.032990786552103
XFC81118,0,-7.014942099818363
XFC81096,0,-5.367476009048433
XFC81074,0,-5.367476009048433
XFC81052,0,-4.916619787043777
XFC81019,0,-5.270628252351175
XFC81008,0,-4.884816845763039
XFC80997,0,-4.884816845763039
XFC80986,0,-4.61093842111689
XFC80964,0,-5.485340677084126
XFC80953,0,-5.367476009048433
XFC80942,0,-5.661911145739328
XFC80931,0,-4.1392181104988435
XFC80909,0,-6.065868124710143
XFC80898,0,-4.917363947783993
XFC80887,0,-4.899401401463127
XFC80876,1,0.5648392954513035
XFC80865,0,-4.61093842111689
XFC80854,0,-5.461789202270994
XFC80843,0,-4.815882455602004
XFC80832,0,-5.485340677084126
XFC80799,1,0.4838420465104516
XFC80777,0,-5.485340677084126
XFC80766,0,-5.485340677084126
XFC80755,0,-4.61093842111689
XFC80733,0,-4.899401401463127
XFC80711,0,-5.157885014481485
XFC80700,0,-4.61093842111689
XFC80689,0,-4.916619787043777
XFC80678,0,-1.0823135162764483
XFC80667,1,1.9352598359227962
XFC80656,0,-5.424680823978306
XFC80645,1,2.2191165242964264
XFC80634,0,-5.411295635492879
XFC80623,0,-5.367476009048433
XFC80612,1,2.312885108521643
XFC80601,0,-5.367476009048433
XFC80579,0,-5.367476009048433
XFC80568,0,-5.367476009048433
XFC80546,0,-1.0823135162764483
XFC80514,0,-1.787184295527954
XFC80503,0,-5.367476009048433
XFC80481,0,-1.0823135162764483
XFC80470,0,-4.61093842111689
XFC80459,0,-4.9126715578924856
XFC80448,0,-5.367476009048433
XFC80415,0,-5.08063772009781
XFC80404,0,-7.43307877567265
XFC80393,0,-7.2136498517013266
XFC80382,0,-7.214197790195827
XFC80371,0,-4.529159727354584
XFC80349,0,-4.899401401463127
XFC80330,0,-5.485340677084126
XFC80319,0,-5.485340677084126
XFC80308,0,-4.61093842111689
XFC80297,0,-4.916619787043777
XFC80275,0,-3.859322048998406
XFC80265,0,-5.198106505529507
XFC80254,0,-5.367476009048433
XFC80243,0,-5.367476009048433
XFC80222,0,-5.101992351634761
XFC80211,0,-4.916619787043777
XFC80189,0,-5.367476009048433
XFC80167,0,-5.485340677084126
XFC80145,0,-5.485340677084126
XFC80134,0,-5.367476009048433
XFC80123,0,-4.61093842111689
XFC80101,0,-5.367476009048433
XFC80090,0,-4.61093842111689
XFC80079,0,-4.61093842111689
XFC80068,0,-2.6179973637118916
XFC80057,0,-4.426832235053903
XFC80046,0,-7.519200503707319
XFC80024,0,-5.236149038967442
XFC80013,0,-5.236149038967442
XFC80002,0,-5.101992351634761
XFC79980,0,-5.1029252742179505
XFC79961,0,-5.485340677084126
XFC79951,0,-4.966512398240441
XFC79941,0,-5.661911145739328
XFC79931,0,-5.661911145739328
XFC79902,0,-4.668369982863604
XFC79892,0,-5.3005119869421975
XFC79883,0,-4.916619787043777
XFC79865,0,-4.899401401463127
XFC79848,0,-4.916619787043777
XFC79838,0,-5.3005119869421975
XFC79831,0,-7.118220823835447
XFC79811,0,-6.008291490751972
XFC79791,0,-5.485340677084126
XFC79772,0,-4.916619787043777
XFC79753,0,-5.0388832332966995
XFC79726,0,-6.065868124710143
XFC79717,0,-5.0388832332966995
XFC79700,1,2.1278715791737337
XFC79693,0,-5.129375856716317
XFC79688,0,-7.118220823835447
XFC79677,0,-5.450703151807904
XFC79668,0,-5.661911145739328
XFB56345,0,-9.55505737242818
XFB56343,0,-8.383208826507593
XFB56341,0,-17.428793952052047
XFB56339,1,-0.014011303988928248
XFB56337,0,-5.489097548525329
XFB56333,0,-5.103153369350343
XFB56327,0,-14.208153782236298
XFB56325,0,-5.232469311063009
XFB56311,0,-22.409259660508884
XFB56307,0,-28.02889001041855
XFB56303,0,-6.1861937012274115
XFB56301,0,-6.356152770127548
XFB56299,0,-22.823341522864425
XFB56297,0,-40.11530651988346
XFB56295,0,-37.13335156806251
XFA02390,0,-1.0389262723988733
XFA02389,0,-11.093369216576225
XFA02388,0,-11.434989798016524
XEQ90854,0,-8.755711488489471
XEQ90852,0,-18.06039118436825
XEQ90850,0,-18.98233873110165
XEQ90846,0,-18.079810180209403
XEQ90844,0,-17.620775839897505
XEQ90842,0,-17.332401792339017
XEQ90834,0,-5.103153369350343
XCV19025,1,1.7372670398468095
XCV19024,0,-4.982798190091978
XCV19023,1,0.3734450268718792
XCV19021,1,-1.9465261629144361
XCV19020,0,-3.9765261612511846
XCV19017,1,0.19222245662340676
XCV19016,1,2.201755055850775
XCV19009,0,-6.162390709614693
XCV19007,0,-5.105833947545348
XCV19004,0,-2.6151507085411385
XCV19000,0,-3.724660440033075
XCV18999,1,0.3243196831652959
XCV18998,0,-2.6151507085411385
XCV18997,0,-3.5777377274657542
XCV18996,0,-4.2208068186206855
XCV18995,0,-3.5777377274657542
XCV18994,0,-2.6151507085411385
XCV18993,0,-3.567274618452947
XCV18991,0,-21.848585153675117
XCV18990,0,-34.84042033603572
XCV18989,0,-3.2555683945636087
XCV18987,0,-21.6297009110289
XCV18985,0,-18.511702408982792
XCV18984,0,-28.372427439471764
XCV18983,0,-30.4629258299664
XCV18982,0,-28.372427439471764
XCV18976,0,-28.364946187595578
XCV18973,0,-28.303268661652368
XCV18972,0,-28.303268661652368
XCV18968,0,-2.201671301003744
XCV18967,0,-28.1746604608971
XCV18964,0,-3.5107959599630494
XCV18962,0,-2.6389844409288
XCV18961,0,-25.73632942161693
XCV18960,0,-28.3705312217849
XCV18959,0,-28.3705312217849
XCV18958,0,-22.42183490281917
XCV18957,0,-26.44170979023948
XCV18956,0,-19.103908508693394
XCV18951,1,1.849264983736953
XCV18949,0,-23.29396220817778
XCV18947,0,-5.28765961001773
XCV18946,0,-5.28765961001773
XCV18944,0,-4.8081424415006655
XCV18943,0,-27.953895233331806
XCV18939,0,-28.678682494996842
XCV18937,0,-22.539208145380016
XCV18936,0,-1.4958050236091882
XCV18934,0,-28.385599083613762
XCV18932,0,-28.772354384916945
XCV18931,0,-22.887762760301026
XCV18930,0,-20.857091405585592
XCV18929,0,-34.4624576766644
XCV18926,0,-22.315349656494668
XCV18923,0,-15.681383468672704
XCV18921,0,-13.661437510430577
XCV18920,0,-23.12969117101059
XCV18919,0,-22.62163156291121
XCV18918,0,-15.681383468672704
XCV18915,0,-13.405316322872736
XCV18913,0,-26.153557072999817
XCV18910,0,-3.815195371566629
XCV18905,0,-40.284352407036835
XCV18904,0,-40.284352407036835
XCV18902,0,-17.600142845608993
XCV18899,0,-31.33190901185811
XCV18898,0,-27.963150667897985
XCV18895,0,-34.95877569071051
XCV18892,0,-6.437672880460827
XCV18891,0,-6.437672880460827
XCV18890,0,-29.554471503230978
XCV18887,0,-29.554471503230978
XCV18886,0,-28.906379720257533
XCV18885,0,-6.5420358217628785
XCV18882,0,-27.963150667897985
XCV18881,1,2.972521327947229
XCV18880,1,2.972521327947229
XCV18879,0,-14.271781809289251
XCV18878,0,-36.02749730980072
XCV18877,0,-29.88780419869689
XCV18876,0,-4.797992721527903
XCV18875,0,-27.234254461124067
XCV18874,0,-36.80901902731045
XCV18873,0,-12.914480537331059
XCV18872,0,-14.63593472504265
XCV18871,1,2.5248931847785414
XCV18870,0,-37.75511868326316
XCV18866,0,-27.03558109072067
XCV18865,0,-6.865502060359839
XCV18862,0,-3.191736842876553
XCV18860,0,-3.191736842876553
XCV18858,0,-23.665101187444712
XCV18857,0,-23.522402045618435
XCV18852,0,-3.191736842876553
XCV18848,0,-36.540976420445794
XCV18847,0,-28.07041515710742
XCV18845,0,-34.785939481141554
XCV18843,0,-10.761557575809569
XCV18842,0,-36.97659756561023
XCV18841,0,-25.285701601333265
XCV18840,0,-19.6676427998688
XCV18835,0,-17.25542455364586
XCV18834,0,-18.083439109951712
XCV18833,0,-20.09824030058912
XCV18831,0,-16.29638473220186
XCV18827,0,-13.437804337515677
XCV18824,0,-20.307421955169538
XCV18823,1,2.221280053883911
XCV18822,0,-4.630928994875539
XCV18821,0,-30.134614624893295
XCV18820,0,-29.066191844965907
XCV18818,1,2.2487220748308143
XCV18817,1,2.2487220748308143
XCV18816,1,1.658517378178649
XCV18815,0,-27.773047073613768
XCV18812,0,-12.892892730622549
XCV18811,0,-1.479581513340145
XCV18810,0,-28.04977522079924
XCV18809,0,-16.33563014874051
XCV18808,0,-7.573085055830216
XCV18806,0,-19.582305171011427
XCV18805,0,-23.336274739319755
XCV18804,0,-13.700853516297745
XCV18801,0,-17.846503450989395
XCV18800,0,-17.846503450989395
XCV18798,0,-25.43547824257012
XCV18793,0,-11.296622526454978
XCV18790,0,-19.88408298718199
XCV18783,0,-12.527821741512692
XCV18776,0,-21.13701445699261
XCV18770,0,-23.55478119863068
XCV18769,0,-11.320133411105278
XCV18768,0,-11.320133411105278
XCV18766,0,-20.42732029905734
XCV18763,0,-23.24165733552477
XCV18762,0,-10.702777840766759
XCV18761,0,-3.054576057245594
XCV18759,0,-10.702777840766759
XCV18758,0,-22.511906351623402
XCV18757,0,-14.317043114188495
XCV18755,0,-9.635396442916829
XCV18754,0,-9.635396442916829
XCV18752,0,-8.684826778017502
XCV18748,0,-22.8307794410415
XCV18747,0,-9.904206861449165
XCV18741,0,-4.75749670240025
XCV18739,0,-4.75749670240025
XCV18738,0,-3.9250117907338016
XCV18737,0,-12.17388498025944
XCV18736,0,-6.529784350198003
XCV18735,0,-10.092697448811426
XCV18727,0,-11.30401763519346
XCV18726,0,-5.179612241452485
XCV18725,0,-4.07671251670266
XCV18724,0,-4.75749670240025
XCV18721,0,-3.1764181917501286
XCV18720,0,-5.1183688348638885
XCV18718,0,-9.904206861449165
XCV18712,0,-5.1183688348638885
XCV18711,0,-4.790854201873826
XCV18709,0,-8.592177786010236
XCV18708,0,-6.132150437582078
XCV18706,0,-5.740389702288402
XCV18704,0,-9.904206861449165
XCV18703,0,-21.63636428128217
XCV18701,0,-21.40602497233909
XCV18700,0,-21.40602497233909
XCV18699,0,-36.18701307055633
XCV18697,0,-35.91381312553183
XCV18695,0,-19.21394617102368
XCV18690,1,4.256401925622519
XCV18684,0,-9.240663296538404
XCV18683,1,5.101728829105436
XCV18677,0,-21.15764465373192
XCV18672,0,0.9688944872481198
XCV18669,0,-27.650581790943697
XCV18668,0,-22.0094946423365
XCV18667,0,-23.650786093792696
XCV18665,0,-21.189218990907815
XCV18663,0,-2.5574962216188464
XCV18662,0,-4.646562694129592
XCV18660,0,-22.306050211438226
XCV18657,0,-22.148879260426234
XCV18656,0,-5.667889523507009
XCV18655,0,-22.745127244137112
XCV18654,0,-26.71903455628985
XCV18652,0,-18.535602834109568
XCV18651,0,-23.571529209300728
XCV18650,0,-25.559758703834483
XCV18649,0,-14.02262304547758
XCV18648,0,-22.45955767749637
XCV18647,0,-20.76614383331512
XCV18645,0,-22.45955767749637
XCV18642,0,-19.91098544727724
XCV18641,0,-27.195969009371616
XCV18640,0,-4.0095443765982655
XCV18638,0,-18.721653912425044
XCV18637,0,-23.01956864735753
XCV18636,0,-0.4606239727810397
XCV18635,0,-22.203784019274174
XCV18633,1,3.456378217360296
XCV18631,1,3.4089392519793957
XCV18630,0,-2.5474720393684596
XCV18629,1,3.4089392519793957
XCV18628,0,-22.073644055604937
XCV18626,0,-22.144751515603645
XCV18621,0,-23.338730375221665
XCV18618,0,-26.988898875729227
XCV18613,0,-1.6387176224942177
XCV18612,0,-25.053769058556014
XCV18610,0,-25.109355365922674
XCV18609,0,-25.9743198972711
XCV18608,0,-25.9743198972711
XCV18606,0,-21.810921240442696
XCV18603,0,-22.29275912239407
XCV18600,0,-20.583141152071306
XCV18599,0,-6.471279289001307
XCV18595,0,-4.294218528861309
XCV18594,0,-18.60181804528886
XCV18591,0,-31.434232396005257
XCV18588,0,-26.68993427970571
XCV18586,0,-7.075695937101184
XCV18585,0,-19.574506530356306
XCV18584,1,0.3734450268718792
XCV18583,0,-3.5281667631698586
XCV18582,0,-3.5281667631698586
XCV18581,0,-3.5281667631698586
XCV18580,0,-3.5281667631698586
XCV18578,0,-27.448613691422892
XCV18577,0,-3.5281667631698586
XCV18575,0,-3.5281667631698586
XCV18573,0,-29.536784819097306
XCV18572,0,-5.2594593591165015
XCV18570,0,-18.70827832400501
XCV18569,0,-32.63698244337772
XCV18568,0,-1.4433486066027772
XCV18567,0,-29.000971378593015
XCV18566,0,-2.8704724904827152
XCV18565,0,-39.98520796136672
XCV18564,0,-33.99296931389532
XCV18563,0,-19.69778692175499
XCV18562,0,-33.62911103108024
XCV18561,0,-3.254859726897118
XCV18557,0,-3.979973551914524
XCV18556,0,-32.63698244337772
XCV18555,0,-36.39090886404159
XCV18554,0,-3.979973551914524
XCV18553,0,-31.47465905900421
XCV18552,0,-27.98053230494525
XCV18551,0,-29.820346568527718
XCV18550,0,-36.39090886404159
XCV18549,0,-3.9715743815574136
XCV18548,0,-19.56024799469131
XCV18547,0,-3.081791677678142
XCV18546,0,-3.369897814621387
XCV18544,1,-0.06736591317508278
XCV18543,1,-0.3336722201981335
XCV18542,0,-17.560382701794225
XCV18540,0,-3.4547374271437565
XCV18538,0,-2.6468836030789227
XCV18537,0,-3.66994291162745
XCV18535,0,-32.982943408637865
XCV18528,0,-34.365051763668426
XCV18511,0,-15.380963278665034
XCV18504,0,-12.452860672753808
XCV18500,0,-26.504392188766452
XCV18337,0,-13.093893372553005
XCV18336,0,-13.45789005317285
XCV18335,0,-23.851837726150233
XCV18334,0,-23.001770738352548
XCV18332,0,-11.119004336991829
XCV18329,0,-11.516113201697252
XCV18327,0,-11.59286110211417
XCV18323,0,-17.645635897188562
XCV18318,0,-13.312978647416632
XCV18317,0,-16.949487776212088
XCV18316,0,-13.183154041398897
XCV18315,0,-8.324477096451977
XCV18314,0,-18.294645390062712
XCV18313,0,-2.9621104138195165
XCV18310,0,-13.855495810745285
XCV18309,0,-11.19655141688754
XCV18307,0,-5.269890671709431
XCV18304,0,-13.855495810745285
XCV18303,0,-35.78569531053321
XCV18302,0,-6.505526369493028
XCV18301,0,-5.099744014020821
XCV18300,0,-7.614731160003043
XCV18299,0,-16.934588240641837
XCV18297,0,-19.148564014203046
XCV18295,0,-3.4888505336676037
XCV18294,0,-6.017535280983084
XCV18291,0,-17.128960107787858
XCV18288,0,-6.9911997403326005
XCV18286,0,-6.347370647202757
XCV18285,0,-5.282773251283709
XCV18284,0,-18.294645390062712
XCV18281,0,-18.134418793763267
XCV18279,0,-19.088960917586235
XCV18277,0,-18.992119882455107
XCV18272,0,-18.03210597854126
XCV18271,0,-4.630928994875539
XCV18270,0,-18.5403613395452
XCV18269,0,-18.267356845252692
XCV18268,0,-18.267356845252692
XCV18265,0,-1.7304896727817596
XCV18264,0,-16.563478692475854
XCV18262,0,-18.308946187578385
XCV18260,0,-18.03210597854126
XCV18257,1,3.6589189936252158
XCV18254,0,-4.643802590694021
XCV18253,0,-19.01705778267622
XCV18248,0,-19.298918564743808
XCV18246,0,-12.668476903390276
XCV18245,0,-18.267356845252692
XCV18244,0,-3.3669654198000902
XCV18243,0,-2.174857831923047
XCV18242,0,-2.174857831923047
XCV18241,0,-19.18724746680461
XCV18239,0,-19.002241678918995
XCV18237,0,-19.01705778267622
XCV18236,0,-18.267356845252692
XCV18234,0,-11.285335147415145
XCV18230,0,-1.6463624249730628
XCV18229,0,-19.002241678918995
XCV18228,0,0.35227479652607663
XCV18227,0,-18.172278737458527
XCV18224,0,-17.781763580837065
XCV18223,0,-18.781911103472105
XCV18215,0,-23.77003369097837
XCV18210,0,-5.489409654123305
XCV18209,0,-9.597840485783042
XCV18207,0,-11.527540702859842
XCV18204,0,-11.59286110211417
XCV18202,0,-21.13701445699261
XCV18201,0,-3.760917004368782
XCV18199,0,-22.64911468575134
XCV18197,0,-13.269199405846846
XCV18196,0,-23.001770738352548
XCV18195,0,-23.001770738352548
XCV18193,0,-20.679287467519444
XCV18192,0,-12.154827582760742
XCV18187,0,-15.92182078622503
XCV18186,0,-26.529831376309552
XCV18185,0,-11.767539728901472
XCV18181,0,-10.272913626226083
XCV18176,0,-15.544509834479925
XCV18175,0,-24.740757164984434
XCV18174,0,-21.13701445699261
XCV18173,0,-16.907662391036734
XCV18172,0,-15.131254424174962
XCV18170,0,-23.336274739319755
XCV18169,0,-22.78625574216003
XCV18166,0,-19.875334588188373
XCV18165,0,-19.59380350142719
XCV18161,0,-22.208426451401955
XCV18160,0,-20.91349364528591
XCV18157,0,-6.754192986346142
XCV18151,0,-20.990435703559733
XCV18148,0,-7.734144766340881
XCV18147,0,-25.809113054398352
XCV18146,0,-21.13701445699261
XCV18142,0,-21.50475365059502
XCV18140,0,-21.13701445699261
XCV18137,1,1.1081718897461528
XCV18136,0,-17.593947683695582
XCV18135,0,-21.626458391290424
XCV18133,0,-15.544509834479925
XCV18129,0,-20.679287467519444
XCV18127,0,-6.988215256838595
XCV18126,0,-7.862131630823029
XCV18125,0,-20.031959608671812
XCV18124,0,-6.0838963651214755
XCV18122,0,-19.83267835956788
XCV18121,0,-22.371252375230576
XCV18120,0,-1.2709138723157558
XCV18118,0,-15.77520946904428
XCV18115,0,-8.64364014675165
XCV18114,0,-20.970306070217582
XCV18112,0,-20.36800552480574
XCV18110,0,-23.75934148032369
XCV18109,1,1.1081718897461528
XCV18107,0,-21.13701445699261
XCV18106,0,-19.59380350142719
XCV18105,0,-18.63986608707769
XCV18104,0,-22.65747163699131
XCV18103,0,-21.239601070683158
XCV18100,1,1.0076945630624738
XCV18098,0,-2.378107153948166
XCV18097,0,-9.970545528024
XCV18096,0,-5.779131161722672
XCV18094,0,-18.95240547917131
XCV18093,0,-1.8266123442687583
XCV18091,0,-8.033235127044014
XCV18090,0,-7.001237917884943
XCV18089,0,-7.001237917884943
XCV18086,0,-5.812757604929988
XCV18078,0,-6.186887053166853
XCV18075,0,-6.2820740088726215
XCV18074,0,-14.14748168930227
XCV18073,1,1.5959154140594958
XCV18071,0,0.8724549553219862
XCV18070,0,-20.62577289192216
XCV18069,0,-6.4956343430370165
XCV18068,0,-0.45996697290525645
XCV18067,0,-6.4956343430370165
XCV18066,0,-6.4956343430370165
XCV18063,0,-5.776514144819005
XCV18062,0,-26.148612876756744
XCV18060,1,1.4843120068879063
XCV18059,1,1.162058646558057
XCV18055,1,1.747774341126652
XCV18053,1,1.747774341126652
XCV18052,1,1.9029351508769938
XCV18051,0,-21.13836091814739
XCV18050,1,1.747774341126652
XCV18047,0,-5.812757604929988
XCV18045,0,-11.6560740096256
XCV18043,0,-20.394653434071635
XCV18042,0,-9.970545528024
XCV18039,1,-0.3506947223573267
XCV18038,0,-5.812757604929988
XCV18037,0,-31.23654731072746
XCV18033,0,-19.161556600528755
XCV18029,0,-7.617215656134789
XCV18027,0,-2.0320639743476985
XCV18026,0,-20.440172252157446
XCV18025,0,-15.486343884214962
XCV18014,0,-8.811130259379462
XCV18013,0,-13.066457844869072
XCV18011,0,-18.871314971132428
XCV18010,0,-8.581713859660553
XCV18002,0,-21.930048580838786
XCV17999,0,-5.573800718833956
XCV17995,0,-19.0449451814848
XCV17994,0,-12.395152634885044
XCV17992,0,-7.256926733802752
XCV17991,0,-21.09040673776575
XCV17990,1,3.4516869041349896
XCV17989,0,-5.488631805960891
XCV17987,0,-17.5035935259167
XCV17984,0,-14.066253328551916
XCV17982,0,-5.755021949307727
XCV17978,1,1.1283786610836355
XCV17970,0,-13.433159104289976
XCV17968,0,-1.7919053427719138
XCV17967,0,-14.629410535611205
XCV17966,0,-1.7889172299874083
XCV17965,0,-19.90408953528688
XCV17964,0,-7.937396489757072
XCV17959,0,-16.84097848899078
XCV17958,0,-4.926671557453515
XCV17957,0,-5.68692734455321
XCV17956,0,-20.68347802926222
XCV17953,0,-14.629410535611205
XCV17952,0,-18.73947311163835
XCV17951,0,-13.393044681275722
XCV17950,0,-18.73947311163835
XCV17949,0,-7.673058586809091
XCV17948,0,-5.2725567886288225
XCV17945,0,-17.427107569912096
XCV17944,0,-5.2725567886288225
XCV17942,0,-15.67695633253891
XCV17940,0,-5.7962332175520945
XCV17939,0,-14.715485501402405
XCV17938,0,-5.911374716974228
XCV17937,0,-5.353182266101685
XCV17934,0,-7.673058586809091
XCV17933,0,-19.943288410873393
XCV17929,0,-11.09636523833427
XCV17928,0,-4.6941368669410455
XCV17927,0,-7.673058586809091
XCV17925,0,-7.673058586809091
XCV17924,0,-7.673058586809091
XCV17923,0,-17.33830659362878
XCV17919,0,-15.701515397251379
XCV17915,0,-6.008938209124597
XCV17913,0,-4.890801448296065
XCV17911,0,-15.147528662325824
XCV17910,0,-4.733450644120735
XCV17909,0,-25.56572573317642
XCV17908,0,-12.669279515001996
XCV17904,0,-3.7649869985023567
XCV17903,0,-4.6941368669410455
XCV17901,0,-29.78144402796228
XCV17900,0,-4.998382285483883
XCV17896,0,-5.499395408033319
XCV17895,0,-21.986184073954306
XCV17894,0,-12.874788950179024
XCV17885,0,-8.887612361443239
XCV17884,0,-2.86705726651992
XCV17882,0,-13.642157703416801
XCV17881,0,-14.96019875159908
XCV17879,0,-12.404905561733633
XCV17877,0,-13.57371775610712
XCV17875,0,-11.858227172198283
XCV17867,1,0.8724549553219862
XCV17865,0,-12.799306877259244
XCV17864,0,-12.799306877259244
XCV17863,0,-3.172849593652388
XCV17861,0,-12.496967049348264
XCV17853,0,-13.0513604511936
XCV17851,0,-12.533471182010167
XCV17847,0,-18.99289082206247
XCV17846,0,-12.799306877259244
XCV17844,0,-12.21199696672009
XCV17843,0,-12.799306877259244
XCV17842,0,-28.868678250890916
XCV17841,0,-12.936244303442406
XCV17840,0,-12.799306877259244
XCV17838,0,-12.799306877259244
XCV17836,0,-7.9123517516657795
XCV17835,0,-24.908929263765344
XCV17834,0,-3.77890476342085
XCV17833,0,-7.9123517516657795
XCV17830,0,-7.9123517516657795
XCV17829,0,-13.776170410201308
XCV17828,0,-13.776170410201308
XCV17826,0,-13.13339812685384
XCV17825,0,-13.159930888461238
XCV17822,0,-12.236224023651415
XCV17820,0,-12.236224023651415
XCV17819,0,-11.967878880048074
XCV17818,0,-11.967878880048074
XCV17817,0,-11.967878880048074
XCV17815,0,-11.16906767471687
XCV17814,0,-11.443808813602685
XCV17812,0,-12.261820341567963
XCV17811,0,-12.261820341567963
XCV17810,0,-12.261820341567963
XCV17809,0,-11.65246432174173
XCV17808,0,-11.65246432174173
XCV17807,0,-12.236224023651415
XCV17805,0,-11.492252006561625
XCV17804,0,-14.240131917731238
XCV17802,0,-12.310365801946366
XCV17801,0,-12.310365801946366
XCV17799,0,-22.194148966850886
XCV17796,0,-28.051075487736455
XCV17795,0,-14.286314868599677
XCV17794,0,-14.286314868599677
XCV17791,0,-12.63639478180505
XCV17786,0,-27.354186720492756
XCV17784,0,-21.987275771853902
XCV17780,0,-19.874686426707584
XCV17777,0,-7.0205256065740524
XCV17776,0,-29.79414220822587
XCV17775,0,-7.0205256065740524
XCV17773,0,-4.750173394033853
XCV17766,0,-27.412394026653743
XCV17765,0,-11.392588309149724
XCV17764,0,-27.223863783735545
XCV17762,0,-26.581906155788992
XCV17760,0,-23.855114376898594
XCV17758,0,-26.765322441477906
XCV17757,0,-14.250429491172078
XCV17756,0,-27.722551698123432
XCV17755,0,-3.9616536408564844
XCV17753,0,-3.1068684883016306
XCV17752,0,-25.604013551377605
XCV17751,0,-25.604013551377605
XCV17749,0,-25.604013551377605
XCV17748,0,-27.722551698123432
XCV17747,0,-7.748679613722118
XCV17745,0,-27.722551698123432
XCV17744,0,-27.37764027895325
XCV17743,0,-33.277792876805016
XCV17742,0,-33.277792876805016
XCV17741,0,-23.12711760579936
XCV17740,0,-28.476553702041436
XCV17738,0,-26.150026812245713
XCV17736,0,-6.9437500494401085
XCV17735,0,-6.9437500494401085
XCV17734,0,-27.521253774172408
XCV17733,0,-27.521253774172408
XCV17729,0,-4.034342505844958
XCV17728,0,-2.8084776713038444
XCV17727,0,-4.034342505844958
XCV17720,0,-28.476553702041436
XCV17719,0,-26.89627887715877
XCV17718,0,-26.89627887715877
XCV17704,0,-28.67926442284041
XCV17703,0,-28.67926442284041
XCV17701,0,-5.322485106343002
XCV17696,0,-5.367272714856625
XCV17693,0,-5.322485106343002
XCV17692,0,-5.367272714856625
XCV17691,0,-5.367272714856625
XCV17690,0,-5.189102354384126
XCV17683,0,-28.340081256375555
XCV17682,0,-28.340081256375555
XCV17680,0,-28.340081256375555
XCV17679,0,-6.424476195255981
XCV17677,0,-31.10246247490371
XCV17666,1,3.4089392519793957
XCV17665,1,3.4089392519793957
XCV17664,0,-2.284457749138303
XCV17660,0,-5.1589528454933475
XCV17659,1,4.128802019530648
XCV17658,1,5.257039017642063
XCV17657,1,4.128802019530648
XCV17656,1,5.257039017642063
XCV17652,0,-33.842170055161816
XCV17649,0,-5.619649845707675
XCV17644,0,-2.284457749138303
XCV17643,0,-2.284457749138303
XCV17642,0,-5.1589528454933475
XCV17641,0,-5.1589528454933475
XCV17639,0,-33.842170055161816
XCV17637,0,-5.619649845707675
XCV17635,0,-33.842170055161816
XCV17632,0,-7.856906052264295
XCV17629,0,-7.856906052264295
XCV17626,0,-35.69592922589423
XCV17624,0,-35.69592922589423
XCV17623,0,-35.69592922589423
XCV17622,0,-7.856906052264295
XCV17621,0,-3.209206544856505
XCV17620,0,-3.209206544856505
XCV17618,0,-7.856906052264295
XCV17616,0,-7.856906052264295
XCV17615,0,-7.856906052264295
XCV17612,0,-32.911045842838085
XCV17610,0,-7.856906052264295
XCV17609,0,-7.856906052264295
XCV17608,0,-14.416173827910866
XCV17605,0,-14.416173827910866
XCV17598,0,-14.823149017673943
XCV17594,0,-35.69592922589423
XCV17591,0,-33.372948077409376
XCV17590,0,-21.418654193430882
XCV17588,0,-13.712897721434944
XCV17587,0,-6.936036259065533
XCV17583,0,-5.608047890732729
XCV17582,0,-7.050104500108324
XCV17579,0,-6.96282087162375
XCV17577,0,-5.493881460973972
XCV17576,0,-27.075012610538607
XCV17575,0,-15.74445893953772
XCV17574,0,-20.957723009355004
XCV17573,0,-16.727023221754344
XCV17572,0,-28.758014816496242
XCV17571,0,-16.507694561226245
XCV17569,0,-27.735802218503665
XCV17566,0,-16.287005960112637
XCV17564,0,-5.174237573860426
XCV17563,0,-28.55793323808735
XCV17562,0,-2.498203539079298
XCV17560,0,-2.2995643246072692
XCV17559,0,-27.845748534783645
XCV17557,0,-2.3026905129568096
XCV17556,0,-2.3026905129568096
XCV17555,0,-27.075012610538607
XCV17554,0,-2.498203539079298
XCV17553,0,-2.3026905129568096
XCV17552,0,-2.6427203690905294
XCV17551,0,-27.845748534783645
XCV17549,0,-2.6427203690905294
XCV17543,0,-2.5768378555952207
XCV17542,0,-2.5768378555952207
XCV17541,0,-25.43983236426248
XCV17538,0,-26.95904659405746
XCV17537,0,-2.0476768236837675
XCV17536,0,-2.0476768236837675
XCV17533,0,-2.5768378555952207
XCV17532,0,-2.0476768236837675
QDH26117,0,-5.7047724315268695
QDH12016,0,-1.8321954298063456
XCB11815,1,4.136745447993482
XCB11814,1,4.136745447993482
XCB07764,0,-6.094407307400223
XBA05588,0,-3.293871331775046
XBA05456,0,-11.662900098074529
WZE57314,0,-5.011020115255983
WZE57303,0,-5.011020115255983
WZE57281,0,-7.98737591745755
WZE57270,0,-7.98737591745755
WZE57259,0,-5.367476009048433
WZE57248,0,-6.507476805863535
WZE57237,0,-4.6500220610879985
WZE57226,0,-3.364078336047852
WZE57204,0,-5.367476009048433
WZE57171,0,-0.6580467947361104
WZE57160,0,-0.5199342008500469
WZE57149,0,-5.367476009048433
WZE57127,0,-4.61093842111689
WZE57116,0,-9.855922525363475
WZE57105,0,-5.367476009048433
WZE57094,0,-4.899401401463127
WZE57072,0,-5.485340677084126
WZE57061,0,-5.367476009048433
WZE57050,0,-5.485340677084126
WZE57039,0,-5.0388832332966995
WZE57028,0,-4.899401401463127
WZE57017,0,-6.321990689335175
WZE56995,0,-4.804220125198649
WZE56986,0,-4.61093842111689
WZE56975,0,-4.9409635901123306
WZE56964,0,-5.485340677084126
WZE56953,0,-5.661911145739328
WZE56942,0,-5.661911145739328
WZE56931,0,-5.661911145739328
WZE56920,1,0.4838420465104516
WZE56909,0,-5.661911145739328
WZE56887,0,-5.367476009048433
WZE56876,0,-6.6131951578614565
WZE56865,0,-6.6131951578614565
WZE56854,0,-5.367476009048433
WZE56843,0,-5.367476009048433
WZE56832,0,-4.953862192865344
WZE56821,0,-0.029098131471251065
WZE56810,0,-1.1706655943957216
WZE56777,1,1.8430739784728285
WZE56755,0,-6.089221824035835
WZE56733,0,-1.0823135162764483
WZE56722,0,-1.0823135162764483
WZE56700,0,-5.53584683755926
WZE56689,0,-5.751661563119999
WZE56678,0,-4.61093842111689
WZE56667,0,-4.779540628437795
WZE56645,0,-4.270529940696656
WZE56634,0,-7.387354530944567
WZE56612,0,-5.034710561141914
WZE56601,0,-4.826216364909753
WZE56590,0,-5.485340677084126
WZE56579,0,-5.485340677084126
WZE56568,0,-6.052984660884926
WZE56557,0,-5.661911145739328
WZE56546,0,-4.61093842111689
WZE56534,1,2.312885108521643
WZE56524,0,-5.838377184356222
WZE56502,1,2.1152627530854655
WZE56480,0,-4.916619787043777
WZE56458,1,2.312885108521643
WZE56436,0,-5.08063772009781
WZE56425,0,-5.08063772009781
WZE56403,0,-5.485340677084126
WZE56383,0,-4.803665844316788
WZE56361,0,-5.011020115255983
WZE56339,0,-6.184189404066036
WZE56328,0,-2.1946462748494486
WZE56317,0,-4.899401401463127
WZE56306,0,-4.899401401463127
WZE56295,0,-5.485340677084126
WZE56284,0,-4.916619787043777
WZE56273,0,-5.281439564261882
WZE56262,0,-5.101992351634761
WZE56251,0,-2.865553062264004
WZE56240,0,-6.525372497816585
WZE56229,0,-5.485340677084126
WZE56218,0,-5.485340677084126
WZE56199,0,-4.916619787043777
WZE56188,0,-5.367476009048433
WZE56155,0,-1.787184295527954
WZE56133,0,-5.011020115255983
WZE56122,0,-5.729027295441375
WZE56111,0,-2.099440711339545
WZE56100,0,-4.193348704994305
WZE56089,0,-2.390519732436781
WZE56078,0,-5.669286865460451
WZE56067,0,-5.669286865460451
WZE56056,0,-4.677227250332935
WZE56045,0,-4.529159727354584
WZE56034,0,-4.61093842111689
WZE56023,0,-5.661911145739328
WZE56012,1,1.8430739784728285
WZE56001,0,-4.646479068511283
WZE55990,1,2.312885108521643
WZE55979,1,2.312885108521643
WZE55968,0,-4.646479068511283
WZE55926,0,-4.601415775303282
WZE55915,0,-4.601415775303282
WZE55904,0,-5.485340677084126
WZE55893,0,-5.485340677084126
WZE55838,0,-5.485340677084126
WZE55827,0,-5.367476009048433
WZE55816,0,-5.367476009048433
WZE55805,0,-5.823997497882187
WZE55794,0,-5.367476009048433
WZE55783,0,-5.367476009048433
WZE55772,0,-4.61093842111689
WZE55761,0,-5.661911145739328
WZE55750,1,2.312885108521643
WZE55717,0,-4.61093842111689
WZE55706,0,-3.859322048998406
WZE55662,0,-2.269728807038204
WZE55651,0,-6.321990689335175
WZE55640,0,-5.367476009048433
WZE55607,0,-4.897025042295356
WZE55596,0,-4.897025042295356
WZE55585,0,-4.61093842111689
WZE55574,0,-4.61093842111689
WZE55552,0,-5.322940683616688
WZE55541,0,-4.529159727354584
WZE55530,1,2.312885108521643
WZE55519,0,-5.367476009048433
WZE55508,0,-1.2120431101642577
WZE55497,0,-1.2120431101642577
WZE55475,0,-4.916619787043777
WZE55464,0,-4.1392181104988435
WZE55453,0,-4.61093842111689
WZE55442,0,-4.61093842111689
WZE55431,0,-5.563235730189911
WZE55420,0,-5.563235730189911
WZE55409,0,-5.7248845626889135
WZE55387,0,-5.485340677084126
WZE55376,0,-5.485340677084126
WZE55365,0,-5.485340677084126
WZE55354,0,-5.797232127064367
WZE55343,0,-5.797232127064367
WZE55332,0,-3.7924323933966235
WZE55310,0,-4.916619787043777
WZE55299,0,-4.916619787043777
WZE55277,0,-4.899401401463127
WZE55266,0,-1.0823135162764483
WZE55244,0,-3.5527107028592173
WZE55233,0,-5.367476009048433
WZE55222,0,-6.321990689335175
WZE55200,0,-5.565422835572532
WZE55167,0,-7.214197790195827
WZE55156,0,-6.427774533678653
WZE55145,0,-1.9890908399156348
WZE55134,0,-5.367476009048433
WZE55112,0,-5.085207142804702
WZE55101,0,-5.428812622554711
WZE55090,0,-5.101992351634756
WZE55079,0,-4.610938421116899
WZE55057,0,-1.3043475616293136
WZE55035,0,-33.08822314746006
WZE55024,0,-5.1853438423295675
WZE55013,0,-2.8121697369443357
WZE54991,0,-5.050570693607076
WZE54981,0,-5.367476009048433
WZE54959,0,-5.367476009048433
WZE54948,0,-4.61093842111689
WZE54937,1,0.4838420465104516
WZE54926,0,-4.228777346469473
WZE54915,0,-1.0823135162764483
WZE54904,0,-5.367476009048433
WZE54893,0,-8.209754651655729
WZE54871,0,-5.485340677084126
WZE54838,0,-6.223555270711461
WZE54805,0,-4.61093842111689
WZE54794,0,-1.521751746849537
WZE54783,0,-4.61093842111689
WZE54772,0,-5.661911145739328
WZE54765,0,-5.485340677084126
WZE54755,0,-4.8041525847057525
WZE54745,0,-5.0388832332966995
WZE54727,0,-8.209754651655729
WZE54717,0,-5.963072770385969
WZE54707,0,-5.183080048204422
WZE54697,0,-4.899401401463127
WZE54679,0,-5.838377184356222
WZE54663,0,-5.661911145739328
WZE54653,0,-5.542408617804659
WZE54643,0,-2.535392656309787
WZE54635,0,-5.367476009048433
WZE54617,0,-7.214197790195827
WZE54597,0,-5.367476009048433
WZE54578,1,1.615104643604658
WZE54558,0,-1.787184295527954
WZE54548,0,-5.011020115255983
WZE54530,0,-6.055770307697536
WZE54521,0,-5.1137375923579285
WZE54511,0,-4.916619787043777
WZD33219,0,-5.661911145739328
UDV76342,0,-16.222711957998698
UDV76341,0,-9.898624197934756
UDV76340,0,-11.135696967013038
UDV76339,0,-10.542925470246898
UDV76338,0,-8.118333021213326
WVR18237,0,-24.007443868081438
QIB02447,0,-17.783343548399408
WPN07623,1,4.136745447993482
WPN07622,1,4.830400114074145
WPN07620,1,0.696467034792045
WHO43055,0,-4.367707850666257
WHO43018,0,-4.6500220610879985
WFH86284,0,-5.565796166301238
WFH86237,0,-1.033800612148136
WFH86214,0,-4.6500220610879985
WFH86131,0,-5.816644032710048
WFH86120,0,-1.033800612148136
WFH86049,0,-6.518113991341716
WFH85954,0,-4.6500220610879985
WFH85931,0,-5.816644032710048
WFH85897,0,-4.6500220610879985
WFH85874,0,-6.852994143736016
WFH85851,0,-4.6500220610879985
WFH85828,0,-4.8307526144849415
WFH85781,0,-1.033800612148136
WFH85710,0,-4.754530368988535
WFH85699,0,-5.367476009048433
WFH85688,0,-1.033800612148136
WFH85665,0,-5.367476009048433
WFH85654,0,-5.367476009048433
WFH85643,0,-1.033800612148136
WFH85621,0,-5.940951193746544
WFH85610,0,-5.666824823639999
WFH85599,0,-5.666824823639999
WFH85438,0,-6.467662994743277
WFH85436,0,-5.367476009048433
WFH85435,0,-1.4165890248954573
WFH85357,0,-4.6500220610879985
WFH85356,1,-0.013141096243842298
WFH85311,0,-5.243124709181329
WFH85310,0,-5.224222144599013
WFH85181,0,-1.6327243223652719
WFH85180,0,-5.536977959410793
WFH85179,0,-0.8531090724539201
WFH85178,0,-4.6500220610879985
WFH85111,0,-3.8998148861190938
WFH85110,0,-5.367476009048433
WFH85107,0,-4.6500220610879985
WFH84988,0,-5.940951193746544
WBG53452,0,-11.698578358306063
WES70816,0,-5.367476009048433
WDK38115,0,-5.486587250866906
WDK38110,0,-6.2182757270852935
WBS16660,1,2.367834093819239
WBS16659,0,-29.93764043726479
WBS16658,0,-1.033800612148136
WBS16656,0,-1.033800612148136
WBS16655,0,-1.033800612148136
WBS16654,0,-1.033800612148136
WBS16653,0,-0.25814948233758095
WBP78002,1,4.136745447993482
WBP78001,1,4.136745447993482
WBP77999,1,2.8032069876957486
WBP77998,1,0.696467034792045
WBP77995,1,3.0134353246930257
WBP77994,1,5.689275902373906
WBP77993,1,6.69024067989678
WBP77991,1,4.285249780627467
WBP77990,1,3.5486540412966185
WBP77989,1,3.4615671071366307
WBP77985,1,5.232152515154983
WBP77982,1,3.5301768042975983
WBP77981,1,4.136745447993482
WBP77979,1,4.136745447993482
WBP77978,1,4.136745447993482
WBP77977,1,4.830400114074145
WBP77976,1,2.8032069876957486
WBP77975,1,0.696467034792045
WBP77974,1,4.1785295937683795
WBP77973,1,5.069451913872399
WBP77972,1,3.0134353246930257
WBP77971,1,5.6021213527661615
WBP77969,1,3.641663999121489
WBP77967,1,3.450033902810583
WBP77965,1,3.532854664672614
WBP77964,1,3.59901927950631
WBP77963,1,8.263902996319521
WBP77962,1,5.232152515154983
WBP77961,1,4.35449966806658
WBP77959,1,3.5301768042975983
WBP77958,1,4.136745447993482
WBP77957,1,7.97962535276916
WBP77956,1,4.136745447993482
WBP77955,1,4.136745447993482
WBP77954,1,4.830400114074145
WBP77952,1,0.696467034792045
WBG96000,0,-0.8553048709667959
WBG95998,1,3.3021225078497682
WBG95997,0,-2.619974892206452
WBG95994,0,-0.276106944910838
WBG95993,1,2.1482931308059037
WBG95992,0,-3.592107550559902
WBG95988,0,-2.4575948863079606
WBG95981,0,-13.238691670654953
WBG95980,1,1.3280657665715108
WBG95972,0,-0.27136617364080706
WBG95967,1,1.033954739563189
WBG95961,1,1.1883581335325353
WBG95958,0,-0.9448271200075151
WBG95954,0,-2.91116831464125
WBG95946,1,1.2201122803495537
WBG95944,0,-5.981516181262267
WBG95937,1,1.0076945630624596
WBG95931,1,2.2487220748308143
WBG95930,1,1.4931586939079455
WBG95928,0,-2.7157809427608175
WBG95925,1,1.9525799851744114
WBG95924,0,-1.713116608442105
WBG95919,1,1.074296629153638
WBG95916,1,1.3328061467324144
WBG95909,0,-0.4949914562617952
WBG95897,0,-6.3410324837448915
WBG95890,1,3.741287285777931
WBG95886,0,-1.766318896440687
WBG95883,1,0.6608821389055191
WBG95878,1,0.8724549553219862
WBG95873,1,3.4516869041349896
WBG95871,0,0.991021270994981
WBG95860,1,-0.03782337534497593
WBG95858,0,-0.043216650932690115
WBG95855,1,0.0032272622186351185
WBG95851,1,0.21787229664816188
WBG95847,0,0.9688944872481198
WBG95842,0,-0.7285567137475457
WBG95834,1,2.1482931308059037
WBG95832,0,-2.6286271738329408
WBG95831,1,1.363042250035825
WBG95823,1,0.6842657828486924
WBG95820,0,-2.7319391716203096
WBG95811,0,-1.392289299930118
WBG95809,0,-2.028847555505238
WBG95808,0,-2.9339183081697673
WBG95804,0,-2.619974892206452
WBG95797,1,3.7696264332140377
WBG95796,1,0.7743435941515013
WBG95794,0,-12.053672861083966
WBG95789,0,-3.9913411975720514
WBG95783,0,-1.7637235236548268
WBG95780,0,0.012388733482087133
WBG95778,0,-2.845238773316323
WBG95772,0,-2.619974892206452
WBG95769,0,1.0294091599433823
WBG95763,0,-1.9324022316394132
WBG95761,0,-1.2860750876499978
WBG95759,0,-1.7637235236548268
WBG95754,1,0.8724549553219862
WBG95748,1,0.8396302721344622
WBG95746,0,-0.043216650932690115
WBG95734,0,0.4056340931051885
WBG95733,1,2.851248430282471
WBG95726,1,0.8890497545615048
WBG95721,1,4.256401925622519
WBG95717,0,-1.7637235236548268
WBG95716,0,-1.9934865676873965
WBG95715,1,2.2487220748308143
WBG95712,1,0.8724549553219862
WBG95711,1,3.173550552751342
WBG95709,0,0.3812763679599005
WBG95691,1,3.4089392519793957
WBG95679,1,2.1442426558022625
WBG95675,0,-0.5196123730061739
WBG95670,0,-2.9339183081697673
WBG95669,0,-2.4100308339019225
WBG95665,0,-0.8052067118364494
WBG95663,1,1.5959154140594958
WBG95656,0,-2.177996416194878
WBG95654,0,1.3900605722866324
WBG95649,0,0.42285101227945354
WBG95643,1,2.6507599685051098
WBG95639,0,-9.72838009752451
WBG95637,1,1.1081718897461528
WBG95630,0,-1.7659881017000085
WBG95622,1,0.8724549553219862
WBG95620,0,-1.5703888017318537
WBG95615,0,0.4004633720111759
WBG95608,1,1.1924051948291954
WBG95607,0,-0.31638974969289
WBG95606,0,-5.118111689167044
WBG95605,0,-4.9550883942747745
WBG95604,1,6.072977194170415
WBG95586,0,-0.498787475281123
WBG95574,0,-2.6286271738329408
WBG95572,1,-0.3108260386634587
WBG95558,1,-0.7845625524516695
WBG95553,1,1.162058646558057
WBG95549,1,1.5946003663692228
WBG95538,0,-2.619974892206452
WBG95535,1,0.42210807400245365
WBG95522,0,-0.5171611997188492
WBG95520,0,-2.060706349428429
UXC94675,1,3.5486540412966185
UXC94674,1,3.4243682120953824
UXC94673,1,7.341744364475206
UXC94672,1,3.0726783896089316
UXC94670,1,2.197483080648233
UXC94669,1,5.408066148603886
UXC94667,1,4.355181968118771
UXC94666,1,4.146055674325053
UXC94665,1,4.8776677420821475
UXC94661,1,7.506657749732282
UXC94660,1,3.4615671071366307
UXC94658,0,-2.4098902316154813
UXC94657,1,4.136745447993482
UXC94656,1,4.815212530099268
UXC94655,1,4.136745447993482
UWY17006,1,4.838976477153192
UWY17005,1,3.7396231841833227
UWY17004,0,1.7736628806438404
UWY17003,1,7.506657749732282
UWY17002,1,5.424824333453477
UWY16824,1,4.1785295937683795
UWY16823,1,5.069451913872399
UWY16821,1,5.689275902373906
UWY16818,1,4.285249780627467
UWY16817,1,3.5486540412966185
UWY16816,1,3.4615671071366307
UWY16815,1,3.532854664672614
UWY16813,1,8.263902996319521
UWY16812,1,5.232152515154983
UWY16811,1,4.35449966806658
UWY16810,1,5.587654749622221
UWY16809,1,3.5301768042975983
UWY16807,1,7.97962535276916
UWY16806,1,4.136745447993482
UWY16805,1,4.136745447993482
UWY16804,1,4.830400114074145
UWW34154,1,1.0872155306527294
UWW34153,1,1.926761106436384
UWW34151,1,2.5829115933127387
UWW34150,1,6.579154448485246
UWW34148,1,3.753630899875688
UWW34147,1,2.5787809165242717
UWW34145,1,4.285309085916115
UWW34143,1,2.9120256162998377
UWW34142,1,4.136745447993482
UWW34141,1,4.042296229239577
UWW34139,1,2.9120256162998377
UWW34138,1,4.136745447993482
UWW34137,1,4.042296229239577
UWW34136,1,4.136745447993482
UWV31774,0,-7.405320333457809
UWV31773,0,-8.795856159457133
UWV31772,0,-7.502970229777491
UWV31770,0,-5.233598480939544
UWV31769,0,-1.7433280758439178
UWV31767,0,-2.01496634105953
UWV31762,0,-10.045976555705773
UWV31761,0,-4.110889130221544
UWV31760,0,-2.554836877125581
USO97900,0,-10.939306435816354
USO97049,0,-9.965493660135484
USO97036,0,-8.700396838088036
UEF70281,0,-3.83649111070792
ALP01920,0,-8.02632740515139
ALJ54615,0,-2.451809348126213
QPQ50099,0,-11.341759426338154
QPQ50087,0,-20.02019598582732
QPQ50076,1,3.164764340450148
QPQ50065,0,-33.38786477383904
QPQ50007,0,-9.846010740269223
QPQ49984,0,-15.612210928554047
QPQ49972,0,-15.01381774769399
QPQ49948,0,-33.6072804746008
QPQ49936,0,-18.843274217630388
QPQ49935,0,-17.16579578957738
QPQ49934,0,-15.159523684664352
QPQ49933,0,-18.41353246654642
QPQ49932,0,-36.54957215631543
QPQ49931,0,-20.78623422143184
QPQ49930,0,-9.846010740269223
QPQ49929,0,-11.160209111537904
QPQ49928,0,-11.516612120267725
QPQ49927,0,-37.10128603239977
QPQ49926,0,-15.15463262490495
QPQ49925,0,-26.137417592160546
QPQ49924,0,-18.337717217299655
QPQ49923,0,-32.21045487099149
QPQ49921,0,-13.893949073748393
QPQ49920,0,-11.290781092755845
QPQ49919,0,-38.50521642262603
QPQ49918,0,-14.738892323187349
QPQ49917,0,-21.789055752483954
QPQ49914,0,-38.95661956697255
QPQ49913,0,-32.81489237323191
QPQ49911,0,-8.4809729814072
QPQ49909,0,-24.609034013208067
QPQ49908,0,-14.787689745937795
QPQ49906,0,-18.532593902536014
QPQ49905,0,-18.532593902536014
QPQ49904,0,-32.117184561684894
QPQ49901,0,-14.226264304509328
QPQ49900,0,-6.976783548511323
QPQ49898,0,-10.239845877774941
QPQ49874,0,-37.59023505690826
BAI83396,0,-16.48984717813226
BAI83395,0,-17.88709319067162
QOL72033,0,-4.278012072295409
QOL24301,0,-5.141506317468313
AXO64440,0,-3.4400850511294045
QNH89147,0,-5.848146690147388
QNH89071,0,-19.940021015956873
QNH89049,0,-19.716970232184053
QNH89038,0,-21.12911147574766
QNH89018,0,-19.716970232184053
QNH88998,0,-17.60498868249647
QNH88987,0,-19.716970232184053
QNH88976,0,-19.716970232184053
QNH88965,0,-19.716970232184053
QNH88867,0,-19.683269743271545
QNH88858,0,-19.683269743271545
QNH88847,0,-19.683269743271545
QNH88815,0,-19.683269743271545
QNH88804,0,-19.683269743271545
QNH88795,0,-19.683269743271545
QNH88775,0,-19.683269743271545
QNH88763,0,-19.683269743271545
QNH88754,0,-19.683269743271545
QNH88734,0,-19.683269743271545
QNH88705,0,-19.683269743271545
QNH88694,0,-19.90408953528688
QNH88683,0,-19.90408953528688
QKS74596,0,-5.179524396953367
QKX08576,0,-5.353444861369363
QKX08606,1,1.3807914829346704
QKX08605,1,1.9524060146992426
QKX08598,0,-2.8930919120077068
QKX08603,1,1.7372670398468095
QKX08587,0,-3.4773957570091056
QKX08588,1,-1.477342903140082
QKX08586,0,-5.263906102115696
QKX08584,0,-0.5286578220807332
QKX08582,1,2.5868193303228058
QKX08580,1,3.9784563685988257
QKX08581,0,-5.2380923119804645
QKX08578,1,3.9303275587925395
QKX08577,1,1.5013386183889477
QKX08574,1,3.0874769419225743
QKX08548,1,1.9866441243401027
QKX08547,0,-0.8027735355586856
QKX08573,0,-0.7735478303365095
QKX08546,1,1.0412009544743537
QKX08544,0,-6.53470864657683
QKX08532,1,2.8913102333696443
QKX08533,1,2.1682839856995617
QKX08531,1,2.1682839856995617
QKX08530,1,3.818241297065315
QKX08529,0,-5.853851997463282
QKX08527,0,-6.53470864657683
QKX08525,1,1.8733431181934286
QJI52656,1,1.8474722598972235
QIZ31694,1,0.679708948024734
QIV14108,1,2.600561252469083
QIQ44212,1,2.2487220748308143
QIA57521,1,4.12172433658378
ATV88318,0,-1.7238954880730066
ATV88317,0,-1.3021948191627732
ATV83578,0,-3.4625247952317775
ATJ01981,0,-16.23588020109032
ATJ01980,1,2.5916098844639457
ASY92872,0,-8.40708354533068
ASJ81281,0,-4.626298314483984
ASJ81280,0,-6.371511600874188
ASJ81244,0,-4.626298314483984
ASJ81243,0,-7.560585828564958
ASJ81242,0,-6.371511600874188
QFU20133,1,3.2686142639493116
BBN23844,0,-1.0331072027001174
BBN23843,0,-24.289061403800762
QEE84129,0,-11.7071739178176
QCG82571,1,2.6236821234867467
QBY33566,0,4.911762200211973
QBR98631,0,-2.756074895311306
QBR98518,0,-88.29867260213756
AYA22049,1,1.8399759248185656
AYA22048,1,2.7957058292559918
AVV64955,1,3.1891749946209664
AVV64954,1,3.774702980916901
AVV64953,1,4.572456441599096
AVV64952,1,4.193547228360643
AVV64951,1,1.2220629496690236
AVV64950,1,0.45389965416022626
AVV64949,1,2.196416723300116
AVV64947,1,3.9124635928175646
AVV64946,1,1.4373019097257878
AVV64944,1,1.9566728580929453
AVV64943,1,0.8157966082336934
AVV64942,0,-1.1551112342755712
AVV64941,0,0.1338084510182167
AXY81023,1,3.4093446898793243
AXY80579,1,3.409344689879326
AXO64583,0,-6.590661749588978
AXO64514,0,-5.306214328998683
AXO63971,0,-6.54660463095254
AXO63951,0,-6.54660463095254
AXF93468,1,2.5248931847785414
AXF93440,1,2.352970066770597
AXF93428,1,2.0420404639907
AXF93419,1,0.5926939905976294
AXF93400,1,3.866152549576876
AXF93393,1,2.8787635261866935
AXF93323,1,3.9093646665820376
AWZ61198,0,-5.306214328998683
AMQ46551,0,-24.414082627324433
AMQ26450,0,-2.5990442739946786
AHN00404,0,-17.926128758641163
AHL78909,0,-8.335441815285549
AHL78795,0,-10.330340992149072
AHL78604,0,-2.883747533487723
AHL78445,0,-10.330340992149072
AHB23130,0,-8.48981974077557
AHB21268,0,-9.993992647816322
AHB21267,0,-1.613258994529259
AGG83052,0,-5.6822443336362385
AGG82865,0,-3.8085960593883783
AGG82864,0,-7.391586114293236
AGG82847,0,-3.8085960593883783
AGG27468,0,-3.024816354318478
AGG27466,0,-2.4381839248662773
AGG26919,0,-15.87756840604186
AGG26918,0,-2.966902605202197
AGG26716,0,-11.632966739987987
AGG26715,0,-2.9940307762686356
AGG26666,0,-7.271774993022365
AGG26665,0,-12.12710018524684
AGC73436,0,-7.303912099024606
AGC73435,0,-5.256175215569069
AGC00237,0,-9.338813752113232
AGC00181,0,-9.338813752113232
AGC00169,0,-37.0129634331986
AGC00135,0,-9.338813752113232
AGC00101,0,-37.0129634331986
AGC00100,0,-9.338813752113232
AGC00078,0,-37.0129634331986
AGC00043,0,-9.338813752113232
AGC00021,0,-37.0129634331986
AGB99970,0,-37.185788210141205
AGB99969,0,-9.338813752113232
AGB99934,0,-9.338813752113232
AGB99933,0,-37.185788210141205
AGB99886,0,-37.185788210141205
AGB99840,0,-9.338813752113232
AGB99839,0,-37.185788210141205
AGB99782,0,-9.338813752113232
AGB99781,0,-37.185788210141205
AGB99746,0,-37.0129634331986
AGB99745,0,-9.338813752113232
AFY07178,0,-5.566111702894471
AFY06548,0,-1.7790406543931372
AFY05765,0,-3.9204290624805527
AFY05764,0,-3.1766207560770674
AFJ12407,0,-28.677242242933914
AFJ12406,0,-12.70441926547282
AFH74465,1,0.7350591180203967
AFH74464,0,-5.329883290463698
AET78197,0,-2.966902605202197
AET78196,0,-15.87756840604186
AET77850,0,-6.2853526006882845
AET77849,0,-6.547754311690024
AET74493,0,-8.122286481901037
AET74492,0,-2.9088309251807427
AEO91594,0,-19.41261551968963
AEM75339,0,-24.178689259529612
AEM75338,0,-9.345357469881037
AEI91999,0,-7.132029758288651
AEI91998,1,0.23442329590304034
AEI91978,0,-8.542845305700757
AEI91977,1,0.17100309431541127
ATE49491,0,-20.09421666671937
ATE49040,0,-2.357940157433477
ATE48871,0,-2.357940157433477
ASV62302,0,-1.264111106170434
AOZ86615,1,2.388207598556786
AOZ86516,1,3.4089392519793957
AOZ86357,1,2.56486669118906
AOZ86331,1,4.7623501287915015
AOZ86247,1,3.4089392519793957
AOZ85573,1,3.4089392519793957
ANE23927,1,1.2592343882832377
AKT07978,0,-3.8698436078546514
ABW23337,0,-30.49790083264152
ASO97503,0,-38.87209850589972
ASO97501,0,-15.317950870823601
ASO97485,0,-10.320426066584417
ASO97483,0,-7.125298871417593
ARQ84253,0,-7.831496053632609
ARQ84252,0,-7.831496053632609
ARQ84251,0,-4.50120602354237
ARQ84249,0,-2.3538052861889334
ARQ84245,0,-6.720258187003381
ARQ84243,0,-6.613667113615888
ARQ84239,0,-5.3340155185870515
ARQ84237,0,-3.2708421996003256
ARQ84235,0,-3.2708421996003256
ARQ84234,0,-3.2708421996003256
ARQ84233,0,-3.2708421996003256
ARQ84232,0,-3.2708421996003256
ARQ84231,0,-3.2708421996003256
ARQ84228,0,-10.978983087059232
ARQ84227,0,-2.9015241435338037
ARQ84226,0,-10.978983087059232
ASB33690,0,-31.875809803644408
ASB32842,0,-6.688517073458473
ASB32833,1,-0.06736591317508278
ARX97449,0,-5.212294983216088
ARU07171,0,-6.4726193844980795
ARQ86095,1,3.4089392519793957
ARJ63957,0,-4.802033501769852
ARJ63955,0,-9.014236120535495
ARJ63954,0,-11.806622525371836
AQY18739,0,-1.860949926927569
AQU12413,0,-11.81156686628201
APY25381,0,-32.44252291429949
APW84919,0,-27.002389716931354
APG56782,0,-4.017398354557466
ANE37509,0,-31.400622597613648
ANE37492,0,-3.8374337751730145
AMU04445,0,-18.18751741097052
AMP44891,0,-28.385599083613762
AMB72621,0,-5.28765961001773
AMA65421,0,-5.1452054077066425
ALX27323,0,-20.741464489273955
ALT19930,0,-28.467479489295357
ALT19823,0,-1.6778636545509453
ALR83415,0,-6.543733769834395
ALR83348,0,-7.088047359570593
ALR83338,0,-4.035042961292479
ALP01838,0,-28.200342988827316
AKV57693,0,-7.856906052264295
AKP04496,0,-2.34720913163604
AKH14609,0,-3.724660440033075
AJY54596,1,0.3734450268718792
AJF45788,0,-3.3672079700587627
AJF45784,0,-14.346847611739156
AJF45775,0,-9.476104324968125
AJD78008,0,-22.13130229501121
AJD77986,0,-12.9180282173247
AJD77982,0,-14.823149017673943
AIZ70289,0,-8.668696200635061
AIZ70285,0,-23.7698392294107
AIZ70269,0,-43.048731015996076
AIZ70243,0,-6.189227198436553
AIZ70218,0,-22.16819962110879
AIZ70214,0,-8.668696200635061
AIZ70208,0,-7.0242648552022455
AIZ70204,0,-10.675320057848824
ARG44523,0,-31.46506279999288
APR73245,1,-0.2923387805451121
APR73243,0,-36.39516997383688
APR73242,0,-17.86749519162538
APR73241,0,0.23228858849631528
APR73239,0,-18.095538888859622
APR73238,0,0.982240507685102
APR73237,0,0.817374500318623
APR73236,0,-5.428760510515554
APR73235,1,-0.2923387805451121
APR73234,0,-36.39076934621235
APR73233,0,-37.825263711186714
APQ31976,0,-19.462618168735418
APQ31975,0,-12.36302891418274
APO39357,0,-22.9219327058972
APO39355,0,-10.453977772557769
AAF04721,0,-16.839314132047214
ADX98705,0,-1.4402894747494042
ADW54451,0,-10.218708588315968
ADM73553,0,-6.186855122523671
ADM73552,0,-6.299018294220231
ADM73551,0,-7.538371095356731
ADM73549,0,-9.638007533789459
ADM73548,0,-10.397886056349094
ADM73547,0,-6.581025757274945
ADM73546,0,-7.496041127160905
ADM73545,0,-11.286862595984653
ADM73544,0,-6.581025757274945
ADM73541,0,-6.581025757274945
ADM73540,0,-6.581025757274945
ADM73539,0,-5.662838530790472
ADM73538,0,-6.581025757274945
ADM73537,0,-6.055391713186413
ADM73535,0,-6.5806760846395935
ADM73534,0,-6.581025757274945
ADM73532,0,-6.581025757274945
ADM73531,0,-6.581025757274945
ADM73530,0,-6.581025757274945
ADM73529,0,-7.131684042875253
ADM73527,0,-6.581025757274945
ADM73526,0,-6.37804909548254
ADM73525,0,-6.581025757274945
ADM73524,0,-6.588389446132904
ADM73522,0,-7.151252912706307
ADM73521,0,-5.285105041048542
ADM73520,0,-5.496336212878671
ADM73519,0,-7.669626256553893
ADM73518,0,-6.413839138000229
ADM73517,0,-6.7304327315250445
ADM73516,0,-6.055391713186413
ADM73514,0,-5.6213512665170615
ADM73513,0,-6.385154279979645
ADM26518,1,-0.03670241402036467
ADM26517,0,-1.5050194214051107
ADM26515,1,1.2446671143335841
ADM26514,1,-0.4125064236097078
ADM26513,1,3.486153175956556
ADM26512,1,0.9822261157330043
ADM26510,1,0.4782042057870388
ADM26508,0,5.541478536714086
ADM26507,0,0.2787355169378518
ADM18099,0,-11.81725367164993
ADM18098,0,-28.40674954605639
ADM18096,0,-22.816009801620226
ADM18094,0,-35.57665401011986
ADM18093,0,-3.38852272257345
ADM18089,0,-22.62644667820809
ACY67454,0,-7.476738784540722
ACR26757,0,-0.63785016051947
ACR26754,0,-16.63823668444251
ACR26744,0,-18.18690922198931
ACQ73205,0,-11.986391717259634
ACQ73202,0,-5.239205195308465
ACQ73201,0,-14.610137854279158
ANK57860,0,-8.849908528166056
ANG55912,0,-6.517568074610752
ANF29079,0,-31.356593770159897
ANF29075,0,-11.31572061088292
AIC64617,0,0.4288742564932235
AIC64615,0,-3.817566007987148
AIC64600,0,-5.2103436081673244
AKZ42082,0,-5.456938756051786
AKZ41843,0,-3.3727264656064477
AJJ98649,0,-3.8921021038262396
AJJ98647,1,0.5395947528664173
AJJ98646,0,-3.7287377019883774
AJJ98645,0,-2.9997103458422956
AJJ98644,1,-1.077572518538478
AJJ98643,0,-0.07471587208815045
AJJ98641,0,-4.603341934823693
AJJ98639,0,-2.9997103458422956
AJJ98638,0,-4.310424136366418
AJJ98636,0,-2.9889036718237705
AHZ41463,0,-3.676106624897521
ALE66682,0,-3.244098543947249
ALD19393,0,-26.478403615654926
AKM15195,0,-0.6380304804003476
AKM15194,0,-31.333754687979138
AKM15189,0,-26.901399109502677
AKM15186,1,0.36250396549276864
ALA50332,0,-13.824885703941645
AKL90745,0,-27.75065644779096
AKJ84209,0,-27.48666339127226
AGB13105,0,-1.382591768385847
AGB13082,1,0.48178040663208677
BAQ19486,0,-5.0184648968932954
BAQ19476,0,-14.2215075788533
BAQ19466,0,-14.2215075788533
BAQ19456,0,-17.60434283960388
BAQ19446,0,-9.113558138632685
BAQ19436,0,-0.5167609882338144
BAQ19426,0,-1.3750924040216628
BAQ19416,0,-0.6398062473542936
BAQ19406,0,-14.524051194187532
BAQ19396,0,-3.7170653326314813
BAQ19386,0,-2.3682313498199683
AIX94903,0,-16.484034030632365
AIT38426,0,-43.52817627177802
AIT38419,0,-18.469857766051284
AIA62021,0,-20.544155575180064
AIA62010,0,-4.187440865799225
AIA61999,1,-2.461207901978076
AIA61989,0,-17.975861288986508
AIA61978,0,-10.389351300673102
AIA61967,0,-9.553647776493209
AIA61945,1,-1.0060222480680547
AIQ77764,0,-10.550773367328821
AIQ77756,0,-10.550773367328821
AIO11735,0,-10.179566642371487
AIO11726,1,-1.643617023888778
AIO11695,0,-2.946866252015882
AIO11686,0,-10.593041695155645
AIN25596,1,-1.9315394264754033
AIN25586,1,0.4429214297607196
AIN25566,0,-1.643617023888778
AIN25541,1,0.3734450268718792
AII31203,0,-14.038889756762142
AIE53446,0,-2.01090504198031
AIE52177,0,-20.848943229543025
AIE52173,0,-6.225041034833302
AHK10692,0,-4.0013826600557305
AHK10659,0,-4.0013826600557305
AHI43444,0,-13.242703884883962
AHI43440,0,-27.653841253754578
AHZ65653,0,-4.353847008160178
AHY95057,0,-29.527665796694542
AHY95053,0,-22.529594657080892
AHM98831,0,0.00821711823288318
AHW46689,0,-35.273481636782925
AHW46685,0,-9.880154021698718
AHW46664,0,-30.902224078963627
AHW46564,0,-31.073542723935113
AHM24129,0,-4.096357271623768
AHL21547,0,-9.97607935456315
AHL21470,0,-30.64556526634317
AHK10688,0,-20.101949807020375
AHK10681,0,-4.096357271623768
AHK10677,0,-7.4674931458181835
AHK10663,0,-4.096357271623768
AHI43402,0,-4.579075189305746
AHI43398,0,-8.371241279804769
AHI43290,0,-9.880154021698718
AHH00822,0,-2.3162418635612223
AHG26656,0,-25.08132770721454
AHG26652,0,-7.931848716761977
AHD25180,0,-9.046659880156234
AHD25163,0,-9.138997718186609
AHD25147,0,-4.6965462102434135
AHD25146,0,-8.6422219634556
AHB73608,0,-9.394354607559952
AHB24479,0,-18.91389139357526
AHB52150,0,-5.751061544503484
AHA57102,0,-28.46140368543977
AGZ62310,0,-2.685682708649683
AGU69952,0,-4.284941885197528
AEN69435,0,-1.5554580851079844
AGT41695,0,-4.0391905304632125
AGT41690,0,-8.8458243225977
AGO51467,0,-9.338813752113232
AGL51629,0,-9.138997718186609
AFJ76170,0,-41.126841098837474
AFJ76169,1,0.29366748108692775
AFJ76155,0,-1.6214490619554827
AFJ76131,0,0.5505610183649363
AFY09646,1,1.7410427679774383
AFX96359,1,2.8894696670579503
AFX96347,1,0.7350591180203967
AFN69199,0,-18.17825913870264
AFN69198,0,-0.8520626453772184
ADG85249,0,-1.2881979717096517
ADG85245,1,0.10008320986836416
ADG85241,1,0.10008320986836416
ADG85229,1,0.10008320986836416
ADG85225,0,-1.6730227696355708
ADG85221,0,-0.22256737042844854
AEX63539,0,-11.028784501506184
AFM78666,0,0.17464841241770834
AFM46540,0,-9.047225304558971
AFM46539,0,-1.1829323363232653
AFJ75615,0,-26.421837783712284
AFJ74819,0,-5.235638107588365
AFJ74780,0,-3.75712841410693
AFJ74779,0,-23.19819658871737
AFJ74761,0,-3.112781331426911
AFJ74743,0,-23.19819658871737
AFJ74727,0,-4.828617267051293
AFJ74695,0,-5.335434736653818
AFJ74674,0,-8.108514207716793
AFJ74673,0,-23.686953593970287
AFJ74654,0,-3.63292979005449
AFJ74634,0,-3.75712841410693
AFJ74560,0,-6.07513314209705
AFJ74559,0,-27.511054345068402
AFJ74546,0,-7.440512226221368
AEQ50015,0,-3.283122486713385
AEQ50005,0,-3.283122486713385
AEQ49985,0,-3.283122486713385
AEO08966,0,-4.695633896726184
AEO08944,0,-3.9988164940492332
AET50910,0,-8.828346815280213
ADV69109,0,-38.40328835514608
ADV69108,0,-18.857687862235707
ADV69106,0,-20.93747872725701
ADV69104,0,-35.99368568575156
ADV69103,0,-17.88730552468789
ADV69102,0,-35.356142880442285
ADV69101,0,-36.383503920592034
ADV69100,0,-33.08844654888255
ADV69099,0,-22.485999695536155
ADV69098,0,-21.421462606779837
ADV69095,0,-21.707836758925566
ADV69094,0,-23.402856155093435
ADV69093,0,-21.671000266161116
ADV69091,0,-14.885833674938606
ADV69090,0,-26.009073225394964
ADV69089,0,-32.61134388964471
ADV69088,0,-22.830975214445907
ADV69087,0,-20.527433880473904
ADV69083,0,-19.304791563454117
ADV69082,0,-23.127697144499223
ADV69081,0,-18.19033509736723
ADV69080,0,-37.00349180918598
ADV69079,0,-23.476149257314937
ADV69078,0,-30.23372455774073
ADV69077,0,-17.989436347493097
ADV69076,0,-17.989436347493097
ADV69075,0,-15.033757140047642
ADV69074,0,-21.529200750726083
ADV69073,0,-21.529200750726083
AEH42796,0,-11.296770459308236
AEH42774,0,-11.262017279117863
AEH42752,0,-8.607806542131305
ADU33163,0,-11.412894308979366
BAJ40064,1,1.5249938377577568
BAJ40063,1,0.002505091801500825
BAJ40062,1,2.3501502258838958
BAJ40061,1,0.002505091801500825
BAJ40060,1,0.17100309431541127
BAJ40059,1,2.2455125123572284
BAJ40058,1,1.5249938377577568
BAJ40057,1,1.8603183294768435
BAJ40056,0,-2.2255121210529065
BAJ40054,1,0.17100309431541127
BAJ40053,1,2.8663966566204166
BAJ40052,1,0.17033219382572895
BAJ40050,1,0.6511364916689875
BAJ40049,1,2.8663966566204166
BAJ40048,1,2.2455125123572284
BAJ40045,1,0.09729186235914078
BAJ40043,1,1.5249938377577568
BAJ40042,0,-1.6852891236005583
BAJ40041,1,1.5249938377577568
BAJ40039,1,0.7350591180203967
BAJ40038,1,1.3851682220452766
BAJ40037,1,1.5249938377577568
BAJ40036,0,-0.233078251356865
BAJ40034,1,1.5297477824577665
BAJ40033,0,0.5320251189222525
BAJ40032,1,2.2455125123572284
BAJ40030,0,0.5320251189222525
BAJ40029,1,2.2455125123572284
BAJ40026,0,0.17100309431539173
BAJ40025,1,2.245512512357232
BAJ40024,1,0.7744723498346939
BAJ40020,0,0.09729186235914078
BAJ40018,0,0.17100309431541127
BAJ40017,1,0.430226788986408
BAJ40016,1,2.2455125123572284
BAJ40013,1,2.2455125123572284
BAJ40012,1,0.6905930794923467
BAJ40011,1,2.2455125123572284
BAJ40010,1,-0.7188675665729676
BAJ40005,0,0.002505091801500825
BAJ40004,0,-0.7785050297863361
BAJ40002,1,0.7350591180203967
BAJ40001,0,1.338723120184211
BAJ40000,1,2.4851099633081954
BAJ39999,1,2.2455125123572284
BAJ39997,1,2.309727430058496
BAJ39996,1,0.7350591180203967
BAJ39995,1,2.2455125123572284
BAJ39994,0,2.675770996647069
BAJ39993,1,0.7350591180203967
BAJ39991,1,2.4851099633081954
BAJ39990,1,0.7350591180203967
BAJ39988,1,-0.27455738378841765
BAJ39985,1,0.7350591180203967
BAJ39983,1,1.2039941352658072
BAJ39981,0,-0.6568802150036195
BAJ39980,1,1.5249938377577568
BAJ39976,0,-2.2786178990366377
BAJ39974,1,0.7350591180203967
BAJ39970,1,0.7350591180203967
BAJ39968,1,-0.1558306876229647
BAJ39967,0,1.060319708859696
BAJ39966,1,0.7350591180203967
BAJ39964,1,1.5249938377577568
BAJ39963,1,0.7350591180203967
BAJ39962,0,-1.1033331345014812
BAJ39961,1,0.9587696404327684
BAJ39959,0,-1.2874739079585868
BAJ39958,0,0.2094503164244248
BAJ39957,1,1.5249938377577568
BAJ39955,0,-2.804631191823347
BAJ39952,1,1.5249938377577568
BAJ39951,1,0.5460603400602064
BAJ39949,1,3.192818337076792
ACY06462,0,-8.248155349515901
ACY06461,0,-11.281819733875771
ACY06458,0,-11.64949353100491
ACY06457,0,-6.791931721362323
ACY06456,0,-7.690309586109924
ACY06455,0,-9.598660668500914
ACY06454,0,-4.791887050488194
ACY06453,0,-10.7250869285373
ACY06452,0,-12.208076815710688
ACY06449,0,-15.273785790775591
ACY06446,0,-14.18270690518118
ACY06445,0,-14.18270690518118
AAA16879,0,-7.512206191454066
BAI83394,0,-17.582736326726373
BAI83387,0,-3.2890056490531716
AAK71687,0,-5.128891056069683
AAF04720,0,-5.333378277964586
ACV90512,0,-27.09440584480612
ACR26759,0,-3.486961769097631
ACR26758,0,-3.5627443293983294
ACR26752,0,-7.543621819456606
ACR26750,0,-2.6183929023221317
ACR26749,0,-3.6866249815153953
ACR26747,0,-5.021470468011914
ACR26746,0,-12.023785855592292
ACR26745,0,-16.33105067062641
ACR26743,0,-17.09607307744703
ACR26742,0,-2.697303008649426
ABI96109,0,-29.689879280478408
ABI96107,0,-27.08567435389336
ABI96106,0,-31.601322950648346
ABI96104,0,-31.583243889163285
ABI96103,0,-25.40199626030752
AAA19934,0,-8.56617284622907
ACQ73204,1,-0.2923387805451121
ACF28529,0,-8.116935789865472
ACF28528,0,-3.9648680481582605
ACF28527,0,-3.7699571599742487
ACD37507,0,-27.48165261645333
ACD37430,0,-21.01809701727527
BAA00719,0,-22.71486950113561
BAA00720,0,-2.0500871306641244
ABF71860,0,-12.860090773413386
WWZ86435,0,-6.347441683245133
WWZ86424,0,-6.062751661055896
WWZ86408,0,-10.184706430775321
WWZ86384,0,-5.294156265849114
WWZ86360,0,-13.194615718480215
WWZ86348,0,-4.942047323414861
WWZ86162,0,-11.288068356315403
WWZ86148,0,-9.177776851984932
WWZ86136,0,-8.705740497049472
WWZ86124,0,-17.867154712403853
WWZ86106,0,-9.484620402064044
WWZ86094,0,-5.00421554667162
WWZ86068,0,-6.32008484157801
WWZ86043,0,-5.55680323942128
WWZ86030,0,-5.279410653373474
WWZ86015,0,-4.972731445121569
WWZ86003,0,-13.153639576735234
WWZ85977,0,-13.153639576735234
WWZ85964,0,-10.618821767909399
WWZ85952,0,-4.960355701304857
UPI56582,0,-4.233936527520584
UPI56510,0,-5.078967901173578
UPI56498,0,-15.52440752668786
UPI56486,0,-5.525218374205709
YCB20091,0,-9.407850276565812
XYE66472,0,-12.115137955449402
XQE93105,0,-10.96976138908303
XQE92966,0,-11.675451171880647
XPY38374,0,-10.051284149804934
XPY38234,0,-11.435602450412693
XPO56668,0,-7.234077049184913
XPO56656,0,-7.234077049184913
XPO56644,0,-4.257987587471208
XPO56632,0,-6.966503718976256
XPL72934,0,-11.435602450412693
XPL72922,0,-11.41136310731212
XPL72898,0,-13.517533330726454
XPL72886,0,-13.517533330726454
XPL72862,0,-10.863677325189872
XPL72838,0,-11.41136310731212
XPL72826,0,-10.570288204917345
XPL72802,0,-11.76433265102012
XPL72790,0,-11.435602450412693
XPL72778,0,-11.435602450412693
XPL72766,0,-11.355993509136658
XPL72754,0,-11.355993509136658
XPL72742,0,-15.168066996619741
XPL72730,0,-10.733543515870243
XPL72718,0,-11.435602450412693
XPL72706,0,-12.565058798103406
XPL72646,0,-12.407706018403163
XPL72634,0,-12.407706018403163
XPL72622,0,-12.15035448500164
XPL72610,0,-14.57574759200145
XPL72598,0,-14.57574759200145
XPL72586,0,-14.57574759200145
XPL72574,0,-12.214468316323028
XPL72562,0,-12.115168470967815
XPL72550,0,-9.441739275176623
XPL72526,0,-12.796037608599708
XPL72514,0,-12.046198144729875
XPL72502,0,-11.355993509136658
XPL72490,0,-11.355993509136658
XPL72478,0,-14.931704345130843
XPL72466,0,-11.435602450412693
XPL72442,0,-11.435602450412693
XPL72430,0,-12.889400493233646
XPL72418,0,-14.931704345130843
XPL72406,0,-11.435602450412693
XPL72382,0,-10.490863303950123
XPL72370,0,-10.401226730807023
XPL72358,0,-11.435602450412693
XPL72346,0,-10.490863303950123
XPL72322,0,-11.607376655512551
XPL72310,0,-12.139553952295296
XPL72298,0,-12.004150369512466
XPL72287,0,-11.435602450412693
XPL72275,0,-11.435602450412693
XPL72263,0,-11.435602450412693
XPL72251,0,-11.435602450412693
XPL72239,0,-11.435602450412693
XPL72215,0,-11.435602450412693
XPL72191,0,-15.668401665627956
XPL72167,0,-16.431170436944647
XPL72143,0,-11.607376655512551
XPL72131,0,-12.235598939971505
XPL72107,0,-10.344415579070104
XPL72095,0,-11.435602450412693
XPL72071,0,-10.577668640947136
XPL72059,0,-12.139553952295296
XPL72047,0,-12.288559350440007
XPL72035,0,-11.435602450412693
XPL72011,0,-10.733543515870243
XPL71999,0,-10.344415579070104
XPL71987,0,-11.435602450412693
XPL71975,0,-11.435602450412693
XPL71952,0,-8.166146011556508
XPL71940,0,-9.67846394027845
XPL71928,0,-10.102593314248773
XPL71916,0,-10.102593314248773
XPL71904,0,-11.149256515422449
XPL71868,0,-12.550517487819704
XPL71856,0,-11.435602450412693
XPL71844,0,-11.017768471331598
XPL71829,0,-11.435602450412693
XPL71820,0,-12.190630993257122
XPL71808,0,-12.190630993257122
XPL71796,0,-11.597047360444131
XPL71784,0,-12.139553952295296
XPL71760,0,-12.332828918212678
XPL71748,0,-12.929137926928727
XPL71736,0,-12.929137926928727
XPL71700,0,-15.703848338703988
XPL71688,0,-14.718123444461478
XPL71676,0,-11.435602450412693
XPL71652,0,-14.931704345130843
XPL71640,0,-14.931704345130843
XPL71604,0,-12.565058798103406
XPL71592,0,-11.017768471331598
XPL71580,0,-7.203909568459585
XPL71544,0,-10.733543515870243
XPL71536,0,-10.733543515870243
XPL71524,0,-12.120538881927585
XPL71512,0,-12.60536094241381
XPL71500,0,-10.690187671928697
XPL71476,0,-11.209890030762795
XPL71464,0,-11.574789817889322
XPL71428,0,-11.041595719426216
XPL71416,0,-11.574789817889322
XPL71404,0,-11.574789817889322
XPL71392,0,-11.209890030762795
XPL71380,0,-10.690187671928697
XPL71356,0,-11.209890030762795
XPL71320,0,-13.160227028454894
XPL71308,0,-12.120538881927585
XPL71284,0,-11.017768471331598
XPL71272,0,-11.017768471331598
XPL71260,0,-12.739613998053072
XPL71236,0,-10.40610160919006
XPL71224,0,-11.017768471331598
XPL71212,0,-11.017768471331598
XPL71200,0,-11.017768471331598
XPL71176,0,-11.607376655512551
XPL71152,0,-11.435602450412693
XPL71140,0,-11.213519559002908
XPL71128,0,-11.213519559002908
XPL71116,0,-11.435602450412693
XPL71092,0,-11.435602450412693
XPL71080,0,-11.435602450412693
XPL71068,0,-12.190630993257122
XPL71056,0,-11.435602450412693
XPL71032,0,-10.577668640947136
XPL71020,0,-10.577668640947136
XPL71008,0,-10.045378306350107
XPL70996,0,-11.435602450412693
XPL70984,0,-11.435602450412693
XPL70972,0,-11.435602450412693
XPL70960,0,-11.435602450412693
XPL70948,0,-11.435602450412693
XPL70936,0,-11.435602450412693
XPL70924,0,-13.269262326698621
XPL70912,0,-10.702953033176842
XPL70900,0,-11.435602450412693
XPL70888,0,-11.435602450412693
XPL70876,0,-11.435602450412693
XPL70864,0,-11.435602450412693
XPL70852,0,-11.435602450412693
XPL70840,0,-11.435602450412693
XPL70804,0,-12.139553952295296
XPL70792,0,-12.139553952295296
XPL70756,0,-13.05553681151166
XPL70732,0,-13.05553681151166
XPL70720,0,-10.84107048437122
XPL70708,0,-11.435602450412693
XPL70685,0,-17.275904679573944
XPL70661,0,-11.795426745228681
XPL70649,0,-11.78522409361201
XPL70637,0,-10.711480658622818
XPL70625,0,-10.98216387627773
XPL70613,0,-9.499101317619754
XPL70601,0,-12.175463579831826
XPL70589,0,-12.565058798103406
XPL70577,0,-10.093622090064246
XPL70565,0,-14.4579200230786
XPL70517,0,-11.435602450412693
XPL70505,0,-12.139553952295296
XPL70493,0,-11.866664367649907
XPL70481,0,-12.139553952295296
XPL70469,0,-11.435602450412693
XPL70457,0,-11.435602450412693
XPL70445,0,-11.435602450412693
XPL70433,0,-15.009394746716001
XPL70421,0,-11.435602450412693
XPL70409,0,-11.5625097874543
XPL70397,0,-9.87669305950025
XPL70373,0,-14.528444869949453
XPL70361,0,-11.348796543588168
XPL70349,0,-12.139553952295296
XPL70337,0,-14.528444869949453
XPL70325,0,-15.168066996619741
XPL70301,0,-14.388524784052324
XPL70289,0,-14.528444869949453
XPL70265,0,-14.528444869949453
XPL70241,0,-12.842193162621953
XPL70217,0,-12.842193162621953
XPL70193,0,-10.946863237293663
XPL70181,0,-11.833749001081568
XPL70133,0,-10.409503865090572
XPL70121,0,-11.481423014686236
XPL70109,0,-17.275904679573944
XPL70097,0,-12.485762634441137
XPL70085,0,-12.565058798103406
XPL70073,0,-10.650181588334139
XPL70061,0,-12.842193162621953
XPL70049,0,-11.017768471331598
XPL70037,0,-11.017768471331598
XPL70026,0,-8.993061399578416
XPL70014,0,-17.275904679573944
XPL69990,0,-13.197730161874754
XPL69978,0,-10.62566083653594
XPL69966,0,-11.017768471331598
XPL69954,0,-11.017768471331598
XPL69942,0,-10.487663293487604
XPL69930,0,-11.017768471331598
XPL69906,0,-12.139553952295296
XPL69882,0,-10.435117071549437
XPL69870,0,-10.435117071549437
XPL69846,0,-11.963321380295174
XPL69834,0,-10.052979752677267
XPL69822,0,-12.980305946960632
XPL69774,0,-10.702953033176842
XPL69762,0,-11.435602450412693
XPL69750,0,-11.435602450412693
XPL69714,0,-11.435602450412693
XPL69702,0,-11.435602450412693
XPL69678,0,-11.435602450412693
XPL69666,0,-11.435602450412693
XPL69654,0,-11.435602450412693
XPL69618,0,-11.435602450412693
XPL69582,0,-10.733543515870243
XPL69570,0,-12.004150369512466
XPL69558,0,-12.004150369512466
XPL69546,0,-12.004150369512466
XPL69534,0,-12.004150369512466
XPL69510,0,-11.347758214576016
XPL69474,0,-12.244232641053635
XPL69462,0,-12.007119717732783
XPL69438,0,-12.007119717732783
XPL69426,0,-11.435602450412693
XPL69414,0,-11.435602450412693
XPL69402,0,-11.435602450412693
XPL69354,0,-12.375885982065268
XPL69342,0,-11.435602450412693
XPL69330,0,-11.435602450412693
XPL69306,0,-11.621829631457393
XPL69294,0,-11.474616486377622
XPL69270,0,-11.435602450412693
XPL69234,0,-12.796037608599708
XPL69222,0,-11.435602450412693
XPL69210,0,-15.043988611154054
XPL69198,0,-14.931704345130843
XPL69186,0,-17.275904679573944
XPL69174,0,-10.052979752677267
XPL69162,0,-8.861518669936167
XPL69138,0,-14.931704345130843
XPL69130,0,-11.833749001081568
XPL69114,0,-17.282643507080365
XPL69102,0,-15.912773292447332
XPL69090,0,-9.63479499042572
XPL69078,0,-9.63479499042572
XPL69066,0,-12.076651052163438
XPL69054,0,-14.931704345130843
XPL69042,0,-13.517533330726454
XPL69018,0,-10.662857081369351
XPL69006,0,-9.930893992427691
XPL68994,0,-11.277400296026592
XPL68983,0,-6.893142688352741
XPL68972,0,-12.139553952295296
XPL68960,0,-6.893142688352741
XPL68949,0,-12.139553952295296
XPL68937,0,-12.915065114826623
XPL68865,0,-11.476185382341914
XPL68853,0,-6.893142688352741
XPL68829,0,-12.139553952295296
XPL68817,0,-13.881892783978678
XPL68805,0,-12.139553952295296
XPL68793,0,-12.190630993257122
XPL68781,0,-10.577668640947136
XPL68769,0,-11.547310155224729
XPL68733,0,-11.062758629355658
XPL68721,0,-14.844192880207599
XPL68709,0,-13.757920177532021
XPL68697,0,-12.331169959044693
XPL68685,0,-11.744744734110721
XPL68661,0,-13.500441411936071
XPL68649,0,-11.435602450412693
XPL68625,0,-11.435602450412693
XPL68613,0,-17.275904679573944
XPL68601,0,-12.139553952295296
XPL68589,0,-17.29765780933868
XPL68577,0,-17.275904679573944
XPL68567,0,-12.306903029535405
XPL68556,0,-14.4579200230786
XPL68546,0,-11.435602450412693
XPL68536,0,-11.017768471331598
XPL68526,0,-11.435602450412693
XPL68516,0,-15.078488571752002
XPL68506,0,-11.277400296026592
XPL68498,0,-8.218461332883697
XPL68488,0,-8.218461332883697
XPL68476,0,-11.017768471331598
XPL68466,0,-11.435602450412693
XPL68459,0,-11.435602450412693
XPL68452,0,-10.690490693944913
XPL68442,0,-12.168196831206876
XPL68435,0,-17.275904679573944
XPL68415,0,-11.435602450412693
XPL68404,0,-13.146540071894611
XPL68385,0,-14.662124758347955
XPL68375,0,-11.41136310731212
XPL68353,0,-15.912773292447332
XPL68344,0,-12.60536094241381
XPL68334,0,-12.190630993257122
XPL68324,0,-10.401226730807023
XPL68315,0,-11.435602450412693
XPL68309,0,-9.864700409982627
XPL68300,0,-12.796037608599708
XPL68272,0,-11.209890030762795
XPL68265,0,-10.409503865090572
XOD40155,0,-12.50053229186034
XNM01050,0,-14.807917002691049
XNM00869,0,-13.715956725076271
XNM00820,0,-13.715956725076271
XNM00791,0,-13.715956725076271
XNM00781,0,-13.715956725076271
XMQ97291,0,-13.715956725076271
XMQ97200,0,-14.449249962149704
XMQ95356,0,-13.715956725076271
XMQ95228,0,-13.715956725076271
XMQ94971,0,-14.449249962149704
XCX90934,0,-9.835847548074977
XCV14090,0,-7.739297366718219
XCV14058,0,-17.454560274993856
XCV14073,0,-13.312105753004623
XCV14041,0,-8.362057068034147
XCV14057,0,-14.57090763249918
XCV14035,0,-16.778773501374097
XCV13979,0,-8.362057068034147
XCV13984,0,-12.77484475288227
XCV13951,0,-9.64411631473303
XCV13931,0,-12.774844752882263
XCV13935,0,-13.523433666312144
XCV13905,0,-14.570907632499182
XCV13923,0,-8.362057068034147
XCV13896,0,-14.57090763249918
XCV13886,0,-13.523433666312144
XCV13871,0,-9.204402950094277
XCV13831,0,-9.835847548074977
WZW45697,0,-12.50053229186034
WZW45509,0,-7.272519522924817
WZW45496,0,-7.272519522924817
WZW45410,0,-12.50053229186034
WZL55743,0,-13.406317891462859
WZL55700,0,-13.394553277169301
WZL55697,0,-8.15861225218937
WZL55649,0,-13.32696242889077
WZL55637,0,-7.780549434489634
WZL55565,0,-13.007865432842028
WZL55546,0,-7.353612961351113
WZL55539,0,-7.353612961351113
WZL55524,0,-9.244330099327112
WZL55478,0,-9.835847548074977
WZL55455,0,-11.659123906929583
WZL55438,0,-7.80631996141285
WZL55414,0,-13.523433666312144
WZL55409,0,-12.50053229186034
WZL55354,0,-13.007865432842028
WZL55348,0,-11.05612978484394
WZL55333,0,-12.50053229186034
WZL55296,0,-14.57090763249918
WZL55279,0,-9.052228482479116
WZL55255,0,-12.912294311496147
WZL55236,0,-12.867292128891304
WZL55221,0,-14.57090763249918
WZL55199,0,-14.170053336920475
WZL55195,0,-12.77484475288227
WZL55171,0,-14.57090763249918
WZL55127,0,-8.15861225218937
WZL55117,0,-7.945080270460464
WZL55092,0,-8.15861225218937
WZL55076,0,-6.377436895726609
WZL55074,0,-13.548183489733375
WZL55056,0,-13.007865432842028
WZL55042,0,-14.57090763249918
WZL55038,0,-7.353612961351113
WYD67653,0,-14.57090763249918
XHV22734,0,-14.471651383626595
XHH12998,0,-3.0082577974868894
XHH12986,0,-3.0082577974868894
XHH12984,0,-3.0082577974868894
XHH12962,0,-3.0082577974868894
XHH12960,0,-3.0082577974868894
XHH12948,0,-3.0082577974868894
XHH12936,0,-3.0082577974868894
XHH12888,0,-3.0082577974868894
XFD34695,0,-12.565058798103406
XFD34671,0,-12.565058798103406
XFD34647,0,-12.565058798103406
XFD34635,0,-12.565058798103406
XFD34623,0,-11.41136310731212
XFD34575,0,-16.482597228082234
XFD34551,0,-11.526209178491305
XFD34541,0,-11.526209178491305
XFD34517,0,-10.957301664939319
XFD34493,0,-8.814710650004198
XFD34481,0,-11.526209178491305
XFD34469,0,-9.60347402069874
XFD34457,0,-9.60347402069874
XFD34433,0,-12.149319533257632
XFD34409,0,-15.00874828190897
XFD34397,0,-7.539867705686797
XFD34374,0,-11.526209178491305
XFD34350,0,-12.1172258482477
XFD34328,0,-12.558230668345297
XFD34316,0,-14.470636837807263
XFD34292,0,-11.526209178491305
XFD34256,0,-10.444548103282868
XFD34244,0,-12.565058798103406
XFD34234,0,-12.565058798103406
XFD34222,0,-11.526209178491305
XFD34210,0,-9.713181777499402
XFD34198,0,-9.713181777499402
XFD34186,0,-11.607376655512551
XFD34174,0,-11.607376655512551
XFD34162,0,-9.60347402069874
XFD34138,0,-11.678334320000529
XFD34126,0,-9.60347402069874
XFD34114,0,-12.947450193029386
XFD34092,0,-11.607376655512551
XFD34068,0,-11.308238457200007
XFD34025,0,-11.607376655512551
XFD34003,0,-11.607376655512551
XFD33981,0,-11.607376655512551
XFD33945,0,-11.607376655512551
XFD33921,0,-12.245509767216797
XFD33897,0,-12.149319533257632
XFD33885,0,-12.149319533257632
XFD33861,0,-11.53708024790471
XFD33837,0,-11.308238457200007
XFD33830,0,-11.685684018584677
XFD33813,0,-11.310751291402195
XFD33801,0,-12.321757412573639
XFD33789,0,-11.526209178491305
XFD33765,0,-10.944074521279065
XFD33753,0,-10.944074521279065
XFD33741,0,-14.471651383626595
XFD33717,0,-12.734682414551823
XFD33705,0,-11.607376655512551
XFD33657,0,-14.471651383626595
XFD33633,0,-12.110973596987536
XFD33621,0,-12.353258561810778
XFD33609,0,-11.526209178491305
XFD33597,0,-12.734682414551823
XFD33561,0,-11.526209178491305
XFD33549,0,-12.713305186554038
XFD33537,0,-12.667907638524856
XFD33525,0,-10.123900267885173
XFD33513,0,-12.653277012337288
XFD33453,0,-12.486314680762609
XFD33441,0,-9.534332189741052
XFD33429,0,-12.104462998308806
XFD33417,0,-11.526209178491305
XFD33405,0,-11.607376655512551
XFD33369,0,-6.6466231039657035
XFD33357,0,-11.607376655512551
XFD33345,0,-11.526209178491305
XFD33333,0,-10.367371789659588
XFD33321,0,-12.974415449676966
XFD33299,0,-11.049133069099804
XFD33275,0,-11.064216121169418
XFD33263,0,-11.064216121169418
XFD33239,0,-11.38143315964906
XFD33227,0,-11.310751291402195
XFD33203,0,-11.716184409930932
XFD33179,0,-10.052979752677267
XFD33168,0,-12.615854614211846
XFD33156,0,-12.615854614211846
XFD33144,0,-12.615854614211846
XFD33132,0,-12.615854614211846
XFD33120,0,-13.629037559880539
XFD33108,0,-13.629037559880539
XFD33096,0,-13.076959643143729
XFD33084,0,-13.076959643143729
XFD33072,0,-13.076959643143729
XFD33060,0,-13.076959643143729
XFD33024,0,-11.685684018584677
XFD33012,0,-11.685684018584677
XFD33002,0,-11.685684018584677
XFD32990,0,-11.53708024790471
XFD32978,0,-11.53708024790471
XFD32966,0,-12.149319533257632
XFD32930,0,-14.742243311779637
XFD32918,0,-10.916873086665204
XFD32906,0,-10.916873086665204
XFD32894,0,-12.149319533257632
XFD32882,0,-14.750485869761151
XFD32870,0,-11.53708024790471
XFD32858,0,-11.53708024790471
XFD32846,0,-11.310751291402195
XFD32834,0,-11.310751291402195
XFD32822,0,-10.342410394202533
XFD32810,0,-10.342410394202533
XFD32798,0,-13.076959643143729
XFD32787,0,-13.076959643143729
XFD32756,0,-11.424263722463031
XFD32744,0,-12.366680300815228
XFD32732,0,-12.366680300815228
XFD32720,0,-12.149319533257632
XFD32708,0,-12.149319533257632
XFD32698,0,-11.310751291402195
XFD32686,0,-11.310751291402195
XFD32674,0,-10.401226730807023
XFD32662,0,-12.49944838023668
XFD32650,0,-11.873197667135775
XFD32638,0,-9.556615902593661
XFD32614,0,-11.833749001081568
XFD32578,0,-11.526209178491305
XFD32566,0,-9.60347402069874
XFD32554,0,-11.526209178491305
XFD32530,0,-11.310751291402195
XFD32518,0,-11.310751291402195
XFD32506,0,-11.310751291402195
XFD32494,0,-10.442144112983867
XFD32482,0,-14.947692980844517
XFD32470,0,-11.308238457200007
XFD32458,0,-11.308238457200007
XFD32446,0,-11.562927934794088
XFD32434,0,-11.562927934794088
XFD32422,0,-11.607376655512551
XFD32387,0,-11.310751291402195
XFD32351,0,-11.310751291402195
XFD32327,0,-12.120538881927585
XFD32315,0,-12.120538881927585
XFD32291,0,-12.016934858279877
XFD32231,0,-11.310751291402195
XFD32195,0,-15.00874828190897
XFD32183,0,-15.00874828190897
XFD32171,0,-8.771809221750772
XFD32159,0,-8.771809221750772
XFD32123,0,-12.749945967582054
XFD32113,0,-9.090342043369418
XFD32101,0,-9.090342043369418
XFD32089,0,-14.72659918165254
XFD32077,0,-14.72659918165254
XFD32065,0,-7.529957434524748
XFD32041,0,-12.149319533257632
XFD32017,0,-12.499202897498984
XFD31985,0,-12.499202897498984
XFD31973,0,-10.052979752677267
XFD31961,0,-10.052979752677267
XFD31937,0,-11.515761447301843
XFD31925,0,-10.803412877824265
XFD31913,0,-10.803412877824265
XFD31901,0,-10.446484129102002
XFD31889,0,-10.446484129102002
XFD31877,0,-11.310751291402195
XFD31865,0,-12.499202897498984
XFD31853,0,-12.499202897498984
XFD31841,0,-14.471651383626595
XFD31829,0,-14.471651383626595
XFD31817,0,-11.340288405944271
XFD31805,0,-11.612485079570542
XFD31757,0,-11.607376655512551
XFD31745,0,-14.471651383626595
XFD31733,0,-11.526209178491305
XFD31721,0,-12.110973596987536
XFD31697,0,-11.607376655512551
XFD31685,0,-11.607376655512551
XFD31673,0,-9.829127569982637
XFD31661,0,-9.829127569982637
XFD31649,0,-9.829127569982637
XFD31637,0,-11.889832167309624
XFD31625,0,-10.926191660438297
XFD31613,0,-10.771486730964314
XFD31565,0,-11.526209178491305
XFD31553,0,-13.003093304653904
XFD31541,0,-11.038938010595707
XFD31529,0,-11.058995502188221
XFD31517,0,-11.22203408157038
XFD31505,0,-11.22203408157038
XFD31483,0,-11.685684018584677
XFD31471,0,-12.020094881291971
XFD31459,0,-12.020094881291971
XFD31447,0,-14.742243311779637
XFD31436,0,-14.742243311779637
XFD31424,0,-11.310751291402195
XFD31412,0,-11.310751291402195
XFD31388,0,-9.832501243662943
XFD31376,0,-14.745423573090497
XFD31364,0,-14.745423573090497
XFD31352,0,-11.45736845580935
XFD31340,0,-13.074005757250923
XFD31328,0,-10.395225566609229
XFD31316,0,-11.549420287958798
XFD31304,0,-12.149319533257632
XFD31292,0,-11.701892185759808
XFD31268,0,-12.149319533257632
XFD31256,0,-13.02125572852594
XFD31244,0,-11.685684018584677
XFD31232,0,-11.685684018584677
XFD31220,0,-11.685684018584677
XFD31208,0,-12.553639481431867
XFD31184,0,-11.685684018584677
XFD31161,0,-12.149319533257632
XFD31149,0,-12.149319533257632
XFD31137,0,-17.41463001196354
XFD31125,0,-17.41463001196354
XFD31113,0,-11.607376655512551
XFD31101,0,-11.607376655512551
XFD31089,0,-10.594272804422618
XFD31065,0,-11.308238457200007
XFD31053,0,-9.435736770656924
XFD31041,0,-9.60347402069874
XFD31029,0,-12.209279063397341
XFD31017,0,-11.310751291402195
XFD30993,0,-11.35055554420358
XFD30981,0,-11.110577280904606
XFD30969,0,-11.400162482314515
XFD30933,0,-12.565058798103406
XFD30921,0,-12.565058798103406
XFD30909,0,-11.409316200447767
XFD30885,0,-10.866352701079615
XFD30873,0,-10.733543515870243
XFD30861,0,-10.733543515870243
XFD30849,0,-10.08862270977388
XFD30837,0,-12.649626055377897
XFD30825,0,-15.006884894261406
XFD30813,0,-10.733543515870243
XFD30805,0,-12.106148188797475
XFD30777,0,-11.110577280904606
XFD30765,0,-11.205179738668615
XFD30753,0,-11.700739194979164
XFD30729,0,-11.308238457200007
XFD30705,0,-12.565058798103406
XFD30693,0,-12.565058798103406
XFD30681,0,-11.607376655512551
XFD30669,0,-11.607376655512551
XFD30621,0,-11.526209178491305
XFD30609,0,-11.685684018584677
XFD30587,0,-12.44469395558347
XFD30563,0,-11.310751291402195
XFD30551,0,-8.808063971311709
XFD30539,0,-8.808063971311709
XFD30515,0,-8.808063971311709
XFD30503,0,-11.310751291402195
XFD30491,0,-8.808063971311709
XFD30481,0,-8.808063971311709
XFD30469,0,-9.391388332737595
XFD30457,0,-8.808063971311709
XFD30445,0,-8.808063971311709
XFD30433,0,-15.115842677903386
XFD30421,0,-11.310751291402195
XFD30409,0,-11.685684018584677
XFD30373,0,-13.134035421747477
XFD30361,0,-11.685684018584677
XFD30301,0,-11.1827642143855
XFD30277,0,-12.49944838023668
XFD30253,0,-12.49944838023668
XFD30241,0,-11.526209178491305
XFD30229,0,-11.526209178491305
XFD30217,0,-11.308238457200007
XFD30205,0,-11.308238457200007
XFD30193,0,-10.981583420047883
XFD30145,0,-11.526209178491305
XFD30121,0,-10.098309617121958
XFD30109,0,-10.098309617121958
XFD30097,0,-9.962303753961756
XFD30085,0,-9.962303753961756
XFD30049,0,-11.344179161641339
XFD30037,0,-11.344179161641339
XFD30025,0,-9.962303753961756
XFD30013,0,-9.962303753961756
XFD30001,0,-11.144110181748953
XFD29989,0,-11.144110181748953
XFD29977,0,-10.985099656616951
XFD29965,0,-10.985099656616951
XFD29931,0,-11.037078254239127
XFD29872,0,-11.308238457200007
XFD29860,0,-14.041863931039726
XFD29848,0,-13.45447374296576
XFD29836,0,-12.149319533257632
XFD29812,0,-11.526209178491305
XFD29800,0,-11.308238457200007
XFD29788,0,-11.310751291402195
XFD29776,0,-11.310751291402195
XFD29764,0,-9.189734774028095
XFD29728,0,-10.809887172080401
XFD29716,0,-11.607376655512551
XFD29706,0,-11.607376655512551
XFD29694,0,-10.554588307256589
XFD29682,0,-10.554588307256589
XFD29670,0,-11.978570623876637
XFD29658,0,-11.978570623876637
XFD29646,0,-10.052979752677267
XFD29634,0,-10.052979752677267
XFD29622,0,-11.308238457200007
XFD29610,0,-11.308238457200007
XFD29598,0,-10.733543515870243
XFD29574,0,-12.834202212349018
XFD29562,0,-10.483518412314766
XFD29550,0,-10.483518412314766
XFD29538,0,-11.59604311305176
XFD29527,0,-11.59604311305176
XFD29479,0,-14.71532273952989
XFD29467,0,-15.196515145541243
XFD29455,0,-15.196515145541243
XFD29419,0,-11.310751291402195
XFD29407,0,-11.310751291402195
XFD29395,0,-10.490863303950123
XFD29383,0,-10.490863303950123
XFD29347,0,-11.833749001081568
XFD29335,0,-15.435259899314742
XFD29311,0,-11.932607917941251
XFD29299,0,-11.037918020547734
XFD29275,0,-11.017768471331598
XFD29263,0,-11.017768471331598
XFD29251,0,-11.526209178491305
XFD29227,0,-12.149319533257632
XFD29193,0,-11.526209178491305
XFD29181,0,-12.149319533257632
XFD29169,0,-12.149319533257632
XFD29157,0,-12.149319533257632
XFD29145,0,-11.685684018584677
XFD29133,0,-11.685684018584677
XFD29097,0,-12.149319533257632
XFD29073,0,-11.310751291402195
XFD29037,0,-14.471651383626595
XFD29013,0,-13.396175909743304
XFD29001,0,-11.308238457200007
XFD28989,0,-11.308238457200007
XFD28977,0,-11.526209178491305
XFD28965,0,-9.60347402069874
XFD28953,0,-9.60347402069874
XFD28941,0,-11.237253834959821
XFD28929,0,-11.237253834959821
XFD28917,0,-9.60347402069874
XFD28905,0,-9.60347402069874
XFD28893,0,-9.60347402069874
XFD28869,0,-13.404991464789628
XFD28857,0,-10.808456508479834
XFD28845,0,-10.808456508479834
XFD28833,0,-11.322709077345648
XFD28821,0,-11.322709077345648
XFD28809,0,-13.29936254635572
XFD28797,0,-14.704003256609946
XFD28785,0,-14.704003256609946
XFD28761,0,-12.149319533257632
XFD28749,0,-13.29936254635572
XFD28725,0,-11.310751291402195
XFD28701,0,-11.67352000768218
XFD28677,0,-10.456319366166188
XFD28665,0,-12.565058798103406
XFD28653,0,-10.957702722223614
XFD28629,0,-11.310751291402195
XFD28617,0,-11.310751291402195
XFD28605,0,-11.310751291402195
XFD28593,0,-11.310751291402195
XFD28581,0,-9.829233900731401
XFD28570,0,-9.829233900731401
XFD28559,0,-9.646011628347912
XFD28547,0,-9.646011628347912
XFD28535,0,-10.733543515870243
XFD28523,0,-11.526209178491305
XFD28511,0,-11.526209178491305
XFD28499,0,-10.733543515870243
XFD28487,0,-10.733543515870243
XFD28475,0,-10.471895561977286
XFD28451,0,-10.098309617121958
XFD28427,0,-10.471895561977286
XFD28415,0,-15.00874828190897
XFD28403,0,-15.00874828190897
XFD28391,0,-11.308238457200007
XFD28379,0,-11.308238457200007
XFD28367,0,-10.992712767461104
XFD28343,0,-11.685684018584677
XFD28319,0,-9.919085149734984
XFD28307,0,-9.919085149734984
XFD28295,0,-11.308238457200007
XFD28283,0,-11.308238457200007
XFD28271,0,-11.91792505924049
XFD28259,0,-11.91792505924049
XFD28247,0,-11.526209178491305
XFD28237,0,-11.526209178491305
XFD28225,0,-11.526209178491305
XFD28213,0,-11.526209178491305
XFD28201,0,-11.526209178491305
XFD28191,0,-11.526209178491305
XFD28179,0,-13.46452770707891
XFD28167,0,-13.46452770707891
XFD28155,0,-11.526209178491305
XFD28143,0,-11.526209178491305
XFD28131,0,-13.069367537222574
XFD28119,0,-13.069367537222574
XFD28107,0,-13.069367537222574
XFD28095,0,-13.069367537222574
XFD28073,0,-13.069367537222574
XFD28037,0,-8.747177433385081
XFD28025,0,-11.237342448003647
XFD28013,0,-11.237342448003647
XFD28001,0,-12.353258561810778
XFD27989,0,-11.526209178491305
XFD27977,0,-12.353258561810778
XFD27965,0,-7.529957434524748
XFD27941,0,-10.392017018767586
XFD27930,0,-10.392017018767586
XFD27919,0,-10.68227235522622
XFD27907,0,-11.138500586951517
XFD27871,0,-11.526209178491305
XFD27859,0,-11.607376655512551
XFD27847,0,-12.35024926357906
XFD27835,0,-10.803412877824265
XFD27823,0,-12.50030047444067
XFD27787,0,-10.392017018767586
XFD27776,0,-13.289191771803814
XFD27764,0,-12.565058798103406
XFD27728,0,-12.503630087959106
XFD27704,0,-10.957131632372061
XFD27692,0,-10.648100053512826
XFD27680,0,-10.648100053512826
XFD27668,0,-11.685684018584677
XFD27644,0,-14.473346748304667
XFD27632,0,-12.108584705732381
XFD27620,0,-13.64959421606324
XFD27608,0,-13.64959421606324
XFD27596,0,-10.052979752677267
XFD27584,0,-10.052979752677267
XFD27572,0,-10.052979752677267
XFD27560,0,-11.308238457200007
XFD27536,0,-10.456319366166188
XFD27488,0,-14.450174081068965
XFD27452,0,-11.526209178491305
XFD27440,0,-11.526209178491305
XFD27428,0,-10.574793087343265
XFD27416,0,-10.574793087343265
XFD27404,0,-11.526209178491305
XFD27356,0,-11.607376655512551
XFD27344,0,-11.607376655512551
XFD27332,0,-12.110973596987536
XFD27320,0,-13.167772973588113
XFD27308,0,-11.607376655512551
XFD27296,0,-11.607376655512551
XFD27284,0,-13.871910128982273
XFD27272,0,-13.871910128982273
XFD27260,0,-11.308238457200007
XFD27248,0,-11.308238457200007
XFD27237,0,-11.39815279571816
XFD27201,0,-10.264428242439513
XFD27177,0,-12.149319533257632
XFD27165,0,-11.526209178491305
XFD27153,0,-12.149319533257632
XFD27141,0,-11.526209178491305
XFD27129,0,-11.526209178491305
XFD27105,0,-13.360556592614088
XFD27093,0,-10.30063488598744
XFD27081,0,-10.30063488598744
XFD27057,0,-11.685684018584677
XFD27045,0,-12.149319533257632
XFD27033,0,-12.149319533257632
XFD27009,0,-9.60347402069874
XFD26997,0,-9.60347402069874
XFD26961,0,-10.717674568356077
XFD26937,0,-14.471651383626595
XFD26925,0,-14.471651383626595
XFD26913,0,-11.685684018584677
XFD26901,0,-11.685684018584677
XFD26889,0,-11.135217207437805
XFD26865,0,-11.685684018584677
XFD26853,0,-11.685684018584677
XFD26829,0,-12.149319533257632
XFD26805,0,-11.251960380102675
XFD26793,0,-11.251960380102675
XFD26781,0,-11.251960380102675
XFD26769,0,-11.251960380102675
XFD26757,0,-14.194009418827788
XFD26745,0,-12.596807613156823
XFD26733,0,-12.596807613156823
XFD26721,0,-12.596807613156823
XFD26709,0,-11.685684018584677
XFD26697,0,-11.685684018584677
XFD26685,0,-10.67535573882686
XFD26673,0,-10.67535573882686
XFD26651,0,-11.526209178491305
XFD26639,0,-11.526209178491305
XFD26615,0,-12.149319533257632
XFD26603,0,-12.149319533257632
XFD26591,0,-11.526209178491305
XFD26569,0,-11.685684018584677
XFD26533,0,-11.526209178491305
XFD26521,0,-11.526209178491305
XFD26509,0,-11.607376655512551
XFD26497,0,-11.607376655512551
XFD26485,0,-11.526209178491305
XFD26473,0,-13.096490157493356
XFD26462,0,-11.310751291402195
XFD26450,0,-11.310751291402195
XFD26438,0,-13.448554464145763
XFD26426,0,-11.526209178491305
XFD26402,0,-11.526209178491305
XFD26378,0,-11.526209178491305
XFD26366,0,-11.526209178491305
XFD26330,0,-11.308238457200007
XFD26318,0,-13.121294320694101
XFD26294,0,-12.149319533257632
XFD26270,0,-11.878326284061274
XFD26258,0,-14.471651383626595
XFD26246,0,-9.537273201790974
XFD26234,0,-9.537273201790974
XFD26198,0,-12.208241759874198
XFD26186,0,-13.076959643143729
XFD26174,0,-11.526209178491305
XFD26162,0,-11.939594549269342
XFD26150,0,-14.881558084683634
XFD26138,0,-12.055095933854288
XFD26102,0,-11.526209178491305
XFD26078,0,-11.596895928910635
XFD26054,0,-8.371053912858489
XFD26042,0,-12.565058798103406
XFD26030,0,-12.565058798103406
XFD26018,0,-12.565058798103406
XFD25994,0,-12.565058798103406
XFD25970,0,-11.188677670273673
XFD25958,0,-12.565058798103406
XFD25946,0,-8.928768492498154
XFD25922,0,-12.67051841064911
XFD25910,0,-11.685684018584677
XFD25898,0,-11.607376655512551
XFD25862,0,-14.575665249890735
XFD25850,0,-11.526209178491305
XFD25838,0,-12.149319533257632
XFD25826,0,-11.536876139885306
XFD25814,0,-9.240376024502998
XFD25802,0,-11.310751291402195
XFD25778,0,-10.495368226233191
XFD25767,0,-11.310751291402195
XFD25755,0,-10.795720495103021
XFD25743,0,-11.908560461496235
XFD25731,0,-10.937703356201597
XFD25719,0,-11.526209178491305
XFD25707,0,-11.15113177552882
XFD25683,0,-9.267642604002733
XFD25659,0,-11.607376655512551
XFD25647,0,-7.529957434524748
XFD25635,0,-9.293942788947144
XFD25623,0,-12.372597811108596
XFD25611,0,-11.460947581968245
XFD25601,0,-11.460947581968245
XFD25577,0,-11.607376655512551
XFD25565,0,-12.565058798103406
XFD25553,0,-11.310751291402195
XFD25541,0,-11.685684018584677
XFD25529,0,-11.607376655512551
XFD25517,0,-10.992712767461104
XFD25493,0,-11.526209178491305
XFD25481,0,-12.254415547177368
XFD25471,0,-11.57202254603933
XFD25461,0,-12.149319533257632
XFD25439,0,-10.52034906217234
XFD25429,0,-11.310751291402195
XFD25419,0,-10.944074521279065
XFD25404,0,-13.072737756988428
XFD25394,0,-12.565058798103406
XFD25384,0,-12.565058798103406
XFD25366,0,-12.149319533257632
XFD25345,0,-12.149319533257632
XFD25335,0,-11.607376655512551
XFD25315,0,-13.866050798958938
XFD25306,0,-9.60347402069874
XFD25294,0,-11.443097426101446
XFD25284,0,-9.60347402069874
XFD25274,0,-11.526209178491305
XFD25254,0,-10.733543515870243
XFD25234,0,-10.460412084841959
XFD25224,0,-12.02569731590041
XFD25214,0,-10.052979752677267
XFD25195,0,-11.015561152137657
XFD25188,0,-11.037918020547734
XFD25178,0,-12.149319533257632
XFD25168,0,-12.02459194984025
XFD25149,0,-11.889832167309624
XFD25139,0,-11.424263722463031
XFD25121,0,-11.526209178491305
XFD25099,0,-12.048731755337858
XFD25088,0,-11.607376655512551
XFD25078,0,-14.704003256609946
XFD25067,0,-9.092166434051514
XFD25046,0,-11.526209178491305
XFD25036,0,-11.037918020547734
XFD25026,0,-11.308238457200007
XFD25016,0,-14.471651383626595
XFD24989,0,-14.704003256609946
XFD24978,0,-12.021114452568709
XFD24970,0,-11.308238457200007
XFD24930,0,-9.33399414258022
XFD24913,0,-11.928009493277495
XFD24903,0,-9.60347402069874
XFD24863,0,-10.937703356201597
XFD24853,0,-12.149319533257632
XFD24843,0,-11.608197580950415
XFD24833,0,-11.308238457200007
XFD24822,0,-11.526209178491305
XFD24812,0,-11.310751291402195
XFD24801,0,-11.526209178491305
XFD24791,0,-11.310751291402195
XFD24781,0,-11.526209178491305
XFD24771,0,-10.594272804422618
XFD24741,0,-10.704052264270382
XFB56347,0,-11.09345139010154
XFB56335,0,-9.755155492555918
XFB56329,0,-5.748746505119531
XFB56319,0,-9.263621083409124
XFB56315,0,-9.288858495681355
XFB56313,0,-8.647680661961832
XFA02388,0,-11.43499050727523
XFA02387,0,-6.627441172723293
XEQ90840,0,-13.266144275697787
XEQ90836,0,-10.276483695175592
XCV19028,0,-5.406692816671721
XCV19026,0,-5.236493574321717
XCV19019,0,-5.646276114944686
XCV19018,0,-5.342953591986906
XCV19015,0,-11.325947098587097
XCV19013,0,-13.912911288429129
XCV19012,0,-7.150614842072466
XCV19010,0,-9.0075393900213
XCV19008,0,-9.597642577056964
XCV19006,0,-11.198602479372878
XCV19005,0,-7.797879698170918
XCV18988,0,-13.337215271569837
XCV18980,0,-9.94146407767119
XCV18975,0,-10.788483539456646
XCV18965,0,-12.301937011712429
XCV18955,0,-10.788483539456646
XCV18950,0,-10.788483539456646
XCV18948,0,-9.172513882965545
XCV18945,0,-10.634956685653629
XCV18942,0,-10.195191896863124
XCV18940,0,-10.788483539456646
XCV18935,0,-14.39881431441282
XCV18924,0,-7.952017646634337
XCV18914,0,-10.446436903928465
XCV18909,0,-10.446436903928465
XCV18907,0,-10.446436903928465
XCV18888,0,-9.474892140617786
XCV18883,1,1.908798524796179
XCV18859,0,-15.039212786281482
XCV18851,0,-3.9886594266042206
XCV18849,0,-5.649395964608311
XCV18844,0,-4.259373603908946
XCV18828,0,-9.155849260750202
XCV18813,0,-9.388928048334222
XCV18803,0,-13.817951105388879
XCV18802,0,-3.117076107872416
XCV18799,0,-13.192967148989828
XCV18796,0,-12.78458074334644
XCV18795,0,-11.323881376474848
XCV18794,0,-8.764221046364478
XCV18792,0,-8.764221046364478
XCV18789,0,-8.764221046364478
XCV18781,0,-9.407655578832166
XCV18780,0,-8.79010595274316
XCV18779,0,-9.407655578832166
XCV18775,0,-5.540697850673077
XCV18774,0,-9.49459838964175
XCV18773,0,-5.485729246013519
XCV18771,0,-14.409427809794831
XCV18751,0,-8.811262344710888
XCV18750,0,-8.878535347382062
XCV18746,0,-8.811262344710888
XCV18742,0,-13.99935747725413
XCV18734,0,-8.013316437725486
XCV18733,0,-2.5132322419004005
XCV18732,0,-6.3311274777828785
XCV18730,0,-8.811262344710888
XCV18722,0,-8.38040949797846
XCV18719,0,-7.9585218361560255
XCV18717,0,-4.423665667873434
XCV18716,0,-6.384154947688742
XCV18715,0,-8.198498601020102
XCV18714,0,-4.423665667873434
XCV18713,0,-6.256938678240408
XCV18710,0,-7.294210140126934
XCV18702,0,-12.605643111522523
XCV18689,0,-10.756702063011776
XCV18687,1,2.9610693282783824
XCV18686,0,-19.422989169232906
XCV18682,0,-12.166019645939764
XCV18670,0,-8.737215306319897
XCV18625,0,-12.93549549021776
XCV18616,0,-13.166970703594039
XCV18611,0,-19.91309783991397
XCV18598,0,-9.416806218169736
XCV18597,0,-9.416806218169736
XCV18596,0,-9.416806218169736
XCV18590,0,-7.6086317467030256
XCV18587,0,-9.838455887658943
XCV18534,0,-8.25398859976114
XCV18532,0,-8.469242426858568
XCV18526,0,-7.859447907607766
XCV18525,0,-11.658373627576896
XCV18524,0,-2.4552875689192506
XCV18523,0,-8.814298487656867
XCV18520,0,-9.283830294867174
XCV18519,0,-8.814298487656867
XCV18518,0,-9.283830294867174
XCV18517,0,-8.831185186751231
XCV18515,0,-9.283830294867174
XCV18513,0,-4.664337500741855
XCV18512,0,-4.232707470577379
XCV18333,0,-2.741045123194615
XCV18331,0,-3.2878646870442623
XCV18328,0,-7.169898225790755
XCV18326,0,-11.4631659668579
XCV18325,0,-3.620816254612219
XCV18324,0,-3.620816254612219
XCV18322,0,-11.4631659668579
XCV18305,0,-12.461644555399571
XCV18290,0,-9.869903806939018
XCV18289,0,-12.089581749673236
XCV18280,0,-2.7189032723385917
XCV18278,0,-7.628322275229388
XCV18275,0,-7.00490664414027
XCV18274,0,-5.9256488891598575
XCV18273,0,-8.454052523554106
XCV18256,0,-11.877815908485603
XCV18255,0,-11.471316772359392
XCV18247,0,-6.732049900788114
XCV18232,0,-5.3554222487498375
XCV18225,0,-16.235784001994073
XCV18222,0,-11.665625129801397
XCV18219,0,-8.029738380945103
XCV18216,0,-8.851506240627026
XCV18208,0,-8.729520119963173
XCV18206,0,-12.026446873050949
XCV18205,0,-8.764221046364478
XCV18203,0,-8.942975625094693
XCV18198,0,-10.147622951886417
XCV18191,0,-10.147622951886417
XCV18189,0,-8.69608453529763
XCV18182,0,-8.942975625094693
XCV18180,0,-9.040846444228269
XCV18178,0,-12.57492810068808
XCV18177,0,-9.67692807710561
XCV18163,0,-8.746625037072608
XCV18158,0,-12.62193101942032
XCV18156,0,-8.082653408365491
XCV18155,0,-10.83473171433108
XCV18154,0,-10.996540633179904
XCV18138,0,-9.617248051475805
XCV18131,0,-12.127117625247443
XCV18130,0,-12.567722504298654
XCV18108,0,-2.691184499211385
XCV18101,0,-20.117479090426084
XCV18092,0,-10.286126317174764
XCV18087,0,-11.444879869576297
XCV18085,0,-10.05524046283281
XCV18081,0,-10.05524046283281
XCV18080,0,-11.444879869576297
XCV18076,0,-12.547767320587566
XCV18054,0,-11.444879869576297
XCV18049,0,-13.587130995177503
XCV18048,0,-12.605643111522523
XCV18040,0,-12.605643111522523
XCV18035,0,-12.605643111522523
XCV18034,0,-12.605643111522523
XCV18032,0,-11.338180835063113
XCV18028,0,-9.373750619493613
XCV18020,0,-12.02247127036258
XCV18019,0,-12.136712718920776
XCV18018,0,-10.96746132646572
XCV18012,0,-4.366828751173245
XCV18009,1,4.379975582441972
XCV18008,0,-11.330301565529801
XCV18007,1,4.379975582441972
XCV18006,0,-10.663539179116858
XCV18000,0,-10.663539179116858
XCV17998,0,-5.306946251619146
XCV17996,0,-11.67809652640766
XCV17988,0,-16.811361967480686
XCV17975,0,-11.471316772359392
XCV17974,0,-11.258280680485006
XCV17962,0,-8.647758025387315
XCV17961,0,-3.1763040208343973
XCV17954,0,-11.258280680485006
XCV17932,1,-0.02543292777778383
XCV17930,0,-5.977056148900946
XCV17922,0,-9.474892140617786
XCV17916,0,-10.796281192661962
XCV17912,0,-6.898307587375227
XCV17898,0,-6.976366833830225
XCV17892,1,1.8405793101053032
XCV17888,0,-15.44345137245043
XCV17886,0,-10.896645961702658
XCV17870,0,-11.34675837815816
XCV17869,0,-13.036363895596311
XCV17866,0,-12.33670241604505
XCV17862,0,-10.657496270958116
XCV17860,0,-11.665745165024358
XCV17858,0,-11.496248613749001
XCV17855,0,-12.382914824770005
XCV17854,0,-12.382914824770005
XCV17852,1,2.9610693282783824
XCV17848,0,-10.02095219251267
XCV17837,0,-9.474892140617786
XCV17824,0,-9.800911822478612
XCV17823,0,-9.800911822478612
XCV17816,0,-7.482743762207813
XCV17813,0,-7.482743762207813
XCV17798,0,-11.91759120658847
XCV17797,0,-9.800911822478612
XCV17793,0,-9.723767939636696
XCV17787,0,-12.388780476344557
XCV17771,0,-10.385759392263365
XCV17770,0,-10.394875232654659
XCV17769,0,-10.385759392263365
XCV17768,0,-10.394875232654659
XCV17767,0,-10.0669959535748
XCV17731,0,-7.1424703974527155
XCV17723,0,-6.708392452421901
XCV17721,0,-6.708392452421901
XCV17715,0,-9.545260546367214
XCV17714,0,-14.30616671202749
XCV17712,0,-9.545260546367214
XCV17711,0,-14.30616671202749
XCV17700,0,-7.742547279393902
XCV17698,0,-8.573689336755974
XCV17695,0,-14.657349555902295
XCV17689,0,-14.657349555902295
XCV17688,0,-9.89869995316258
XCV17687,0,-7.742547279393902
XCV17684,0,-8.46260671974992
XCV17676,0,-14.835448114235138
XCV17675,0,-14.835448114235138
XCV17673,0,-6.190269747886411
XCV17672,0,-9.999914952412325
XCV17671,0,-6.190269747886411
XCV17670,0,-6.190269747886411
XCV17669,0,-8.5514445803406
XCV17663,0,-5.471756930513958
XCV17662,0,-5.471756930513958
XCV17661,0,-5.471756930513958
XCV17655,0,-7.865838757053151
XCV17654,0,-5.471756930513958
XCV17653,0,-5.9814153775479575
XCV17648,0,-7.145978907295898
XCV17647,0,-7.145978907295898
XCV17646,0,-7.145978907295898
XCV17645,0,-7.145978907295898
XCV17640,0,-5.9814153775479575
XCV17634,0,-5.471756930513958
XCV17633,0,-6.068152991604892
XCV17627,0,-11.348765629610341
XCV17619,0,-18.14462906113176
XCV17617,0,-10.771942087572452
XCV17614,0,-10.771942087572452
XCV17613,0,-6.556856394369802
XCV17611,0,-8.684661136225264
XCV17607,0,-18.14462906113176
XCV17606,0,-18.14462906113176
XCV17603,0,-6.556856394369802
XCV17601,0,-6.068152991604892
XCV17600,0,-6.068152991604892
XCV17599,0,-12.9180282173247
XCV17597,0,-8.653464041138527
XCV17596,0,-12.9180282173247
XCV17592,0,-12.821184133306538
XCV17589,0,-11.348765629610341
XCV17585,0,-11.348910098126186
XCV17584,0,-11.72823433293866
XCV17561,0,-11.126476189136888
XCV17547,0,-9.849574755349106
XCV17546,0,-9.849574755349106
XCV17544,0,-9.138997718186609
QDH11968,0,-4.2154659103428935
XCB07766,0,-7.649056172859626
XCB07762,0,-10.190502204787759
XBP17305,0,-11.526209178491305
XAV35323,0,-10.392017018767586
XAV35317,0,-6.943589900612727
XAV35109,0,-12.465477186215693
WZL52273,0,-13.076959643143729
WZL52249,0,-11.195964393033192
WZL52237,0,-11.195964393033192
WZL52201,0,-12.389509095143215
WZL52189,0,-10.406831306655311
WZL52177,0,-7.3700790384775186
WZL52165,0,-7.3700790384775186
WZL52153,0,-13.076959643143729
WZL52141,0,-13.076959643143729
WZL52129,0,-11.473303385087954
WZL52117,0,-11.473303385087954
WZL52095,0,-11.310751291402195
WZL52083,0,-12.353258561810778
WZL52071,0,-11.495902659545195
WZL52059,0,-10.863660414380524
WZL52037,0,-11.310751291402195
WZL52025,0,-11.310751291402195
WZL52015,0,-11.310751291402195
WZL52003,0,-11.310751291402195
WZL51991,0,-11.310751291402195
WZL51979,0,-11.062719166308044
WZL51967,0,-11.310751291402195
WZL51943,0,-11.526209178491305
WZL51931,0,-11.310751291402195
WZL51919,0,-11.310751291402195
WZL51907,0,-7.161790980768604
WZL51883,0,-11.310751291402195
WZL51871,0,-11.310751291402195
WZL51859,0,-11.310751291402195
WZL51847,0,-11.310751291402195
WZL51787,0,-11.607376655512551
WZL51775,0,-11.607376655512551
WZL51763,0,-11.607376655512551
WZL51751,0,-10.803412877824265
WZL51739,0,-10.729365673145876
WZL51727,0,-10.994574322091099
WZL51703,0,-11.526209178491305
WZL51691,0,-11.526209178491305
WZL51679,0,-11.526209178491305
WZL51655,0,-11.526209178491305
WZL51643,0,-11.526209178491305
WZL51631,0,-11.526209178491305
WZL51619,0,-9.60347402069874
WZL51607,0,-9.60347402069874
WZL51595,0,-8.888485705170625
WZL51583,0,-9.60347402069874
WZL51571,0,-9.60347402069874
WZL51559,0,-9.60347402069874
WZL51547,0,-9.60347402069874
WZL51535,0,-9.60347402069874
WZL51523,0,-11.526209178491305
WZL51511,0,-14.471651383626595
WZL51499,0,-11.607376655512551
WZL51487,0,-11.607376655512551
WZL51475,0,-11.607376655512551
WZL51463,0,-11.607376655512551
WZL51415,0,-15.912475689929105
WZL51403,0,-12.550967574288084
WZL51391,0,-11.526209178491305
WZL51379,0,-11.526209178491305
WZL51367,0,-11.526209178491305
WZL51355,0,-12.84148678381779
WZL51343,0,-11.310751291402195
WZL51319,0,-9.60347402069874
WZL51307,0,-12.078872463173004
WZL51295,0,-12.078872463173004
WZL51283,0,-11.734897932970474
WZL51271,0,-11.734897932970474
WZL51259,0,-9.486238589272451
WZL51235,0,-11.279056796205172
WZL51223,0,-8.541505331473829
WZL51211,0,-8.541505331473829
WZL51199,0,-11.608197580950415
WZL51188,0,-11.608197580950415
WZL51177,0,-11.926058295800368
WZL51153,0,-10.034027414771423
WZL51141,0,-11.526209178491305
WZL51129,0,-11.340288405944271
WZL51105,0,-11.340288405944271
WZL51093,0,-11.340288405944271
WZL51081,0,-11.340288405944271
WZL51057,0,-11.340288405944271
WZL51047,0,-11.340288405944271
WZL51035,0,-11.340288405944271
WZL51023,0,-11.308238457200007
WZL51011,0,-14.471651383626595
WZL50999,0,-12.353258561810778
WZL50975,0,-9.60347402069874
WZL50963,0,-11.526209178491305
WZL50951,0,-10.600393950618136
WZL50928,0,-15.00874828190897
WZL50880,0,-14.142765499775239
WZL50868,0,-15.162521407919392
WZL50832,0,-10.778027063424608
WZL50820,0,-9.14832168530079
WZL50785,0,-11.310751291402195
WZL50761,0,-6.6466231039657035
WZL50749,0,-11.607376655512551
WZL50737,0,-11.607376655512551
WZL50725,0,-10.367371789659588
WZL50713,0,-11.310751291402195
WZL50689,0,-11.526209178491305
WZL50665,0,-9.816714569031177
WZL50653,0,-9.816714569031177
WZL50617,0,-9.816714569031177
WZL50605,0,-13.06790930270327
WZL50593,0,-11.584802300619913
WZL50557,0,-11.584802300619913
WZL50545,0,-11.584802300619913
WZL50533,0,-11.526209178491305
WZL50521,0,-11.526209178491305
WZL50509,0,-11.392527826405692
WZL50497,0,-11.392527826405692
WZL50485,0,-10.87290755918833
WZL50473,0,-13.38343147673068
WZL50461,0,-13.38343147673068
WZL50449,0,-9.962303753961756
WZL50437,0,-9.962303753961756
WZL50413,0,-13.38343147673068
WZL50401,0,-8.118782664228197
WZL50389,0,-8.970491245166336
WZL50377,0,-9.8648969602611
WZL50365,0,-12.353258561810778
WZL50353,0,-11.38143315964906
WZL50341,0,-9.962303753961756
WZL50329,0,-12.787613385623665
WZL50317,0,-11.310751291402195
WZL50305,0,-11.310751291402195
WZL50293,0,-11.15113177552882
WZL50281,0,-11.15113177552882
WZL50269,0,-11.15113177552882
WZL50245,0,-11.514955319402688
WZL50233,0,-11.514955319402688
WZL50221,0,-9.60347402069874
WZL50209,0,-9.962303753961756
WZL50197,0,-9.962303753961756
WZL50185,0,-11.700739194979164
WZL50161,0,-9.60347402069874
WZL50137,0,-10.367371789659588
WZL50125,0,-11.378543823699586
WZL50117,0,-11.378543823699586
WZL50105,0,-12.758737287923593
WZL50069,0,-13.44591171502104
WZL50057,0,-11.584802300619913
WZL50045,0,-11.584802300619913
WZL50033,0,-11.685684018584677
WZL50009,0,-11.310751291402195
WZL49997,0,-12.097098790069863
WZL49973,0,-11.685684018584677
WZL49961,0,-11.907128161004797
WZL49949,0,-13.076959643143729
WZL49937,0,-13.076959643143729
WZL49925,0,-13.650027773551315
WZL49901,0,-7.529957434524748
WZL49889,0,-7.529957434524748
WZL49877,0,-13.396175909743304
WZL49865,0,-11.661744894923514
WZL49853,0,-11.661744894923514
WZL49829,0,-9.610463416757218
WZL49817,0,-11.926058295800368
WZL49781,0,-13.076959643143729
WZL49769,0,-9.946376426637135
WZL49757,0,-7.234077049184913
WZL49745,0,-11.526209178491305
WZL49733,0,-11.526209178491305
WZL49709,0,-14.471651383626595
WZL49697,0,-14.471651383626595
WZL49685,0,-14.471651383626595
WZL49661,0,-11.310751291402195
WZL49649,0,-11.310751291402195
WZL49637,0,-11.310751291402195
WZL49625,0,-11.391566072059195
WZL49601,0,-11.526209178491305
WZL49577,0,-12.49944838023668
WZL49570,0,-12.49944838023668
WZL49558,0,-11.607376655512551
WZL49546,0,-11.104295502419893
WZL49510,0,-7.369500175587163
WZL49498,0,-14.323749953586118
WZL49486,0,-14.323749953586118
WZL49474,0,-11.310751291402195
WZL49462,0,-12.104526099369878
WZL49450,0,-12.104526099369878
WZL49438,0,-11.310751291402195
WZL49414,0,-10.944074521279065
WZL49402,0,-10.392017018767586
WZL49391,0,-10.392017018767586
WZL49368,0,-11.31129838990975
WZL49344,0,-11.653178538217762
WZL49332,0,-11.653178538217762
WZL49308,0,-11.310751291402195
WZL49284,0,-11.308238457200007
WZL49272,0,-11.308238457200007
WZL49236,0,-9.962303753961756
WZL49224,0,-11.310751291402195
WZL49212,0,-12.49154879139956
WZL49200,0,-12.49154879139956
WZL49188,0,-11.867686284780584
WZL49176,0,-9.60347402069874
WZL49164,0,-9.60347402069874
WZL49140,0,-11.310751291402195
WZL49116,0,-11.082975461579043
WZL49092,0,-11.526209178491305
WZL49080,0,-11.526209178491305
WZL49068,0,-11.700739194979164
WZL49032,0,-9.610463416757218
WZL49020,0,-9.316475665562917
WZL49008,0,-8.52637629292844
WZL48997,0,-7.529957434524748
WZL48973,0,-12.148911964277248
WZL48961,0,-12.148911964277248
WZL48937,0,-12.148911964277248
WZL48925,0,-10.521499424342933
WZL48901,0,-11.526209178491305
WZL48889,0,-12.149319533257632
WZL48877,0,-11.526209178491305
WZL48865,0,-11.340288405944271
WZL48853,0,-12.149319533257632
WZL48841,0,-12.734682414551823
WZL48829,0,-11.340288405944271
WZL48817,0,-10.991225467226093
WZL48805,0,-11.340288405944271
WZL48793,0,-12.149319533257632
WZL48781,0,-13.009486661350245
WZL48745,0,-12.305555217104816
WZL48697,0,-10.119436688597904
WZL48675,0,-12.03220077015183
WZL48663,0,-10.367371789659588
WZL48651,0,-11.110577280904606
WZL48639,0,-11.526209178491305
WZL48627,0,-11.526209178491305
WZL48615,0,-12.78307758183961
WZL48591,0,-12.108499284979949
WZL48555,0,-11.286856186660877
WZL48543,0,-11.286856186660877
WZL48507,0,-12.300157917294017
WZL48461,0,-10.594272804422618
WZL48449,0,-10.594272804422618
WZL48425,0,-11.190795169506352
WZL48401,0,-10.392017018767586
WZL48390,0,-9.60347402069874
WZL48366,0,-12.03220077015183
WZL48354,0,-12.03220077015183
WZL48342,0,-9.521385843079958
WZL48331,0,-9.521385843079958
WZL48308,0,-11.310751291402195
WZL48296,0,-11.526209178491305
WZL48284,0,-14.471651383626595
WZL48272,0,-9.60347402069874
WZL48260,0,-11.526209178491305
WZL48248,0,-9.60347402069874
WZL48236,0,-12.209279063397341
WZL48224,0,-11.310751291402195
WZL48212,0,-9.032738879830658
WZL48200,0,-11.35055554420358
WZL48188,0,-9.085403443951298
WZL48176,0,-11.110577280904606
WZL48152,0,-12.353258561810778
WZL48128,0,-11.110577280904606
WZL48116,0,-11.029713083272803
WZL48104,0,-11.607376655512551
WZL48080,0,-12.381096784497576
WZL48056,0,-11.318842433065353
WZL48044,0,-11.318842433065353
WZL48020,0,-11.526209178491305
WZL48008,0,-11.526209178491305
WZL47984,0,-11.526209178491305
WZL47960,0,-8.118782664228197
WZL47948,0,-11.310751291402195
WZL47936,0,-11.607376655512551
WZL47924,0,-11.310751291402195
WZL47900,0,-11.607376655512551
WZL47888,0,-11.526209178491305
WZL47876,0,-11.607376655512551
WZL47852,0,-11.607376655512551
WZL47840,0,-11.607376655512551
WZL47828,0,-11.607376655512551
WZL47816,0,-9.60347402069874
WZL47792,0,-11.607376655512551
WZL47756,0,-14.829262736908776
WZL47744,0,-11.607376655512551
WZL47732,0,-10.944074521279065
WZL47720,0,-11.607376655512551
WZL47708,0,-10.913492130941185
WZL47684,0,-11.526209178491305
WZL47672,0,-11.607376655512551
WZL47660,0,-11.526209178491305
WZL47600,0,-14.582990711135873
WZL47576,0,-12.083244958415262
WZL47540,0,-11.395863362607077
WZL47528,0,-9.60347402069874
WZL47516,0,-11.395863362607077
WZL47504,0,-11.526209178491305
WZL47492,0,-11.526209178491305
WZL47456,0,-11.14073358754436
WZL47444,0,-11.14073358754436
WZL47432,0,-11.526209178491305
WZL47420,0,-11.526209178491305
WZL47396,0,-11.14073358754436
WZL47360,0,-11.250618181601096
WZL47348,0,-11.526209178491305
WZL47336,0,-11.526209178491305
WZL47324,0,-13.748423239065515
WZL47291,0,-13.748423239065515
WZL47256,0,-11.439297927273227
WZL47244,0,-11.308238457200007
WZL47232,0,-11.310751291402195
WZL47220,0,-11.310751291402195
WZL47208,0,-11.526209178491305
WZL47196,0,-14.593840293251539
WZL47184,0,-14.593840293251539
WZL47172,0,-11.310751291402195
WZL47160,0,-11.308238457200007
WZL47112,0,-11.308238457200007
WZL47052,0,-11.607376655512551
WZL47004,0,-7.529957434524748
WZL46980,0,-11.584802300619913
WZL46956,0,-8.888485705170625
WZL46944,0,-9.297576920982063
WZL46932,0,-11.526209178491305
WZL46896,0,-11.308238457200007
WZL46884,0,-11.483937511967989
WZL46872,0,-11.483937511967989
WZL46860,0,-11.216018024624143
WZL46848,0,-11.53708024790471
WZL46836,0,-11.53708024790471
WZL46824,0,-12.082899215416633
WZL46812,0,-12.082899215416633
WZL46790,0,-11.308238457200007
WZL46778,0,-8.72644844896756
WZL46766,0,-8.72644844896756
WZL46754,0,-8.501303550861934
WZL46743,0,-8.501303550861934
WZL46721,0,-10.392017018767586
WZL46710,0,-8.501303550861934
WZL46687,0,-10.932027727692608
WZL46675,0,-10.932027727692608
WZL46651,0,-12.695258459282126
WZL46639,0,-13.329480549155623
WZL46603,0,-12.695258459282126
WZL46591,0,-14.582990711135873
WZL46567,0,-10.392017018767586
WZL46544,0,-11.685684018584677
WZL46532,0,-13.29936254635572
WZL46520,0,-10.392017018767586
WZL46497,0,-11.308238457200007
WZL46485,0,-11.308238457200007
WZL46473,0,-10.677757365927306
WZL46449,0,-11.310751291402195
WZL46403,0,-11.116553484159319
WZL46379,0,-11.310751291402195
WZL46367,0,-8.118782664228197
WZL46355,0,-8.118782664228197
WZL46343,0,-8.118782664228197
WZL46285,0,-12.624580354631556
WZL46237,0,-11.526209178491305
WZL46225,0,-11.526209178491305
WZL46213,0,-11.216018024624143
WZL46201,0,-11.526209178491305
WZL46189,0,-12.090203890524773
WZL46177,0,-11.526209178491305
WZL46165,0,-11.526209178491305
WZL46153,0,-11.828640670906335
WZL46141,0,-11.828640670906335
WZL46129,0,-9.183488364255417
WZL46105,0,-11.310751291402195
WZL46093,0,-11.526209178491305
WZL46081,0,-11.526209178491305
WZL46069,0,-11.526209178491305
WZL46057,0,-11.526209178491305
WZL46045,0,-12.049073533310056
WZL46021,0,-10.944074521279065
WZL45997,0,-12.049073533310056
WZL45985,0,-11.018311052500662
WZL45961,0,-11.308238457200007
WZL45949,0,-11.308238457200007
WZL45937,0,-11.526209178491301
WZL45925,0,-11.526209178491301
WZL45913,0,-11.526209178491305
WZL45901,0,-11.526209178491305
WZL45889,0,-11.308238457200007
WZL45834,0,-12.164724511311475
WZL45822,0,-11.38143315964906
WZL45810,0,-14.337518826566516
WZL45798,0,-14.337518826566516
WZL45786,0,-11.310751291402195
WZL45762,0,-10.18813094244795
WZL45750,0,-14.337518826566516
WZL45738,0,-14.337518826566516
WZL45715,0,-11.135217121574128
WZL45691,0,-10.052979752677267
WZL45679,0,-8.776461339921497
WZL45667,0,-12.353258561810778
WZL45643,0,-11.526209178491305
WZL45631,0,-10.992712767461104
WZL45607,0,-8.118782664228197
WZL45559,0,-11.308238457200007
WZL45547,0,-10.73634779462205
WZL45535,0,-10.73634779462205
WZL45523,0,-10.809513941184191
WZL45511,0,-10.944074521279065
WZL45499,0,-10.158498425510214
WZL45463,0,-12.874562444044596
WZL45451,0,-9.933906921074955
WZL45427,0,-10.944074521279065
WZL45415,0,-10.944074521279065
WZL45403,0,-11.250618181601096
WZL45391,0,-11.250618181601096
WZL45379,0,-12.542809725167158
WZL45355,0,-10.944074521279065
WZL45343,0,-10.944074521279065
WZL45331,0,-12.386329780089808
WZL45295,0,-12.386329780089808
WZL45283,0,-12.386329780089808
WZL45247,0,-11.977430883320439
WZL45211,0,-10.803412877824265
WZL45199,0,-10.803412877824265
WZL45187,0,-9.828556644382749
WZL45175,0,-9.828556644382749
WZL45163,0,-11.526209178491305
WZL45151,0,-12.143228621827447
WZL45139,0,-12.143228621827447
WZL45127,0,-12.143228621827447
WZL45115,0,-11.14865031563111
WZL45103,0,-11.032407207508541
WZL45091,0,-11.032407207508541
WZL45079,0,-11.526209178491305
WZL45067,0,-12.143228621827447
WZL45055,0,-12.143228621827447
WZL45043,0,-11.308238457200007
WZL45031,0,-11.308238457200007
WZL45007,0,-11.700739194979164
WZL44995,0,-11.308238457200007
WZL44983,0,-11.308238457200007
WZL44971,0,-10.479984090081858
WZL44947,0,-7.085598677131994
WZL44923,0,-11.526209178491305
WZL44911,0,-9.33399414258022
WZL44888,0,-11.564621181353173
WZL44876,0,-11.237342448003647
WZL44864,0,-11.389190398962969
WZL44852,0,-11.237342448003647
WZL44840,0,-13.294848717282346
WZL44804,0,-12.353258561810778
WZL44792,0,-12.577892945381963
WZL44744,0,-12.734682414551823
WZL44720,0,-14.471651383626595
WZL44708,0,-10.464580888263866
WZL44696,0,-12.158049372121836
WZL44684,0,-14.582990711135873
WZL44672,0,-11.62060114858577
WZL44660,0,-10.392017018767586
WZL44649,0,-10.392017018767586
WZL44638,0,-14.582990711135873
WZL44626,0,-12.209279063397341
WZL44602,0,-9.703772324990464
WZL44578,0,-11.138500586951517
WZL44542,0,-11.138500586951517
WZL44530,0,-11.138500586951517
WZL44518,0,-9.533965801201925
WZL44494,0,-9.60347402069874
WZL44482,0,-13.67440516662827
WZL44470,0,-9.60347402069874
WZL44458,0,-10.803412877824265
WZL44411,0,-11.343631285522013
WZL44400,0,-11.526209178491305
WZL44388,0,-11.526209178491305
WZL44376,0,-11.526209178491305
WZL44364,0,-10.392017018767586
WZL44283,0,-10.392017018767586
WZL44272,0,-10.392017018767586
WZL44249,0,-11.607376655512551
WZL44237,0,-9.63126907879272
WZL44226,0,-9.63126907879272
WZL44215,0,-10.222509641639762
WZL44204,0,-11.526209178491305
WZL44192,0,-11.526209178491305
WZL44168,0,-8.759270496674882
WZL44122,0,-10.392017018767586
WZL44111,0,-11.152988532343391
WZL44099,0,-11.42394529356018
WZL44063,0,-11.526209178491305
WZL44051,0,-11.526209178491305
WZL44015,0,-11.526209178491305
WZL44003,0,-11.526209178491305
WZL43991,0,-11.017768471331598
WZL43979,0,-11.017768471331598
WZL43967,0,-11.310751291402195
WZL43955,0,-12.820828778145055
WZL43943,0,-12.820828778145055
WZL43919,0,-13.076959643143729
WZL43907,0,-13.076959643143729
WZL43895,0,-11.526209178491305
WZL43883,0,-11.526209178491305
WZL43871,0,-11.526209178491305
WZL43861,0,-11.526209178491305
WZL43849,0,-11.526209178491305
WZL43837,0,-11.526209178491305
WZL43825,0,-13.076959643143729
WZL43789,0,-12.820828778145055
WZL43777,0,-11.526209178491305
WZL43765,0,-12.052449513750101
WZL43741,0,-16.098481570358025
WZL43729,0,-16.098481570358025
WZL43717,0,-9.802505236517497
WZL43685,0,-11.526209178491305
WZL43673,0,-13.070207684150908
WZL43661,0,-11.526209178491305
WZL43649,0,-11.526209178491305
WZL43637,0,-12.734682414551823
WZL43613,0,-11.310751291402195
WZL43601,0,-11.310751291402195
WZL43577,0,-11.526209178491305
WZL43565,0,-11.526209178491305
WZL43529,0,-9.60347402069874
WZL43517,0,-11.57202254603933
WZL43506,0,-9.541699180002544
WZL43482,0,-10.944074521279065
WZL43470,0,-10.944074521279065
WZL43446,0,-13.38343147673068
WZL43434,0,-11.526209178491305
WZL43422,0,-11.191599538168981
WZL43410,0,-12.055095933854288
WZL43398,0,-9.032738879830658
WZL43374,0,-11.526209178491305
WZL43362,0,-11.526209178491305
WZL43338,0,-11.308238457200007
WZL43326,0,-14.471651383626595
WZL43314,0,-11.526209178491305
WZL43302,0,-14.471651383626595
WZL43290,0,-11.685684018584677
WZL43254,0,-9.60347402069874
WZL43230,0,-11.310751291402195
WZL43195,0,-11.310751291402195
WZL43183,0,-10.795720495103021
WZL43159,0,-11.908560461496235
WZL43147,0,-10.937703356201597
WZL43135,0,-11.526209178491305
WZL43123,0,-11.15113177552882
WZL43099,0,-14.471651383626595
WZL43087,0,-12.353258561810778
WZL43075,0,-9.293942788947144
WZL43027,0,-12.053702026358511
WZL43015,0,-11.685684018584677
WZL42979,0,-15.32890445184008
WZL42967,0,-11.526209178491305
WZL42943,0,-11.607376655512551
WZL42931,0,-11.526209178491305
WZL42883,0,-11.607376655512551
WZL42859,0,-11.72257791980869
WZL42847,0,-11.72257791980869
WZL42835,0,-11.607376655512551
WZL42811,0,-11.526209178491305
WZL42787,0,-11.607376655512551
WZL42775,0,-11.310751291402195
WZL42739,0,-11.607376655512551
WZL42727,0,-11.310751291402195
WZL42715,0,-11.310751291402195
WZL42703,0,-9.60347402069874
WZL42691,0,-11.334080084770656
WZL42679,0,-10.992712767461104
WZL42631,0,-10.135880575850386
WZL42621,0,-11.526209178491305
WZL42599,0,-10.89823388022178
WZL42590,0,-14.432170991134194
WZL42578,0,-11.526209178491305
WZL42568,0,-11.483937511967989
WZL42558,0,-11.250618181601096
WZL42526,0,-14.471651383626595
WZL42506,0,-11.526209178491305
WZL42496,0,-11.357184246090686
WZL42476,0,-11.483937511967989
WZL42456,0,-11.018311052500662
WZL42446,0,-11.310751291402195
WZL42436,0,-12.716393566908172
WZL42405,0,-12.734682414551823
WZL42344,0,-11.308238457200007
WZL42334,0,-12.734682414551823
WZL42325,0,-12.332828918212678
WZL42320,0,-10.087631949009241
WZL42308,0,-11.526209178491305
WZL42287,0,-11.310751291402195
WZL42259,0,-11.018311052500662
WZL42239,0,-11.526209178491305
WZL42230,0,-12.820828778145055
WZL42210,0,-9.962303753961756
WZL42203,0,-9.962303753961756
WZL42193,0,-11.357184246090686
WZL42183,0,-10.12229225689013
WZL42152,0,-11.526209178491305
WZL42131,0,-12.440771999719818
WZL42089,0,-11.526209178491305
WZL42069,0,-10.704052264270382
WZL42050,0,-13.076959643143729
WZL42018,0,-11.608197580950415
WZL42008,0,-11.037078254239127
WVR18255,0,-11.564016941664159
WVR18245,0,-15.401553791159824
QPZ33437,0,-4.25751185088633
QPZ33477,0,-5.91541678285158
QPZ33449,0,-4.25751185088633
QPZ33425,0,-5.7531699675449595
QIB02472,0,-19.22742910793002
QIB02343,0,-19.095752362574576
QIB02326,0,-18.995922732182834
WPF72611,0,-5.807082000782636
WPF72599,0,-5.807082000782636
WPF72587,0,-5.8420948758470646
WOA06558,0,-6.386796999574472
WOA06557,0,-6.386796999574472
WOA06556,0,-6.386796999574472
WOA06555,0,-6.3414283915453336
WOA06553,0,-9.14832168530079
WOA06552,0,-10.984753053400993
WOA06551,0,-8.47982004133347
WOA06550,0,-9.757817416228908
WOA06549,0,-7.249708750766901
WOA06541,0,-7.5935257537769285
WOA06540,0,-7.5935257537769285
WOA06539,0,-8.048847348696755
WOA06538,1,2.4946975187273512
WOA06537,1,2.4946975187273512
WOA06536,0,-6.337194238110262
WIW77987,0,-9.239849217180513
WIW77975,0,-9.239849217180513
WIW77963,0,-9.239849217180513
WIW77951,0,-6.961594895692186
WIW77939,0,-9.239849217180513
WIW77927,0,-10.951845933212164
WIW77680,0,-9.239849217180513
WIW77668,0,-9.239849217180513
WIW77656,0,-9.239849217180513
WIW77644,0,-9.976715217932023
WIW77620,0,-9.239849217180513
WIW77608,0,-10.951845933212164
WIW77596,0,-9.239849217180513
WIW77572,0,-8.048895569174816
WIW77206,0,-9.040048588127934
WIW77194,0,-9.239849217180513
WIW77182,0,-10.841888372821696
WIW77170,0,-9.239849217180513
WIW77158,0,-9.511254878918166
WIW77146,0,-10.951845933212164
WIW77134,0,-10.951845933212164
WIW77110,0,-9.239849217180513
WIW77098,0,-10.951845933212164
WIW77074,0,-9.239849217180513
WIW77062,0,-9.239849217180513
WIW72829,0,-10.951845933212164
WIW72817,0,-9.239849217180513
WIW72805,0,-9.239849217180513
WIW72793,0,-6.961594895692186
WIW72764,0,-15.558891059327491
WIW72752,0,-9.239849217180513
WIW72740,0,-9.239849217180513
WIW72318,0,-10.623672481276255
WIW72306,0,-8.167067588313277
WIW72294,0,-11.425538642772715
WHO46301,0,-7.471005886645429
WHO46272,0,-8.166428533674278
WHO46240,0,-6.595685629286823
WHL55455,0,-8.397178271461978
WFH86261,0,-13.068608122736586
WFH86249,0,-12.753000461858964
WFH86226,0,-12.811943924098088
WFH86167,0,-8.28471152055363
WFH86155,0,-12.811943924098088
WFH86143,0,-12.811943924098088
WFH86109,0,-6.3414283915453336
WFH86085,0,-8.183500383019322
WFH86061,0,-4.598481507348426
WFH86038,0,-14.961944759755582
WFH86026,0,-12.834317509602206
WFH86014,0,-12.811943924098088
WFH86002,0,-6.3414283915453336
WFH85990,0,-11.128010042547013
WFH85978,0,-12.811943924098088
WFH85943,0,-6.912711387980865
WFH85909,0,-10.374815065605112
WFH85886,0,-12.811943924098088
WFH85840,0,-8.183500383019322
WFH85817,0,-8.183500383019322
WFH85793,0,-6.3414283915453336
WFH85770,0,-6.096953122104411
WFH85758,0,-8.183500383019322
WFH85746,0,-8.183500383019322
WFH85734,0,-8.183500383019322
WFH85722,0,-9.86491362951118
WFH85576,0,-8.183500383019322
WFH85564,0,-6.711818012556304
WFH85552,0,-8.183500383019322
WFH85540,0,-8.183500383019322
WFH85516,0,-8.183500383019322
WFH85444,0,-11.8947781908293
WFH85442,0,-6.674144642796643
WFH85441,0,-8.018972139372762
WFH85439,0,-8.567461950097039
WFH85361,0,-8.567461950097039
WFH85358,0,-9.60494134823657
WFH85312,0,-13.249316400167784
WFH85276,0,-9.470317533083715
WFH85275,0,-7.28668375875945
WFH85274,0,-7.28668375875945
WFH85185,0,-8.183500383019322
WFH85184,0,-7.737608820561581
WFH85183,0,-9.14832168530079
WFH85043,0,-9.14832168530079
WFH85042,0,-9.074056030573194
WFH85041,0,-8.759270496674882
WFH85040,0,-12.811943924098088
WFH85037,0,-5.693911891237024
WFH85036,0,-11.624612687301866
WES82532,0,-7.234077049184913
WES75242,0,-8.354846835535882
WCR54599,1,1.1469735070803697
WCR54589,0,-17.676136969458902
WCR54593,0,-17.676136969458902
WCF71433,0,-7.6086317467030256
WCF71421,1,0.7819120201433165
WCF71409,0,-1.8487940513782046
WCF71387,1,0.2781105908456407
WCF71375,0,-1.5805110040743156
WCF71363,0,-7.952017646634337
WCF71352,0,-4.5005212155623635
WCF71340,0,-7.327011998434636
WCF71318,1,2.9610693282783824
WCF71306,0,-3.6692249542321704
WCF71330,1,-0.8434849026283704
WCF71295,0,-7.065131849147235
WCF71283,0,-8.483839846572748
WCF71248,0,-3.425462240669539
WCF71224,0,-10.804270275432684
WCF71236,0,-7.649128427799189
WCF71212,0,-7.327011998434636
WCF71200,0,-8.40708354533068
WCF71190,0,-6.311757853663707
WCF71160,0,-2.986542868018015
WCF71138,0,-8.340771137721129
WCF71126,0,-4.89561465395019
WCF71114,0,-17.80660666777852
WCF71080,0,-7.327011998434636
WCF71070,0,-7.952017646634337
WCF71046,0,-8.670741959668076
WCF71034,1,2.9610693282783824
WCF71022,0,-9.827229362567476
WCF71010,0,-4.843692293323847
WCF70998,1,1.063668983237081
WCF70976,0,-7.952017646634337
WCF70965,0,-1.8015126263628591
WCF70953,0,-9.065148182878904
WCF70917,0,-9.827229362567476
WCF70941,0,-6.594207591627563
WCF70929,0,-7.240972636922561
UKH70659,0,-5.894634112365377
UKH70635,1,-1.3840030213304502
UKH70623,0,-5.885336533726894
UKH70611,0,-6.719584089894317
WBS97801,0,-8.138414148526957
WBS97799,0,-6.294404071300124
WBS97792,0,-7.974899817299578
WBS97790,0,-9.736106934431888
WBS97788,0,-9.489812331991045
WBS97787,0,-9.307844867164102
WBS97783,0,-7.974899817299578
WBS97782,0,-13.926835323197537
WBS97781,0,-12.05573907177062
WBS97780,0,-9.52075628287494
WBR47351,0,-5.464890846348016
WBR47331,0,-9.477762450594321
WBR44974,0,-6.906580594017212
QTC20725,0,-18.573736114689076
UZO45473,0,-14.959573387150725
UZO45325,0,-14.84435199828214
UZO40557,0,-9.486992328372969
UZO39213,0,-15.677238765292602
UZO36526,0,-9.17695474857079
UZH94884,0,-13.503020030110243
UZH94862,1,1.1469735070803697
UZH94840,0,-15.862899889797024
UZH94785,0,-15.862899889797024
UYR15249,0,-13.007865432842028
UYR10301,0,-15.321018911287231
UYR10252,0,-14.751176404317583
UYL65108,0,-9.17695474857079
UYL16211,0,-15.677238765292602
QGI57457,0,-10.513681150522816
ADD97077,0,-0.4096016115578358
UVV50350,0,-21.310431078697558
UVV50339,0,-4.446766558534792
UVV50329,0,-25.343559688032897
UVV50317,0,-12.752041811747114
UVV50294,0,-6.0672075357230115
UVV50282,0,-1.8699047258588841
USO97049,0,-9.965493660135484
USO97036,0,-8.700396838088036
UNA44800,0,-7.103706141075976
UNA44822,0,-7.108911670150626
UNA44810,0,-11.092825038659846
UNA44546,0,-11.092825038659846
ALP01956,0,-9.345241011225664
ALJ54619,0,-19.777849137319834
QVE64429,0,-13.991198451857104
QPP47266,0,-4.656122773096245
QPP47265,0,-2.691184499211385
QPP47262,0,-4.656122773096245
QPP47260,0,-3.9140060240211607
QPP47252,0,-4.774297304275713
QPP47251,0,-4.640425077935284
QHF16222,0,-4.775962660637494
QHF16217,0,-5.308835951674698
QHF16212,0,-5.649395964608311
QHF16210,0,-5.815594358115806
QHF16205,0,-5.092747741526553
QHF16201,0,-4.642175948793322
QHF16200,0,0.28424374070023894
QHF16196,0,-2.4173649041367415
QHF16190,0,-3.815688302648823
QHF16187,0,0.1504296628724564
AXO64577,0,-3.3110079457059465
AXO64553,0,-3.3110079457059465
AXO64488,0,-3.3110079457059465
AXO64401,0,-3.3110079457059465
AXO64314,0,-3.3110079457059465
AXO64246,0,-14.502247122824413
AXO64122,0,-3.3110079457059465
AXO64104,0,-3.3110079457059465
AWZ61415,0,-14.268019513651693
AWZ61402,0,-14.011258792833539
AWZ61148,0,-14.268019513651693
AYD37923,0,-5.254315508364739
AXO64330,0,-14.268019513651693
QNI23603,0,-11.822016787603713
AYD37800,0,-5.254315508364739
AYA78737,0,-8.32539964286415
QKS74710,0,-13.719818088466198
QKS74657,0,-13.00532779255844
QKS74630,0,-13.40689430950069
QKS74545,0,-12.717804805493726
QIV19651,0,-9.070693864654297
QIQ46003,0,-9.620632935813337
QIJ25983,0,-2.8516735118702554
QIA55118,0,-9.620632935813337
QHW14782,0,-10.609456159255034
QGQ58784,0,-10.598453272580697
QGQ58191,0,-3.6727925757723696
QGQ58177,0,-9.186305939967907
QDX47307,0,-6.984387497467396
QDX47306,0,-7.214701320564211
ASJ81359,0,-4.626298314483984
ASJ81358,0,-43.32804358095667
ASJ80989,0,-4.626298314483984
ASJ80988,0,-6.037787801841678
QEI01938,0,-3.6727925757723696
BBM96444,0,-8.114852692575765
BBM96487,0,-5.2917625268762425
BBM96476,0,-11.828560030269651
BBM96422,0,-13.246922375584514
BBM96411,0,-2.667832823995848
QDX11291,1,2.9610693282783824
QDQ43496,0,-10.337039376223535
QCW12961,1,1.7484501076311112
QCR64923,0,-4.987655890371134
AVZ24024,1,2.683290299820465
AVZ24023,1,0.08105742592389653
AVZ24020,0,-0.6330441908504714
AVZ24019,0,-1.44847807487809
AVZ24018,1,-3.1039190291867786
AVZ24017,1,6.064923173505472
AVZ24014,0,-6.981838002346523
AVZ24013,0,-7.065131849147235
AVZ24012,1,2.683290299820465
AVZ24010,0,-5.485748291976437
AVZ23185,1,2.3984400811679283
AVZ23184,1,2.3984400811679283
AVZ23183,1,1.1832639007969252
AVZ23182,1,1.7213492468509433
AVZ23181,1,0.5800828326885519
AVZ23180,1,3.1381432755309007
AVZ23179,1,1.7396950790726002
AVZ23178,0,-3.6340932002505255
AVZ23177,0,-4.3882480384019935
AVZ23176,0,-2.250011437742528
AVZ23175,0,-18.660691602584762
AVZ23174,0,-4.442855596837818
AVZ23173,1,1.0456282264997636
AVZ00484,1,4.122015670586864
AVZ00483,1,1.4245423701227793
AVZ00482,1,1.8450871311404828
AVZ00481,0,-6.935329059656635
AVZ00480,0,-7.065131849147235
QCD37444,0,-4.5604119344406815
QCD37281,0,-6.6764180370195785
QBS20860,1,2.9610693282783824
QBS20521,0,-8.868737870010388
QBS20503,1,2.6260193486528234
QBP38183,1,2.9610693282783824
QBL91215,1,2.9610693282783824
QBL91210,0,-3.707846442312168
QBJ05984,0,-7.62648485801116
QBJ05983,0,-3.5019935440940326
QBK12117,0,-7.60481992655642
QBK12116,0,-5.941595547506212
QBK12115,0,-1.5000335069368589
QBK12114,0,-7.60481992655642
QBJ05996,0,-1.5000335069368589
QBJ05995,0,-7.244758635987566
QBJ05994,0,-7.60481992655642
QBJ05993,0,-6.243030839057349
QBJ05992,0,-1.9462716961888962
QBJ05991,0,-6.077047768050376
QBJ05990,0,-9.37324325119128
QBJ05989,0,-5.941595547506212
QBJ05988,0,-8.713510643654928
QBJ05987,0,-1.4316139525471367
QBJ05986,0,-1.5000335069368589
AZS63843,1,3.3964691765632473
AZQ08976,0,-4.244192866097233
AYM50085,1,1.8995484957243356
AYM50065,1,2.118282244517145
AXO64599,0,-1.5935359754825482
AXO64535,0,-8.315553410227153
AXL27689,1,1.326447001154195
AXF92812,1,2.372558120154343
AWZ62216,0,-2.0091508048001945
AWZ61655,0,-9.652991414473375
AWZ61334,0,-5.254315508364739
AWZ61044,0,-2.4776849730229635
AWT24840,0,-6.96778289456452
AWT24838,1,3.928946939787574
AWT24837,0,-4.502576883499055
AWT24836,0,-6.414298878611605
AWT24833,0,-6.414298878611605
AWT24832,1,3.3981011069220894
AWT24831,0,-6.714822934097581
AWT24830,0,-6.414298878611605
AWT24829,0,-6.414298878611605
AWT24828,1,3.3981011069220894
AWT24827,1,3.3981011069220894
AWT24826,0,-6.414298878611605
AWT24825,1,3.6553990000375993
AWT24822,1,3.3981011069220894
AWT24820,1,3.3981011069220894
AWT24819,0,-6.414298878611605
AWT24818,0,-1.0795678047796233
AWT24817,0,-1.0795678047796233
AWT24816,1,2.06820167503823
AWT24815,0,-6.414298878611605
AWT24814,0,-4.592125453168677
AWT24811,0,-4.502576883499055
AWT24809,0,-6.414298878611605
AWT24808,0,-6.414298878611605
AWT24807,0,-4.502576883499055
AWT24806,0,-6.414298878611605
AWT24805,1,3.3981011069220894
AWT24803,0,-6.414298878611605
AWT24802,1,3.3981011069220894
AWT24801,0,-6.414298878611605
AWT24800,0,-8.276757817516545
AWT24799,0,-6.714822934097581
AWT24796,1,3.3981011069220894
AWT24795,1,1.9023871269691206
AWT24794,1,3.3542719545772517
AWT24791,1,3.3981011069220894
AWT24789,1,3.3981011069220894
AWT24787,0,-6.414298878611605
AWT24785,0,-1.0795678047796233
AWT24783,0,-6.414298878611605
AWT24782,0,-6.414298878611605
AWT24781,1,3.3981011069220894
AWT24780,0,-4.502576883499055
AWT24779,1,3.3981011069220894
AWT24777,1,3.322937806538869
AWI45959,1,0.8575883173251189
AWI45948,1,2.372558120154343
AWI45921,1,2.372558120154343
AWI45903,0,-0.29064717719887945
AWI45895,1,0.6530941336940153
AWI45878,1,3.7900062869559736
AWI45838,1,2.372558120154343
AVV62424,0,-9.880154021698718
AVK88342,0,-14.345718783522193
ATQ63178,0,-10.077121091389719
AMX73557,0,-6.118936675541819
AMX72990,0,-4.778491162251566
AMX72989,0,-9.71800999512256
AMX46385,0,-5.40691959845781
AMX46346,0,-4.778491162251566
AMX46345,0,-9.71800999512256
AMX28524,0,-4.034498827215295
AMX28472,0,-4.53939703062717
AMX28401,0,-4.778491162251566
AMX28387,0,-7.220569773237225
AMX28374,0,-1.7303088830871918
AMX28373,0,-5.703136094180564
AMX28361,0,-4.600210249396478
AMX28360,0,-6.329314124363835
AMQ30931,0,-5.964864768696254
AMQ30930,0,-3.7101002386492503
AMQ30929,0,-5.06915288272226
AMQ26041,1,1.5800705555675574
AMQ26040,0,-4.422281326890825
ALZ47802,0,-10.845341583874337
ALZ47801,0,-5.051384069077794
ALZ47664,0,-8.120437267744187
ALZ47663,0,-12.461499198570381
ALZ46734,0,-12.461499198570381
ALZ46733,0,-20.231843561496675
ALZ46699,0,-21.607731780260067
ALZ46698,0,-10.97425426707367
ALV71379,0,-1.4879061623787964
AID07388,0,-18.41598949271004
AID07387,0,-7.011611189396768
AHZ37650,0,-2.4115176866613917
AHZ37649,0,-17.23966480145154
AHL82676,0,-5.106950019084403
AHL79472,0,-2.427995445894199
AHL78591,0,-10.330340992149072
AHL78590,0,-4.0747351783558745
AGL59938,0,-5.55247840430094
AGL56243,0,-3.5939764352585826
AGL52668,0,-25.84044506669018
AGL52650,0,-11.110051561629234
AGL52402,0,-11.033750040273002
AGK42455,0,-2.7598115899128715
AGK42454,0,-16.444867876788518
AGK42374,0,-6.221399437461953
AGK42373,0,-4.853510715545206
AGK41920,0,-20.92300517440532
AGK41795,0,-20.92300517440532
AGK41609,0,-4.471537720686951
AGK41472,0,-15.782236481234685
AGG83907,0,-19.406369160564783
AGG83595,0,-4.761430082970357
AGG83335,0,-6.7431836914474745
AGG83334,0,-4.761430082970357
AGG83197,0,-16.847476777916555
AGG83196,0,-6.7431836914474745
AGG81961,0,-45.70073298202223
AGG81960,0,-7.391586114293236
AGG27129,0,-11.066663877474532
AGG27128,0,-9.305803623292512
AGG26638,0,-18.52964794930918
AGG26637,0,-8.981554159765846
AGG26501,0,-5.432457952222965
AGG26136,0,-4.158549288121252
AGG26135,0,-11.529755614333542
AGG23670,0,-9.910816171140324
AGG23643,0,-4.851019246203672
AGE09042,0,-2.0632310737930917
AGE08110,0,-6.8624315875138695
AGE03121,0,-19.956657071135545
AGE03120,0,-6.190587521626508
AGE00445,0,-6.649400138893644
AGE00444,0,-5.827393701787817
AGC73498,0,-5.55247840430094
AFY05902,0,-5.971983433143671
AFY05795,0,-5.403045055664982
AFP20954,0,-12.974362648387398
AFP20926,0,-12.974362648387398
AFP20925,0,-5.403045055664982
AFG72317,0,-5.864434521304611
AFG72316,0,-15.922995752876657
AET79367,0,-47.11738467255986
AET79366,0,-10.041280870763755
AET78076,0,-4.765613258369324
AET78075,0,-6.714756739809181
AET78039,0,-6.714756739809181
AET77991,0,-19.610102557977008
AET77990,0,-10.398324893219442
AET77944,0,-6.547754311690024
AET77827,0,-6.547754311690024
AET77826,0,-2.4590523640893114
AET77804,0,-6.547754311690024
AET77803,0,-2.3315795676077222
AET77700,0,-5.567174588220253
AET77549,0,-4.364589388135757
AET77548,0,-7.3922228737252045
AET76803,0,-53.07788237429757
AET75367,0,-11.807276784840102
AET74857,0,-7.787504079150876
AET74706,0,-6.714756739809181
AET74688,0,-4.034498827215295
AET74687,0,-6.547754311690024
AET74519,0,-2.603373456752907
AEO91690,0,-10.528669358574916
AEO91689,0,-3.367509912959571
ATQ63177,0,-8.069572430392471
ATE49491,0,-20.09421666671937
ATE49388,0,-20.09421666671937
ATE48871,0,-2.357940157433477
ATE48859,0,-20.09421666671937
APB91288,0,-9.013559034039751
APB91038,0,-2.4605234273050645
APB91017,1,-1.6700915355864527
APB91003,1,-0.5783968622382787
APB90991,0,-3.4619397984365
APB90867,0,-2.1934669163168117
APB90696,0,-8.595316821775258
APB90521,0,-8.559250450909781
APB90381,1,-2.6671617102625795
APB90374,0,-3.1561390480943263
APB90168,0,-3.964009852088987
APB89984,0,-3.1561390480943263
APB89877,0,-5.751992815786545
APB89858,0,-4.539978428537671
APB89776,0,-3.1561390480943263
APB89758,0,-8.07069279209578
APB89747,0,-3.1561390480943263
APB89732,0,-4.073082640683403
APB89616,0,-2.2940782986208017
APB89573,0,-5.020633562194583
APB89521,0,-1.9672547496851518
APB89511,0,-3.2316051508721966
APB89487,1,0.8687102395975437
APB89442,0,-4.665777218025848
APB89305,0,-3.2379636198618496
APB89304,0,-9.497588820075649
APB89247,0,-3.054854745252811
APB89215,0,-3.1561390480943263
AOZ85491,1,-0.4397239301839342
AOZ85465,0,-3.633197397015592
AOZ85454,0,-3.1755144428297033
AIU46948,0,-2.560278580802855
AIU46946,0,-3.5678483470712017
AIU46945,0,-3.1561390480943263
AIU46944,0,-3.1561390480943263
AIU46943,0,-7.365548675577875
AIU46942,0,-3.1561390480943263
AIU46939,0,-9.94427836867201
AIU46938,0,-2.3771089149392077
AIU46937,0,-1.0079995538952975
AIU46936,0,-6.6675379507940615
AIU46935,0,-3.1561390480943263
AIU46934,0,-5.103035134337475
AIU46932,0,-3.1561390480943263
AIU46929,0,-4.871924579855163
AIU46928,0,-3.405074574661814
AIU46927,0,-3.1561390480943263
AIU46926,0,-3.405074574661814
AIU46923,0,-5.103035134337475
AIU46922,0,-5.395854251271899
AIU46921,0,-2.2870667124105992
AIU46920,0,-5.103035134337475
AIU46919,0,-5.103035134337475
AIU46917,0,-3.405074574661814
AIU46916,0,-3.405074574661814
AIU46915,0,-4.149529230152705
AIU46914,0,-3.1561390480943263
AIU46913,0,-3.405074574661814
AIU46912,0,-5.395854251271899
AIU46911,0,-3.1561390480943263
AIU46910,0,-3.253999180034084
AIU46909,0,-4.444417932654084
AIU46908,0,-3.1561390480943263
AIU46905,0,-2.8054353373294454
AIU46904,0,-3.405074574661814
AIU46903,0,-4.149529230152705
AIU46902,0,-3.405074574661814
AIU46900,0,-3.1561390480943263
AIU46899,0,-3.1561390480943263
AIU46896,0,-4.933977904011501
AIU46895,0,-3.1561390480943263
AIU46893,0,-3.1561390480943263
AIU46892,0,-5.243416745590343
AIU46891,0,-10.394816359761691
AIU46890,0,-2.9868438456100206
AIU46888,0,-3.6353189079519215
AIU46886,0,-3.9409248619792443
AIU46883,0,-4.444417932654084
AIU46881,0,-3.1561390480943263
AIU46880,0,-5.103035134337475
AIU46879,0,-3.1561390480943263
AIU46878,0,-3.1561390480943263
AIU46876,0,-10.394816359761691
AIU46875,0,-3.405074574661814
AIU46873,0,-5.0135328575375
AIU46872,0,-5.103035134337475
AIU46870,0,-3.1561390480943263
AIU46869,0,-2.871247030619317
AIU46868,0,-3.1561390480943263
AIU46866,0,-4.242018719879356
AIU46865,0,-3.1561390480943263
AIU46864,0,-5.3190084864836145
AIU46862,0,-4.242018719879356
AIU46860,0,-3.1561390480943263
AIU46859,0,-3.1561390480943263
AIU46858,0,-4.080426064256693
AIU46855,0,-4.6673135185099355
AIU46854,0,-3.563990577025603
AIU46853,0,-1.73897434487556
AIU46852,0,-3.1561390480943263
AIU46850,0,-3.1561390480943263
AIU46848,0,-5.739130645466106
AIU46847,0,-3.1561390480943263
AIU46845,0,-4.242018719879356
AIU46842,0,-3.1561390480943263
AIU46840,0,-5.4864311660259855
AIU46839,0,-4.242018719879356
AIU46838,0,-6.6675379507940615
AIU46837,0,-1.8735264750792275
AIU46836,0,-2.0421040324803528
AIU46834,0,-3.1561390480943263
AIU46832,0,-2.374255675223946
AIU46830,0,-3.405074574661814
AIU46829,0,-2.467499804969984
AIU46825,0,-2.492554945353181
AIU46824,0,-3.405074574661814
AIU46821,0,-2.2870667124105992
AIU46820,0,-3.1561390480943263
AIU46819,0,-3.2316051508721966
AIU46818,0,-1.8754563523747567
AIU46817,1,-0.7922976691065386
AIU46815,0,-6.755294384714505
AIU46814,0,-5.103035134337475
AIU46813,0,-4.705851021036283
AIU46812,0,-3.1561390480943263
AIU46809,0,-8.009999261288282
AIU46808,0,-4.37169969767217
AIU46807,0,-2.871247030619317
AIU46806,0,-4.486403931246597
AIU46805,0,-3.1561390480943263
AIU46804,0,-3.1561390480943263
AIU46802,0,-6.505898209442564
AIU46801,0,-4.486403931246597
AIU46800,0,-3.1561390480943263
AIU46798,0,-8.434973335648493
AIU46797,0,-3.1561390480943263
AIU46795,0,-3.1561390480943263
AIU46794,0,-4.476761473817469
AIU46793,0,-3.1561390480943263
AIU46792,0,-3.1561390480943263
AIU46788,0,-3.1561390480943263
AIU46786,0,-3.1561390480943263
AIU46783,0,-3.1561390480943263
AIU46782,0,-3.3307347859307885
AIU46781,0,-3.1561390480943263
AIU46779,0,-3.1561390480943263
AIU46778,0,-2.186802784369908
AIU46777,0,-3.1561390480943263
AIU46774,0,-4.60648350563233
AIU46773,0,-3.1561390480943263
AIU46772,1,-2.144633366531796
AIU46771,0,-1.3488336998670407
AIU46770,0,-3.3307347859307885
AIU46768,0,-3.1561390480943263
AIU46767,0,-3.1561390480943263
AIU46765,0,-7.340956579041348
AIU46764,0,-1.931709514790187
AIU46763,0,-3.1561390480943263
AIU46762,0,-3.1561390480943263
AIU46761,0,-3.6886958567812016
AIU46760,0,-4.344374360434161
AIU46759,0,-3.4050745746618283
AIU46758,0,-2.287066712410594
AIU46756,0,-1.931709514790187
AIU46755,0,-3.7772029970120613
AIU46754,0,-3.185489582181983
AIU46753,0,-2.066539865002323
AIU46749,0,-8.030398819288271
AIU46746,0,-4.486403931246597
AIU46745,0,-3.9409248619792443
AIU46744,0,-9.619336211243533
AIU46743,0,-1.4589883238098391
AIU46740,0,-8.940292756980803
AIU46739,0,-4.486403931246597
AIU46737,0,-3.1561390480943263
AIU46735,0,-3.7227378100720525
AIU46733,0,-3.1561390480943263
AIU46732,0,-2.871247030619317
AIU46731,0,-3.2784326041411216
AIU46483,0,-3.1561390480943263
AIU46481,0,-3.1561390480943263
AIU46479,0,-3.1561390480943263
AIU46478,0,-3.1561390480943263
AIU46477,0,-3.405074574661814
AIU46476,0,-3.405074574661814
AIU46474,0,-3.405074574661814
AIU46399,0,-3.405074574661814
ASU47793,0,-3.1561390480943263
ASO97503,0,-38.87209850589972
ASO97501,0,-15.317950870823601
ASO97485,0,-10.320426066584417
ASO97483,0,-7.125298871417593
ASB33702,0,-3.966681635133792
ASB33690,0,-31.875809803644408
ASB32842,0,-6.688517073458473
ASB32833,0,-0.06736591317508278
ARX97390,0,-22.082898528965337
ARX97388,0,-8.86175461815501
ARU07171,0,-6.4726193844980795
ARU07169,0,-6.9364349019721505
ARQ85940,0,-2.1063281020142153
ARJ63957,0,-4.802033501769852
ARJ63952,0,-12.360696737194228
AQU12413,0,-11.81156686628201
APY25383,0,-9.511673059354695
APW84921,0,-9.706926131493486
APW84910,0,-10.309312102614461
ALX27327,0,-10.814791063024577
ALT19951,0,-9.183814902880172
ALT19827,0,-7.884868422379547
ALP01834,0,-10.439435920411405
ALJ54530,0,-10.339676510680196
ALH21545,0,-9.046319091718413
AKV57697,0,-11.348765629610341
AKH14605,0,-6.864536856874706
AJY54592,0,-11.325947098587097
AJF45784,0,-14.346847611739156
AJF45779,0,-19.206997857400637
AJF45775,0,-9.476104324968125
AJD77986,0,-12.9180282173247
AIZ70289,0,-8.668696200635061
AIZ70285,0,-23.7698392294107
AIZ70247,0,-1.3136456667387595
AIZ70214,0,-8.668696200635061
AIZ70208,0,-7.0242648552022455
APO39355,0,-10.453977772557769
AOV82401,0,-2.4101335018522345
ALG00738,0,-6.393593852877784
ALG00730,0,-3.397712643420456
ALG00726,0,-0.9002617591032163
ALG00722,0,-3.3984299748419877
ALG00718,0,-2.5271775023704093
ALG00714,0,-3.890306992576819
ALG00710,0,-3.269846482340319
ALG00706,0,-2.6583138310794965
ALG00702,0,-2.7946967842486696
AOC37756,0,-10.234863302226618
ACF48930,0,-9.567056888375486
AAA18781,0,-24.057498006060584
AEB66665,0,-35.94162856030006
ADW80470,0,-7.42364044074597
ADW80459,0,-7.002965383308316
ADG21028,0,-9.23583459071803
ADG21007,0,-6.497202437934936
ADG21005,0,-6.424056320674415
ABO37609,0,-10.154460099343487
ABO37542,0,-11.616188953284075
ABO37490,0,-7.807606758903754
ABO37489,0,-9.120546319264571
ANG55916,0,-10.811149536447434
ANF29075,0,-11.31572061088292
ALR81994,0,-11.84680321942226
ALR81993,0,-2.5912964931775093
ALR81992,0,-4.9268758527175756
ALR81991,0,-2.382819619191385
ALR81989,0,-1.3453974508378046
ALR81988,0,-1.6257935088542546
AIC64616,0,-9.189900591309122
AIC64601,0,-12.974600840067868
AKZ42083,1,-0.49931644588828483
AKZ41921,0,-3.1856702836275668
AKZ41895,1,2.0065856198463923
AKZ41844,1,2.637509947598902
AJS17976,1,-0.3968123621115982
AJS17973,0,-17.552655134698067
AJS17971,0,-10.367409348713789
AJS17969,0,-9.914036621939232
AJS17968,0,-11.461620259368896
AJS17966,0,-7.152263563767757
AJS17964,0,-8.750058751679763
AJS17963,0,-7.927398435603774
AJS17962,0,-17.478588068522132
AJS17961,0,-32.77362337591567
AJS17960,0,-24.741271795962994
AJS17956,0,-26.899750051800282
AJS17920,0,-8.79173153210877
AJS17918,0,-9.693159242538862
AJS17917,0,-11.907355105006182
AJS17915,0,-12.7862002477796
AJS17913,0,-18.578619118525353
AJS17911,0,-12.60463666903154
AJS17907,0,-7.764946210591541
AJS17906,0,-9.693159242538862
AJS17905,0,-5.36066730085005
AJS17903,0,-8.79173153210877
AJS17899,0,-6.973419861377253
AJS17898,0,-8.622034078787353
AJS17897,0,-7.910917273764822
AJS17896,0,-7.095109517319809
AJS17895,0,-5.531103079068846
AJS17894,0,-4.755065733301088
AJS17893,0,-8.099907544453732
AJS17892,0,-6.61951803452395
AJS17891,0,-5.1265236550628845
AJS17889,0,-5.1265236550628845
AJS17888,0,-5.1265236550628845
AJS17886,0,-5.1265236550628845
AJS17885,0,-5.1265236550628845
AJS17883,0,-5.424210464255182
AJS17882,0,-5.424210464255182
AJS17881,0,-5.424210464255182
AJS17880,0,-5.635720396598564
AJS16419,0,-15.49706860759823
AJS16396,0,-9.46101830101714
AJS16390,0,-7.680496620132033
AJS16384,0,-8.254738671603778
AJS16373,0,-15.324526949712627
AJS16370,0,-7.791827660271315
AJS16367,0,-9.074488034820074
AJS16364,0,-13.661454959839748
AJS16361,0,-2.6839117760414304
AJS16358,0,-11.038744768727652
AJS16352,0,-4.689451344942079
AGR54712,0,-1.9286285593064783
AGR54709,0,-8.150635239479898
AHB59323,0,-10.576210617517143
ALE66689,0,-19.91309783991397
ALD19413,0,-9.588455801788307
AHX38096,0,-30.608869398761016
AHX38093,0,-38.4940813772351
AKL90745,0,-27.52612460014594
AKL90741,0,-8.40708354533068
AKJ84209,0,-27.48666339127226
AKJ80211,0,-1.0930376743595165
AKJ80207,0,-1.3676788920233047
AJJ96179,0,-45.17123902473412
AJJ96178,0,-6.8768602972210005
AJJ96022,0,-43.376674773299
AJJ96020,0,-30.385465925054227
AJJ96019,0,-4.4024399961421175
AJJ95846,0,-42.92311016591612
AJJ95845,0,-10.625543268665588
AJJ95832,0,-11.789681323074879
AAA43149,0,-12.370024918849435
AAA43146,0,-8.075109334613444
AAA43145,0,-8.438732039313347
AAA43144,0,-9.067443321968875
AAA43143,0,-10.052394721189941
AIE53166,0,-2.63229303113423
AJD14112,0,-18.187586739548266
AJD14111,0,-23.318396853364312
AJD14110,0,-5.043058277680605
AJD14109,0,-1.6325769461068997
AJD14001,0,-26.162328104850765
AJD13999,0,-7.222783107617961
AJD12987,0,-5.503091920090203
AJD12986,0,-11.444221200815129
AJD12973,0,-6.8768602972210005
AJD12972,0,-42.92311016591612
AJD12956,0,-5.0198166367424815
AJD12955,0,-42.92311016591612
AJD12918,0,-4.533086284658379
AJD12865,0,-4.500490357016857
AJD12863,0,-2.1808874269626273
AJD12847,0,-6.8768602972210005
AJD12846,0,-43.9259005120703
AJD12831,0,-19.61875852926331
AJD12813,0,-8.20133728263844
AJD12812,0,-3.9502640127438227
AJD12795,0,-43.95527273893017
AJD12793,0,-7.350249321863052
AJD12777,0,-8.20133728263844
AJD12757,0,-46.96581207930534
AJD12756,0,-8.468013049719836
AJD12728,1,0.1752066955334204
BAQ19486,0,-5.0184648968932954
BAQ19476,0,-14.2215075788533
BAQ19456,0,-17.60434283960388
BAQ19446,0,-9.113558138632685
BAQ19436,0,-0.5167609882338144
BAQ19416,1,-0.6398062473542936
BAQ19406,0,-14.524051194187532
AIU46705,0,-10.443514129281077
AIT38426,0,-43.52817627177802
AIQ77768,0,-4.620174588526622
AIQ77756,0,-10.550773367328821
AIO11726,0,-1.643617023888778
AIO11715,0,-10.593041695155645
AIO11706,0,-1.643617023888778
AIO11686,0,-10.593041695155645
AIN25566,0,-1.643617023888778
AIN25558,0,-10.804270275432684
AIN25551,0,0.3734450268718792
AIN25541,0,0.3734450268718792
AHL24597,0,-1.1718426344664952
AHL24577,0,-10.207349365581365
AHL24567,0,-1.1718426344664952
AHL24557,0,-1.1718426344664952
AHL24517,0,-2.8817092172099867
AII30768,0,-10.593041695155645
AIE52177,0,-20.848943229543025
AFO83088,0,-6.630392676146755
AHY95057,0,-29.527665796694542
AHY95053,0,-22.529594657080892
AHW46685,0,-9.880154021698718
AHW46664,0,-30.902224078963627
AHW46660,0,-9.880154021698718
AHM24129,0,-4.096357271623768
AHM24125,0,-9.880154021698718
AHL21543,0,-1.6787437585352034
AHL21470,0,-30.64556526634317
AHL21466,0,-9.880154021698718
AHK10681,0,-4.096357271623768
AHK10677,0,-7.4674931458181835
AHK10667,0,-15.332040428824769
AHK10663,0,-4.096357271623768
AHH00822,0,-2.3162418635612223
AHG26656,0,-25.08132770721454
AHD25184,0,-4.6965462102434135
AHD25163,0,-9.138997718186609
AHD25142,0,-20.617313052168143
AHB73608,0,-9.394354607559952
AGY79655,0,-3.2838363224881357
AGT41695,0,-4.0391905304632125
AGT41690,0,-8.8458243225977
ADU17015,0,-10.494569362259556
AGL51629,0,-9.138997718186609
AEP95319,0,-11.854256646207714
AEQ73293,0,-11.129503738232179
AEQ73168,0,-2.804308542792044
AEQ61206,0,-25.82200987120588
AEK50760,0,-4.3021434129217955
AFP99367,0,-15.920930875931145
AFP21014,0,-25.899694390218258
AFN69199,0,-18.17825913870264
AEQ62915,0,0.8794966688701056
AEQ62914,0,-1.6942372847850553
AEQ62912,0,-1.8192995215660144
AEQ62910,0,-1.6667166839670635
ADU20562,1,0.325390780932457
ACY56526,0,-22.319053414957835
ACY56525,0,-23.31722999313645
ACY56524,0,-12.483984103225648
ACY56523,0,-30.006006290798915
ACY56522,0,-15.462026221091762
ACY56519,0,-20.05144878190631
ACY56518,0,-15.542625627106553
ACY56517,0,-14.7443150866461
ACY56516,0,-18.858253846309566
AEI29915,0,-8.884976019158195
AEI29913,0,-11.444765540678343
AEI29912,0,-6.139495107096788
AEI29910,0,-3.0161326186823656
AEI29902,0,-6.839115541086118
AEI29901,0,-7.561020921233039
AEI29900,0,-9.54540523305398
AEI29899,0,-9.366495187691955
AEI29898,0,-13.058773066844054
AEI29896,0,-14.01711794911626
AEI29895,0,-7.825696483962395
AEI29893,0,-3.615928410206667
AEI29891,0,-9.67558828430521
AEI29890,0,-10.935607349454985
AEI29889,0,-6.644389009033722
AEI29888,0,-2.3076770236832473
AEI29887,0,-9.937803790787886
AEI29885,0,-10.840607948604212
AEI29883,0,-6.361275756589987
AEI29882,0,-7.385161641112514
AEI29881,0,-11.051974288904033
AEI29880,0,-1.917295429655752
AEI29879,1,0.13022867747031341
AEI29878,1,1.7572787178319569
AEI29877,0,-12.886945887154036
AEI29876,0,-10.225462502166215
AEI29875,0,-10.995188852332836
AEI29874,0,-10.902674960715354
AEI29873,0,-11.806273085354597
AEI29872,0,-13.11686827212069
AEI29871,1,1.0230083476737057
AEH26544,0,-6.897998388531692
ADU17459,0,-11.033750040273002
ADU17103,0,-3.1552401235790075
ADU16565,0,-5.634608898716828
ADU16018,0,-16.168788406067165
AEA04387,0,-7.06469833648924
ADW80437,0,-5.661781963830485
ADW80357,0,-23.43458674166914
ADW80283,0,-12.276993394274927
ADW80250,0,-4.687426831478071
ACY06463,0,-8.042291172360958
ACY06462,0,-8.248155349515901
ACY06460,0,-21.888256628235247
ACY06459,0,-16.45756918693322
ACY06457,0,-6.791931721362323
ACY06455,0,-9.598660668500914
ACY06453,0,-10.7250869285373
ACY06452,0,-12.208076815710688
ACY06451,0,-9.774731262915223
ACY06447,0,-14.18270690518118
ACY06446,0,-14.18270690518118
AAA62470,0,-18.5163784968519
BAJ09300,1,3.377447498188376
BAJ09299,1,3.377447498188376
BAJ09298,1,3.3445311231769264
BAJ09297,1,2.7064239818124687
BAJ09296,1,3.377447498188376
BAJ09295,1,3.377447498188376
BAJ09294,1,3.3445311231769264
BAJ09292,1,1.7068620045551235
BAJ09291,1,2.206072618195014
BAJ09289,1,2.206072618195014
BAJ09288,1,2.428786316912447
BAJ09287,1,1.2828075731796975
BAJ09286,1,1.9684904321301193
BAJ09285,1,3.176537046778538
BAJ09284,1,3.5544238447990466
BAJ09283,1,3.5544238447990466
BAJ09282,1,3.176537046778538
BAJ09281,1,3.5544238447990466
BAJ09280,1,3.176537046778538
BAJ09278,1,3.3494688002828834
BAJ09277,1,3.176537046778538
BAJ09276,1,0.2877093507715198
BAJ09275,1,2.058894374201584
BAJ09274,1,0.6842087724006465
ADG21027,0,-5.0263700991725955
ADG21025,0,-9.941043413606563
ADG21020,0,-5.265736591736426
ADG21017,0,-5.990209202265687
ADG21016,0,-6.292577458753518
ADG21015,0,-5.339816722310426
ADG21014,0,-5.258970392980176
ADG21012,0,-5.329883290463698
ADG21010,0,-5.329883290463698
ADG21008,0,-3.535354577335996
ADG21006,0,-5.329883290463698
ADG21004,0,-5.329883290463698
AAA64228,0,-7.742321924647306
AAA64229,0,-4.990839404927836
ACI06174,0,-2.427519308394599
ACI06172,0,-2.427519308394599
ACI06171,0,-2.427519308394599
ACI06169,0,-8.143308335577078
ACI06168,0,-8.126457260701972
ACI06167,0,-11.215653390101162
ACI06163,0,-9.55638179831004
ACI06160,0,-8.143308335577078
ACI06158,0,-7.530882161307722
ACI06157,0,-7.530882161307722
ACI06156,0,-7.530882161307722
ACI06154,0,-5.361188997559749
ACI06153,0,-10.342867510671091
ACI06152,0,-7.530882161307722
ACI06151,0,-7.530882161307722
ACI06150,0,-7.003415010278563
ACI06146,0,-3.512876717591406
ACI06144,0,-9.32378252573031
ACI06142,0,-8.143308335577078
ACI06140,0,-8.143308335577078
ACI06138,0,-8.143308335577078
ACI06137,0,-8.143308335577078
ACI06134,0,-8.143308335577078
ACI06133,0,-8.143308335577078
ACI06132,0,-6.8699592070934505
ACI06131,0,-7.317198601407419
ACI06130,0,-6.8699592070934505
ACI06129,0,-6.8699592070934505
ACI06128,0,-5.5945927070923975
ACI06127,0,-6.8699592070934505
ACI06125,0,-2.4316328851835776
ACI06124,0,-16.190721493417943
ACI06123,0,-6.8699592070934505
ABY81852,0,-6.980482364769323
ABY81851,0,-13.218254224009874
ABY81850,0,-5.175063279509326
ABY81849,0,-9.358533395511259
ABY81848,0,-6.307228590269274
ABY81847,0,-6.307228590269274
ABY81846,0,-6.307228590269274
ABY81845,0,-7.515558696849755
ABY81843,0,-4.7102075011472815
ABY81842,0,-6.307228590269274
ABY81840,0,-6.924619910980636
ABY81839,0,-5.140363615484397
ABY81838,0,-5.807593633653306
ABY81837,0,-5.881103121269511
ABY81836,0,-7.025655916966405
ABY81835,0,-4.828000030668418
ABY81834,0,-6.063818990289436
ABY81833,0,-6.797811775351124
ABZ81075,0,-12.587857341581564
ABR88080,0,-4.1955938645879005
ACF28527,0,-3.7699571599742487
BAA00772,0,-18.645681889974817
ABQ41898,0,-12.077568300906693
ABQ41888,0,-13.487784496196628
ABO51928,1,-4.791853446261809
AAA43114,0,-16.242168775052424
AAA43112,0,-45.96827057274034
AAA43111,0,-8.878075226084858
AAA43103,0,-47.534704002714335
AAA43102,0,-44.99891635238025
AAA43101,0,-18.02940059245265
ABF60581,0,-4.74649789937701
ABF60578,0,-5.536985565344179
ABF60576,0,-24.961961031997973
CAA24271,0,-1.2389348890846028
HMIV89,0,-8.075109334613444
HMIV77,0,-9.780710433001556
JQ1153,0,-16.805225414288614
