accession,train_label,logit
UPI56474,0,-2.2918807995246198
UPI56462,0,-1.9021326802820981
XTX72824,0,-16.70080329475031
XTX72813,0,-16.70080329475031
XTX72802,0,-16.70080329475031
WPD40848,0,-5.297124003274545
XKH15321,0,-7.887154404661592
QWZ14542,0,-1.114967844578267
XPO71821,0,-10.110195595568642
XPO71820,0,-5.120789774703018
XPO71819,0,-14.821413529707034
XPO55351,0,-6.466359805502803
XPO14940,0,-6.208808507967473
XPO14822,0,-2.7014160644641407
XPO14784,0,-4.194354608734418
XPO14783,0,-2.989221953977477
WZL55684,0,-4.9678291130245675
WZL55500,0,-4.9678291130245675
WZL55213,0,-4.041157009504815
XFC81957,0,-3.468325107555099
XFC81946,0,-3.4323195320537225
XFC81836,0,-4.452708879336713
XFC80678,0,-4.61583024354119
XFC80667,0,-3.533102479048619
XFC80656,0,-4.643709397815256
XFC80470,0,-3.4260696217431246
XFC80459,0,-4.267790027566994
XFB56325,0,-4.33149989155349
XFA02390,0,-1.5141859444080623
XFA02389,0,-21.199050944874237
XFA02388,0,-19.120483022315277
XEQ90834,0,-4.526365899274171
XCV19025,1,2.089956912628976
XCV19024,0,-4.355709896467609
XCV19023,1,0.23248922691260887
XCV19021,1,-1.669933105354266
XCV19020,0,-4.47234499017936
XCV19017,1,0.3542743863211406
XCV19016,1,2.442021164263503
XCV19009,0,-5.157899505391797
XCV19007,0,-5.010264975541565
XCV19004,0,-1.9992827195199103
XCV19000,0,-3.688449267202987
XCV18999,1,0.19126256077858628
XCV18998,0,-1.9992827195199103
XCV18997,0,-3.5332684844309323
XCV18996,0,-3.231493937179023
XCV18995,0,-3.5332684844309323
XCV18994,0,-1.9992827195199103
XCV18993,0,-2.18279366890793
XCV18991,0,-25.401062709522456
XCV18990,0,-36.142052987813685
XCV18989,0,-3.4501580196476507
XCV18987,0,-24.95257148019119
XCV18985,0,-21.72698541368772
XCV18984,0,-31.032218802216583
XCV18983,0,-32.740374065375256
XCV18982,0,-31.032218802216583
XCV18976,0,-27.043424668456446
XCV18973,0,-27.05153589122773
XCV18972,0,-27.05153589122773
XCV18968,0,-2.5503566431695734
XCV18967,0,-31.39436131392855
XCV18964,0,-4.050955670948987
XCV18962,0,-2.327380334938943
XCV18961,0,-24.888364250137222
XCV18960,0,-31.511074007395862
XCV18959,0,-31.511074007395862
XCV18958,0,-25.587033696176654
XCV18957,0,-28.553416741517132
XCV18956,0,-22.744108275706076
XCV18951,1,2.04676719727102
XCV18949,0,-26.745833861949286
XCV18947,0,-3.8313230647853054
XCV18946,0,-3.8313230647853054
XCV18944,0,-3.2249567448276153
XCV18943,0,-31.47316857429169
XCV18939,0,-31.79240047267954
XCV18937,0,-26.025541525037347
XCV18936,0,-1.3391792660390678
XCV18934,0,-31.18409864615048
XCV18932,0,-30.012356958278964
XCV18931,0,-26.087519360006127
XCV18930,0,-22.12759924773582
XCV18929,0,-36.99983728687486
XCV18926,0,-22.85966698682711
XCV18923,0,-18.792189259039535
XCV18921,0,-17.2605108489742
XCV18920,0,-25.444959484081927
XCV18919,0,-21.569636214278717
XCV18918,0,-18.792189259039535
XCV18915,0,-16.260490782075127
XCV18913,0,-28.476333129100738
XCV18910,0,-2.7914256524780843
XCV18905,0,-40.414289935251205
XCV18904,0,-40.414289935251205
XCV18902,0,-18.867528079517946
XCV18899,0,-34.220890128766484
XCV18898,0,-32.22824829932665
XCV18895,0,-35.29816797764185
XCV18892,0,-5.133062283389798
XCV18891,0,-5.133062283389798
XCV18890,0,-32.32147405880893
XCV18887,0,-32.32147405880893
XCV18886,0,-29.993350881934383
XCV18885,0,-5.543674616653503
XCV18882,0,-32.22824829932665
XCV18881,1,3.194467123605076
XCV18880,1,3.194467123605076
XCV18879,0,-15.5632625317077
XCV18878,0,-38.06284846760716
XCV18877,0,-32.47220267751255
XCV18876,0,-4.2104520779370995
XCV18875,0,-31.320854120756522
XCV18874,0,-38.92945430217016
XCV18873,0,-11.09511400787995
XCV18872,0,-12.396850612278755
XCV18871,1,2.512543769328502
XCV18870,0,-39.50426081771698
XCV18866,0,-31.223556374762452
XCV18865,0,-5.679846746873224
XCV18862,0,-3.7474532778778684
XCV18860,0,-3.7474532778778684
XCV18858,0,-23.748575816303088
XCV18857,0,-27.827317571218572
XCV18852,0,-3.7474532778778684
XCV18848,0,-36.79799251978997
XCV18847,0,-32.278538882578054
XCV18845,0,-35.37462055389639
XCV18843,0,-9.792623150138189
XCV18842,0,-36.92997968696988
XCV18841,0,-29.73988648261779
XCV18840,0,-22.24739363493387
XCV18835,0,-19.949631762920745
XCV18834,0,-21.08921656526696
XCV18833,0,-22.777458926795948
XCV18831,0,-19.484921489075635
XCV18827,0,-13.176306090038553
XCV18824,0,-25.307181749042762
XCV18823,1,2.226427890535925
XCV18822,0,-4.777869558641747
XCV18821,0,-30.514024039558656
XCV18820,0,-30.56593663227985
XCV18818,1,1.9671621936755894
XCV18817,1,1.9671621936755894
XCV18816,1,1.556458934749493
XCV18815,0,-28.62709295737831
XCV18812,0,-11.547046470274363
XCV18811,0,-0.6260270320251085
XCV18810,0,-30.60830566657316
XCV18809,0,-19.81441786944202
XCV18808,0,-7.237737338991788
XCV18806,0,-20.833798185859607
XCV18805,0,-25.841633210727032
XCV18804,0,-16.36398655499125
XCV18801,0,-20.66883502688613
XCV18800,0,-20.66883502688613
XCV18798,0,-29.6823539578628
XCV18793,0,-11.684424259667063
XCV18790,0,-21.469441309898023
XCV18783,0,-12.26022567144333
XCV18776,0,-21.34132501154306
XCV18770,0,-26.380164801967467
XCV18769,0,-12.425049242752463
XCV18768,0,-12.425049242752463
XCV18766,0,-21.334079632482158
XCV18763,0,-25.97686533930466
XCV18762,0,-11.850606418628711
XCV18761,0,-3.24185022848326
XCV18759,0,-11.850606418628711
XCV18758,0,-23.93264719211603
XCV18757,0,-14.819982951517527
XCV18755,0,-11.808125934230286
XCV18754,0,-11.808125934230286
XCV18752,0,-9.68812645761731
XCV18748,0,-25.966485765903563
XCV18747,0,-7.259162942062494
XCV18741,0,-4.63136042895929
XCV18739,0,-4.63136042895929
XCV18738,0,-3.9966588883884775
XCV18737,0,-12.401987133175828
XCV18736,0,-4.482692484842831
XCV18735,0,-11.643404386643926
XCV18727,0,-10.751755890922187
XCV18726,0,-5.066890904501335
XCV18725,0,-4.382691665969759
XCV18724,0,-4.63136042895929
XCV18721,0,-3.4117960826679194
XCV18720,0,-5.1848304318704095
XCV18718,0,-7.259162942062494
XCV18712,0,-5.1848304318704095
XCV18711,0,-4.609202745833903
XCV18709,0,-6.775707142175294
XCV18708,0,-5.838393856519065
XCV18706,0,-6.002566199970287
XCV18704,0,-7.259162942062494
XCV18703,0,-25.854519399492013
XCV18701,0,-25.053320409330063
XCV18700,0,-25.053320409330063
XCV18699,0,-33.58905933359496
XCV18697,0,-34.48398056139488
XCV18695,0,-22.68265532748526
XCV18690,1,3.470029906468092
XCV18684,0,-8.543044932860731
XCV18683,1,4.771193474686344
XCV18677,0,-24.63763843870953
XCV18672,0,0.6966383911702483
XCV18669,0,-31.166223002343386
XCV18668,0,-26.70511662144957
XCV18667,0,-27.83169178138335
XCV18665,0,-26.545000780991252
XCV18663,0,-2.5039455585784136
XCV18662,0,-4.062876575678576
XCV18660,0,-27.592528516573104
XCV18657,0,-27.024361868039442
XCV18656,0,-5.808612806945
XCV18655,0,-27.368330836871145
XCV18654,0,-30.287741576098732
XCV18652,0,-20.37205245925645
XCV18651,0,-26.058893778359604
XCV18650,0,-28.91592752447935
XCV18649,0,-10.22894995033106
XCV18648,0,-26.986819009774322
XCV18647,0,-26.46695531343927
XCV18645,0,-26.986819009774322
XCV18642,0,-20.18430327904657
XCV18641,0,-31.001946973494185
XCV18640,0,-3.475839476266531
XCV18638,0,-20.476178394385393
XCV18637,0,-24.254915848966547
XCV18636,0,-1.0630685043368064
XCV18635,0,-26.70958478179856
XCV18633,1,2.9974756799385585
XCV18631,1,3.054809669686092
XCV18630,0,-2.8953669391761157
XCV18629,1,3.054809669686092
XCV18628,0,-26.62260856918141
XCV18626,0,-23.729215979163783
XCV18621,0,-24.616896604140287
XCV18618,0,-29.215781468221756
XCV18613,0,-1.6270367774626004
XCV18612,0,-28.57658221820669
XCV18610,0,-28.634544375475485
XCV18609,0,-28.916340242819402
XCV18608,0,-28.916340242819402
XCV18606,0,-24.947226700440893
XCV18603,0,-23.56459435680094
XCV18600,0,-22.129189007478836
XCV18599,0,-5.165220524708127
XCV18595,0,-4.008158465730887
XCV18594,0,-15.828963433686944
XCV18591,0,-31.083944187758192
XCV18588,0,-27.297620575689315
XCV18586,0,-6.252598869709299
XCV18585,0,-16.160362992872805
XCV18584,1,0.23248922691260887
XCV18583,0,-3.213760675078719
XCV18582,0,-3.213760675078719
XCV18581,0,-3.213760675078719
XCV18580,0,-3.213760675078719
XCV18578,0,-29.057863187749533
XCV18577,0,-3.213760675078719
XCV18575,0,-3.213760675078719
XCV18573,0,-30.82807389838908
XCV18572,0,-4.287255005683214
XCV18570,0,-14.00738127542084
XCV18569,0,-31.562444466477416
XCV18568,0,-2.059360641306606
XCV18567,0,-32.972017617092014
XCV18566,0,-2.691187714799998
XCV18565,0,-40.2499335932129
XCV18564,0,-32.88038382186348
XCV18563,0,-15.019271745673933
XCV18562,0,-31.65469376271046
XCV18561,0,-2.3089228438596106
XCV18557,0,-3.6419911151058226
XCV18556,0,-31.562444466477416
XCV18555,0,-35.425859434405524
XCV18554,0,-3.6419911151058226
XCV18553,0,-33.017856316101025
XCV18552,0,-32.37210549434948
XCV18551,0,-30.174654827412418
XCV18550,0,-35.425859434405524
XCV18549,0,-3.357287970755406
XCV18548,0,-15.69982426167714
XCV18547,0,-2.848279746347238
XCV18546,0,-3.7542716673445664
XCV18544,1,-0.29510882044164966
XCV18543,1,-0.8206446694580141
XCV18542,0,-15.139924910108634
XCV18540,0,-3.721133450228434
XCV18538,0,-3.5043878822874195
XCV18537,0,-3.2783939667547948
XCV18535,0,-33.39022919943756
XCV18528,0,-35.0618154082378
XCV18511,0,-19.92866814480573
XCV18504,0,-19.603852704090755
XCV18500,0,-28.055152831391077
XCV18337,0,-13.777498653127132
XCV18336,0,-16.25249262513272
XCV18335,0,-26.39870498219704
XCV18334,0,-25.607106043732706
XCV18332,0,-11.681670824939722
XCV18329,0,-12.126093513545854
XCV18327,0,-12.216127257719627
XCV18323,0,-18.027516024699597
XCV18318,0,-17.949628231096
XCV18317,0,-19.16665527649497
XCV18316,0,-17.030926162460915
XCV18315,0,-8.173595190728168
XCV18314,0,-20.31604286667841
XCV18313,0,-4.553723380158589
XCV18310,0,-17.906346030458486
XCV18309,0,-11.793277215063263
XCV18307,0,-5.956842533484513
XCV18304,0,-17.906346030458486
XCV18303,0,-37.20177467301319
XCV18302,0,-5.32689877635757
XCV18301,0,-4.8054507310239565
XCV18300,0,-5.975487046584767
XCV18299,0,-19.003481789749365
XCV18297,0,-20.97537882593851
XCV18295,0,-3.7684864718279645
XCV18294,0,-6.055564480193096
XCV18291,0,-12.573548514499844
XCV18288,0,-4.647845312052597
XCV18286,0,-5.885189008454697
XCV18285,0,-5.026660377053698
XCV18284,0,-20.31604286667841
XCV18281,0,-20.02005765668907
XCV18279,0,-20.349984915597126
XCV18277,0,-20.189610418838647
XCV18272,0,-19.840920685634245
XCV18271,0,-4.777869558641747
XCV18270,0,-21.415994061969325
XCV18269,0,-20.263819408762394
XCV18268,0,-20.263819408762394
XCV18265,0,-2.04199416297093
XCV18264,0,-18.688975646289656
XCV18262,0,-20.997779229970803
XCV18260,0,-19.840920685634245
XCV18257,1,2.5127236692099686
XCV18254,0,-4.9962236376220375
XCV18253,0,-21.81536991135948
XCV18248,0,-22.332474656830968
XCV18246,0,-13.119835818532929
XCV18245,0,-20.263819408762394
XCV18244,0,-3.2325440648353343
XCV18243,0,-2.5530752971371147
XCV18242,0,-2.5530752971371147
XCV18241,0,-21.6802399942626
XCV18239,0,-21.7350333452371
XCV18237,0,-21.81536991135948
XCV18236,0,-20.263819408762394
XCV18234,0,-12.101576132571134
XCV18230,0,-1.9295478714123018
XCV18229,0,-21.7350333452371
XCV18228,0,0.0327070689728064
XCV18227,0,-20.78333471549081
XCV18224,0,-20.62160353110834
XCV18223,0,-21.43067656094476
XCV18215,0,-28.08962616488536
XCV18210,0,-5.199228302536188
XCV18209,0,-9.230398468660999
XCV18207,0,-12.411737583441043
XCV18204,0,-12.216127257719627
XCV18202,0,-21.34132501154306
XCV18201,0,-3.554928042081116
XCV18199,0,-24.837316098316094
XCV18197,0,-15.303124864853197
XCV18196,0,-25.607106043732706
XCV18195,0,-25.607106043732706
XCV18193,0,-21.008294674052017
XCV18192,0,-12.557114714232629
XCV18187,0,-16.541954857613103
XCV18186,0,-27.596080689535214
XCV18185,0,-12.383523398493006
XCV18181,0,-14.711749578220166
XCV18176,0,-18.074053842400918
XCV18175,0,-18.602987139336587
XCV18174,0,-21.34132501154306
XCV18173,0,-16.069074843909842
XCV18172,0,-17.65539380801801
XCV18170,0,-25.841633210727032
XCV18169,0,-25.174391815311004
XCV18166,0,-23.90610902355637
XCV18165,0,-19.981487184033874
XCV18161,0,-25.07833845949868
XCV18160,0,-20.926976113626555
XCV18157,0,-5.952985419202923
XCV18151,0,-23.373105048278767
XCV18148,0,-6.453763834830857
XCV18147,0,-26.933121380995907
XCV18146,0,-21.34132501154306
XCV18142,0,-25.436446265854634
XCV18140,0,-21.34132501154306
XCV18137,1,1.2545268669131584
XCV18136,0,-18.293200617442253
XCV18135,0,-19.429680923361204
XCV18133,0,-18.074053842400918
XCV18129,0,-21.008294674052017
XCV18127,0,-6.047706188874228
XCV18126,0,-6.4534616190661716
XCV18125,0,-22.526959221199444
XCV18124,0,-5.002192451473764
XCV18122,0,-20.412209027803833
XCV18121,0,-25.723734411405935
XCV18120,0,-0.9644897557236618
XCV18118,0,-18.492252511881624
XCV18115,0,-7.268618738095869
XCV18114,0,-21.210554862764752
XCV18112,0,-24.06130883201056
XCV18110,0,-24.835096298562476
XCV18109,1,1.2545268669131584
XCV18107,0,-21.34132501154306
XCV18106,0,-19.981487184033874
XCV18105,0,-20.982634750736366
XCV18104,0,-26.048633532345193
XCV18103,0,-24.524000854934194
XCV18100,1,1.5339267987937557
XCV18098,0,-1.8356146345948101
XCV18097,0,-9.547029478866023
XCV18096,0,-4.894409802455266
XCV18094,0,-20.36071072461749
XCV18093,0,-1.948203226618527
XCV18091,0,-6.73978112516649
XCV18090,0,-5.691250098259307
XCV18089,0,-5.691250098259307
XCV18086,0,-4.824276678858398
XCV18078,0,-5.630738393779357
XCV18075,0,-4.991445674392288
XCV18074,0,-13.458887923616313
XCV18073,1,1.9344598446051204
XCV18071,0,1.366878161580722
XCV18070,0,-24.472771698651155
XCV18069,0,-5.293482600606591
XCV18068,0,-0.3468353814457146
XCV18067,0,-5.293482600606591
XCV18066,0,-5.293482600606591
XCV18063,0,-5.905414143391745
XCV18062,0,-26.029350031161407
XCV18060,1,1.678826423103219
XCV18059,1,1.4954694267543776
XCV18055,1,2.415749285384244
XCV18053,1,2.415749285384244
XCV18052,1,2.596357624299239
XCV18051,0,-21.74887554185598
XCV18050,1,2.415749285384244
XCV18047,0,-4.824276678858398
XCV18045,0,-10.049873253827764
XCV18043,0,-23.392205615034733
XCV18042,0,-9.547029478866023
XCV18039,1,-0.20911020899337096
XCV18038,0,-4.824276678858398
XCV18037,0,-33.432415241028714
XCV18033,0,-20.644000131456494
XCV18029,0,-6.257614673439558
XCV18027,0,-1.4920055571980164
XCV18026,0,-24.492330963514405
XCV18025,0,-11.194830930279426
XCV18014,0,-8.511682711315755
XCV18013,0,-13.722218655596723
XCV18011,0,-21.294859688607076
XCV18010,0,-8.975181446580962
XCV18002,0,-24.747307020941278
XCV17999,0,-5.5802148472393895
XCV17995,0,-24.01053917280069
XCV17994,0,-11.478273255885867
XCV17992,0,-5.931098462363881
XCV17991,0,-24.077323253077175
XCV17990,1,2.342326064858467
XCV17989,0,-5.539891005138619
XCV17987,0,-20.680017045131194
XCV17984,0,-10.247834884881879
XCV17982,0,-4.699119118637128
XCV17978,1,2.1396358248954783
XCV17970,0,-9.034554102506783
XCV17968,0,-1.718542370661087
XCV17967,0,-10.576935929123998
XCV17966,0,-2.2509074821937407
XCV17965,0,-23.04248746585089
XCV17964,0,-6.5454350370936325
XCV17959,0,-20.64631655654035
XCV17958,0,-4.621037953474906
XCV17957,0,-5.5287480054613205
XCV17956,0,-24.46803726591788
XCV17953,0,-10.576935929123998
XCV17952,0,-21.844791086978766
XCV17951,0,-10.154684478648848
XCV17950,0,-21.844791086978766
XCV17949,0,-5.867607971784397
XCV17948,0,-4.446083925742502
XCV17945,0,-13.534187982294382
XCV17944,0,-4.446083925742502
XCV17942,0,-10.507668270556834
XCV17940,0,-5.2928005897413914
XCV17939,0,-10.851779833964493
XCV17938,0,-4.478000810926
XCV17937,0,-4.1582988965951895
XCV17934,0,-5.867607971784397
XCV17933,0,-20.97226230239142
XCV17929,0,-8.542335654220494
XCV17928,0,-4.7781678099577025
XCV17927,0,-5.867607971784397
XCV17925,0,-5.867607971784397
XCV17924,0,-5.867607971784397
XCV17923,0,-13.53773458043181
XCV17919,0,-12.282529000236751
XCV17915,0,-5.3762601257601155
XCV17913,0,-3.7873502404523762
XCV17911,0,-11.547730029374899
XCV17910,0,-5.072596315901359
XCV17909,0,-27.95595373823111
XCV17908,0,-9.862405999200352
XCV17904,0,-4.099875500351176
XCV17903,0,-4.7781678099577025
XCV17901,0,-33.41778186735561
XCV17900,0,-4.104618847014274
XCV17896,0,-4.4249200701279
XCV17895,0,-23.320917271059795
XCV17894,0,-10.478088306629306
XCV17885,0,-7.140398875350977
XCV17884,0,-2.3906143287473096
XCV17882,0,-14.569279930518402
XCV17881,0,-11.95968664567726
XCV17879,0,-10.141756969820557
XCV17877,0,-10.771561954493034
XCV17875,0,-11.632427092950818
XCV17867,1,1.366878161580722
XCV17865,0,-10.37243933658167
XCV17864,0,-10.37243933658167
XCV17863,0,-2.942245202349712
XCV17861,0,-16.996975674162783
XCV17853,0,-9.777700103152974
XCV17851,0,-9.875740564212306
XCV17847,0,-14.596567385144372
XCV17846,0,-10.37243933658167
XCV17844,0,-12.068556233130582
XCV17843,0,-10.37243933658167
XCV17842,0,-30.840317401092108
XCV17841,0,-13.039525679778075
XCV17840,0,-10.37243933658167
XCV17838,0,-10.37243933658167
XCV17836,0,-6.902574268082068
XCV17835,0,-27.77611881071632
XCV17834,0,-3.6550394595592026
XCV17833,0,-6.902574268082068
XCV17830,0,-6.902574268082068
XCV17829,0,-13.254806336225244
XCV17828,0,-13.254806336225244
XCV17826,0,-13.020378506529209
XCV17825,0,-13.514317448592287
XCV17822,0,-10.04893946909812
XCV17820,0,-10.04893946909812
XCV17819,0,-9.549912237788414
XCV17818,0,-9.549912237788414
XCV17817,0,-9.549912237788414
XCV17815,0,-8.35859888790694
XCV17814,0,-8.86580882635482
XCV17812,0,-12.578190658184695
XCV17811,0,-12.578190658184695
XCV17810,0,-12.578190658184695
XCV17809,0,-11.842620325517668
XCV17808,0,-11.842620325517668
XCV17807,0,-10.04893946909812
XCV17805,0,-9.18255233582956
XCV17804,0,-14.047053091950321
XCV17802,0,-12.699166565617952
XCV17801,0,-12.699166565617952
XCV17799,0,-25.424000678241065
XCV17796,0,-31.569438597572706
XCV17795,0,-14.64947252230863
XCV17794,0,-14.64947252230861
XCV17791,0,-13.38525595431635
XCV17786,0,-30.7748991511816
XCV17784,0,-24.999090880826024
XCV17780,0,-23.286672514996177
XCV17777,0,-5.675711578229539
XCV17776,0,-32.85566836467142
XCV17775,0,-5.675711578229539
XCV17773,0,-4.36432153084842
XCV17766,0,-31.429003306227003
XCV17765,0,-10.429571656375284
XCV17764,0,-31.009255868204704
XCV17762,0,-30.781425557553405
XCV17760,0,-28.121750931155773
XCV17758,0,-31.19249188184019
XCV17757,0,-10.59403394474968
XCV17756,0,-31.34593533024551
XCV17755,0,-4.050927590796427
XCV17753,0,-4.02409409170631
XCV17752,0,-30.969253014765926
XCV17751,0,-30.969253014765926
XCV17749,0,-30.969253014765926
XCV17748,0,-31.34593533024551
XCV17747,0,-5.11227830883298
XCV17745,0,-31.34593533024551
XCV17744,0,-30.922594101138458
XCV17743,0,-36.18318277474848
XCV17742,0,-36.18318277474848
XCV17741,0,-25.993047912976294
XCV17740,0,-30.01565089022887
XCV17738,0,-30.497853615568644
XCV17736,0,-5.447525605112061
XCV17735,0,-5.447525605112061
XCV17734,0,-30.929391806066782
XCV17733,0,-30.929391806066782
XCV17729,0,-4.167222124505959
XCV17728,0,-3.0372764195577826
XCV17727,0,-4.167222124505959
XCV17720,0,-30.01565089022887
XCV17719,0,-30.791182374100586
XCV17718,0,-30.791182374100586
XCV17704,0,-31.849055955316516
XCV17703,0,-31.849055955316516
XCV17701,0,-4.25749371043953
XCV17696,0,-5.039666330693929
XCV17693,0,-4.25749371043953
XCV17692,0,-5.039666330693929
XCV17691,0,-5.039666330693929
XCV17690,0,-4.804059938899494
XCV17683,0,-32.13704549890933
XCV17682,0,-32.13704549890933
XCV17680,0,-32.13704549890933
XCV17679,0,-5.657994503844013
XCV17677,0,-31.86863983744201
XCV17666,1,3.054809669686092
XCV17665,1,3.054809669686092
XCV17664,0,-2.9206450824459758
XCV17660,0,-3.2888237778603955
XCV17659,1,3.6906827023986164
XCV17658,1,4.928488445982941
XCV17657,1,3.6906827023986164
XCV17656,1,4.928488445982941
XCV17652,0,-35.053939253645005
XCV17649,0,-4.514319590346595
XCV17644,0,-2.9206450824459758
XCV17643,0,-2.9206450824459758
XCV17642,0,-3.2888237778603955
XCV17641,0,-3.2888237778603955
XCV17639,0,-35.053939253645005
XCV17637,0,-4.514319590346595
XCV17635,0,-35.053939253645005
XCV17632,0,-7.5821461736759925
XCV17629,0,-7.5821461736759925
XCV17626,0,-35.81059533970121
XCV17624,0,-35.81059533970121
XCV17623,0,-35.81059533970121
XCV17622,0,-7.5821461736759925
XCV17621,0,-3.3374599996302106
XCV17620,0,-3.3374599996302106
XCV17618,0,-7.5821461736759925
XCV17616,0,-7.5821461736759925
XCV17615,0,-7.5821461736759925
XCV17612,0,-32.96139943339014
XCV17610,0,-7.5821461736759925
XCV17609,0,-7.5821461736759925
XCV17608,0,-13.684122064990904
XCV17605,0,-13.684122064990904
XCV17598,0,-14.32346331180583
XCV17594,0,-35.81059533970121
XCV17591,0,-33.35134734649516
XCV17590,0,-20.465429888362777
XCV17588,0,-13.118361823592037
XCV17587,0,-5.424560157239924
XCV17583,0,-4.861205291513389
XCV17582,0,-5.893086252560163
XCV17579,0,-5.23359115373645
XCV17577,0,-4.526938464095407
XCV17576,0,-30.070031507675267
XCV17575,0,-14.706091015439222
XCV17574,0,-24.012742090860428
XCV17573,0,-15.713492855952941
XCV17572,0,-29.54223022155827
XCV17571,0,-16.002425969137985
XCV17569,0,-28.926643008562912
XCV17566,0,-16.17085154589033
XCV17564,0,-4.063414279910308
XCV17563,0,-30.29369961645743
XCV17562,0,-1.2674038395420517
XCV17560,0,-1.5847883395155495
XCV17559,0,-29.61589472603771
XCV17557,0,-2.227723732118659
XCV17556,0,-2.227723732118659
XCV17555,0,-30.070031507675267
XCV17554,0,-1.2674038395420517
XCV17553,0,-2.227723732118659
XCV17552,0,-2.864595187742591
XCV17551,0,-29.61589472603771
XCV17549,0,-2.864595187742591
XCV17543,0,-2.6194103850980293
XCV17542,0,-2.6194103850980293
XCV17541,0,-28.145860345644458
XCV17538,0,-28.991765204461437
XCV17537,0,-3.099056424741965
XCV17536,0,-3.099056424741965
XCV17533,0,-2.6194103850980293
XCV17532,0,-3.099056424741965
QDH26117,0,-6.787817571267573
QDH12016,0,-2.1163910591242594
XCB11815,1,3.884349529507981
XCB11814,1,3.884349529507981
WZE57237,0,-3.44824114993295
WZE57226,0,-1.5663292944156755
WZE57171,0,-4.200368737707205
WZE57160,0,-2.82176010473807
WZE57149,0,-3.9121357704269126
WZE56777,0,-3.7382567805191353
WZE56689,0,-4.208712163600056
WZE56678,0,-3.4260696217431246
WZE56667,0,-2.482705579351279
WZE56645,0,-3.173764245862719
WZE56634,0,-5.900429565576148
WZE56612,0,-4.050288506147984
WZE56502,0,-4.027774778904126
WZE56339,0,-5.196153622912275
WZE56328,0,-2.323092206778661
WZE56317,0,-3.429559488956306
WZE56306,0,-3.429559488956306
WZE56295,0,-4.256175459749407
WZE56188,0,-3.9121357704269126
WZE56133,0,-3.6782355556090582
WZE55805,0,-4.160714580231039
WZE55233,0,-3.9121357704269126
WZE55222,0,-4.406112978695742
WZE55200,0,-3.842030622782252
WZE55167,0,-5.649937077949232
WZE55112,0,-3.2498930063104705
WZE55101,0,-3.5701045517800143
WZE55090,0,-3.9750679757937544
WZE55079,0,-3.4260696217431246
WZE55057,0,-3.174004698772878
WZE54937,0,-4.826291689687059
WZE54805,0,-3.4260696217431246
WZE54755,0,-2.957379208452407
WZE54717,0,-4.814035130294247
WZE54617,0,-5.649937077949232
WZE54548,0,-3.6782355556090582
WZD33219,0,-4.098043005977777
UDV76342,0,-16.956170155146644
UDV76341,0,-10.462300566900728
UDV76340,0,-10.235372069098
UDV76339,0,-9.27093591520003
UDV76338,0,-8.204098237312417
QIB02447,0,-22.320459687740218
WPN07623,1,3.884349529507981
WPN07622,1,4.280450177657233
WPN07620,1,0.9837440755276958
WHO43055,0,-2.9304911601324743
WHO43018,0,-3.44824114993295
WFH86284,0,-4.295480619682202
WFH86237,0,-3.168235189566719
WFH86214,0,-3.44824114993295
WFH86131,0,-5.333575977533604
WFH86120,0,-3.168235189566719
WFH86049,0,-5.384278672898975
WFH85954,0,-3.44824114993295
WFH85931,0,-5.333575977533604
WFH85897,0,-3.44824114993295
WFH85874,0,-5.002762683704235
WFH85851,0,-3.44824114993295
WFH85828,0,-4.092097674392498
WFH85781,0,-3.168235189566719
WFH85710,0,-4.060667657820304
WFH85699,0,-3.9121357704269126
WFH85688,0,-3.168235189566719
WFH85665,0,-3.9121357704269126
WFH85654,0,-3.9121357704269126
WFH85643,0,-3.168235189566719
WFH85621,0,-5.038232003227975
WFH85610,0,-5.138610987633594
WFH85599,0,-5.138610987633594
WFH85438,0,-5.631037990548263
WFH85436,0,-3.9121357704269126
WFH85435,0,-1.8785731385888544
WFH85357,0,-3.44824114993295
WFH85356,1,1.7787457676888554
WFH85311,0,-4.424959448646732
WFH85310,0,-3.7059018805513215
WFH85181,0,-1.3325354828375566
WFH85180,0,-4.909558659845239
WFH85179,0,-1.8256405319077178
WFH85178,0,-3.44824114993295
WFH85111,0,-1.9436838522874877
WFH85110,0,-3.9121357704269126
WFH85107,0,-3.44824114993295
WFH84988,0,-5.038232003227975
WBG53452,0,-8.770023155083182
WES70816,0,-3.9121357704269126
WDK38115,0,-3.8366251549389734
WDK38110,0,-4.7984036663158465
WBS16660,1,2.8093365321717183
WBS16659,0,-19.88484437168728
WBS16658,0,-3.168235189566719
WBS16656,0,-3.168235189566719
WBS16655,0,-3.168235189566719
WBS16654,0,-3.168235189566719
WBS16653,0,-2.098823810457448
WBP78002,1,3.884349529507981
WBP78001,1,3.884349529507981
WBP77999,1,4.032082236102861
WBP77998,1,0.9837440755276958
WBP77995,1,3.109536015440998
WBP77994,1,5.591055796684255
WBP77993,1,5.5367980705421385
WBP77991,1,3.854943651953528
WBP77990,1,4.017718200597422
WBP77989,1,3.45190112976438
WBP77985,1,5.12677503744084
WBP77982,1,3.5010680349233816
WBP77981,1,3.884349529507981
WBP77979,1,3.884349529507981
WBP77978,1,3.884349529507981
WBP77977,1,4.280450177657233
WBP77976,1,4.032082236102861
WBP77975,1,0.9837440755276958
WBP77974,1,4.905780970779205
WBP77973,1,4.76444502686331
WBP77972,1,3.109536015440998
WBP77971,1,5.222545274166423
WBP77969,1,3.4618559614524287
WBP77967,1,4.2697342946867085
WBP77965,1,3.467297918429667
WBP77964,1,4.187284109094772
WBP77963,1,8.108989441577775
WBP77962,1,5.12677503744084
WBP77961,1,3.442077111830928
WBP77959,1,3.5010680349233816
WBP77958,1,3.884349529507981
WBP77957,1,5.962999141651094
WBP77956,1,3.884349529507981
WBP77955,1,3.884349529507981
WBP77954,1,4.280450177657233
WBP77952,1,0.9837440755276958
WBG96000,0,-3.171783309635776
WBG95998,1,2.944935726620445
WBG95997,0,-2.175369010538775
WBG95994,0,-1.616080306842897
WBG95993,1,2.095469819614536
WBG95992,0,-3.0309506232287067
WBG95988,0,-2.1481038235731074
WBG95981,0,-15.096820868122938
WBG95980,1,0.7059338717977344
WBG95972,0,0.1670983906191008
WBG95967,1,1.0743146909952497
WBG95961,1,0.29309756748241256
WBG95958,0,-1.39479208178596
WBG95954,0,-3.2260266995101397
WBG95946,1,0.36455791072325816
WBG95944,0,-6.944826665378406
WBG95937,1,1.5339267987937557
WBG95931,1,1.9671621936755894
WBG95930,1,1.4854543651016208
WBG95928,0,-2.685735248251131
WBG95925,1,1.3285397430174388
WBG95924,0,-3.9035031460625174
WBG95919,1,1.2496076037891317
WBG95916,1,0.7421394890319863
WBG95909,0,-0.7634682403018331
WBG95897,0,-6.978332092165896
WBG95890,1,3.727247684167404
WBG95886,0,-2.1154822026870947
WBG95883,1,0.9906447320408507
WBG95878,1,1.366878161580722
WBG95873,1,2.342326064858467
WBG95871,0,2.044606950377233
WBG95860,1,0.7251720627695608
WBG95858,0,-1.425860715476233
WBG95855,1,0.9155237711498021
WBG95851,1,0.15903949442251708
WBG95847,0,0.6966383911702483
WBG95842,0,-1.314760114771281
WBG95834,1,2.095469819614536
WBG95832,0,-2.7053789960928825
WBG95831,1,0.7546861171205297
WBG95823,1,-0.10531342975114732
WBG95820,0,-2.6324969120042407
WBG95811,0,-1.4323566498953184
WBG95809,0,-1.3823441461533026
WBG95808,0,-2.624559163695208
WBG95804,0,-2.175369010538775
WBG95797,1,2.3336111757822593
WBG95796,1,1.2986536135836833
WBG95794,0,-10.465269530343992
WBG95789,0,-3.837834123901869
WBG95783,0,-2.812057366780703
WBG95780,0,-1.153810597943174
WBG95778,0,-2.4530444445742976
WBG95772,0,-2.175369010538775
WBG95769,0,0.05493465412821408
WBG95763,0,-2.26544053397512
WBG95761,0,-2.2613932954895066
WBG95759,0,-2.812057366780703
WBG95754,1,1.366878161580722
WBG95748,1,-0.48514103319209667
WBG95746,0,-1.425860715476233
WBG95734,0,0.2997135366327264
WBG95733,1,1.2737875277238508
WBG95726,1,1.2267293872056495
WBG95721,1,3.470029906468092
WBG95717,0,-2.812057366780703
WBG95716,0,-2.0353199957445405
WBG95715,1,1.9671621936755894
WBG95712,1,1.366878161580722
WBG95711,1,3.0338646389400967
WBG95709,0,-0.31144260849189465
WBG95691,1,3.054809669686092
WBG95679,1,2.2100462972189447
WBG95675,0,-0.15875240864002116
WBG95670,0,-2.624559163695208
WBG95669,0,-2.3771375755655093
WBG95665,0,-0.503971658564426
WBG95663,1,1.9344598446051204
WBG95656,0,-2.0941768192246
WBG95654,0,1.3974804015068631
WBG95649,0,-0.21957229896118768
WBG95643,1,0.9649056609503059
WBG95639,0,-9.13307376726333
WBG95637,1,1.2545268669131584
WBG95630,0,-1.5318165517947726
WBG95622,1,1.366878161580722
WBG95620,0,-1.3640205001088805
WBG95615,0,0.16216245571742682
WBG95608,1,1.2976566528530178
WBG95607,0,0.3854674365047863
WBG95606,0,-4.250760384759868
WBG95605,0,-6.9912759947585315
WBG95604,1,4.38610722503225
WBG95586,0,-0.8904852426152869
WBG95574,0,-2.7053789960928825
WBG95572,1,-0.34159578101818333
WBG95558,1,-0.6158952383820164
WBG95553,1,1.4954694267543776
WBG95549,1,2.447521910328346
WBG95538,0,-2.175369010538775
WBG95535,1,-0.22729360493918804
WBG95522,0,-0.19902432997072417
WBG95520,0,-3.4074773830712086
UXC94675,1,4.017718200597422
UXC94674,1,3.7321226994610956
UXC94673,1,6.9559708874008646
UXC94672,1,3.1277374028887674
UXC94670,1,2.706122169895668
UXC94669,1,4.9698324323585705
UXC94667,1,5.057376756377874
UXC94666,1,4.3656661265020595
UXC94665,1,5.408776821286251
UXC94661,1,6.60616052196071
UXC94660,1,3.45190112976438
UXC94658,0,-2.292228858038958
UXC94657,1,3.884349529507981
UXC94656,1,4.580082400551385
UXC94655,1,3.884349529507981
UWY17006,1,3.37024256862982
UWY17005,1,4.13571166491808
UWY17004,0,1.00300322219986
UWY17003,1,6.60616052196071
UWY17002,1,5.695171076431935
UWY16824,1,4.905780970779205
UWY16823,1,4.76444502686331
UWY16821,1,5.591055796684255
UWY16818,1,3.854943651953528
UWY16817,1,4.017718200597422
UWY16816,1,3.45190112976438
UWY16815,1,3.467297918429667
UWY16813,1,8.108989441577775
UWY16812,1,5.12677503744084
UWY16811,1,3.442077111830928
UWY16810,1,5.486834505551721
UWY16809,1,3.5010680349233816
UWY16807,1,5.962999141651094
UWY16806,1,3.884349529507981
UWY16805,1,3.884349529507981
UWY16804,1,4.280450177657233
UWW34154,1,0.921127648987607
UWW34153,1,2.6484614115486984
UWW34151,1,2.1656762315693605
UWW34150,1,4.890123370957911
UWW34148,1,3.745215840585743
UWW34147,1,2.0463382948697717
UWW34145,1,3.8550035400240663
UWW34143,1,2.4340389446757733
UWW34142,1,3.884349529507981
UWW34141,1,3.7988083999016933
UWW34139,1,2.4340389446757733
UWW34138,1,3.884349529507981
UWW34137,1,3.7988083999016933
UWW34136,1,3.884349529507981
UWV31774,0,-5.80148816673149
UWV31773,0,-9.239380528177746
UWV31772,0,-6.96623563111126
UWV31770,0,-6.91543920078143
UWV31769,0,-2.474087344327062
UWV31767,0,-1.3135656071419817
UWV31762,0,-10.296675072989208
UWV31761,0,-4.940906854657497
UWV31760,0,-2.056306126715299
USO97900,0,-8.981329198907616
USO97049,0,-13.328282445069474
USO97036,0,-8.717262068057853
UEF70281,0,-2.7770373050279984
ALP01920,0,-7.748667046287
ALJ54615,0,-2.557297726836902
QPQ50099,0,-10.261521436717386
QPQ50087,0,-14.593511235560987
QPQ50076,1,3.29530096482201
QPQ50065,0,-33.635889544679216
QPQ50007,0,-9.53117722080149
QPQ49984,0,-12.484946758160854
QPQ49972,0,-9.914686472187947
QPQ49948,0,-32.62113616455413
QPQ49936,0,-14.408059393504542
QPQ49935,0,-12.655312192529951
QPQ49934,0,-12.154743928322718
QPQ49933,0,-16.101795384692693
QPQ49932,0,-38.04245357482202
QPQ49931,0,-14.91927587229233
QPQ49930,0,-9.53117722080149
QPQ49929,0,-10.835145272327013
QPQ49928,0,-10.448373088705681
QPQ49927,0,-38.734785435424406
QPQ49926,0,-10.703344573239624
QPQ49925,0,-25.99062457897365
QPQ49924,0,-13.83893171786447
QPQ49923,0,-32.43989191463207
QPQ49921,0,-11.373359618613534
QPQ49920,0,-10.555254062253335
QPQ49919,0,-39.85561509704678
QPQ49918,0,-12.244407110076457
QPQ49917,0,-20.853848116118137
QPQ49914,0,-39.63157141601626
QPQ49913,0,-33.56926088122552
QPQ49911,0,-5.47117130899349
QPQ49909,0,-24.52164024998695
QPQ49908,0,-12.547302606407165
QPQ49906,0,-12.864140270742912
QPQ49905,0,-12.864140270742912
QPQ49904,0,-33.030638653956615
QPQ49901,0,-12.03975342294491
QPQ49900,0,-6.758996920014374
QPQ49898,0,-6.204410271980618
QPQ49874,0,-40.67763567184674
BAI83396,0,-19.661556020487197
BAI83395,0,-20.971387227980635
QOL72033,0,-4.133303758416515
QOL24301,0,-4.013975679336168
AXO64440,0,-2.5472998131229927
QNH89147,0,-5.361075778693202
QNH89071,0,-22.163849586724155
QNH89049,0,-21.871808951153568
QNH89038,0,-23.19026683536574
QNH89018,0,-21.871808951153568
QNH88998,0,-17.883296949274193
QNH88987,0,-21.871808951153568
QNH88976,0,-21.871808951153568
QNH88965,0,-21.871808951153568
QNH88867,0,-22.635359692101083
QNH88858,0,-22.635359692101083
QNH88847,0,-22.635359692101083
QNH88815,0,-22.635359692101083
QNH88804,0,-22.635359692101083
QNH88795,0,-22.635359692101083
QNH88775,0,-22.635359692101083
QNH88763,0,-22.635359692101083
QNH88754,0,-22.635359692101083
QNH88734,0,-22.635359692101083
QNH88705,0,-22.635359692101083
QNH88694,0,-23.04248746585089
QNH88683,0,-23.04248746585089
QKS74596,0,-4.554857151230684
QKX08576,0,-5.503503523567421
QKX08606,1,1.5718484341214722
QKX08605,1,3.140974656358564
QKX08598,0,-3.1918567835277685
QKX08603,1,2.089956912628976
QKX08587,0,-3.4093489640159813
QKX08588,1,-1.0827705544434387
QKX08586,0,-4.74924463331689
QKX08584,0,-0.41038892508867697
QKX08582,1,2.1526264520679366
QKX08580,1,3.454772780727355
QKX08581,0,-5.549295208699347
QKX08578,1,3.8344162920232776
QKX08577,1,1.8037229000204533
QKX08574,1,3.0840470877406236
QKX08548,1,2.039852351148914
QKX08547,0,-1.047033734446889
QKX08573,0,-1.3869223815523544
QKX08546,1,1.2989613646868072
QKX08544,0,-5.86877471777526
QKX08532,1,1.7650481216956386
QKX08533,1,2.171274678277962
QKX08531,1,2.171274678277962
QKX08530,1,3.7061862124524296
QKX08529,0,-5.591356221812983
QKX08527,0,-5.86877471777526
QKX08525,1,2.0501647406523045
QJI52656,1,1.5263160815443584
QIZ31694,1,0.09517148356556149
QIV14108,1,2.374330850137971
QIQ44212,1,1.9671621936755894
QIA57521,1,3.1489749485656144
ATV88318,0,-2.074915949117429
ATV88317,0,-1.289763121426395
ATV83578,0,-2.9015713581246505
ATJ01981,0,-13.108268518094661
ATJ01980,1,2.6179756534234766
ASY92872,0,-8.881859822596507
ASJ81281,0,-5.688400819323762
ASJ81280,0,-5.477047542093913
ASJ81244,0,-5.688400819323762
ASJ81243,0,-7.629191299606358
ASJ81242,0,-5.477047542093913
QFU20133,1,1.397158142603912
BBN23844,0,-0.2615757995291297
BBN23843,0,-27.9215536752625
QEE84129,0,-12.503338179834417
QCG82571,1,3.002577189576707
QBY33566,0,3.2227039569071465
QBR98631,0,-2.765324921146844
QBR98518,0,-63.75517854005462
AYA22049,1,1.7588909089014795
AYA22048,1,3.2552229891461284
AVV64955,1,2.917601800261929
AVV64954,1,3.339353255651263
AVV64953,1,4.004681470874223
AVV64952,1,3.432695891416694
AVV64951,1,0.8255692159653201
AVV64950,1,1.0419409455089266
AVV64949,1,2.2151481803458175
AVV64947,1,3.907754432830748
AVV64946,1,1.8712854718140672
AVV64944,1,2.7486548574924097
AVV64943,1,0.8323254995915583
AVV64942,0,-1.3746771346447932
AVV64941,0,0.47041770403556527
AXY81023,1,2.654828864667012
AXY80579,1,2.654828864667012
AXO64583,0,-5.901188669615035
AXO64514,0,-4.735785491413884
AXO63971,0,-5.253353733503397
AXO63951,0,-5.253353733503397
AXF93468,1,2.512543769328495
AXF93440,1,2.5160539074251016
AXF93428,1,1.8928301902896063
AXF93419,1,1.183170143832264
AXF93400,1,3.4889750753177733
AXF93393,1,3.177973136116133
AXF93323,1,3.947144754287544
AWZ61198,0,-4.735785491413884
AMQ46551,0,-25.68499070847234
AMQ26450,0,-3.1931577303736276
AHN00404,0,-20.456146331536523
AHL78909,0,-7.564596889470785
AHL78795,0,-8.384476733069164
AHL78604,0,-3.215965514729514
AHL78445,0,-8.384476733069164
AHB23130,0,-7.703357808625423
AHB21268,0,-7.978814610227472
AHB21267,0,-1.3770078892393904
AGG83052,0,-4.617266163889219
AGG82865,0,-3.17874189489927
AGG82864,0,-7.001388132831102
AGG82847,0,-3.17874189489927
AGG27468,0,-2.7954035817562337
AGG27466,0,-2.515547914383392
AGG26919,0,-14.761954212184026
AGG26918,0,-2.562156594586946
AGG26716,0,-11.944965354550131
AGG26715,0,-3.5660649704005216
AGG26666,0,-5.6494426506024364
AGG26665,0,-9.946747357651468
AGC73436,0,-7.474098868816471
AGC73435,0,-5.809063800413612
AGC00237,0,-8.811187246851633
AGC00181,0,-8.811187246851633
AGC00169,0,-36.65624527937852
AGC00135,0,-8.811187246851633
AGC00101,0,-36.65624527937852
AGC00100,0,-8.811187246851633
AGC00078,0,-36.65624527937852
AGC00043,0,-8.811187246851633
AGC00021,0,-36.65624527937852
AGB99970,0,-36.278113102579155
AGB99969,0,-8.811187246851633
AGB99934,0,-8.811187246851633
AGB99933,0,-36.278113102579155
AGB99886,0,-36.278113102579155
AGB99840,0,-8.811187246851633
AGB99839,0,-36.278113102579155
AGB99782,0,-8.811187246851633
AGB99781,0,-36.278113102579155
AGB99746,0,-36.65624527937852
AGB99745,0,-8.811187246851633
AFY07178,0,-5.3657213020257775
AFY06548,0,-2.385746024853443
AFY05765,0,-2.7298931783247227
AFY05764,0,-4.427014824920153
AFJ12407,0,-28.522456222804344
AFJ12406,0,-12.288895874856076
AFH74465,1,0.8391496137587442
AFH74464,0,-5.258663745288992
AET78197,0,-2.562156594586946
AET78196,0,-14.761954212184026
AET77850,0,-6.310333106954888
AET77849,0,-5.912985330021815
AET74493,0,-7.273124985624887
AET74492,0,-3.4081106604334295
AEO91594,0,-20.511738695828477
AEM75339,0,-18.26170209618225
AEM75338,0,-7.971405466977691
AEI91999,0,-6.317190005433943
AEI91998,1,0.24433085927544163
AEI91978,0,-6.945314841594336
AEI91977,1,0.32047692546801265
ATE49491,0,-14.444353907402672
ATE49040,0,-1.7997843237669517
ATE48871,0,-1.7997843237669517
ASV62302,0,-1.6695097436363566
AOZ86615,1,2.651214352596524
AOZ86516,1,3.054809669686092
AOZ86357,1,2.173919263027587
AOZ86331,1,4.280128145227648
AOZ86247,1,3.054809669686092
AOZ85573,1,3.054809669686092
ANE23927,1,1.726628480625596
AKT07978,0,-1.9830098052656009
ABW23337,0,-32.71860794676521
ASO97503,0,-39.26692878675026
ASO97501,0,-13.284495647219442
ASO97485,0,-12.15075947466207
ASO97483,0,-3.626438664520456
ARQ84253,0,-9.32632134536171
ARQ84252,0,-9.32632134536171
ARQ84251,0,-5.669752019167749
ARQ84249,0,-3.099643617611557
ARQ84245,0,-5.353264846855574
ARQ84243,0,-5.712560527900031
ARQ84239,0,-5.67908233925488
ARQ84237,0,-4.144586704064518
ARQ84235,0,-4.144586704064518
ARQ84234,0,-4.144586704064518
ARQ84233,0,-4.144586704064518
ARQ84232,0,-4.144586704064518
ARQ84231,0,-4.144586704064518
ARQ84228,0,-13.44552522793381
ARQ84227,0,-3.069262604041352
ARQ84226,0,-13.44552522793381
ASB33690,0,-31.512711983711704
ASB32842,0,-7.943567786518299
ASB32833,1,-0.29510882044164966
ARX97449,0,-5.184866765889
ARU07171,0,-6.7855024375341495
ARQ86095,1,3.054809669686092
ARJ63957,0,-4.835621547847953
ARJ63955,0,-10.619527826537304
ARJ63954,0,-7.032113465372346
AQY18739,0,-2.240545205361295
AQU12413,0,-6.030781508994604
APY25381,0,-34.63902347076459
APW84919,0,-27.852660749371275
APG56782,0,-4.058896215075498
ANE37509,0,-32.12231917119311
ANE37492,0,-3.439733074290766
AMU04445,0,-20.07165487942079
AMP44891,0,-31.18409864615048
AMB72621,0,-3.8313230647853054
AMA65421,0,-5.148435929955907
ALX27323,0,-22.94977128657547
ALT19930,0,-27.441867192926146
ALT19823,0,-1.5800574864175196
ALR83415,0,-5.52473222573127
ALR83348,0,-5.400536069927318
ALR83338,0,-4.469761472109168
ALP01838,0,-28.492499784432603
AKV57693,0,-7.5821461736759925
AKP04496,0,-2.225277037229665
AKH14609,0,-3.688449267202987
AJY54596,1,0.23248922691260887
AJF45788,0,-4.281556491860593
AJF45784,0,-12.542068039556815
AJF45775,0,-9.256497268570538
AJD78008,0,-22.688944515126174
AJD77986,0,-7.933502017632826
AJD77982,0,-14.32346331180583
AIZ70289,0,-8.452213750515408
AIZ70285,0,-23.595790484551813
AIZ70269,0,-37.099369321207135
AIZ70243,0,-5.876502296343306
AIZ70218,0,-21.883145114774944
AIZ70214,0,-8.452213750515408
AIZ70208,0,-7.293536128950269
AIZ70204,0,-10.280392299709538
ARG44523,0,-33.906214184616196
APR73245,1,-0.5000850809092405
APR73243,0,-35.80202692644353
APR73242,0,-23.125732395672294
APR73241,0,0.612771402411548
APR73239,0,-15.354189543344921
APR73238,0,0.0581071417004555
APR73237,0,0.6387232677625416
APR73236,0,-6.93610463589782
APR73235,1,-0.5000850809092405
APR73234,0,-35.15885678644943
APR73233,0,-37.968385281387
APQ31976,0,-22.43335195178684
APQ31975,0,-18.763486164776154
APO39357,0,-23.020987981613686
APO39355,0,-4.7321550098631935
AAF04721,0,-14.759456352625174
ADX98705,0,-0.8176470984203243
ADW54451,0,-6.644494740482726
ADM73553,0,-7.189931492961831
ADM73552,0,-7.751113695392943
ADM73551,0,-6.180367635132493
ADM73549,0,-7.786379011571517
ADM73548,0,-12.788213837609486
ADM73547,0,-7.643371412549008
ADM73546,0,-8.964789141886472
ADM73545,0,-12.571180415379121
ADM73544,0,-7.643371412549008
ADM73541,0,-7.643371412549008
ADM73540,0,-7.643371412549008
ADM73539,0,-7.912228326811427
ADM73538,0,-7.643371412549008
ADM73537,0,-6.684813788572475
ADM73535,0,-9.180116636751212
ADM73534,0,-7.643371412549008
ADM73532,0,-7.643371412549008
ADM73531,0,-7.643371412549008
ADM73530,0,-7.643371412549008
ADM73529,0,-8.753669690362514
ADM73527,0,-7.643371412549008
ADM73526,0,-6.853740500294199
ADM73525,0,-7.643371412549008
ADM73524,0,-6.742815370532183
ADM73522,0,-8.236953147880714
ADM73521,0,-5.2900395580765185
ADM73520,0,-5.958211651326575
ADM73519,0,-8.42588772089619
ADM73518,0,-7.9640630819237845
ADM73517,0,-7.848052661331591
ADM73516,0,-6.684813788572475
ADM73514,0,-6.450350567698349
ADM73513,0,-8.088846183215685
ADM26518,1,0.9543396321857873
ADM26517,0,-1.4429409200712584
ADM26515,1,1.7480154317829992
ADM26514,1,-0.6781618340872964
ADM26513,1,3.586996143951085
ADM26512,1,0.5178690821540748
ADM26510,1,0.15472508965076237
ADM26508,0,2.645959422537457
ADM26507,0,-0.7566652761160828
ADM18099,0,-8.184595335865746
ADM18098,0,-30.19451692975703
ADM18096,0,-22.31336014300657
ADM18094,0,-37.9188326198271
ADM18093,0,-3.1187912733024383
ADM18089,0,-19.438015807512677
ACY67454,0,-4.703026719207882
ACR26757,0,-1.38236620063212
ACR26754,0,-16.51567466755501
ACR26744,0,-18.609464048771812
ACQ73205,0,-19.094789615877374
ACQ73202,0,-6.548848756197215
ACQ73201,0,-12.443632822043275
ANK57860,0,-9.265002235850814
ANG55912,0,-4.147082501137847
ANF29079,0,-32.16315003891151
ANF29075,0,-9.970432110702687
AIC64617,0,0.5258578025533769
AIC64615,0,-5.016177158953978
AIC64600,0,-4.265204837865629
AKZ42082,0,-4.54749749127339
AKZ41843,0,-2.6174643929472623
AJJ98649,0,-4.660888589365209
AJJ98647,1,0.46727436428686
AJJ98646,0,-4.729012383337066
AJJ98645,0,-2.4245163398361766
AJJ98644,1,-0.9070065915406342
AJJ98643,0,-0.15414199459869238
AJJ98641,0,-4.861963305667659
AJJ98639,0,-2.4245163398361766
AJJ98638,0,-2.8692057385536494
AJJ98636,0,-2.5120109319123793
AHZ41463,0,-3.7767336210765503
ALE66682,0,-2.8500290687506897
ALD19393,0,-29.270749407368434
AKM15195,0,-0.6062029332619634
AKM15194,0,-33.144903021410315
AKM15189,0,-27.901774676015897
AKM15186,1,0.014907839259160838
ALA50332,0,-11.434342756989883
AKL90745,0,-28.37593844259606
AKJ84209,0,-25.642360102253
AGB13105,0,-2.090391378968473
AGB13082,1,0.7294899671711246
BAQ19486,0,-6.650612450910167
BAQ19476,0,-16.043503579340666
BAQ19466,0,-16.043503579340666
BAQ19456,0,-18.580763502761016
BAQ19446,0,-9.90337291996332
BAQ19436,0,-0.8531082181242304
BAQ19426,0,-2.0117768992412843
BAQ19416,0,-0.9045323992183345
BAQ19406,0,-15.106656777087789
BAQ19396,0,-4.830807131269367
BAQ19386,0,-3.8679220539193704
AIX94903,0,-11.338140866082265
AIT38426,0,-38.6245602971514
AIT38419,0,-18.733667198001832
AIA62021,0,-16.373721429137767
AIA62010,0,-4.158204075017927
AIA61999,1,-2.03958345032055
AIA61989,0,-14.182264067568841
AIA61978,0,-10.953487173953839
AIA61967,0,-10.019005700855645
AIA61945,1,-0.7856291730427554
AIQ77764,0,-8.935416429084047
AIQ77756,0,-8.935416429084047
AIO11735,0,-8.219393548429133
AIO11726,1,-1.078460041090322
AIO11695,0,-2.0179739536124064
AIO11686,0,-8.649566805165367
AIN25596,1,-2.028189738846633
AIN25586,1,0.07123254658845468
AIN25566,0,-1.078460041090322
AIN25541,1,0.2324892269126071
AII31203,0,-13.327303635418053
AIE53446,0,-2.488910170237938
AIE52177,0,-23.410845158950657
AIE52173,0,-5.613560813116667
AHK10692,0,-3.6055567761684877
AHK10659,0,-3.6055567761684877
AHI43444,0,-10.032408480194526
AHI43440,0,-27.806038616898576
AHZ65653,0,-4.463782927444868
AHY95057,0,-31.185196329677886
AHY95053,0,-21.166757184867976
AHM98831,0,-0.07416055007015387
AHW46689,0,-33.938129534062284
AHW46685,0,-9.571414526337236
AHW46664,0,-30.636928144399334
AHW46564,0,-30.195075321407096
AHM24129,0,-4.421231066211842
AHL21547,0,-9.073964542561349
AHL21470,0,-30.11800046268558
AHK10688,0,-22.146638354185775
AHK10681,0,-4.421231066211842
AHK10677,0,-7.131664216863154
AHK10663,0,-4.421231066211842
AHI43402,0,-3.565218345209507
AHI43398,0,-8.26961964989336
AHI43290,0,-9.571414526337236
AHH00822,0,-2.4242650841125393
AHG26656,0,-26.4136967137848
AHG26652,0,-7.638384530684082
AHD25180,0,-7.677621213780592
AHD25163,0,-8.427206075798301
AHD25147,0,-3.285876417777823
AHD25146,0,-7.513041087671455
AHB73608,0,-9.353255568095701
AHB24479,0,-22.72809408914846
AHB52150,0,-7.2567904955134015
AHA57102,0,-29.484671875881986
AGZ62310,0,-2.891720218587258
AGU69952,0,-4.461729307931322
AEN69435,0,-1.0688117208133914
AGT41695,0,-3.817248107077612
AGT41690,0,-8.310769751822969
AGO51467,0,-8.811187246851633
AGL51629,0,-8.427206075798301
AFJ76170,0,-18.062658501386842
AFJ76169,1,-0.37154842584786607
AFJ76155,0,-2.042793397355715
AFJ76131,0,0.46271974730823295
AFY09646,1,2.283577214814171
AFX96359,1,2.7469991778968357
AFX96347,1,0.8391496137587442
AFN69199,0,-13.02862672002479
AFN69198,0,-0.7077751595965047
ADG85249,0,-1.820574068749936
ADG85245,1,0.369878519630511
ADG85241,1,0.369878519630511
ADG85229,1,0.369878519630511
ADG85225,0,-1.381724137562693
ADG85221,0,-0.7447457783615468
AEX63539,0,-9.79038754491564
AFM78666,0,0.39660575663192255
AFM46540,0,-7.191973448856828
AFM46539,0,-0.6551713952694467
AFJ75615,0,-29.946866403005203
AFJ74819,0,-4.060864912439161
AFJ74780,0,-3.5364424987008736
AFJ74779,0,-27.170687257912746
AFJ74761,0,-3.333269996830575
AFJ74743,0,-27.170687257912746
AFJ74727,0,-5.289232042915341
AFJ74695,0,-4.575230979512128
AFJ74674,0,-6.8191670547361145
AFJ74673,0,-27.782900413490545
AFJ74654,0,-3.3704164127511653
AFJ74634,0,-3.5364424987008736
AFJ74560,0,-5.017681178352136
AFJ74559,0,-29.499846954758773
AFJ74546,0,-7.146063536276233
AEQ50015,0,-3.4166156953078746
AEQ50005,0,-3.4166156953078746
AEQ49985,0,-3.4166156953078746
AEO08966,0,-3.6480267746915134
AEO08944,0,-3.8694303884371344
AET50910,0,-8.617210873604376
ADV69109,0,-34.86606611386124
ADV69108,0,-20.89560644104064
ADV69106,0,-22.232617899525035
ADV69104,0,-34.57564502871146
ADV69103,0,-20.43171203782893
ADV69102,0,-33.696599065530826
ADV69101,0,-35.264091609544614
ADV69100,0,-31.839833141706883
ADV69099,0,-26.673171381091933
ADV69098,0,-24.69859529902427
ADV69095,0,-25.559500948522853
ADV69094,0,-26.136445159157837
ADV69093,0,-24.353918044393986
ADV69091,0,-21.736141114523292
ADV69090,0,-29.88714873052291
ADV69089,0,-34.360136549038245
ADV69088,0,-24.757843088521902
ADV69087,0,-23.776900872341685
ADV69083,0,-23.70780035305077
ADV69082,0,-26.886205443725395
ADV69081,0,-23.215579449449756
ADV69080,0,-37.6751782865678
ADV69079,0,-27.211729405343952
ADV69078,0,-33.524115992557746
ADV69077,0,-23.44800758605504
ADV69076,0,-23.44800758605504
ADV69075,0,-19.8823465261569
ADV69074,0,-23.753010748979353
ADV69073,0,-23.753010748979353
AEH42796,0,-11.266680537404849
AEH42774,0,-10.403949411064131
AEH42752,0,-7.8051020140399565
ADU33163,0,-13.457709691232344
BAJ40064,1,1.8556507720056423
BAJ40063,1,-0.044255108358532524
BAJ40062,1,2.5294571903514704
BAJ40061,1,-0.044255108358532524
BAJ40060,1,0.32047692546801265
BAJ40059,1,2.064440282755152
BAJ40058,1,1.8556507720056423
BAJ40057,1,1.720955550995086
BAJ40056,0,-1.8832678484286678
BAJ40054,1,0.32047692546801265
BAJ40053,1,3.0309160890090237
BAJ40052,1,0.2030264009028695
BAJ40050,1,0.27973126726865694
BAJ40049,1,3.0309160890090237
BAJ40048,1,2.064440282755152
BAJ40045,1,0.16373261161403185
BAJ40043,1,1.8556507720056423
BAJ40042,0,-0.9022677875181895
BAJ40041,1,1.8556507720056423
BAJ40039,1,0.8391496137587442
BAJ40038,1,2.014886815198203
BAJ40037,1,1.8556507720056423
BAJ40036,0,0.058891635139405096
BAJ40034,1,1.584160390394965
BAJ40033,0,0.10842816665922861
BAJ40032,1,2.064440282755152
BAJ40030,0,0.10842816665922861
BAJ40029,1,2.064440282755152
BAJ40026,0,0.32047692546801265
BAJ40025,1,2.064440282755152
BAJ40024,1,1.3335427576317311
BAJ40020,0,0.16373261161403185
BAJ40018,0,0.32047692546801265
BAJ40017,1,0.9338091825486234
BAJ40016,1,2.064440282755152
BAJ40013,1,2.064440282755152
BAJ40012,1,0.6440997332669536
BAJ40011,1,2.064440282755152
BAJ40010,1,-0.44012613624854424
BAJ40005,0,-0.044255108358532524
BAJ40004,0,-0.752615921581258
BAJ40002,1,0.8391496137587442
BAJ40001,0,0.9416552636542708
BAJ40000,1,2.6646133614104617
BAJ39999,1,2.064440282755152
BAJ39997,1,2.43782567571216
BAJ39996,1,0.8391496137587442
BAJ39995,1,2.064440282755152
BAJ39994,0,2.072823536039005
BAJ39993,1,0.8391496137587442
BAJ39991,1,2.6646133614104617
BAJ39990,1,0.8391496137587442
BAJ39988,1,-0.12601601649297045
BAJ39985,1,0.8391496137587442
BAJ39983,1,1.2243097018771465
BAJ39981,0,-0.985388889517802
BAJ39980,1,1.8556507720056423
BAJ39976,0,-1.2029120071206272
BAJ39974,1,0.8391496137587442
BAJ39970,1,0.8391496137587442
BAJ39968,1,0.45572895865827157
BAJ39967,0,0.5761207320995627
BAJ39966,1,0.8391496137587442
BAJ39964,1,1.8556507720056423
BAJ39963,1,0.8391496137587442
BAJ39962,0,-1.5978452023711966
BAJ39961,1,0.8382483002717844
BAJ39959,0,-1.831680064983189
BAJ39958,0,-0.2506835005912791
BAJ39957,1,1.8556507720056423
BAJ39955,0,-1.7312044092066845
BAJ39952,1,1.8556507720056423
BAJ39951,1,0.97006170139524
BAJ39949,1,3.3273338268400767
ACY06462,0,-4.940812613014677
ACY06461,0,-6.042284399891995
ACY06458,0,-12.77973485331192
ACY06457,0,-6.649267985593477
ACY06456,0,-7.852420206697234
ACY06455,0,-9.553736088767877
ACY06454,0,-3.032084752659591
ACY06453,0,-9.314847884304543
ACY06452,0,-11.657486796705527
ACY06449,0,-14.132913250403362
ACY06446,0,-13.549569375922163
ACY06445,0,-13.549569375922163
AAA16879,0,-6.177053317389343
BAI83394,0,-20.444946446094647
BAI83387,0,-3.5673811608165025
AAK71687,0,-4.28799433962876
AAF04720,0,-4.335158827041683
ACV90512,0,-28.380532885948597
ACR26759,0,-3.2494742232879688
ACR26758,0,-3.2128242036043417
ACR26752,0,-6.587767497718709
ACR26750,0,-2.9883168178170827
ACR26749,0,-3.494977811435634
ACR26747,0,-4.849187787477803
ACR26746,0,-15.559677005026417
ACR26745,0,-16.287911333195026
ACR26743,0,-16.417919437247363
ACR26742,0,-2.93146768005586
ABI96109,0,-34.54575351702341
ABI96107,0,-30.790297563224115
ABI96106,0,-33.81244687983405
ABI96104,0,-33.933006905845154
ABI96103,0,-29.958807241847907
AAA19934,0,-10.132583734853531
ACQ73204,1,-0.5000850809092405
ACF28529,0,-8.066280548873161
ACF28528,0,-3.496248067766114
ACF28527,0,-4.112672565319052
ACD37507,0,-31.317990514115827
ACD37430,0,-27.265562752282804
BAA00719,0,-26.70621483250178
BAA00720,0,-4.643301846457517
ABF71860,0,-13.879919813623534
WWZ86435,0,-6.2220150726127486
WWZ86424,0,-6.820580845829418
WWZ86408,0,-7.970535638173438
WWZ86384,0,-6.4304327528439345
WWZ86360,0,-10.843085240303436
WWZ86348,0,-6.344597437390691
WWZ86162,0,-11.188426166260555
WWZ86148,0,-8.328511650413592
WWZ86136,0,-8.671779824579332
WWZ86124,0,-13.674388372784065
WWZ86106,0,-9.015175278620465
WWZ86094,0,-5.075674401616239
WWZ86068,0,-7.426276162719229
WWZ86043,0,-6.040108289329211
WWZ86030,0,-5.550781669253913
WWZ86015,0,-5.307173725003361
WWZ86003,0,-10.51280409197855
WWZ85977,0,-10.51280409197855
WWZ85964,0,-9.243885311015905
WWZ85952,0,-5.695886996990934
UPI56582,0,-4.971357975254131
UPI56510,0,-5.378220076472152
UPI56498,0,-12.961055121815898
UPI56486,0,-5.463086570424989
XPO56668,0,-5.498983399926397
XPO56656,0,-5.498983399926397
XPO56644,0,-4.112166363062135
XPO56632,0,-6.179918771237373
XCX90934,0,-8.203122858664871
XCV14090,0,-7.279955910468349
XCV14058,0,-13.671837877338046
XCV14073,0,-11.498986370555713
XCV14041,0,-8.150678389243302
XCV14057,0,-12.680524057062833
XCV14035,0,-13.326409434694709
XCV13979,0,-8.150678389243302
XCV13984,0,-10.735761024617661
XCV13951,0,-7.7243874745508085
XCV13931,0,-10.735761024617661
XCV13935,0,-11.47060807515439
XCV13905,0,-12.680524057062833
XCV13923,0,-8.150678389243302
XCV13896,0,-12.680524057062833
XCV13886,0,-11.47060807515439
XCV13871,0,-7.95264931303643
XCV13831,0,-8.203122858664871
WZW45697,0,-10.609548916383282
WZW45509,0,-6.49878087219063
WZW45496,0,-6.49878087219063
WZW45410,0,-10.609548916383282
WZL55743,0,-11.006698697739376
WZL55700,0,-11.177295716254172
WZL55697,0,-7.5103962233961905
WZL55649,0,-10.983564779141634
WZL55637,0,-7.152033484153815
WZL55565,0,-10.908560099981273
WZL55546,0,-6.609603548678367
WZL55539,0,-6.609603548678367
WZL55524,0,-7.339042559792741
WZL55478,0,-8.203122858664871
WZL55455,0,-9.968442425969432
WZL55438,0,-6.832560272605436
WZL55414,0,-11.47060807515439
WZL55409,0,-10.609548916383282
WZL55354,0,-10.908560099981273
WZL55348,0,-9.763154371992488
WZL55333,0,-10.609548916383282
WZL55296,0,-12.680524057062833
WZL55279,0,-7.102583970935544
WZL55255,0,-10.851835456690889
WZL55236,0,-10.97508395438536
WZL55221,0,-12.680524057062833
WZL55199,0,-11.870680707987853
WZL55195,0,-10.735761024617661
WZL55171,0,-12.680524057062833
WZL55127,0,-7.510396223396189
WZL55117,0,-7.890760678110726
WZL55092,0,-7.510396223396189
WZL55076,0,-5.721130179690457
WZL55074,0,-12.156059607670912
WZL55056,0,-10.908560099981273
WZL55042,0,-12.680524057062833
WZL55038,0,-6.609603548678367
WYD67653,0,-12.680524057062833
XHH12998,0,-3.021371735984589
XHH12986,0,-3.021371735984589
XHH12984,0,-3.021371735984589
XHH12962,0,-3.021371735984589
XHH12960,0,-3.021371735984589
XHH12948,0,-3.021371735984589
XHH12936,0,-3.021371735984589
XHH12888,0,-3.021371735984589
XFD34493,0,-6.959234257675943
XFD34481,0,-8.981389217182667
XFD34469,0,-7.214123826818394
XFD34457,0,-7.214123826818394
XFD34397,0,-6.458856936629532
XFD34350,0,-8.591327027275996
XFD34222,0,-8.981389217182667
XFD34162,0,-7.214123826818394
XFD34126,0,-7.214123826818394
XFD33621,0,-9.776648270741529
XFD33597,0,-9.936607042664896
XFD33561,0,-8.981389217182667
XFD31757,0,-9.010164554587492
XFD31745,0,-11.906501526389423
XFD31733,0,-8.981389217182667
XFD31089,0,-7.4885488945242695
XFD30993,0,-9.020807675944233
XFD30981,0,-8.968228975697652
XFD30969,0,-8.692160963472608
XFD30681,0,-9.010164554587492
XFD30669,0,-9.010164554587492
XFD29764,0,-6.743318435151643
XFD28025,0,-9.242351963637546
XFD28013,0,-9.242351963637546
XFD28001,0,-9.776648270741529
XFD27989,0,-8.981389217182667
XFD27977,0,-9.776648270741529
XFD27965,0,-5.857900521988869
XFD27919,0,-7.915490604656766
XFD27907,0,-8.034410227489088
XFD27787,0,-7.83322009068889
XFD26438,0,-10.3917496008602
XFD26402,0,-8.981389217182667
XFD26378,0,-8.981389217182667
XFD26138,0,-9.012665674760111
XFD26102,0,-8.981389217182667
XFD25802,0,-9.152418982588298
XFD25778,0,-8.471767080739111
XFD25767,0,-9.152418982588298
XFD25755,0,-9.238404563958914
XFD25743,0,-8.952042341746127
XFD25731,0,-8.014883062921758
XFD25719,0,-8.981389217182667
XFD25683,0,-6.862158690253269
XFD25659,0,-9.010164554587492
XFD25647,0,-5.857900521988869
XFD25306,0,-7.214123826818394
XFD25294,0,-9.45669555395881
XFD25195,0,-8.502142368963455
XFD24930,0,-7.22195357432771
XFD24913,0,-9.664829012301933
XFD24903,0,-7.214123826818394
XFD24863,0,-8.014883062921758
XFD24771,0,-7.4885488945242695
XFD24741,0,-8.452419005755774
XFA02388,0,-19.120454137534963
XFA02387,0,-6.292573647165247
XCV19028,0,-5.615786441958106
XCV19026,0,-5.123465243584903
XCV19019,0,-5.806255331291405
XCV19018,0,-5.171420855989226
XCV19015,0,-10.564821499165317
XCV19013,0,-11.576912135589295
XCV19012,0,-7.006992081958508
XCV19010,0,-9.400020587239133
XCV19008,0,-9.135755834315503
XCV19006,0,-9.815876342920433
XCV19005,0,-8.141089884485492
XCV18988,0,-10.741384806817777
XCV18980,0,-9.278674729576675
XCV18975,0,-10.8641136887957
XCV18965,0,-10.17993723259485
XCV18955,0,-10.8641136887957
XCV18950,0,-10.8641136887957
XCV18948,0,-9.107495061724382
XCV18945,0,-10.728028218879283
XCV18942,0,-9.005937491737319
XCV18940,0,-10.8641136887957
XCV18935,0,-12.820483985485875
XCV18924,0,-8.189028340581435
XCV18914,0,-9.062885585778305
XCV18909,0,-9.062885585778305
XCV18907,0,-9.062885585778305
XCV18888,0,-8.03611155727163
XCV18883,1,1.4782232435702571
XCV18859,0,-12.530949663931693
XCV18851,0,-3.7390458184500908
XCV18849,0,-5.385743381085516
XCV18844,0,-2.792689531755819
XCV18828,0,-9.259405664209103
XCV18813,0,-10.307985203474416
XCV18803,0,-13.01239414803156
XCV18802,0,-2.935243761640022
XCV18799,0,-11.911752472190448
XCV18796,0,-11.905706501380918
XCV18795,0,-9.094841057413259
XCV18794,0,-5.886015970145699
XCV18792,0,-5.886015970145699
XCV18789,0,-5.886015970145699
XCV18781,0,-7.096379925809822
XCV18780,0,-8.44154255025886
XCV18779,0,-7.096379925809822
XCV18775,0,-4.078894838273714
XCV18774,0,-11.722301010923704
XCV18773,0,-8.003944325631903
XCV18771,0,-13.491829611275408
XCV18751,0,-9.951886455194336
XCV18750,0,-9.089208146366449
XCV18746,0,-9.951886455194336
XCV18742,0,-11.112048186597232
XCV18734,0,-9.638927353673127
XCV18733,0,-4.8143318632175385
XCV18732,0,-6.9152203048525696
XCV18730,0,-9.951886455194336
XCV18722,0,-8.915619476384137
XCV18719,0,-8.856829418027505
XCV18717,0,-5.4994346248122765
XCV18716,0,-9.260089074506636
XCV18715,0,-9.511483768890994
XCV18714,0,-5.4994346248122765
XCV18713,0,-7.215205577202658
XCV18710,0,-6.264485473888998
XCV18702,0,-10.687051289649002
XCV18689,0,-10.859740154488438
XCV18687,1,3.047831432395961
XCV18686,0,-24.76299092185471
XCV18682,0,-10.940673681653848
XCV18670,0,-9.053358842444844
XCV18625,0,-12.32142675382564
XCV18616,0,-14.784044125155965
XCV18611,0,-15.066891888791634
XCV18598,0,-8.575406652733502
XCV18597,0,-8.575406652733502
XCV18596,0,-8.575406652733502
XCV18590,0,-7.653992464223993
XCV18587,0,-9.56817992204164
XCV18534,0,-8.733935828034777
XCV18532,0,-8.572224786877268
XCV18526,0,-8.12465286361643
XCV18525,0,-9.459090371230108
XCV18524,0,-1.1994030464471148
XCV18523,0,-6.499318309490655
XCV18520,0,-6.832329255064301
XCV18519,0,-6.499318309490655
XCV18518,0,-6.832329255064301
XCV18517,0,-5.828958098546413
XCV18515,0,-6.832329255064301
XCV18513,0,-5.20013986418652
XCV18512,0,-4.258864993859171
XCV18333,0,-4.628794618377614
XCV18331,0,-4.640150675936242
XCV18328,0,-7.259081409259376
XCV18326,0,-9.31742341783915
XCV18325,0,-5.206223288272614
XCV18324,0,-5.206223288272614
XCV18322,0,-9.31742341783915
XCV18305,0,-10.979243653134324
XCV18290,0,-10.456766656797695
XCV18289,0,-11.068988434496589
XCV18280,0,-2.6960344664664504
XCV18278,0,-6.583809884532794
XCV18275,0,-6.107753697544222
XCV18274,0,-5.133231308889092
XCV18273,0,-8.673369404319818
XCV18256,0,-11.084013949557837
XCV18255,0,-9.626608862881897
XCV18247,0,-5.9618352235109
XCV18232,0,-4.6906297298650035
XCV18225,0,-15.955306522960548
XCV18222,0,-12.174631313994858
XCV18219,0,-8.243380506788938
XCV18216,0,-9.27878433997234
XCV18208,0,-7.185893124053576
XCV18206,0,-11.40090154089356
XCV18205,0,-5.886015970145699
XCV18203,0,-7.423067111512612
XCV18198,0,-7.8594834943152705
XCV18191,0,-7.8594834943152705
XCV18189,0,-8.978707716938032
XCV18182,0,-7.423067111512612
XCV18180,0,-8.44887380609899
XCV18178,0,-9.986212824642914
XCV18177,0,-7.214274542726905
XCV18163,0,-7.104873719418069
XCV18158,0,-11.780292022886142
XCV18156,0,-6.000705968537357
XCV18155,0,-9.980254359781904
XCV18154,0,-11.304136912155315
XCV18138,0,-7.4337960800157505
XCV18131,0,-10.224221665093118
XCV18130,0,-11.357684154349467
XCV18108,0,-2.7884013910083825
XCV18101,0,-12.404788079647417
XCV18092,0,-9.178365917372853
XCV18087,0,-11.967239113766691
XCV18085,0,-9.090815153493107
XCV18081,0,-9.090815153493107
XCV18080,0,-11.967239113766691
XCV18076,0,-12.34756263731496
XCV18054,0,-11.967239113766691
XCV18049,0,-11.204308710892695
XCV18048,0,-10.687051289649002
XCV18040,0,-10.687051289649002
XCV18035,0,-10.687051289649002
XCV18034,0,-10.687051289649002
XCV18032,0,-9.917164920411581
XCV18028,0,-8.75359404045075
XCV18020,0,-10.137103120552931
XCV18019,0,-10.26344234254856
XCV18018,0,-8.467769074265494
XCV18012,0,-7.528174795143334
XCV18009,1,3.968354708092992
XCV18008,0,-10.085042933508044
XCV18007,1,3.968354708092992
XCV18006,0,-8.967024198003964
XCV18000,0,-8.967024198003964
XCV17998,0,-4.595688060288688
XCV17996,0,-9.755308477312205
XCV17988,0,-13.273014527172924
XCV17975,0,-9.626608862881897
XCV17974,0,-9.691053767242833
XCV17962,0,-8.394055074558327
XCV17961,0,-3.8574327113663465
XCV17954,0,-9.691053767242833
XCV17932,1,-0.5610519001439531
XCV17930,0,-7.429754040495117
XCV17922,0,-8.03611155727163
XCV17916,0,-7.745728488742312
XCV17912,0,-7.47052347915621
XCV17898,0,-8.544994960961978
XCV17892,1,2.001246216180153
XCV17888,0,-17.07500097684658
XCV17886,0,-11.112559709556415
XCV17870,0,-9.44053685914306
XCV17869,0,-11.782678943162663
XCV17866,0,-10.772191412587718
XCV17862,0,-9.19693832150028
XCV17860,0,-9.639760642301244
XCV17858,0,-9.960215986246219
XCV17855,0,-11.200807771167797
XCV17854,0,-11.200807771167797
XCV17852,1,3.047831432395961
XCV17848,0,-8.588900313562798
XCV17837,0,-8.03611155727163
XCV17824,0,-9.379399844768505
XCV17823,0,-9.379399844768505
XCV17816,0,-6.75405901147227
XCV17813,0,-6.75405901147227
XCV17798,0,-10.82653770039699
XCV17797,0,-9.379399844768505
XCV17793,0,-8.063323321215645
XCV17787,0,-12.869008018050588
XCV17771,0,-9.219404283201401
XCV17770,0,-8.484967713194338
XCV17769,0,-9.219404283201401
XCV17768,0,-8.484967713194338
XCV17767,0,-8.072750650308974
XCV17731,0,-7.907532220164885
XCV17723,0,-7.212025598476819
XCV17721,0,-7.212025598476819
XCV17715,0,-9.283393263191844
XCV17714,0,-16.74256801362301
XCV17712,0,-9.283393263191844
XCV17711,0,-16.74256801362301
XCV17700,0,-8.323754190251371
XCV17698,0,-8.97699347389686
XCV17695,0,-14.315337280663789
XCV17689,0,-14.315337280663789
XCV17688,0,-10.68630649537492
XCV17687,0,-8.323754190251371
XCV17684,0,-7.493338185469164
XCV17676,0,-9.1626031860589
XCV17675,0,-9.1626031860589
XCV17673,0,-7.515478234371988
XCV17672,0,-8.583996745302787
XCV17671,0,-7.515478234371988
XCV17670,0,-7.515478234371988
XCV17669,0,-6.897204337913575
XCV17663,0,-5.987758898154025
XCV17662,0,-5.987758898154025
XCV17661,0,-5.987758898154025
XCV17655,0,-8.621632394602871
XCV17654,0,-5.987758898154025
XCV17653,0,-6.752734445779094
XCV17648,0,-8.02743650004649
XCV17647,0,-8.02743650004649
XCV17646,0,-8.02743650004649
XCV17645,0,-8.02743650004649
XCV17640,0,-6.752734445779094
XCV17634,0,-5.987758898154025
XCV17633,0,-7.225499285197779
XCV17627,0,-6.378824626914156
XCV17619,0,-12.964058144050593
XCV17617,0,-6.88685317117946
XCV17614,0,-6.88685317117946
XCV17613,0,-6.277478676360248
XCV17611,0,-8.053580694251613
XCV17607,0,-12.964058144050593
XCV17606,0,-12.964058144050593
XCV17603,0,-6.277478676360248
XCV17601,0,-7.225499285197779
XCV17600,0,-7.225499285197779
XCV17599,0,-7.933502017632826
XCV17597,0,-7.563495007338467
XCV17596,0,-7.933502017632826
XCV17592,0,-11.460952774646868
XCV17589,0,-6.378824626914156
XCV17585,0,-6.052538514711022
XCV17584,0,-5.458285969313641
XCV17561,0,-11.06773847215345
XCV17547,0,-9.91168562738978
XCV17546,0,-9.91168562738978
XCV17544,0,-8.427206075798301
QDH11968,0,-4.48987352202063
XAV35109,0,-9.91375289209474
WZL52037,0,-9.152418982588298
WZL52025,0,-9.152418982588298
WZL52015,0,-9.152418982588298
WZL52003,0,-9.152418982588298
WZL51991,0,-9.152418982588298
WZL51979,0,-8.894559738858296
WZL51967,0,-9.152418982588298
WZL51943,0,-8.981389217182667
WZL51787,0,-9.010164554587492
WZL51775,0,-9.010164554587492
WZL51763,0,-9.010164554587492
WZL51751,0,-7.921610865833138
WZL51739,0,-8.141798491915969
WZL51727,0,-8.298057472837899
WZL51703,0,-8.981389217182667
WZL51691,0,-8.981389217182667
WZL51679,0,-8.981389217182667
WZL51655,0,-8.981389217182667
WZL51643,0,-8.981389217182667
WZL51631,0,-8.981389217182667
WZL51619,0,-7.214123826818394
WZL51607,0,-7.214123826818394
WZL51595,0,-6.2304999986725225
WZL51583,0,-7.214123826818394
WZL51571,0,-7.214123826818394
WZL51559,0,-7.214123826818394
WZL51547,0,-7.214123826818394
WZL51415,0,-12.43770534260184
WZL51403,0,-9.293063002561617
WZL51391,0,-8.981389217182667
WZL51307,0,-9.307882458760433
WZL51295,0,-9.307882458760433
WZL51283,0,-9.045417682273941
WZL51271,0,-9.045417682273941
WZL51259,0,-7.166423819506516
WZL51235,0,-8.292325529458083
WZL51223,0,-6.2314090473082295
WZL51211,0,-6.2314090473082295
WZL51199,0,-8.931320668306977
WZL51188,0,-8.931320668306977
WZL51129,0,-9.53117060339483
WZL51105,0,-9.53117060339483
WZL51093,0,-9.53117060339483
WZL51081,0,-9.53117060339483
WZL51057,0,-9.53117060339483
WZL51047,0,-9.53117060339483
WZL51035,0,-9.53117060339483
WZL50999,0,-9.776648270741529
WZL50975,0,-7.214123826818394
WZL50963,0,-8.981389217182667
WZL50820,0,-6.752242772515499
WZL50689,0,-8.981389217182667
WZL50665,0,-7.3502671057146305
WZL50653,0,-7.3502671057146305
WZL50617,0,-7.3502671057146305
WZL50605,0,-10.69402650402604
WZL50593,0,-9.133599138689648
WZL50473,0,-10.116340466097354
WZL50461,0,-10.116340466097354
WZL50449,0,-8.235412218819937
WZL50437,0,-8.235412218819937
WZL50413,0,-10.116340466097354
WZL50401,0,-6.460682548808757
WZL50069,0,-10.390148535021597
WZL50057,0,-9.133599138689648
WZL50045,0,-9.133599138689648
WZL49901,0,-5.857900521988869
WZL49889,0,-5.857900521988869
WZL49877,0,-11.344720175246893
WZL49865,0,-8.493694310122718
WZL49853,0,-8.493694310122718
WZL49829,0,-7.129268624438247
WZL49817,0,-9.967923190388895
WZL49781,0,-10.691164468216352
WZL49769,0,-6.986386557867039
WZL49757,0,-5.498983399926397
WZL49745,0,-8.981389217182667
WZL49733,0,-8.981389217182667
WZL49709,0,-11.906501526389423
WZL49697,0,-11.906501526389423
WZL49685,0,-11.906501526389423
WZL49510,0,-4.711872403321884
WZL49498,0,-12.30701605677518
WZL49486,0,-12.30701605677518
WZL49474,0,-9.152418982588298
WZL49368,0,-8.860720827022856
WZL49344,0,-9.12171795310358
WZL49332,0,-9.12171795310358
WZL49308,0,-9.152418982588298
WZL49116,0,-8.677765498975836
WZL49092,0,-8.981389217182667
WZL49080,0,-8.981389217182667
WZL49068,0,-8.510503157586692
WZL49032,0,-7.129268624438247
WZL49020,0,-7.255900744820446
WZL49008,0,-6.380171599474222
WZL48997,0,-5.857900521988869
WZL48973,0,-10.905302844940724
WZL48961,0,-10.905302844940724
WZL48937,0,-10.905302844940724
WZL48925,0,-8.531447571478017
WZL48901,0,-8.981389217182667
WZL48663,0,-8.031442830910281
WZL48591,0,-9.884067743853596
WZL48555,0,-9.092728842474875
WZL48543,0,-9.092728842474875
WZL48461,0,-7.4885488945242695
WZL48449,0,-7.4885488945242695
WZL48425,0,-8.877416984894408
WZL48212,0,-6.9245625658898255
WZL48200,0,-9.020807675944233
WZL48188,0,-6.392139633799699
WZL48176,0,-8.968228975697652
WZL48152,0,-9.776648270741529
WZL48128,0,-8.968228975697652
WZL48116,0,-7.373160889347902
WZL48056,0,-8.420747222762264
WZL48044,0,-8.420747222762264
WZL48020,0,-8.981389217182667
WZL48008,0,-8.981389217182667
WZL47948,0,-9.152418982588298
WZL47936,0,-9.010164554587492
WZL47924,0,-9.152418982588298
WZL47900,0,-9.010164554587492
WZL47888,0,-8.981389217182667
WZL47876,0,-9.010164554587492
WZL47852,0,-9.010164554587492
WZL47840,0,-9.010164554587492
WZL47828,0,-9.010164554587492
WZL47816,0,-7.214123826818394
WZL47600,0,-11.87381587805871
WZL47576,0,-9.456631313399084
WZL47052,0,-9.010164554587492
WZL47004,0,-5.857900521988869
WZL46980,0,-9.133599138689648
WZL46956,0,-6.2304999986725225
WZL46944,0,-7.3563624251183715
WZL46754,0,-6.769550785465791
WZL46743,0,-6.769550785465791
WZL46721,0,-7.83322009068889
WZL46710,0,-6.769550785465791
WZL46687,0,-8.603190663629128
WZL46675,0,-8.603190663629128
WZL46651,0,-10.26915132696584
WZL46639,0,-10.834730445301426
WZL46603,0,-10.26915132696584
WZL46591,0,-11.87381587805871
WZL46473,0,-7.4770927936846086
WZL46449,0,-9.152418982588298
WZL46403,0,-9.370053054542772
WZL46367,0,-6.460682548808757
WZL46355,0,-6.460682548808757
WZL46343,0,-6.460682548808757
WZL46237,0,-8.981389217182667
WZL46225,0,-8.981389217182667
WZL46201,0,-8.981389217182667
WZL46177,0,-8.981389217182667
WZL46165,0,-8.981389217182667
WZL46021,0,-8.504753304808641
WZL45961,0,-8.898919807231682
WZL45949,0,-8.898919807231682
WZL45937,0,-8.981389217182667
WZL45925,0,-8.981389217182667
WZL45913,0,-8.981389217182667
WZL45901,0,-8.981389217182667
WZL45889,0,-8.898919807231682
WZL45679,0,-6.258227038152036
WZL45667,0,-9.776648270741529
WZL45499,0,-8.36069997512157
WZL45427,0,-8.504753304808641
WZL45415,0,-8.504753304808641
WZL45379,0,-9.651896372223604
WZL45355,0,-8.504753304808641
WZL45343,0,-8.504753304808641
WZL45163,0,-8.981389217182667
WZL45151,0,-9.447038559179889
WZL45139,0,-9.447038559179889
WZL45127,0,-9.447038559179889
WZL45115,0,-8.465985116937995
WZL45103,0,-8.445321294430805
WZL45091,0,-8.445321294430805
WZL45079,0,-8.981389217182667
WZL44911,0,-7.22195357432771
WZL44888,0,-9.475690424565363
WZL44876,0,-9.242351963637546
WZL44864,0,-8.98245661551203
WZL44852,0,-9.242351963637546
WZL44840,0,-10.981039522677897
WZL44804,0,-9.776648270741529
WZL44792,0,-8.652117209295753
WZL44626,0,-9.657643182934802
WZL44602,0,-7.8586910826820855
WZL44578,0,-8.034410227489088
WZL44542,0,-8.034410227489088
WZL44530,0,-8.034410227489088
WZL44518,0,-7.444758614389716
WZL44411,0,-8.0579449925739
WZL44400,0,-8.981389217182667
WZL44388,0,-8.981389217182667
WZL44376,0,-8.981389217182667
WZL44364,0,-7.83322009068889
WZL44283,0,-7.83322009068889
WZL44272,0,-7.83322009068889
WZL44249,0,-9.010164554587492
WZL44237,0,-7.373750920259184
WZL44226,0,-7.373750920259184
WZL44215,0,-7.6895742902659805
WZL44204,0,-8.981389217182667
WZL44192,0,-8.981389217182667
WZL44168,0,-6.669137413081977
WZL44099,0,-9.216904978058656
WZL44063,0,-8.981389217182667
WZL44051,0,-8.981389217182667
WZL44015,0,-8.981389217182667
WZL44003,0,-8.981389217182667
WZL43991,0,-8.810899672750043
WZL43979,0,-8.810899672750045
WZL43967,0,-9.152418982588298
WZL43955,0,-9.492761759300388
WZL43943,0,-9.492761759300388
WZL43919,0,-10.691164468216352
WZL43907,0,-10.691164468216352
WZL43895,0,-8.981389217182667
WZL43883,0,-8.981389217182667
WZL43871,0,-8.981389217182667
WZL43861,0,-8.981389217182667
WZL43849,0,-8.981389217182667
WZL43837,0,-8.981389217182667
WZL43825,0,-10.691164468216352
WZL43637,0,-9.936607042664896
WZL43613,0,-9.152418982588298
WZL43601,0,-9.152418982588298
WZL43577,0,-8.981389217182667
WZL43565,0,-8.981389217182667
WZL43410,0,-9.012665674760111
WZL43374,0,-8.981389217182667
WZL43362,0,-8.981389217182667
WZL43254,0,-7.214123826818394
WZL43230,0,-9.152418982588298
WZL43195,0,-9.152418982588298
WZL43183,0,-9.238404563958914
WZL43159,0,-8.952042341746127
WZL43147,0,-8.014883062921758
WZL43135,0,-8.981389217182667
WZL43099,0,-11.906501526389423
WZL43087,0,-9.776648270741529
WZL42943,0,-9.010164554587492
WZL42931,0,-8.981389217182667
WZL42883,0,-9.010164554587492
WZL42703,0,-7.214123826818394
WZL42621,0,-8.981389217182667
WZL42526,0,-11.906501526389423
WZL42496,0,-8.914421269734447
WZL42308,0,-8.981389217182667
WZL42239,0,-8.981389217182667
WZL42230,0,-9.492761759300388
WZL42193,0,-8.914421269734447
WZL42152,0,-8.981389217182667
WZL42069,0,-8.452419005755774
WZL42050,0,-10.691164468216352
WZL42018,0,-8.931320668306977
WZL42008,0,-8.26798248715537
QPZ33437,0,-4.309822139291144
QPZ33477,0,-6.322297716928636
QPZ33449,0,-4.309822139291144
QPZ33425,0,-7.095607734062882
QIB02472,0,-17.693554038805686
QIB02343,0,-17.752946062321108
QIB02326,0,-13.847946987398704
WPF72611,0,-4.897904694899754
WPF72599,0,-4.897904694899754
WPF72587,0,-5.4151859381967995
WOA06558,0,-5.288954497986962
WOA06557,0,-5.288954497986962
WOA06556,0,-5.288954497986962
WOA06555,0,-5.682185532264002
WOA06553,0,-6.752242772515499
WOA06552,0,-8.618658440454551
WOA06551,0,-8.7793991494791
WOA06550,0,-7.970913126216546
WOA06549,0,-5.63757466941035
WOA06541,0,-6.585724035867081
WOA06540,0,-6.585724035867081
WOA06539,0,-7.084828198098737
WOA06538,1,2.9500072199106917
WOA06537,1,2.9500072199106917
WOA06536,0,-5.405915529744275
WIW77987,0,-8.004678464328904
WIW77975,0,-8.004678464328904
WIW77963,0,-8.004678464328904
WIW77951,0,-6.362357233294585
WIW77939,0,-8.004678464328904
WIW77927,0,-9.396548557550053
WIW77680,0,-8.004678464328904
WIW77668,0,-8.004678464328904
WIW77656,0,-8.004678464328904
WIW77644,0,-9.051128903175632
WIW77620,0,-8.004678464328904
WIW77608,0,-9.396548557550053
WIW77596,0,-8.004678464328904
WIW77572,0,-7.164980314114159
WIW77206,0,-7.907488000250966
WIW77194,0,-8.004678464328904
WIW77182,0,-8.802351289677867
WIW77170,0,-8.004678464328904
WIW77158,0,-8.780686350443833
WIW77146,0,-9.396548557550053
WIW77134,0,-9.396548557550053
WIW77110,0,-8.004678464328904
WIW77098,0,-9.396548557550053
WIW77074,0,-8.004678464328904
WIW77062,0,-8.004678464328904
WIW72829,0,-9.396548557550053
WIW72817,0,-8.004678464328904
WIW72805,0,-8.004678464328904
WIW72793,0,-6.362357233294585
WIW72764,0,-13.890396470083076
WIW72752,0,-8.004678464328904
WIW72740,0,-8.004678464328904
WIW72318,0,-9.42593127431777
WIW72306,0,-6.829267950415094
WIW72294,0,-9.957715111185419
WHO46301,0,-5.357316736863906
WHO46272,0,-6.7975929936452975
WHO46240,0,-5.0679147795529005
WHL55455,0,-9.208146907130804
WFH86261,0,-10.066648478803229
WFH86249,0,-9.766180375292578
WFH86226,0,-9.55719009634844
WFH86167,0,-7.439303167019551
WFH86155,0,-9.55719009634844
WFH86143,0,-9.55719009634844
WFH86109,0,-5.682185532264002
WFH86085,0,-7.114010901517992
WFH86061,0,-4.597830022332591
WFH86038,0,-11.150644549383097
WFH86026,0,-9.184456464151706
WFH86014,0,-9.55719009634844
WFH86002,0,-5.682185532264002
WFH85990,0,-8.150008179762606
WFH85978,0,-9.55719009634844
WFH85943,0,-6.405487077569697
WFH85909,0,-8.93316004018691
WFH85886,0,-9.55719009634844
WFH85840,0,-7.114010901517992
WFH85817,0,-7.114010901517992
WFH85793,0,-5.682185532264002
WFH85770,0,-6.016002314159491
WFH85758,0,-7.114010901517992
WFH85746,0,-7.114010901517992
WFH85734,0,-7.114010901517992
WFH85722,0,-8.227895913277102
WFH85576,0,-7.114010901517992
WFH85564,0,-6.990132984498089
WFH85552,0,-7.114010901517992
WFH85540,0,-7.114010901517992
WFH85516,0,-7.114010901517992
WFH85444,0,-9.201705264991384
WFH85442,0,-5.91243268154654
WFH85441,0,-6.1291676753181505
WFH85439,0,-6.950483124311944
WFH85361,0,-6.950483124311944
WFH85358,0,-7.846629697478955
WFH85312,0,-9.586621831596773
WFH85276,0,-7.093183993425551
WFH85275,0,-5.018021433064343
WFH85274,0,-5.018021433064343
WFH85185,0,-7.114010901517992
WFH85184,0,-5.852485642923298
WFH85183,0,-6.752242772515499
WFH85043,0,-6.752242772515499
WFH85042,0,-7.507826999592446
WFH85041,0,-6.669137413081977
WFH85040,0,-9.55719009634844
WFH85037,0,-4.101585652232721
WFH85036,0,-8.7032411052504
WES82532,0,-5.498983399926397
WES75242,0,-6.424160820181445
WCR54599,1,1.3962109885764384
WCR54589,0,-12.629472880977808
WCR54593,0,-12.629472880977808
WCF71433,0,-7.653992464223993
WCF71421,1,0.9061393394844988
WCF71409,0,-1.942215954948212
WCF71387,1,0.2778434727049852
WCF71375,0,-1.1272479782660252
WCF71363,0,-8.189028340581435
WCF71352,0,-3.303058821938169
WCF71340,0,-7.191855186618572
WCF71318,1,3.047831432395961
WCF71306,0,-3.391729868351163
WCF71330,1,-1.1962750194278042
WCF71295,0,-5.668133082239892
WCF71283,0,-6.882381166367871
WCF71248,0,-2.5198337197004417
WCF71224,0,-9.177362293241995
WCF71236,0,-7.016128886808687
WCF71212,0,-7.191855186618572
WCF71200,0,-8.881859822596507
WCF71190,0,-6.242137570896239
WCF71160,0,-2.231735550809203
WCF71138,0,-8.490946929616701
WCF71126,0,-4.86876494861343
WCF71114,0,-13.115472373880108
WCF71080,0,-7.191855186618572
WCF71070,0,-8.189028340581435
WCF71046,0,-6.7857866774326485
WCF71034,1,3.047831432395961
WCF71022,0,-8.652461844726083
WCF71010,0,-3.251039344325104
WCF70998,1,1.0746861024890162
WCF70976,0,-8.189028340581435
WCF70965,0,-1.8171908819839206
WCF70953,0,-9.102504368112495
WCF70917,0,-8.652461844726083
WCF70941,0,-6.791270983422747
WCF70929,0,-7.063608884952783
UKH70659,0,-6.491599755000246
UKH70635,1,-0.8063899234602356
UKH70623,0,-6.820605273046479
UKH70611,0,-6.925325446021158
WBS97801,0,-6.211325161061638
WBS97799,0,-5.563790791720464
WBS97792,0,-7.711880967497694
WBS97790,0,-8.993136408198886
WBS97788,0,-7.260830993723838
WBS97787,0,-6.809509846845822
WBS97783,0,-7.711880967497694
WBS97782,0,-12.120550402138976
WBS97781,0,-10.23471253817106
WBS97780,0,-7.45864209423579
WBR47351,0,-3.322426304399162
WBR47331,0,-7.980343788923717
WBR44974,0,-5.435848037169194
QTC20725,0,-17.431191025366715
UZO45473,0,-11.847018970976093
UZO45325,0,-11.85226900395799
UZO40557,0,-7.673174631791051
UZO39213,0,-12.846855102131148
UZO36526,0,-8.139097807513881
UZH94884,0,-11.153190137925613
UZH94862,1,1.3962109885764384
UZH94840,0,-12.853035094187529
UZH94785,0,-12.853035094187529
UYR15249,0,-10.908560099981273
UYR10301,0,-12.157495110939498
UYR10252,0,-11.385262398230262
UYL65108,0,-8.139097807513881
UYL16211,0,-12.846855102131148
QGI57457,0,-8.060544067762567
ADD97077,0,-0.8741344903294976
UVV50350,0,-22.970037901704828
UVV50339,0,-10.50534693241867
UVV50329,0,-36.60279473222092
UVV50317,0,-13.367298109160133
UVV50294,0,-5.693743906791927
UVV50282,0,-1.6952169439492923
USO97049,0,-13.328282445069474
USO97036,0,-8.717262068057853
UNA44800,0,-3.9810224162848735
UNA44822,0,-3.9237522329200907
UNA44810,0,-10.56723730299779
UNA44546,0,-10.56723730299779
ALP01956,0,-8.43904798035998
ALJ54619,0,-14.005321790144873
QVE64429,0,-12.634323204869176
QPP47266,0,-4.8458664299351675
QPP47265,0,-2.7884013910083825
QPP47262,0,-4.8458664299351675
QPP47260,0,-4.396380614621983
QPP47252,0,-4.671064029921985
QPP47251,0,-4.419305191029049
QHF16222,0,-6.120467648178559
QHF16217,0,-3.5258207826381813
QHF16212,0,-5.385743381085516
QHF16210,0,-5.32150445384109
QHF16205,0,-4.781748179328354
QHF16201,0,-3.3607083863191667
QHF16200,0,0.5244714414097036
QHF16196,0,-1.6456101438641175
QHF16190,0,-2.984065437418158
QHF16187,0,0.256043178756153
AXO64577,0,-3.378486072689088
AXO64553,0,-3.378486072689088
AXO64488,0,-3.378486072689088
AXO64401,0,-3.378486072689088
AXO64314,0,-3.378486072689088
AXO64246,0,-11.254573996221986
AXO64122,0,-3.378486072689088
AXO64104,0,-3.378486072689088
AWZ61415,0,-11.53748037020851
AWZ61402,0,-10.949401460052801
AWZ61148,0,-11.53748037020851
AYD37923,0,-6.009295769537296
AXO64330,0,-11.53748037020851
QNI23603,0,-11.403682772180344
AYD37800,0,-6.009295769537296
AYA78737,0,-8.213288952059024
QKS74710,0,-11.577238796606462
QKS74657,0,-11.056225641469263
QKS74630,0,-11.226667900351245
QKS74545,0,-10.665821616637674
QIV19651,0,-7.95887009091293
QIQ46003,0,-8.728293294116819
QIJ25983,0,-3.104186571933809
QIA55118,0,-8.728293294116819
QHW14782,0,-10.639581650294755
QGQ58784,0,-9.789297329402913
QGQ58191,0,-3.584897176895523
QGQ58177,0,-8.044435344249377
QDX47307,0,-5.4427706255300246
QDX47306,0,-6.794190669674661
ASJ81359,0,-5.688400819323762
ASJ81358,0,-31.212687613916295
ASJ80989,0,-5.688400819323762
ASJ80988,0,-5.936843298562774
QEI01938,0,-3.584897176895523
BBM96444,0,-7.736898226382063
BBM96487,0,-6.217926843316061
BBM96476,0,-11.952020528940023
BBM96422,0,-13.747712853890292
BBM96411,0,-2.0576622970251517
QDX11291,1,3.047831432395961
QDQ43496,0,-9.282664728139475
QCW12961,1,1.258436126442012
QCR64923,0,-4.018334909533675
AVZ24024,1,2.7958319165677636
AVZ24023,1,-0.007264786613442098
AVZ24020,0,-0.7028623249756958
AVZ24019,0,-1.6482597234975227
AVZ24018,1,-2.0268907639712728
AVZ24017,1,6.0746381067741755
AVZ24014,0,-5.675093311899424
AVZ24013,0,-5.668133082239892
AVZ24012,1,2.7958319165677636
AVZ24010,0,-4.718594671981679
AVZ23185,1,2.6052070042638533
AVZ23184,1,2.6052070042638533
AVZ23183,1,1.259572222914171
AVZ23182,1,0.8606651823864393
AVZ23181,1,0.8961778995572462
AVZ23180,1,2.94533544748929
AVZ23179,1,2.099394975065776
AVZ23178,0,-4.57737941363631
AVZ23177,0,-4.266945311465685
AVZ23176,0,-2.318505833240831
AVZ23175,0,-18.056557591844197
AVZ23174,0,-4.710815653171531
AVZ23173,1,0.723931817248948
AVZ00484,1,4.165133254218231
AVZ00483,1,1.0772282231713817
AVZ00482,1,2.2278563170361547
AVZ00481,0,-5.804387395580061
AVZ00480,0,-5.668133082239892
QCD37444,0,-3.9614666784388497
QCD37281,0,-5.510519542219939
QBS20860,1,3.047831432395961
QBS20521,0,-6.8193571966532005
QBS20503,1,3.6413232332357808
QBP38183,1,3.047831432395961
QBL91215,1,3.047831432395961
QBL91210,0,-2.787058170416733
QBJ05984,0,-6.593756982637457
QBJ05983,0,-2.564370455532762
QBK12117,0,-6.172156470434825
QBK12116,0,-4.770289345962501
QBK12115,0,-2.0104381156103113
QBK12114,0,-6.172156470434825
QBJ05996,0,-2.0104381156103113
QBJ05995,0,-6.015805501604154
QBJ05994,0,-6.172156470434825
QBJ05993,0,-5.213844848194945
QBJ05992,0,-2.3234916234500513
QBJ05991,0,-5.230506895534862
QBJ05990,0,-7.493806655509444
QBJ05989,0,-4.770289345962501
QBJ05988,0,-7.001663279637476
QBJ05987,0,-2.1108487265977924
QBJ05986,0,-2.0104381156103113
AZS63843,1,2.8772493506772356
AZQ08976,0,-3.644155431717561
AYM50085,1,2.0427883417220922
AYM50065,1,1.6140031533594321
AXO64599,0,-1.5998897518590667
AXO64535,0,-7.7793493118992005
AXL27689,1,0.9871504685775765
AXF92812,1,1.989092751166936
AWZ62216,0,-2.0674744975392105
AWZ61655,0,-7.43785795623702
AWZ61334,0,-6.009295769537296
AWZ61044,0,-2.1366584493495884
AWT24840,0,-6.311499813463588
AWT24838,1,3.45882360094188
AWT24837,0,-3.8663342302257266
AWT24836,0,-5.432657785072221
AWT24833,0,-5.432657785072221
AWT24832,1,3.1395786721860315
AWT24831,0,-5.663377552828903
AWT24830,0,-5.432657785072221
AWT24829,0,-5.432657785072221
AWT24828,1,3.1395786721860315
AWT24827,1,3.1395786721860315
AWT24826,0,-5.432657785072221
AWT24825,1,3.1461610256771007
AWT24822,1,3.1395786721860315
AWT24820,1,3.1395786721860315
AWT24819,0,-5.432657785072221
AWT24818,0,-0.8737090113009831
AWT24817,0,-0.8737090113009831
AWT24816,1,1.7161135402040184
AWT24815,0,-5.432657785072221
AWT24814,0,-4.836135271159938
AWT24811,0,-3.8663342302257266
AWT24809,0,-5.432657785072221
AWT24808,0,-5.432657785072221
AWT24807,0,-3.8663342302257266
AWT24806,0,-5.432657785072221
AWT24805,1,3.1395786721860315
AWT24803,0,-5.432657785072221
AWT24802,1,3.1395786721860315
AWT24801,0,-5.432657785072221
AWT24800,0,-6.3886557884911905
AWT24799,0,-5.663377552828903
AWT24796,1,3.1395786721860315
AWT24795,1,1.5474512614121334
AWT24794,1,2.962009610232057
AWT24791,1,3.1395786721860315
AWT24789,1,3.1395786721860315
AWT24787,0,-5.432657785072221
AWT24785,0,-0.8737090113009831
AWT24783,0,-5.432657785072221
AWT24782,0,-5.432657785072221
AWT24781,1,3.1395786721860315
AWT24780,0,-3.8663342302257266
AWT24779,1,3.1395786721860315
AWT24777,1,2.8312768964005492
AWI45959,1,0.5876484512453786
AWI45948,1,1.989092751166936
AWI45921,1,1.989092751166936
AWI45903,0,-1.1307675069566567
AWI45895,1,0.949999920745368
AWI45878,1,4.0410353033724125
AWI45838,1,1.989092751166936
AVV62424,0,-9.571414526337236
AVK88342,0,-13.718564117669528
ATQ63178,0,-9.774945827875658
AMX73557,0,-5.687020507401383
AMX72990,0,-4.608541992907586
AMX72989,0,-8.057990653049686
AMX46385,0,-5.867803312290702
AMX46346,0,-4.608541992907586
AMX46345,0,-8.057990653049686
AMX28524,0,-3.404300231711284
AMX28472,0,-4.037411551916252
AMX28401,0,-4.608541992907586
AMX28387,0,-9.784070436699615
AMX28374,0,-1.9491741738413602
AMX28373,0,-6.4701998210302705
AMX28361,0,-4.756580607809896
AMX28360,0,-7.989234559486784
AMQ30931,0,-5.531850657973257
AMQ30930,0,-3.2098873275114244
AMQ30929,0,-5.7209529978825975
AMQ26041,1,1.4416301691457942
AMQ26040,0,-4.8533304060004685
ALZ47802,0,-9.660728833246715
ALZ47801,0,-4.71294507502286
ALZ47664,0,-5.889904385806696
ALZ47663,0,-11.916420695112832
ALZ46734,0,-11.916420695112832
ALZ46733,0,-18.995982006207385
ALZ46699,0,-15.223754686465487
ALZ46698,0,-11.166057593178698
ALV71379,0,-0.8600743071252568
AID07388,0,-16.88495773491327
AID07387,0,-6.83833150113201
AHZ37650,0,-2.4598455866737208
AHZ37649,0,-18.646302681071568
AHL82676,0,-4.257054937440399
AHL79472,0,-2.4367960924543537
AHL78591,0,-8.384476733069164
AHL78590,0,-2.9119866689801004
AGL59938,0,-5.083454564589924
AGL56243,0,-3.976271574753233
AGL52668,0,-25.384422365005108
AGL52650,0,-9.857053819868362
AGL52402,0,-10.091549094745247
AGK42455,0,-2.5074978315848497
AGK42454,0,-16.592222029880077
AGK42374,0,-4.715650800303988
AGK42373,0,-5.331429808556139
AGK41920,0,-20.241410010282834
AGK41795,0,-20.241410010282834
AGK41609,0,-5.514497099805771
AGK41472,0,-10.771440930159466
AGG83907,0,-18.06903346654469
AGG83595,0,-4.906510922201444
AGG83335,0,-5.741502619511478
AGG83334,0,-4.906510922201444
AGG83197,0,-16.17307433147267
AGG83196,0,-5.741502619511478
AGG81961,0,-33.75350055875243
AGG81960,0,-7.001388132831102
AGG27129,0,-8.755475097455781
AGG27128,0,-7.6814794744927335
AGG26638,0,-16.213964980023746
AGG26637,0,-8.702118264337656
AGG26501,0,-4.933349642418547
AGG26136,0,-3.7901627018592894
AGG26135,0,-11.600259586647745
AGG23670,0,-8.882832017628397
AGG23643,0,-4.852724857810699
AGE09042,0,-3.286937259659063
AGE08110,0,-5.746448974842396
AGE03121,0,-19.225633717601966
AGE03120,0,-4.998223081569385
AGE00445,0,-5.8993894766058395
AGE00444,0,-4.650791309348163
AGC73498,0,-5.083454564589924
AFY05902,0,-4.809295587045601
AFY05795,0,-4.557976514500682
AFP20954,0,-10.927597659502174
AFP20926,0,-10.927597659502174
AFP20925,0,-4.557976514500682
AFG72317,0,-5.608900651031746
AFG72316,0,-11.350841173896875
AET79367,0,-33.84232763091913
AET79366,0,-7.9710552744690535
AET78076,0,-4.193973843163321
AET78075,0,-6.920689199509866
AET78039,0,-6.920689199509866
AET77991,0,-19.62576439383268
AET77990,0,-8.676481617353568
AET77944,0,-5.912985330021815
AET77827,0,-5.912985330021815
AET77826,0,-3.413756388799163
AET77804,0,-5.912985330021815
AET77803,0,-2.9323878731950286
AET77700,0,-5.631089781033623
AET77549,0,-3.8298061736735685
AET77548,0,-6.392052823674316
AET76803,0,-42.293794966938044
AET75367,0,-10.316194224894392
AET74857,0,-6.950278724614294
AET74706,0,-6.920689199509866
AET74688,0,-3.404300231711284
AET74687,0,-5.912985330021815
AET74519,0,-3.1368005407003947
AEO91690,0,-8.551267100264763
AEO91689,0,-3.120530174767703
ATQ63177,0,-7.983417048493861
ATE49491,0,-14.444353907402672
ATE49388,0,-14.444353907402672
ATE48871,0,-1.7997843237669517
ATE48859,0,-14.444353907402672
APB91288,0,-7.770127095408068
APB91038,0,-2.9833832828007285
APB91017,1,-1.4535990357886455
APB91003,1,-1.0344547301965328
APB90991,0,-3.739697341129393
APB90867,0,-2.6032451887382617
APB90696,0,-7.650795899753326
APB90521,0,-6.896898606017715
APB90381,1,-2.5812955915008526
APB90374,0,-3.166630370862082
APB90168,0,-3.96445358865442
APB89984,0,-3.166630370862082
APB89877,0,-4.788077506163281
APB89858,0,-3.694641440923583
APB89776,0,-3.166630370862082
APB89758,0,-6.869587050043371
APB89747,0,-3.166630370862082
APB89732,0,-3.8992146619932395
APB89616,0,-2.3967808500156416
APB89573,0,-3.9661674913484397
APB89521,0,-2.400581441290962
APB89511,0,-3.110631757791312
APB89487,1,1.0244869652621116
APB89442,0,-4.291820505411385
APB89305,0,-3.281511610060326
APB89304,0,-8.274398840377852
APB89247,0,-3.305180965689713
APB89215,0,-3.166630370862082
AOZ85491,1,-0.008113251235391417
AOZ85465,0,-4.046205837969193
AOZ85454,0,-3.231686435878083
AIU46948,0,-2.3283673563865452
AIU46946,0,-3.9499184945606185
AIU46945,0,-3.166630370862082
AIU46944,0,-3.166630370862082
AIU46943,0,-6.184523062817014
AIU46942,0,-3.166630370862082
AIU46939,0,-8.532503168885475
AIU46938,0,-2.4557194513814355
AIU46937,0,-1.2236964190848667
AIU46936,0,-6.4083439798622255
AIU46935,0,-3.166630370862082
AIU46934,0,-4.261063043982557
AIU46932,0,-3.166630370862082
AIU46929,0,-4.064021816268313
AIU46928,0,-3.4035382894429036
AIU46927,0,-3.166630370862082
AIU46926,0,-3.4035382894429036
AIU46923,0,-4.261063043982557
AIU46922,0,-5.207092294093682
AIU46921,0,-2.200516202371272
AIU46920,0,-4.261063043982557
AIU46919,0,-4.261063043982557
AIU46917,0,-3.4035382894429036
AIU46916,0,-3.4035382894429036
AIU46915,0,-3.5875883593683504
AIU46914,0,-3.166630370862082
AIU46913,0,-3.4035382894429036
AIU46912,0,-5.207092294093682
AIU46911,0,-3.166630370862082
AIU46910,0,-3.3816097334641224
AIU46909,0,-4.606057099605798
AIU46908,0,-3.166630370862082
AIU46905,0,-2.4220160258138668
AIU46904,0,-3.4035382894429036
AIU46903,0,-3.5875883593683504
AIU46902,0,-3.4035382894429036
AIU46900,0,-3.166630370862082
AIU46899,0,-3.166630370862082
AIU46896,0,-4.625836780898457
AIU46895,0,-3.166630370862082
AIU46893,0,-3.166630370862082
AIU46892,0,-4.198350261158184
AIU46891,0,-9.618890563820667
AIU46890,0,-2.4605993674578084
AIU46888,0,-3.5417796938920763
AIU46886,0,-3.85079026239411
AIU46883,0,-4.606057099605798
AIU46881,0,-3.166630370862082
AIU46880,0,-4.261063043982557
AIU46879,0,-3.166630370862082
AIU46878,0,-3.166630370862082
AIU46876,0,-9.618890563820667
AIU46875,0,-3.4035382894429036
AIU46873,0,-3.907202486415212
AIU46872,0,-4.261063043982557
AIU46870,0,-3.166630370862082
AIU46869,0,-2.9987649620161694
AIU46868,0,-3.166630370862082
AIU46866,0,-4.01441313385849
AIU46865,0,-3.166630370862082
AIU46864,0,-4.499062136665161
AIU46862,0,-4.01441313385849
AIU46860,0,-3.166630370862082
AIU46859,0,-3.166630370862082
AIU46858,0,-4.2215100387498925
AIU46855,0,-4.4356975148727145
AIU46854,0,-3.7241337578675076
AIU46853,0,-1.7451711967142156
AIU46852,0,-3.166630370862082
AIU46850,0,-3.166630370862082
AIU46848,0,-4.878690979816013
AIU46847,0,-3.166630370862082
AIU46845,0,-4.01441313385849
AIU46842,0,-3.166630370862082
AIU46840,0,-5.289441003025868
AIU46839,0,-4.01441313385849
AIU46838,0,-6.4083439798622255
AIU46837,0,-2.0517162381267724
AIU46836,0,-1.8088933930107753
AIU46834,0,-3.166630370862082
AIU46832,0,-1.9868260963268067
AIU46830,0,-3.4035382894429036
AIU46829,0,-2.188804826334163
AIU46825,0,-2.873265158010172
AIU46824,0,-3.4035382894429036
AIU46821,0,-2.200516202371272
AIU46820,0,-3.166630370862082
AIU46819,0,-3.110631757791312
AIU46818,0,-2.2643679419762517
AIU46817,1,-0.736931214553433
AIU46815,0,-6.1402448923456285
AIU46814,0,-4.261063043982557
AIU46813,0,-3.6593352135449884
AIU46812,0,-3.166630370862082
AIU46809,0,-6.768675456143869
AIU46808,0,-3.8043993920583024
AIU46807,0,-2.9987649620161694
AIU46806,0,-4.408983420356644
AIU46805,0,-3.166630370862082
AIU46804,0,-3.166630370862082
AIU46802,0,-5.538882660194846
AIU46801,0,-4.408983420356644
AIU46800,0,-3.166630370862082
AIU46798,0,-7.205071952060503
AIU46797,0,-3.166630370862082
AIU46795,0,-3.166630370862082
AIU46794,0,-3.9416094952760226
AIU46793,0,-3.166630370862082
AIU46792,0,-3.166630370862082
AIU46788,0,-3.166630370862082
AIU46786,0,-3.166630370862082
AIU46783,0,-3.166630370862082
AIU46782,0,-3.2942179710746586
AIU46781,0,-3.166630370862082
AIU46779,0,-3.166630370862082
AIU46778,0,-1.963366955825581
AIU46777,0,-3.166630370862082
AIU46774,0,-3.3140021647491364
AIU46773,0,-3.166630370862082
AIU46772,1,-2.0141736837496573
AIU46771,0,-1.1255216129313546
AIU46770,0,-3.2942179710746586
AIU46768,0,-3.166630370862082
AIU46767,0,-3.166630370862082
AIU46765,0,-6.449113645097231
AIU46764,0,-1.831520523388976
AIU46763,0,-3.166630370862082
AIU46762,0,-3.166630370862082
AIU46761,0,-3.6057258950990665
AIU46760,0,-4.512667853543618
AIU46759,0,-3.4035382894429036
AIU46758,0,-2.200516202371272
AIU46756,0,-1.831520523388976
AIU46755,0,-3.8251588283256233
AIU46754,0,-3.4242623786678834
AIU46753,0,-1.7143061408827531
AIU46749,0,-6.993177096525386
AIU46746,0,-4.408983420356644
AIU46745,0,-3.85079026239411
AIU46744,0,-8.841242790649284
AIU46743,0,-1.1030958355478822
AIU46740,0,-7.788576130123324
AIU46739,0,-4.408983420356644
AIU46737,0,-3.166630370862082
AIU46735,0,-3.5656334536198777
AIU46733,0,-3.166630370862082
AIU46732,0,-2.9987649620161694
AIU46731,0,-3.5526901274264056
AIU46483,0,-3.166630370862082
AIU46481,0,-3.166630370862082
AIU46479,0,-3.166630370862082
AIU46478,0,-3.166630370862082
AIU46477,0,-3.4035382894429036
AIU46476,0,-3.4035382894429036
AIU46474,0,-3.4035382894429036
AIU46399,0,-3.4035382894429036
ASU47793,0,-3.166630370862082
ASO97503,0,-39.26692878675026
ASO97501,0,-13.284495647219442
ASO97485,0,-12.15075947466207
ASO97483,0,-3.626438664520456
ASB33702,0,-5.55931418855365
ASB33690,0,-31.512711983711704
ASB32842,0,-7.943567786518299
ASB32833,0,-0.29510882044164966
ARX97390,0,-25.253596796041307
ARX97388,0,-8.534574798351041
ARU07171,0,-6.7855024375341495
ARU07169,0,-6.8525479274333465
ARQ85940,0,-1.793444234869174
ARJ63957,0,-4.835621547847953
ARJ63952,0,-8.790393439200223
AQU12413,0,-6.030781508994604
APY25383,0,-9.601015559488205
APW84921,0,-9.784925407476113
APW84910,0,-9.576474660518098
ALX27327,0,-11.006251344081607
ALT19951,0,-8.91262347104848
ALT19827,0,-8.02775198682537
ALP01834,0,-9.581704515993957
ALJ54530,0,-9.72899660664407
ALH21545,0,-9.052310933728757
AKV57697,0,-6.378824626914156
AKH14605,0,-6.656488940996445
AJY54592,0,-10.564821499165317
AJF45784,0,-12.542068039556815
AJF45779,0,-22.46160361167357
AJF45775,0,-9.256497268570538
AJD77986,0,-7.933502017632826
AIZ70289,0,-8.452213750515408
AIZ70285,0,-23.595790484551813
AIZ70247,0,-2.1123864804010726
AIZ70214,0,-8.452213750515408
AIZ70208,0,-7.293536128950269
APO39355,0,-4.7321550098631935
AOV82401,0,-3.068286146929914
ALG00738,0,-7.29364514926983
ALG00730,0,-3.3446799665022153
ALG00726,0,-0.6112327436341349
ALG00722,0,-3.767068055949057
ALG00718,0,-2.2400180775730973
ALG00714,0,-3.5343893272848295
ALG00710,0,-3.2352171733285884
ALG00706,0,-2.58589800429088
ALG00702,0,-2.040279105800513
AOC37756,0,-8.964469709787151
ACF48930,0,-10.146112153590039
AAA18781,0,-20.17924978744761
AEB66665,0,-31.658899127589876
ADW80470,0,-6.141365081680613
ADW80459,0,-6.117383472238561
ADG21028,0,-7.375624131330567
ADG21007,0,-7.105869745821414
ADG21005,0,-6.844807948695157
ABO37609,0,-9.74715551739205
ABO37542,0,-10.372753215338951
ABO37490,0,-9.297506773155733
ABO37489,0,-10.469920019676534
ANG55916,0,-4.687955826101835
ANF29075,0,-9.970432110702687
ALR81994,0,-9.184618871776747
ALR81993,0,-2.7744094606731755
ALR81992,0,-5.022866707810543
ALR81991,0,-2.2565281837856954
ALR81989,0,-2.0687605890439995
ALR81988,0,-1.9292290500374687
AIC64616,0,-7.112317717081837
AIC64601,0,-11.646149035272979
AKZ42083,1,0.19770780182218317
AKZ41921,0,-2.3982348666389504
AKZ41895,1,2.0330154915359984
AKZ41844,1,2.1924303468654873
AJS17976,1,-0.30636661077137894
AJS17973,0,-19.870141560076462
AJS17971,0,-12.305251539454199
AJS17969,0,-9.253484719131805
AJS17968,0,-11.796923606246871
AJS17966,0,-6.083395062118166
AJS17964,0,-7.849185282242912
AJS17963,0,-10.068243850455454
AJS17962,0,-19.419063953629973
AJS17961,0,-31.216134314689718
AJS17960,0,-23.1625102646276
AJS17956,0,-28.910880256930923
AJS17920,0,-8.756756302564227
AJS17918,0,-9.169578934059501
AJS17917,0,-10.727504829945332
AJS17915,0,-11.245966670032885
AJS17913,0,-19.346216634780333
AJS17911,0,-11.292645565189392
AJS17907,0,-7.297590342690313
AJS17906,0,-9.169578934059501
AJS17905,0,-7.327040945673888
AJS17903,0,-8.756756302564227
AJS17899,0,-7.701671725418706
AJS17898,0,-7.230260484468703
AJS17897,0,-6.991181156589272
AJS17896,0,-6.772862439222437
AJS17895,0,-5.150468596678158
AJS17894,0,-4.159801279239202
AJS17893,0,-8.153361195075306
AJS17892,0,-7.192601363129926
AJS17891,0,-6.308238533830481
AJS17889,0,-6.308238533830481
AJS17888,0,-6.308238533830481
AJS17886,0,-6.308238533830481
AJS17885,0,-6.308238533830481
AJS17883,0,-7.184175998775585
AJS17882,0,-7.184175998775585
AJS17881,0,-7.184175998775585
AJS17880,0,-6.215276202443
AJS16419,0,-16.60436098476249
AJS16396,0,-8.484540566983757
AJS16390,0,-7.675375466167592
AJS16384,0,-8.355882550875918
AJS16373,0,-10.418429670532728
AJS16370,0,-7.51450321007937
AJS16367,0,-9.08740515015326
AJS16364,0,-12.846968445137824
AJS16361,0,-2.9549155395426547
AJS16358,0,-12.082866010288404
AJS16352,0,-5.8580251637774925
AGR54712,0,-2.0355406006711103
AGR54709,0,-8.697169361386829
AHB59323,0,-10.47828266403804
ALE66689,0,-15.066891888791634
ALD19413,0,-8.527967246749213
AHX38096,0,-30.04261408676784
AHX38093,0,-39.33497602230385
AKL90745,0,-27.9466677522377
AKL90741,0,-8.881859822596507
AKJ84209,0,-25.642360102253
AKJ80211,0,-0.9199956290109315
AKJ80207,0,-0.9618235720317889
AJJ96179,0,-33.38120234487656
AJJ96178,0,-6.335737618987286
AJJ96022,0,-31.492928444724704
AJJ96020,0,-28.00678596303772
AJJ96019,0,-4.380096328062138
AJJ95846,0,-30.977096757042574
AJJ95845,0,-9.08469287598123
AJJ95832,0,-10.932750643942919
AAA43149,0,-12.556606712399358
AAA43146,0,-7.72502482729991
AAA43145,0,-10.363724949818456
AAA43144,0,-8.737908077864576
AAA43143,0,-11.303064795430497
AIE53166,0,-2.1785031792070946
AJD14112,0,-19.545996237452506
AJD14111,0,-18.462632565168533
AJD14110,0,-5.379236693758888
AJD14109,0,-1.7091902464699587
AJD14001,0,-24.619755322617607
AJD13999,0,-4.419492740798685
AJD12987,0,-4.491528399616093
AJD12986,0,-10.03010603236202
AJD12973,0,-6.335737618987286
AJD12972,0,-30.977096757042574
AJD12956,0,-4.820887292625305
AJD12955,0,-30.977096757042574
AJD12918,0,-3.9177100201166954
AJD12865,0,-4.037139344884479
AJD12863,0,-2.5851649332000646
AJD12847,0,-6.335737618987286
AJD12846,0,-32.11354724448005
AJD12831,0,-14.242879678735296
AJD12813,0,-7.646333324259003
AJD12812,0,-3.1208964430350647
AJD12795,0,-31.69777529378181
AJD12793,0,-6.909172988050868
AJD12777,0,-7.646333324259003
AJD12757,0,-34.0837976854606
AJD12756,0,-7.804560929899157
AJD12728,1,-0.03708857021104528
BAQ19486,0,-6.650612450910167
BAQ19476,0,-16.043503579340666
BAQ19456,0,-18.580763502761016
BAQ19446,0,-9.90337291996332
BAQ19436,0,-0.8531082181242304
BAQ19416,1,-0.9045323992183345
BAQ19406,0,-15.106656777087789
AIU46705,0,-9.98230785417606
AIT38426,0,-38.6245602971514
AIQ77768,0,-4.628154360601783
AIQ77756,0,-8.935416429084047
AIO11726,0,-1.078460041090322
AIO11715,0,-8.649566805165367
AIO11706,0,-1.078460041090322
AIO11686,0,-8.649566805165367
AIN25566,0,-1.078460041090322
AIN25558,0,-9.177362293241995
AIN25551,0,0.23248922691260887
AIN25541,0,0.23248922691260887
AHL24597,0,-1.0388890036654672
AHL24577,0,-9.749150938736166
AHL24567,0,-1.0388890036654672
AHL24557,0,-1.0388890036654672
AHL24517,0,-3.3123605493480355
AII30768,0,-8.649566805165367
AIE52177,0,-23.410845158950657
AFO83088,0,-6.06543835660846
AHY95057,0,-31.185196329677886
AHY95053,0,-21.166757184867976
AHW46685,0,-9.571414526337236
AHW46664,0,-30.636928144399334
AHW46660,0,-9.571414526337236
AHM24129,0,-4.421231066211842
AHM24125,0,-9.571414526337236
AHL21543,0,-1.551354011343447
AHL21470,0,-30.11800046268558
AHL21466,0,-9.571414526337236
AHK10681,0,-4.421231066211842
AHK10677,0,-7.131664216863154
AHK10667,0,-13.005655424537201
AHK10663,0,-4.421231066211842
AHH00822,0,-2.4242650841125393
AHG26656,0,-26.4136967137848
AHD25184,0,-3.285876417777823
AHD25163,0,-8.427206075798301
AHD25142,0,-23.135025591061755
AHB73608,0,-9.353255568095701
AGY79655,0,-4.148036303606449
AGT41695,0,-3.817248107077612
AGT41690,0,-8.310769751822969
ADU17015,0,-9.493817872482847
AGL51629,0,-8.427206075798301
AEP95319,0,-10.636184713095812
AEQ73293,0,-9.968185623628504
AEQ73168,0,-2.812542467173518
AEQ61206,0,-26.84127796708127
AEK50760,0,-4.360855724937604
AFP99367,0,-13.702639557651967
AFP21014,0,-22.70071987508404
AFN69199,0,-13.02862672002479
AEQ62915,0,0.5393092203495247
AEQ62914,0,-2.21296194319266
AEQ62912,0,-1.7921153477851046
AEQ62910,0,-1.9309619573007826
ADU20562,1,0.4658777778397418
ACY56526,0,-25.144961911631135
ACY56525,0,-26.00679873289514
ACY56524,0,-16.06255801970616
ACY56523,0,-29.16684280524037
ACY56522,0,-16.343490491050684
ACY56519,0,-21.125120419587773
ACY56518,0,-16.58898953192879
ACY56517,0,-7.148813298785703
ACY56516,0,-12.195339474838404
AEI29915,0,-6.914481631628387
AEI29913,0,-10.233301451496093
AEI29912,0,-5.1533165648485255
AEI29910,0,-3.564623464211457
AEI29902,0,-6.24394327750252
AEI29901,0,-6.298885147857094
AEI29900,0,-8.855668900691525
AEI29899,0,-7.485455283129127
AEI29898,0,-11.170566573914508
AEI29896,0,-13.593975233965121
AEI29895,0,-4.8568158067668605
AEI29893,0,-4.3114057820321205
AEI29891,0,-9.396173460532424
AEI29890,0,-7.525556342406917
AEI29889,0,-7.63963752849793
AEI29888,0,-1.6407295156215858
AEI29887,0,-8.103528986187749
AEI29885,0,-7.822303775674512
AEI29883,0,-6.074581781056964
AEI29882,0,-7.337770532508977
AEI29881,0,-10.16973464574117
AEI29880,0,-1.4864996572591922
AEI29879,1,0.8949587568390704
AEI29878,1,1.478061598733932
AEI29877,0,-14.942868608459095
AEI29876,0,-10.318460070289953
AEI29875,0,-11.21496730883996
AEI29874,0,-10.97395924040182
AEI29873,0,-13.132080837452508
AEI29872,0,-11.876500942658854
AEI29871,1,0.4949919477525899
AEH26544,0,-6.199430015426695
ADU17459,0,-10.091549094745247
ADU17103,0,-2.3700342848113927
ADU16565,0,-5.5563624439618895
ADU16018,0,-15.76859368381914
AEA04387,0,-7.775380675878948
ADW80437,0,-5.084170408881305
ADW80357,0,-18.918205062181833
ADW80283,0,-13.70083347962549
ADW80250,0,-4.713663841319897
ACY06463,0,-4.995439244412291
ACY06462,0,-4.940812613014677
ACY06460,0,-14.706748696366997
ACY06459,0,-10.765626630106103
ACY06457,0,-6.649267985593477
ACY06455,0,-9.553736088767877
ACY06453,0,-9.314847884304543
ACY06452,0,-11.657486796705527
ACY06451,0,-8.348985656928345
ACY06447,0,-13.549569375922163
ACY06446,0,-13.549569375922163
AAA62470,0,-12.595971289013471
BAJ09300,1,2.881378106512459
BAJ09299,1,2.881378106512459
BAJ09298,1,2.8595282605498564
BAJ09297,1,2.326038462495255
BAJ09296,1,2.881378106512459
BAJ09295,1,2.881378106512459
BAJ09294,1,2.8595282605498564
BAJ09292,1,1.3767513944738532
BAJ09291,1,1.5310535803778524
BAJ09289,1,1.5310535803778524
BAJ09288,1,2.0052184868921703
BAJ09287,1,1.0587354937694258
BAJ09286,1,1.5637247465826345
BAJ09285,1,3.02780368151355
BAJ09284,1,3.811443905786337
BAJ09283,1,3.811443905786337
BAJ09282,1,3.02780368151355
BAJ09281,1,3.811443905786337
BAJ09280,1,3.02780368151355
BAJ09278,1,3.1932537895840163
BAJ09277,1,3.02780368151355
BAJ09276,1,0.17866502701450493
BAJ09275,1,1.8706905453750817
BAJ09274,1,0.6293220600375768
ADG21027,0,-4.468902317710976
ADG21025,0,-8.455869977039054
ADG21020,0,-5.73887064164709
ADG21017,0,-5.866327049456885
ADG21016,0,-5.644403367616054
ADG21015,0,-5.608275915317153
ADG21014,0,-4.959562862554032
ADG21012,0,-5.258663745288992
ADG21010,0,-5.258663745288992
ADG21008,0,-4.101830020982556
ADG21006,0,-5.258663745288992
ADG21004,0,-5.258663745288992
AAA64228,0,-7.139022975600136
AAA64229,0,-5.186078178785743
ACI06174,0,-2.436950466624406
ACI06172,0,-2.436950466624406
ACI06171,0,-2.436950466624406
ACI06169,0,-6.587469163131519
ACI06168,0,-6.610998636544591
ACI06167,0,-8.826971473768706
ACI06163,0,-7.828816913845687
ACI06160,0,-6.587469163131519
ACI06158,0,-6.2275603236569275
ACI06157,0,-6.2275603236569275
ACI06156,0,-6.2275603236569275
ACI06154,0,-4.005856005611745
ACI06153,0,-7.742117631940106
ACI06152,0,-6.2275603236569275
ACI06151,0,-6.2275603236569275
ACI06150,0,-5.930544080763437
ACI06146,0,-3.290017419302684
ACI06144,0,-7.438481891548541
ACI06142,0,-6.587469163131519
ACI06140,0,-6.587469163131519
ACI06138,0,-6.587469163131519
ACI06137,0,-6.587469163131519
ACI06134,0,-6.587469163131519
ACI06133,0,-6.587469163131519
ACI06132,0,-6.544659128482444
ACI06131,0,-7.026037721246329
ACI06130,0,-6.544659128482444
ACI06129,0,-6.544659128482444
ACI06128,0,-5.729822730855588
ACI06127,0,-6.544659128482444
ACI06125,0,-4.688789894673397
ACI06124,0,-13.207182142194775
ACI06123,0,-6.544659128482444
ABY81852,0,-6.530256582738225
ABY81851,0,-11.07073604462634
ABY81850,0,-4.463601015572973
ABY81849,0,-8.664976988519594
ABY81848,0,-5.7224983720533915
ABY81847,0,-5.7224983720533915
ABY81846,0,-5.7224983720533915
ABY81845,0,-6.715427132428227
ABY81843,0,-4.562672926925091
ABY81842,0,-5.7224983720533915
ABY81840,0,-6.403755602597202
ABY81839,0,-4.83463081922314
ABY81838,0,-5.455035995022705
ABY81837,0,-5.106742211614635
ABY81836,0,-5.662068094071698
ABY81835,0,-3.881782041773679
ABY81834,0,-5.2448436880934635
ABY81833,0,-5.351802474647956
ABZ81075,0,-11.546945088821948
ABR88080,0,-4.10489758819649
ACF28527,0,-4.112672565319052
BAA00772,0,-20.73293314239867
ABQ41898,0,-10.948580403599756
ABQ41888,0,-13.324532314428094
ABO51928,1,-4.583646221398427
AAA43114,0,-9.352458516976654
AAA43112,0,-41.057658425922874
AAA43111,0,-6.096254893579972
AAA43103,0,-42.68745478778763
AAA43102,0,-39.5942822434881
AAA43101,0,-13.145381824644272
ABF60581,0,-3.708958933706465
ABF60578,0,-4.218209230702782
ABF60576,0,-19.647516038021237
CAA24271,0,-1.7263585728407485
HMIV89,0,-7.72502482729991
HMIV77,0,-10.841907144920306
JQ1153,0,-12.44229466970298
