accession,train_label,logit
YFH77964,0,-20.90819498062566
YFH78007,0,-20.468667508780733
YEV86564,0,-8.202018644394103
YEV86563,0,-10.230020000865853
UPI56474,0,-2.403089108895286
UPI56462,0,-2.06739574303399
YDP22890,0,-6.523846379152822
YDP22889,0,-6.523846379152822
YDP22888,0,-6.523846379152822
YDP22886,0,-7.704477892639638
YDN61860,0,-18.833909350686667
YDK26846,0,-5.708121098689435
YDK26842,0,-6.404930518006715
YDH88916,0,-29.847951342616145
YDH88900,0,-27.447831157650015
YDH88894,0,-16.161652036845283
YDH88886,0,-10.008470250601771
YDH88882,0,-22.437962567366505
YDH88880,0,-28.903877119072792
YDH88876,0,-28.823233765811004
YDH88852,0,-9.47604325682656
YDH88848,0,-30.236035963496203
YDB96802,0,-14.564022427682527
YDB96798,0,-26.448104046238768
YDB96794,0,-9.472708012225183
YDB96790,0,-14.552986608829663
YDB96784,0,-13.320690400170808
YDB96780,0,-13.22304556392427
YDB96778,0,-9.859740763707544
YDB96774,0,-13.624534610830294
YDB96772,0,-22.87133979549128
YDB96768,0,-22.850370009008028
YDB96764,0,-13.562625328689222
YDB96762,0,-16.817170398976348
YDB96756,0,-20.5585843361409
YDB96752,0,-19.97963257660085
YDB96750,0,-13.320690400170808
YDB96748,0,-10.660996899319382
YDB96742,0,-11.203739149584845
YDB96740,0,-19.10687662313848
YDB96738,0,-13.320690400170808
YDB96736,0,-15.54009418090177
YDB96732,0,-17.322442672547304
YDB96730,0,-5.102191978736595
YDB96726,0,-5.304853795830516
YDB96724,0,-17.322442672547304
YDB96722,0,-10.259138756392957
YDB96720,0,-13.023456324957884
YDB96718,0,-10.38296662577359
YDB96716,0,-18.763503815629207
YDB96710,0,-13.023456324957884
YDB96708,0,-25.48723193037952
XTX72824,0,-27.680061202580635
XTX72813,0,-27.680061202580635
XTX72802,0,-27.680061202580635
YCZ87924,0,-3.7816567494037416
YCZ87922,1,-2.9101470265481915
YCZ87920,0,-7.829377547334462
YCZ87918,0,-16.5240935139425
YCZ87914,0,-8.739873022518433
YCZ87912,0,-6.463763119231951
YCZ87910,0,-4.959297930032115
YCZ87908,0,-10.068926250600217
YCZ87906,0,-9.08485481564612
YCZ87904,0,-5.413673663730407
YCZ87900,0,-9.458267452902975
YCZ87898,0,-5.007424011961891
YCZ87896,0,-5.4911098213542395
YCZ87894,0,-7.775277718201882
YCZ87892,0,-10.123759607048386
YCZ87890,0,-5.917889252360483
YCZ87888,0,-5.8523023242364225
YCZ87884,0,-7.47146499048311
YCZ87882,0,-10.082155741024014
YCZ87880,0,-4.5641255972951535
YCZ87878,0,-6.998737638783444
YCZ87876,0,-1.9276530718846772
YCZ87872,0,-5.8523023242364225
YCZ87870,0,-7.044010388563727
YCZ78801,0,-9.343885312696187
YCS47975,0,-9.23684396470299
YCS47963,0,-29.156076840707637
YCQ40290,0,-10.008470250601771
YCP19042,0,-5.510517950413895
YCP19034,0,-5.669468783998909
YCP19033,0,-4.73359400456334
YCO72643,0,-6.851652434746704
YCO14773,0,-5.6061045833866086
YCO10462,0,-5.712085517319505
YCO10466,0,-5.033447388922861
YCO10463,0,-5.957003344737233
YCO10460,0,-5.542231112657497
YCO10461,0,-6.2532400841704785
YCN39006,0,-6.851652434746704
YCN38955,0,-5.897852468619675
YCN38363,0,-6.055025195544575
YCN38089,0,-7.465600437452654
YCN38076,0,-5.732174448857247
YCN38070,0,-6.2532400841704785
YCN37370,0,-6.2532400841704785
YCN37365,0,-6.185368422201014
YCN37293,0,-6.2532400841704785
YCN37264,0,-6.2532400841704785
YCN37247,0,-6.185368422201014
YCN37189,0,-6.2532400841704785
YCM62005,0,-6.096493997575006
YCM61970,0,-6.2532400841704785
YCM61954,0,-6.2532400841704785
YCM61892,0,-6.423726879965329
YCM61914,0,-6.2532400841704785
YCJ10324,1,3.4742273961862935
YCJ10322,1,3.66776088971905
YCJ10321,1,7.713400782961674
YCJ10320,1,8.088708713504271
YCJ10319,1,2.9889354131895196
YCB58320,0,-17.390318039850033
YCB58318,0,-6.925231454396429
YCB21591,0,-7.221365235991561
YCB21580,0,-5.1240841196925455
YCB21547,0,-4.723329229983989
YCB21536,0,-6.7658405194368125
YCB21525,0,-7.796152650171669
YCB21503,0,-6.7658405194368125
YCB21481,0,-6.7658405194368125
YCB21470,1,0.7074289669456881
YCB21459,1,0.7074289669456881
YCB21437,0,-1.4479523107365502
YCB21426,0,-1.4479523107365502
YCB21404,0,-4.579366271225254
YCB21382,0,-6.22566217654116
YCB21349,0,-6.7658405194368125
YCB21327,0,-7.08351866096802
YCB21316,0,-4.431163985278744
YCB21261,0,-6.751077848221833
YCB21250,0,-5.070991602603819
YCB21239,0,-6.398223798803457
YCB21228,0,-6.7658405194368125
YCB21217,0,-7.067888108075545
YCB21206,1,0.4434415422475446
YCB21195,1,0.4434415422475446
YCB21184,1,1.203042116214025
YCB21174,1,1.203042116214025
YCB21163,0,-5.073514461544185
YCB21152,0,-6.334156369550643
YCB21141,0,-6.271582105990138
YCB21130,0,-6.118661204568081
YCB21119,0,-2.3716749447389205
YCB21108,0,-1.7629005507141748
YCB21086,0,-8.726590092078187
YCB21075,0,-7.16585247569485
YCB21064,0,-6.271582105990138
YCB21042,0,-5.070991602603819
YCB21031,0,-5.070991602603819
YCB21020,0,-6.7658405194368125
YCB21009,0,-5.070991602603819
YCB20998,0,-6.882550351744708
YCB20987,0,-6.7658405194368125
YCB20976,0,-6.958361887591591
YCB20965,0,-5.189385080349137
YCB20943,0,-6.7658405194368125
YCB20932,0,-6.7658405194368125
YCB20921,0,-10.653876264473825
YCB20910,1,-0.17989720216416316
YCB20899,0,-5.070991602603819
YCB20888,0,-3.147010667552305
YCB20877,1,1.203042116214025
YCB20866,0,-7.08351866096802
YCB20855,0,-7.7341060196523355
YCB20800,0,-6.7658405194368125
YCB20789,0,-6.7658405194368125
YCB20778,0,-3.747416797680093
YCB20767,0,-5.401322127148193
YCB20756,0,-5.248768686491946
YCB20745,0,-5.340701921990448
YCB20734,0,-7.075553511116528
YCB20723,0,-7.075553511116528
YCB20701,0,-7.075553511116528
YCB20690,0,-6.1169213486689635
YCB20679,0,-4.694013981149634
YCB20668,0,-2.886361643318196
YCB20657,0,-2.886361643318196
YCB20646,0,-6.663941410483417
YCB20624,0,-6.400491488000245
YCB20591,0,-6.7658405194368125
YCB20580,0,-6.7658405194368125
YCB20569,0,-6.7658405194368125
YCB20558,0,-5.641590827680773
YCB20547,0,-7.752774607001269
YCB20536,0,-6.7658405194368125
YCB20525,0,-5.070991602603819
YCB20515,0,-5.070991602603819
YCB20506,0,-6.7658405194368125
YCB20489,0,-5.070991602603819
YCB20480,0,-3.147010667552305
YCB20453,0,-5.070991602603819
YCB20414,0,-6.975025696474164
YCB20409,0,-6.7658405194368125
YCB20398,0,-7.08351866096802
YCB20390,0,-5.694102547128988
YCB20381,0,-6.334156369550643
YCB20372,0,-6.554398646695054
YCB20363,0,-5.56615080835574
YCB20354,0,-6.7658405194368125
YCB20343,0,-6.7658405194368125
YCB20336,0,-5.694102547128988
YCB20328,0,-6.7658405194368125
YCB20317,0,-6.804480555355582
YCB15482,0,-0.8994761000586298
YCB15478,0,-9.97260593014752
YCB15476,0,-15.13350508931428
YCB15474,0,-31.265340357462854
YBZ29168,0,-3.6227034357160086
WPD40848,0,-5.29685501677317
YBW06056,0,-12.320043653783955
YBV45747,0,-9.062982799393362
YBV45739,0,-10.088221287777987
YBV45737,0,-29.179708361095123
YBV45735,0,-25.89686814781572
YBV45731,0,-13.474228516934135
YBU60584,0,-9.517814352066985
YBU60582,0,-7.647358725024707
YBU60580,0,-12.665975494355155
YBU60576,0,-4.5641255972951535
YBU60572,0,-10.434501504496405
YBU60562,0,-9.08485481564612
YBU60556,0,-5.708121098689435
YBU60554,0,-29.179708361095123
YBU60542,0,-27.892893860314295
YBU60540,0,-8.896873972722268
YBU60538,0,-28.17123795838842
YBU60536,0,-14.66786615551177
YBP46472,0,-3.334268549439466
YBP08991,0,-12.213169932691283
YBP08989,0,-10.959703935096732
YBP08981,1,-0.15088030475069658
YBP08979,0,-19.351201428898317
YBK92974,0,-7.956862035363239
YBK92972,0,-14.28855517860479
YBK92960,0,-13.475906331021958
YBK92954,0,-18.56101849114514
YBK92952,0,-13.902692285259263
YBH87779,0,-4.5641255972951535
YBH87777,0,-15.803517065244067
YBH87775,0,-32.794393188875176
YBH87773,0,-12.382346401346036
YBH87771,0,-28.903877119072792
YBH87769,0,-28.50934200017389
YBH87767,0,-9.930041710227659
YBH87761,0,-9.388905060470025
YBH87757,0,-10.448230842269005
YBH87755,0,-8.99175996853317
YBH87753,0,-17.887449064636648
YBB93953,0,-7.00739523041068
YAO56778,0,-7.747157787115499
YAO56774,0,-5.304853795830516
YAO56768,0,-8.749733582661356
YAO56760,0,-15.755622906507458
YAO56758,0,-5.9444788590372575
YAO56750,0,-7.920361749046432
YAO56748,0,-30.876960348209757
YAO56746,0,-11.256455124556627
YAO56742,0,-9.321526203802959
YAB59163,0,-10.318515841430763
YAB59159,0,-4.5641255972951535
YAB59149,0,-15.15188989801712
YAB59147,0,-14.564343716669793
YAB59145,0,-27.276018245502172
XZX72807,0,-20.671066069030495
XZX72805,0,-16.50050848117686
XZX72799,0,-16.609789548767054
XZX72797,0,-15.899291030470678
XZX72791,0,-28.903877119072792
XZX72789,0,-3.6867336536568436
XZX72787,0,-15.488469522634258
XZE13727,0,-8.3383648817243
XZE13725,0,-4.965872286230353
XZE13721,0,-8.682470561320802
XYW64010,0,-6.49841856920407
XKH15321,0,-8.628990123176377
QWZ14542,0,-1.1780034571595284
XVC18733,0,-17.26936951865135
XUN73840,0,-6.7658405194368125
XUN73829,0,-7.333253853849703
XUN73807,0,-6.7658405194368125
XUN73796,0,-7.629508373439297
XUN73785,0,-6.7658405194368125
XUN73763,0,-7.326023032903596
XUN73752,0,-6.22566217654116
XUN73741,0,-5.461795657046874
XUN73730,0,-6.7658405194368125
XUN73719,0,-6.7658405194368125
XUN73708,0,-6.7658405194368125
XUN73675,0,-6.7658405194368125
XUN73642,0,-7.36407108278082
XUN73631,0,-6.7658405194368125
XUN73587,0,-3.677221036796025
XUN73576,0,-4.591824345460145
XUN73565,0,-5.681181065711945
XUN73554,1,-3.533187699314496
XUN73543,0,-5.603402551452341
XUN73532,0,-5.603402551452341
XUN73521,0,-6.22566217654116
XUN73510,0,-6.873131867475038
XUN73499,0,-6.22566217654116
XUN73477,0,-6.7658405194368125
XUN73466,0,-5.605617143026484
XUN73433,0,-3.0753948677699396
XUN73422,0,-6.406398685997887
XUN73411,0,-6.349076920379353
XUN73389,0,-6.7658405194368125
XUN73378,0,-6.22566217654116
XUN73367,0,-6.7658405194368125
XUN73345,0,-5.070991602603819
XUN73334,0,-0.3398766878616257
XUN73312,0,-5.070991602603819
XUN73301,0,-6.22566217654116
XUN73279,0,-8.260862222331298
XUN73257,0,-6.7658405194368125
XUN73246,0,-6.7658405194368125
XUN73235,0,-6.448078369349098
XUN73224,0,-6.3739457934093195
XUN73213,0,-6.7658405194368125
XUN73191,0,-6.7658405194368125
XUN73169,0,-3.3736980764379307
XUN73158,0,-3.147010667552305
XUN73136,0,-6.22566217654116
XUN73114,0,-9.27079670266799
XUN73103,0,-6.7658405194368125
XUN73092,0,-9.578700263239242
XUN73081,0,-6.7658405194368125
XUN73070,0,-6.7658405194368125
XUN73026,0,-6.7658405194368125
XUN73015,0,-6.106462563209158
XUN73004,0,-9.065587902307227
XUN72993,0,-7.221365235991561
XUN72982,1,0.5024760076641428
XUN72971,0,-6.7658405194368125
XUN72949,0,-6.7658405194368125
XUN72938,0,-6.7658405194368125
XUN72927,0,-8.210541994020254
XUN72916,0,-6.7658405194368125
XUN72883,0,-6.7658405194368125
XUN72839,0,-3.538467150977386
XUN72828,0,-7.0011553623148615
XUN72817,0,-6.7658405194368125
XUN72806,0,-6.738591521028177
XUN72784,0,-2.5746627396551007
XUN72773,0,-6.7658405194368125
XUN72762,0,-2.7210631487995567
XUN72740,0,-5.070991602603819
XUN72729,0,0.3650522056908905
XUN72718,0,-5.070991602603819
XUN72707,0,-5.070991602603819
XUN72685,0,-6.7658405194368125
XUN72674,0,-6.091898830976298
XUN72663,0,-6.7658405194368125
XUN72630,0,-3.028777172313985
XUN72619,0,-6.7658405194368125
XUN72586,0,-6.7658405194368125
XUN72575,0,-6.7658405194368125
XUN72564,0,-7.443108121528491
XUN72553,0,-6.7658405194368125
XUN72542,0,-6.7658405194368125
XUN72520,0,-6.22566217654116
XUN72509,0,-6.7658405194368125
XUN72498,0,-3.8746719669189247
XUN72487,0,-7.357713414609314
XUN72465,0,-6.7658405194368125
XUN72454,0,-8.61394937831886
XUN72432,0,-6.7658405194368125
XUN72421,0,-6.22566217654116
XUN72399,0,-6.7658405194368125
XUN72388,0,-6.7658405194368125
XUN72377,0,-6.7658405194368125
XUN72366,0,-6.7658405194368125
XUN72355,0,-6.7658405194368125
XUN72333,0,-2.145227029009426
XUN72322,0,-6.22566217654116
XUN72311,0,-6.7658405194368125
XUN72300,0,-6.7658405194368125
XUN72289,0,-3.2358132176361893
XUN72278,0,-6.7658405194368125
XUN72267,0,-6.7658405194368125
XUN72256,0,-6.7658405194368125
XUN72234,0,-6.7658405194368125
XUN72223,0,-6.22566217654116
XUN72212,0,-6.7658405194368125
XUN72201,0,-7.518331195298954
XUN72179,0,-3.7665816157098604
XUN72168,0,-11.703974843377503
XUN72146,0,-7.229586675101201
XUN72135,0,-11.703974843377503
XUN72113,0,-5.245009467778253
XUN72091,0,-6.7658405194368125
XUN72080,0,-6.7658405194368125
XUN72069,0,-6.7658405194368125
XUN72058,0,-6.076540652098576
XUN72047,0,-6.7658405194368125
XUN72036,0,-6.7658405194368125
XUN72025,0,-2.697751462482758
XUN72003,0,-6.7658405194368125
XUN71992,0,-6.7658405194368125
XUN71981,0,-6.7658405194368125
XUN71970,0,-6.436586895677305
XUN71959,0,-6.22566217654116
XUN71904,0,-6.7658405194368125
XUN71882,0,-6.7658405194368125
XUN71871,0,-6.7658405194368125
XUN71860,0,-6.7658405194368125
XUN71849,0,-6.7658405194368125
XUN71838,0,-6.7658405194368125
XUN71816,0,-6.7658405194368125
XUN71794,0,-6.7658405194368125
XUN71783,0,-5.937716878711223
XUN71728,0,-1.2085717993879008
XUN71717,0,-5.070991602603819
XUN71706,0,-5.070991602603819
XUN71673,0,-5.070991602603819
XUN71651,0,-6.7658405194368125
XUN71640,0,-6.7658405194368125
XUN71629,0,-7.93329759917712
XUN71596,0,-6.443271911017295
XUN71585,0,-6.516011279327021
XUN71563,0,-3.0295072098704248
XUN71530,0,-7.255669247439894
XUN71519,0,-7.216332322399953
XUN71508,0,-6.722266839865792
XUN71486,0,-3.147010667552305
XUN71475,0,-5.82596913815917
XUN71442,0,-6.22566217654116
XUN71431,0,-6.7658405194368125
XUN71420,0,-6.271582105990138
XUN71398,0,-6.22566217654116
XUN71365,0,-7.067888108075545
XUN71343,0,-6.7658405194368125
XUN71332,0,-6.7658405194368125
XUN71321,0,-8.67993097298917
XUN71310,0,-6.7658405194368125
XUN71299,0,-6.7658405194368125
XUN71277,0,-6.026627451596028
XUN71244,0,-7.185510731436693
XUN71233,0,-6.205640333337961
XUN71222,0,-6.7658405194368125
XUN71189,0,-5.366258008499695
XUN71178,0,-6.969879804767416
XUN71167,0,-6.7658405194368125
XUN71156,0,-6.7658405194368125
XUN71145,0,-6.7658405194368125
XUN71134,0,-3.237401196295279
XUN71123,0,-6.7658405194368125
XUN71112,0,-6.7658405194368125
XUN71079,0,-7.324701955298842
XUN71068,0,-6.7658405194368125
XUN71035,0,-7.3043685762996144
XUN71024,0,-6.601872262121772
XUN71013,0,-6.7658405194368125
XUN71002,0,-6.7658405194368125
XUN70958,0,-6.7658405194368125
XUN70947,0,-6.992541810393785
XUN70936,0,-5.350320293659829
XUN70914,0,-6.7658405194368125
XUN70903,0,-6.7658405194368125
XUN70870,0,-6.7658405194368125
XUN70859,0,-6.472814079279527
XUN70848,0,-5.198785694763064
XUN70837,0,-6.551680350238286
XUN70826,0,-8.19569079609142
XUN70782,0,-6.7658405194368125
XUN70771,0,-6.002719401548646
XUN70749,0,-4.847190786105765
XUN70738,0,-6.7658405194368125
XUN70727,0,-6.7658405194368125
XUN70705,0,-6.271582105990138
XUN70694,0,-6.7658405194368125
XUN70683,1,1.3565908938082707
XUN70672,0,-6.7658405194368125
XUN70661,0,-6.7658405194368125
XUN70650,1,0.8840079258749824
XUN70639,1,0.8840079258749824
XUN70628,0,-6.7658405194368125
XUN70617,0,-6.7658405194368125
XUN70584,0,-6.7658405194368125
XUN70573,0,-7.627405132962428
XUN70562,0,-6.7658405194368125
XUN70551,0,-7.3967103855100955
XUN70540,0,-6.7658405194368125
XUN70529,0,-12.088947934487887
XUN70507,0,-7.448870142613412
XUN70496,0,-7.201234859224542
XUN70474,0,-7.249475139757125
XUN70463,0,-3.147010667552305
XUN70441,0,-7.860916522351907
XUN70430,0,-6.7658405194368125
XUN70419,0,-6.7658405194368125
XUN70408,0,-5.937716878711221
XUN70386,0,-6.9021314801927645
XUN70364,0,-6.7658405194368125
XUN70331,0,-6.7658405194368125
XUN70320,0,-8.016645446110159
XUN70298,0,-6.7658405194368125
XUN70287,0,-7.201234859224542
XUN70254,0,-6.7658405194368125
XUN70243,0,-7.776314587402281
XUN70221,0,-7.405168638321047
XUN70199,0,-6.7658405194368125
XUN70188,0,-8.666529512123148
XUN70177,0,-5.956867330814953
XUN70155,0,-6.22566217654116
XUN70144,0,-6.7658405194368125
XUN70133,0,-6.22566217654116
XUN70122,0,-6.22566217654116
XUN70100,0,-6.65311423528447
XUN70089,0,-7.167018091056281
XUN70078,0,-6.7658405194368125
XUN70067,0,-4.218714548429795
XUN70056,0,-6.7658405194368125
XUN70045,0,-7.346412693849473
XUN70023,0,-6.7658405194368125
XUN70012,0,-3.547593492867043
XUN70001,0,-2.3570761015942
XUN69979,1,0.8840079258749824
XUN69957,1,0.9676534028177866
XUN69935,0,-6.22566217654116
XUN69924,0,-7.185510731436693
XUN69913,0,-7.185510731436693
XUN69902,0,-7.1049103974149475
XUN69891,0,-3.147010667552305
XUN69880,0,-3.601825869176146
XUN69858,0,-6.7658405194368125
XUN69847,0,-7.077768536989048
XUN69836,0,-4.86863634846182
XUN69825,0,-6.7658405194368125
XUN69814,0,-6.7658405194368125
XUN69803,0,-6.7658405194368125
XUN69792,0,-6.7658405194368125
XUN69781,0,-8.939407016553744
XUN69770,0,-1.992342855979416
XUN69737,0,-6.7658405194368125
XUN69726,0,-7.822262594446135
XUN69715,0,-6.7658405194368125
XUN69704,0,-6.7658405194368125
XUN69693,0,-6.7658405194368125
XUN69682,0,-6.7658405194368125
XUN69671,0,-6.22566217654116
XUN69649,0,-6.7658405194368125
XUN69628,0,-6.7658405194368125
XUN69621,0,-7.441694361558351
XUN69604,0,-35.59017609964988
XUN69589,0,-6.22566217654116
XUN69580,0,-6.7658405194368125
XUN69560,0,-6.7658405194368125
XUN69540,0,-6.123044189520105
XUN69521,0,-6.7658405194368125
XUN69513,0,-6.7658405194368125
XUN69504,0,-7.482688968774221
XUN69494,0,-6.45393569181965
XUN69487,0,-8.520230905302418
XUN69480,0,-6.7658405194368125
XUN69473,0,-6.902747230381756
XUN69467,1,1.5573074932075404
XUN69456,0,-6.7658405194368125
XUN69437,0,-5.873274049638045
XUN69428,0,-6.22566217654116
XUN69422,0,-6.216964273028001
XUN69367,0,-5.6371930991173596
XUN69358,0,-7.095732754706869
XUN69348,0,-6.7658405194368125
XUN69340,0,-6.7658405194368125
XUN69330,0,-3.147010667552305
XUN69314,0,-7.692275456690922
XUN69304,0,-7.100987743276157
XUN69286,0,-6.7658405194368125
XUN69279,1,1.3565908938082707
XUN69271,0,-6.071612391268564
XUN69263,0,-7.167018091056281
XUM80088,0,-3.147010667552305
XUM73440,0,-8.69274213585855
XUM73215,0,-8.071985245645106
XSF38112,0,-8.071985245645106
XSF37900,0,-5.761632113655699
XRI99510,0,-6.22566217654116
XRI98280,0,-3.028777172313985
XRI97979,0,-3.7172312286947395
XRI58488,0,-4.604739538207582
XQE53506,0,-11.774104206505356
XPZ07120,0,-3.147010667552305
XPZ06778,0,-0.34281375201059205
XPZ03546,0,-3.2358132176361893
XPO71821,0,-8.364992939748177
XPO71820,0,-14.727876613643495
XPO71819,0,-19.02106315525421
XPO55351,0,-7.839867423755885
XPO14940,0,-4.234520153025983
XPO14822,1,-0.8696478194246708
XPO14784,0,-4.534894971800211
XPO14783,0,-1.9738313273228734
XOE87489,0,-8.130365932669648
XOD40201,0,-5.5784674403729735
XOD40124,0,-6.049115736040211
XOD39886,0,-5.850312059339471
XNM01023,0,-6.49841856920407
XNM00997,0,-6.49841856920407
XNM00964,0,-8.84991024025127
XNM00961,0,-6.622171005567262
XNM00938,0,-6.49841856920407
XNM00928,0,-6.49841856920407
XNM00885,0,-8.84991024025127
XNM00847,0,-6.49841856920407
XNM00764,0,-6.49841856920407
XNM00749,0,-4.329554401218379
XNM00714,0,-6.49841856920407
XMQ97238,0,-6.49841856920407
XMQ94975,0,-6.49841856920407
WZL55684,0,-5.625594113883821
WZL55500,0,-5.625594113883821
WZL55213,0,-4.954340900037579
XHW86885,1,0.8707921231621647
XHW86874,0,-1.8549939146453838
XHW86863,1,1.0773202719434956
XHW86852,0,-4.694013981149634
XHW86841,0,-4.8450114636121615
XHW86819,1,0.8707921231621647
XHW86808,0,-5.459767549217622
XHW86797,0,-5.080479595658296
XHW86786,1,2.4953665246693415
XHW86775,0,-2.0834302513963063
XHW86764,0,-2.0834302513963063
XHW86742,0,-5.683517281834279
XHW86731,0,-5.683517281834279
XHW86720,0,-3.147010667552305
XHW86698,0,-2.07839719289907
XHW86687,0,-2.07839719289907
XHW86676,0,-5.070991602603819
XHW86665,0,-4.694013981149634
XHW86654,0,-1.9790242527075073
XHW86643,0,-4.694013981149634
XHW86632,0,-3.939784597578125
XHW86621,0,-2.6257659749125324
XHW86610,1,0.43540315928093776
XHW86599,1,0.7895799069284628
XHW86588,1,0.7895799069284628
XHW86566,0,-5.216359146499636
XHW86544,1,0.8707921231621647
XHW86533,1,2.301873905193011
XHW86511,0,-4.932634432629479
XHW86500,0,-4.694013981149634
XHW86489,0,-4.9651797907029405
XHW86478,0,-5.459767549217622
XHW86467,0,-4.932634432629479
XHW86424,0,-3.305304457093264
XHW86347,0,-3.546941416070254
XHW86336,1,0.8707921231621647
XHW86325,1,0.8707921231621647
XFC84613,0,-4.694013981149634
XFC84602,0,-4.694013981149634
XFC84591,1,1.0985399287124054
XFC84580,0,-0.9464219688103626
XFC84569,0,-0.9464219688103626
XFC84558,0,-5.070991602603819
XFC84547,0,-5.070991602603819
XFC84525,0,-4.694013981149634
XFC84514,0,-3.2358132176361893
XFC84503,0,-3.2358132176361893
XFC84492,1,0.8707921231621647
XFC84481,1,0.8707921231621647
XFC84448,0,-4.932634432629479
XFC84437,0,-7.183713686608659
XFC84415,1,0.6091099739127372
XFC84404,0,-5.503304376226314
XFC84382,1,0.8707921231621647
XFC84371,0,-4.694013981149634
XFC84360,0,-5.075249770168167
XFC84338,0,-5.76578367269874
XFC84327,0,-1.190818537023123
XFC84316,0,-2.6257659749125324
XFC84305,0,-3.545084869079199
XFC84294,0,-4.694013981149634
XFC84283,0,-4.694013981149634
XFC84272,0,-5.346136461697629
XFC84261,0,-5.365486714054068
XFC84250,0,-4.694013981149634
XFC84239,0,-3.8841433705523905
XFC84206,0,-5.070991602603819
XFC84195,0,-4.167222820799175
XFC84140,1,1.7257145182896547
XFC84129,1,1.3569097249889897
XFC84118,1,1.3569097249889897
XFC84107,1,0.8707921231621647
XFC84096,0,-5.235988460346457
XFC84085,0,-5.235988460346457
XFC84076,0,0.4738242299057056
XFC84065,0,0.4738242299057056
XFC84054,0,-1.6331670805023855
XFC84043,0,-1.6331670805023855
XFC84032,0,-0.6690330397552255
XFC84021,0,-0.6690330397552255
XFC84010,0,-4.694013981149634
XFC83999,1,0.8707921231621647
XFC83988,0,-5.459767549217622
XFC83977,0,-5.459767549217622
XFC83955,0,-2.6257659749125324
XFC83944,0,-5.229150694123689
XFC83933,0,-4.8450114636121615
XFC83911,0,-4.694013981149634
XFC83900,0,-5.892565795175255
XFC83867,0,-5.459767549217622
XFC83856,0,-2.2356000380695242
XFC83823,1,0.8707921231621647
XFC83801,0,-5.365486714054068
XFC83790,1,0.8707921231621647
XFC83768,0,-4.694013981149634
XFC83757,0,-4.129920782013393
XFC83746,0,-2.6257659749125324
XFC83713,0,-2.554908031739739
XFC83691,0,-7.857665618021294
XFC83680,1,0.8707921231621647
XFC83669,1,0.8707921231621647
XFC83649,1,0.8707921231621647
XFC83631,0,-5.231974237306929
XFC83622,0,-3.8314044978341997
XFC83603,0,-4.694013981149634
XFC83585,0,-2.6257659749125324
XFC83576,0,-5.365486714054068
XFC83557,0,-4.932634432629479
XFC83548,1,0.8707921231621647
XFC83538,0,0.4354135249573243
XFC83529,1,0.8707921231621647
XFC83518,0,-5.459767549217622
XFC83507,0,-8.10568743938362
XFC83496,0,-8.10568743938362
XFC83485,0,-4.5830658070037344
XFC83463,0,-8.10568743938362
XFC83452,0,-5.459767549217622
XFC83441,0,-5.459767549217622
XFC83419,0,-4.694013981149634
XFC83397,0,-5.426244466296245
XFC83386,0,-5.459767549217622
XFC83375,0,-5.946423351271751
XFC83364,0,-5.946423351271751
XFC83354,0,-5.210248472472603
XFC83343,0,-5.210248472472603
XFC83334,0,-4.8450114636121615
XFC83301,0,-5.617414397812752
XFC83268,0,-4.932634432629479
XFC83257,1,2.4734442696027656
XFC83224,0,-5.365486714054068
XFC83213,0,-6.093582103560715
XFC83191,0,-4.7824033011789915
XFC83180,0,-3.939784597578125
XFC83169,0,-5.76578367269874
XFC83158,0,-5.365486714054068
XFC83147,0,-5.0489213080909
XFC83136,0,-5.0489213080909
XFC83104,0,-5.365486714054068
XFC83071,1,0.8707921231621647
XFC83060,1,1.3434681168703904
XFC83049,0,-7.650560301045843
XFC83016,0,-8.235045444598626
XFC83005,0,-8.235045444598626
XFC82994,0,-4.694013981149634
XFC82983,0,-4.694013981149634
XFC82975,0,-5.516108195606723
XFC82964,0,-6.275404817611957
XFC82953,0,-4.694013981149634
XFC82942,0,-5.76578367269874
XFC82931,0,-5.76578367269874
XFC82909,0,-6.781850751446083
XFC82898,0,-4.681223298864335
XFC82876,0,-5.459767549217622
XFC82865,0,-4.681223298864335
XFC82854,0,-4.681223298864335
XFC82843,0,-4.694013981149634
XFC82832,0,-4.694013981149634
XFC82821,1,2.557866208700645
XFC82810,1,2.557866208700645
XFC82788,0,0.09519920260966686
XFC82777,0,-5.891363745130999
XFC82766,0,-5.697572211505708
XFC82755,0,-5.697572211505708
XFC82744,0,-5.697572211505708
XFC82735,0,-5.697572211505708
XFC82724,0,-5.697572211505708
XFC82713,0,-5.697572211505708
XFC82702,0,-5.365486714054068
XFC82691,0,-5.080479595658296
XFC82681,0,-5.080479595658296
XFC82670,0,-5.146849201290475
XFC82659,0,-4.8450114636121615
XFC82637,0,-5.174136543438863
XFC82626,0,-5.288052759462758
XFC82593,0,-4.694013981149634
XFC82582,0,-4.694013981149634
XFC82560,0,-4.694013981149634
XFC82549,0,-5.365486714054068
XFC82538,0,-6.618982287275907
XFC82516,0,-1.660693076843181
XFC82505,0,-7.449350046217782
XFC82472,0,-5.365486714054068
XFC82461,0,-3.6134900341058724
XFC82450,0,-5.459767549217622
XFC82439,0,-5.459767549217622
XFC82428,0,-5.459767549217622
XFC82406,0,-4.694013981149634
XFC82395,0,-5.459767549217622
XFC82351,0,-4.217211571403087
XFC82340,0,-4.217211571403087
XFC82307,0,-5.365486714054068
XFC82275,0,-4.405594566595115
XFC82253,0,-3.6666509642856715
XFC82187,0,-5.3039934183294335
XFC82165,0,-4.669585558872658
XFC82143,0,-5.6218906559977135
XFC82121,0,-6.902079671453942
XFC82110,0,-6.902079671453942
XFC82099,0,-4.8450114636121615
XFC82044,0,-5.76578367269874
XFC82033,0,-5.76578367269874
XFC82012,0,-3.6730268967549087
XFC82001,0,-2.78997098665101
XFC81979,0,-4.694013981149634
XFC81968,1,0.8707921231621647
XFC81957,0,-4.8450114636121615
XFC81946,0,-4.482811643180195
XFC81935,1,1.4063367475929667
XFC81924,0,-6.056022378626707
XFC81913,0,-4.807379805920679
XFC81891,0,-4.694013981149634
XFC81880,0,-4.520133753635758
XFC81847,0,-4.694013981149634
XFC81836,1,-0.21032634661219163
XFC81825,0,-5.397172520344029
XFC81814,0,-5.397172520344029
XFC81803,0,-5.397172520344029
XFC81792,0,-5.397172520344029
XFC81781,0,-5.76578367269874
XFC81759,0,-6.226891046273936
XFC81748,0,-6.226891046273936
XFC81737,0,-4.694013981149634
XFC81726,0,-4.694013981149634
XFC81715,0,-4.932634432629479
XFC81693,0,-4.932634432629479
XFC81682,0,-5.397172520344029
XFC81671,0,-5.470880772699548
XFC81660,0,-5.697572211505708
XFC81649,0,-1.4630188357256309
XFC81638,0,-5.755889582985253
XFC81627,1,0.5317870677247925
XFC81616,1,0.5317870677247925
XFC81605,0,-5.015379102994052
XFC81583,0,-4.694013981149634
XFC81572,0,-5.080479595658296
XFC81561,0,-5.080479595658296
XFC81539,0,-8.251338014218337
XFC81528,0,-5.365486714054068
XFC81506,0,-4.897026219757828
XFC81473,0,-5.76578367269874
XFC81429,0,-4.694013981149634
XFC81418,0,-4.694013981149634
XFC81407,0,-2.0932020198636483
XFC81396,0,-2.0932020198636483
XFC81374,0,-4.243420135016947
XFC81363,0,-5.365486714054068
XFC81341,0,-5.76578367269874
XFC81330,0,-5.459767549217622
XFC81319,0,-5.459767549217622
XFC81308,0,-5.018795024958308
XFC81297,0,-5.018795024958308
XFC81286,0,-5.459767549217622
XFC81275,0,-4.694013981149634
XFC81264,0,-4.932634432629479
XFC81253,0,-4.932634432629479
XFC81242,0,-5.91575159383347
XFC81221,0,-4.812727230947843
XFC81199,0,-4.8450114636121615
XFC81188,0,-4.8450114636121615
XFC81170,0,-5.365486714054068
XFC81159,0,-5.637886449042725
XFC81140,0,-5.637886449042725
XFC81129,0,-5.637886449042725
XFC81118,0,-6.989999701355188
XFC81096,0,-5.365486714054068
XFC81074,0,-5.365486714054068
XFC81052,0,-4.8450114636121615
XFC81019,0,-5.307779704471301
XFC81008,0,-4.730419021438896
XFC80997,0,-4.730419021438896
XFC80986,0,-4.694013981149634
XFC80964,0,-5.459767549217622
XFC80953,0,-5.365486714054068
XFC80942,0,-5.76578367269874
XFC80931,0,-4.161456805849308
XFC80909,0,-6.179093629186035
XFC80898,0,-4.989211340876395
XFC80887,0,-4.932634432629479
XFC80876,1,0.4632452604792814
XFC80865,0,-4.694013981149634
XFC80854,0,-5.36779531810603
XFC80843,0,-4.704681743480741
XFC80832,0,-5.459767549217622
XFC80799,1,0.8707921231621647
XFC80777,0,-5.459767549217622
XFC80766,0,-5.459767549217622
XFC80755,0,-4.694013981149634
XFC80733,0,-4.932634432629479
XFC80711,0,-5.229150694123689
XFC80700,0,-4.694013981149634
XFC80689,0,-4.8450114636121615
XFC80678,0,-1.0023624493578787
XFC80667,1,1.8377169775933098
XFC80656,0,-5.732515205183786
XFC80645,1,2.3258377126819774
XFC80634,0,-5.521305222472428
XFC80623,0,-5.365486714054068
XFC80612,1,2.146155273634575
XFC80601,0,-5.365486714054068
XFC80579,0,-5.365486714054068
XFC80568,0,-5.365486714054068
XFC80546,0,-1.0023624493578787
XFC80514,0,-1.0730182121514638
XFC80503,0,-5.365486714054068
XFC80481,0,-1.0023624493578787
XFC80470,0,-4.694013981149634
XFC80459,0,-5.240611932831639
XFC80448,0,-5.365486714054068
XFC80415,0,-5.081087527167137
XFC80404,0,-7.6663036269666485
XFC80393,0,-7.096055601510219
XFC80382,0,-7.183713686608659
XFC80371,0,-4.319478198791856
XFC80349,0,-4.932634432629479
XFC80330,0,-5.459767549217622
XFC80319,0,-5.459767549217622
XFC80308,0,-4.694013981149634
XFC80297,0,-4.8450114636121615
XFC80275,0,-4.095345526374739
XFC80265,0,-5.243407738148788
XFC80254,0,-5.365486714054068
XFC80243,0,-5.365486714054068
XFC80222,0,-5.0489213080909
XFC80211,0,-4.8450114636121615
XFC80189,0,-5.365486714054068
XFC80167,0,-5.459767549217622
XFC80145,0,-5.459767549217622
XFC80134,0,-5.365486714054068
XFC80123,0,-4.694013981149634
XFC80101,0,-5.365486714054068
XFC80090,0,-4.694013981149634
XFC80079,0,-4.694013981149634
XFC80068,0,-2.554908031739739
XFC80057,0,-4.566303637211691
XFC80046,0,-7.857665618021294
XFC80024,0,-5.28530648909528
XFC80013,0,-5.28530648909528
XFC80002,0,-5.0489213080909
XFC79980,0,-4.8994490021576595
XFC79961,0,-5.459767549217622
XFC79951,0,-4.870662121362013
XFC79941,0,-5.76578367269874
XFC79931,0,-5.76578367269874
XFC79902,0,-4.585401374492243
XFC79892,0,-5.210248472472603
XFC79883,0,-4.8450114636121615
XFC79865,0,-4.932634432629479
XFC79848,0,-4.8450114636121615
XFC79838,0,-5.210248472472603
XFC79831,0,-7.151133769359074
XFC79811,0,-6.189053458836252
XFC79791,0,-5.459767549217622
XFC79772,0,-4.8450114636121615
XFC79753,0,-5.080479595658296
XFC79726,0,-6.179093629186035
XFC79717,0,-5.080479595658296
XFC79700,1,2.1373111560005604
XFC79693,0,-5.104204680642857
XFC79688,0,-7.151133769359074
XFC79677,0,-5.179593221746206
XFC79668,0,-5.76578367269874
XFB56345,0,-9.326264267407751
XFB56343,0,-7.88162445188742
XFB56341,0,-19.606801961993142
XFB56339,1,0.5402913099578228
XFB56337,0,-5.8523023242364225
XFB56333,0,-6.407505315684061
XFB56327,0,-16.00693773513772
XFB56325,0,-5.635019374108065
XFB56311,0,-21.3188052706617
XFB56307,0,-28.826412702854384
XFB56303,0,-5.602038129059956
XFB56301,0,-6.88234541909703
XFB56299,0,-25.524908913350473
XFB56297,0,-43.55380351032696
XFB56295,0,-40.826330164072004
XFA02390,0,-0.9414536516089989
XFA02389,0,-11.40568391405398
XFA02388,0,-13.924367371043099
XEQ90854,0,-8.64407082977101
XEQ90852,0,-19.348730764725847
XEQ90850,0,-19.55937955997558
XEQ90846,0,-19.867952145326093
XEQ90844,0,-16.914355562322328
XEQ90842,0,-19.618792445375902
XEQ90834,0,-6.407505315684061
XCV19025,1,1.7893902687779413
XCV19024,0,-5.268807228425462
XCV19023,1,0.3560581037720567
XCV19021,1,-1.4698961756660616
XCV19020,0,-3.512583852953439
XCV19017,1,0.19561545986909223
XCV19016,1,2.2860673772244375
XCV19009,0,-7.031922255195035
XCV19007,0,-5.393165457385852
XCV19004,0,-2.722755496459083
XCV19000,0,-3.735162506569388
XCV18999,1,0.36772922301658184
XCV18998,0,-2.722755496459083
XCV18997,0,-3.6340608030176185
XCV18996,0,-4.135015241546325
XCV18995,0,-3.6340608030176185
XCV18994,0,-2.722755496459083
XCV18993,0,-4.414993320095281
XCV18991,0,-21.557769261342997
XCV18990,0,-36.57765545072077
XCV18989,0,-3.283228439787157
XCV18987,0,-21.308497546787343
XCV18985,0,-18.990054195074464
XCV18984,0,-28.508030139381678
XCV18983,0,-30.569214602409357
XCV18982,0,-28.508030139381678
XCV18976,0,-30.750921221091392
XCV18973,0,-31.247845208773665
XCV18972,0,-31.247845208773665
XCV18968,0,-2.537199261352484
XCV18967,0,-28.43886738879414
XCV18964,0,-3.9808326735410127
XCV18962,0,-2.72010051098572
XCV18961,0,-26.969418907355475
XCV18960,0,-28.33480610754417
XCV18959,0,-28.33480610754417
XCV18958,0,-22.020537979398025
XCV18957,0,-26.716089773629218
XCV18956,0,-19.502724962056902
XCV18951,1,1.8893778145335922
XCV18949,0,-23.128610464795443
XCV18947,0,-6.128632248348078
XCV18946,0,-6.128632248348078
XCV18944,0,-4.252211963251902
XCV18943,0,-28.042334873219186
XCV18939,0,-28.947329686561602
XCV18937,0,-22.1121104378495
XCV18936,0,-1.3473030802651582
XCV18934,0,-28.864824429600073
XCV18932,0,-29.23104704547688
XCV18931,0,-22.67509581450036
XCV18930,0,-21.7229360961583
XCV18929,0,-38.89093897503443
XCV18926,0,-23.58776348821741
XCV18923,0,-16.653393216849835
XCV18921,0,-14.693810514215702
XCV18920,0,-24.598692287455528
XCV18919,0,-25.4845496954364
XCV18918,0,-16.653393216849835
XCV18915,0,-13.471259101458354
XCV18913,0,-28.028331665855628
XCV18910,0,-4.596105560644265
XCV18905,0,-43.343976528963225
XCV18904,0,-43.343976528963225
XCV18902,0,-19.067652006307565
XCV18899,0,-31.324768859243225
XCV18898,0,-27.885595301236247
XCV18895,0,-35.114631753435475
XCV18892,0,-5.99288339370602
XCV18891,0,-5.99288339370602
XCV18890,0,-29.446231686865367
XCV18887,0,-29.446231686865367
XCV18886,0,-28.85668781275531
XCV18885,0,-6.505135944188577
XCV18882,0,-27.885595301236247
XCV18881,1,2.748607530940685
XCV18880,1,2.748607530940685
XCV18879,0,-15.455961733291998
XCV18878,0,-38.65987285419072
XCV18877,0,-29.981941482073264
XCV18876,0,-4.626120788262584
XCV18875,0,-27.095863698209747
XCV18874,0,-39.75770127921379
XCV18873,0,-12.474316119601664
XCV18872,0,-14.081764433973444
XCV18871,1,2.3789644633488063
XCV18870,0,-40.45854642045054
XCV18866,0,-27.056043141235563
XCV18865,0,-7.171755216789183
XCV18862,0,-3.0655625654310334
XCV18860,0,-3.0655625654310334
XCV18858,0,-24.85813885869475
XCV18857,0,-24.135078908314373
XCV18852,0,-3.0655625654310334
XCV18848,0,-37.04692729699658
XCV18847,0,-27.74024960179059
XCV18845,0,-34.87971102863267
XCV18843,0,-10.613107244333277
XCV18842,0,-37.26837546600727
XCV18841,0,-25.598749635027907
XCV18840,0,-20.617908361440367
XCV18835,0,-17.38041110006343
XCV18834,0,-19.123872495562395
XCV18833,0,-21.011356310459227
XCV18831,0,-16.92147684927917
XCV18827,0,-13.60834241942813
XCV18824,0,-21.33849435440214
XCV18823,1,2.1486611983305473
XCV18822,0,-4.72427836159769
XCV18821,0,-30.80500657080947
XCV18820,0,-28.166812002772826
XCV18818,1,2.2138843195566373
XCV18817,1,2.2138843195566373
XCV18816,1,1.6039915396404716
XCV18815,0,-27.03667865892912
XCV18812,0,-12.913162802791067
XCV18811,0,-1.287127016820481
XCV18810,0,-27.182251075026766
XCV18809,0,-18.074512697338122
XCV18808,0,-7.61953960074173
XCV18806,0,-19.428093726725127
XCV18805,0,-24.097106430010875
XCV18804,0,-14.95825610520355
XCV18801,0,-19.390535064862828
XCV18800,0,-19.390535064862828
XCV18798,0,-28.370373335342965
XCV18793,0,-12.394160946849563
XCV18790,0,-22.606904037368793
XCV18783,0,-13.702673437397927
XCV18776,0,-22.206785278465553
XCV18770,0,-24.084200018407795
XCV18769,0,-12.454744804012563
XCV18768,0,-12.454744804012563
XCV18766,0,-21.60453074770666
XCV18763,0,-23.643856410984142
XCV18762,0,-11.606164387414953
XCV18761,0,-3.2795091898814874
XCV18759,0,-11.606164387414953
XCV18758,0,-24.246192924358915
XCV18757,0,-15.413253221439845
XCV18755,0,-10.765746128757094
XCV18754,0,-10.765746128757094
XCV18752,0,-9.68073391167158
XCV18748,0,-23.76782689616066
XCV18747,0,-10.093040963092948
XCV18741,0,-5.04855334705578
XCV18739,0,-5.04855334705578
XCV18738,0,-3.6916673917984273
XCV18737,0,-11.883187391469443
XCV18736,0,-7.509656974438336
XCV18735,0,-11.187660355042354
XCV18727,0,-10.943253129178622
XCV18726,0,-5.083340363098799
XCV18725,0,-4.2729148393857805
XCV18724,0,-5.04855334705578
XCV18721,0,-3.1776236261452944
XCV18720,0,-4.458796918168234
XCV18718,0,-10.093040963092948
XCV18712,0,-4.458796918168234
XCV18711,0,-5.051323466313017
XCV18709,0,-8.867120326284855
XCV18708,0,-6.20520047292689
XCV18706,0,-6.63937130015155
XCV18704,0,-10.093040963092948
XCV18703,0,-22.445862957525424
XCV18701,0,-21.391672114211197
XCV18700,0,-21.391672114211197
XCV18699,0,-35.3929304629863
XCV18697,0,-35.23498903808094
XCV18695,0,-19.4762649070221
XCV18690,1,4.291532454870534
XCV18684,0,-9.78876383414903
XCV18683,1,4.921068822108014
XCV18677,0,-21.70687938738833
XCV18672,0,1.2129170495972588
XCV18669,0,-28.07771898989997
XCV18668,0,-21.5208951026704
XCV18667,0,-23.009791871999152
XCV18665,0,-20.888472741194427
XCV18663,0,-2.5177572476131704
XCV18662,0,-4.62651086957009
XCV18660,0,-22.211953782512257
XCV18657,0,-22.242474788272013
XCV18656,0,-5.587983977713591
XCV18655,0,-22.88868260167228
XCV18654,0,-27.181898604291167
XCV18652,0,-19.21528318643977
XCV18651,0,-24.071673801123175
XCV18650,0,-25.892601819611954
XCV18649,0,-14.448036975386977
XCV18648,0,-22.17869719332474
XCV18647,0,-21.272779074050764
XCV18645,0,-22.17869719332474
XCV18642,0,-21.738138857262243
XCV18641,0,-27.14220304618387
XCV18640,0,-4.224716902923426
XCV18638,0,-19.43505291210381
XCV18637,0,-23.503689956281857
XCV18636,0,-0.4758106995690099
XCV18635,0,-21.816681509209808
XCV18633,1,3.9148315354391308
XCV18631,1,3.6143539454914553
XCV18630,0,-2.7912447665369164
XCV18629,1,3.6143539454914553
XCV18628,0,-21.931395579327628
XCV18626,0,-23.89911918111136
XCV18621,0,-23.908252575704854
XCV18618,0,-27.467009245404753
XCV18613,0,-2.297581072745116
XCV18612,0,-24.822938618350747
XCV18610,0,-25.173260744399656
XCV18609,0,-25.89232447004505
XCV18608,0,-25.89232447004505
XCV18606,0,-21.938571633196766
XCV18603,0,-23.16672274710284
XCV18600,0,-21.53235377485646
XCV18599,0,-7.362644609083366
XCV18595,0,-3.7719843439040446
XCV18594,0,-21.074740541195034
XCV18591,0,-33.393549557876135
XCV18588,0,-28.55076098394338
XCV18586,0,-7.676126190427938
XCV18585,0,-21.68774403290849
XCV18584,1,0.3560581037720567
XCV18583,0,-3.9870846182565174
XCV18582,0,-3.9870846182565174
XCV18581,0,-3.9870846182565174
XCV18580,0,-3.9870846182565174
XCV18578,0,-29.50420151311833
XCV18577,0,-3.9870846182565174
XCV18575,0,-3.9870846182565174
XCV18573,0,-31.88007778786294
XCV18572,0,-5.557456691917388
XCV18570,0,-20.266142386769314
XCV18569,0,-35.0084347754033
XCV18568,0,-1.4774167601127424
XCV18567,0,-30.19877783558746
XCV18566,0,-3.311286708513915
XCV18565,0,-43.41404136442789
XCV18564,0,-36.34353837006799
XCV18563,0,-22.248604904954306
XCV18562,0,-36.61554084895623
XCV18561,0,-3.469646034153964
XCV18557,0,-4.545430737350525
XCV18556,0,-35.0084347754033
XCV18555,0,-38.58919755156222
XCV18554,0,-4.545430737350525
XCV18553,0,-33.15492902894914
XCV18552,0,-29.292392286852095
XCV18551,0,-31.918135570259142
XCV18550,0,-38.58919755156222
XCV18549,0,-4.168710989904117
XCV18548,0,-21.301233233243998
XCV18547,0,-3.307363305216837
XCV18546,0,-3.6375253253685145
XCV18544,1,-0.19323403899001335
XCV18543,1,-0.5203217316302933
XCV18542,0,-18.245023816232983
XCV18540,0,-3.5661913938643632
XCV18538,0,-2.690939757368035
XCV18537,0,-3.7170962143466895
XCV18535,0,-34.797635720913604
XCV18528,0,-36.622331991810285
XCV18511,0,-15.33468986290252
XCV18504,0,-12.25305511481913
XCV18500,0,-29.06330409824736
XCV18337,0,-14.380396829565285
XCV18336,0,-14.04113519783468
XCV18335,0,-25.028073492575615
XCV18334,0,-24.082313958775764
XCV18332,0,-12.247945175189901
XCV18329,0,-12.470532322260375
XCV18327,0,-12.75415715561397
XCV18323,0,-18.272142963787605
XCV18318,0,-13.403207155935224
XCV18317,0,-17.361234701065776
XCV18316,0,-13.629948079468788
XCV18315,0,-7.611911777398088
XCV18314,0,-18.394163793660645
XCV18313,0,-2.8427348972238544
XCV18310,0,-14.212393795549895
XCV18309,0,-12.534503679497458
XCV18307,0,-4.74548607192051
XCV18304,0,-14.212393795549895
XCV18303,0,-36.19558871479834
XCV18302,0,-6.63156424203785
XCV18301,0,-5.064231043169707
XCV18300,0,-7.429308076928148
XCV18299,0,-17.19431294845813
XCV18297,0,-19.164973479287273
XCV18295,0,-3.0121938496880247
XCV18294,0,-6.15723656220306
XCV18291,0,-17.326702840035257
XCV18288,0,-6.457892064473141
XCV18286,0,-6.6949523804913476
XCV18285,0,-5.353163248595244
XCV18284,0,-18.394163793660645
XCV18281,0,-18.110038794211818
XCV18279,0,-19.641580062906563
XCV18277,0,-19.1964762249975
XCV18272,0,-18.272848211585625
XCV18271,0,-4.72427836159769
XCV18270,0,-18.56752057770009
XCV18269,0,-18.56105173662641
XCV18268,0,-18.56105173662641
XCV18265,0,-1.597366379236746
XCV18264,0,-17.535693100754184
XCV18262,0,-18.279444624770775
XCV18260,0,-18.272848211585625
XCV18257,1,3.585118763099464
XCV18254,0,-4.126719546232586
XCV18253,0,-18.979058377546654
XCV18248,0,-19.20903035015828
XCV18246,0,-12.959597373450453
XCV18245,0,-18.56105173662641
XCV18244,0,-3.382644154278669
XCV18243,0,-1.9920317723773149
XCV18242,0,-1.9920317723773149
XCV18241,0,-21.18631004368104
XCV18239,0,-18.861510985307447
XCV18237,0,-18.979058377546654
XCV18236,0,-18.56105173662641
XCV18234,0,-11.778001979147401
XCV18230,0,-1.8458743952401342
XCV18229,0,-18.861510985307447
XCV18228,0,-0.042202975261316666
XCV18227,0,-18.178410271420393
XCV18224,0,-19.507599641074478
XCV18223,0,-18.867612339230988
XCV18215,0,-22.942212177504047
XCV18210,0,-5.07326996141223
XCV18209,0,-9.41733922528558
XCV18207,0,-12.69770664579138
XCV18204,0,-12.75415715561397
XCV18202,0,-22.206785278465553
XCV18201,0,-3.9431816703076734
XCV18199,0,-25.264350082807113
XCV18197,0,-14.886799329296675
XCV18196,0,-24.082313958775764
XCV18195,0,-24.082313958775764
XCV18193,0,-21.81991571631893
XCV18192,0,-12.98302273577483
XCV18187,0,-18.02558539051784
XCV18186,0,-27.951039873783017
XCV18185,0,-12.887859463507517
XCV18181,0,-9.154592026803588
XCV18176,0,-16.541741992705774
XCV18175,0,-25.348272016844774
XCV18174,0,-22.206785278465553
XCV18173,0,-17.947648545652136
XCV18172,0,-16.199394472093687
XCV18170,0,-24.097106430010875
XCV18169,0,-23.813295763764202
XCV18166,0,-19.668840748083305
XCV18165,0,-21.209255837631467
XCV18161,0,-22.94162355792664
XCV18160,0,-21.93238044534537
XCV18157,0,-7.140159085082267
XCV18151,0,-22.508606791725985
XCV18148,0,-7.9811701571338
XCV18147,0,-26.89878674044779
XCV18146,0,-22.206785278465553
XCV18142,0,-21.431946463491457
XCV18140,0,-22.206785278465553
XCV18137,1,0.9274934655839715
XCV18136,0,-18.52624745222284
XCV18135,0,-22.452961854594193
XCV18133,0,-16.541741992705774
XCV18129,0,-21.81991571631893
XCV18127,0,-7.4233442883253
XCV18126,0,-8.034896669505946
XCV18125,0,-19.75038499648965
XCV18124,0,-6.038229114117216
XCV18122,0,-21.49526187033623
XCV18121,0,-22.950915522008998
XCV18120,0,-1.339512068469121
XCV18118,0,-16.81970214055595
XCV18115,0,-8.934178881663684
XCV18114,0,-21.852609041168044
XCV18112,0,-19.998407195553508
XCV18110,0,-24.26206633167344
XCV18109,1,0.9274934655839715
XCV18107,0,-22.206785278465553
XCV18106,0,-21.209255837631467
XCV18105,0,-19.949672288153145
XCV18104,0,-22.980252948979775
XCV18103,0,-21.738555466716765
XCV18100,1,1.2523569086168553
XCV18098,0,-2.0271718281582416
XCV18097,0,-11.008652749415175
XCV18096,0,-5.722296749553017
XCV18094,0,-20.808631533718977
XCV18093,0,-1.8814978101233137
XCV18091,0,-8.25630687025035
XCV18090,0,-7.236582587797896
XCV18089,0,-7.236582587797896
XCV18086,0,-6.415171714995882
XCV18078,0,-5.981940818975566
XCV18075,0,-6.416115181080775
XCV18074,0,-13.602070842711997
XCV18073,1,2.066429175162215
XCV18071,0,1.0425762091509991
XCV18070,0,-21.355080415893326
XCV18069,0,-6.656007117398602
XCV18068,0,-0.3521773227922349
XCV18067,0,-6.656007117398602
XCV18066,0,-6.656007117398602
XCV18063,0,-5.070443476791514
XCV18062,0,-29.547384581206135
XCV18060,1,1.6420385717522805
XCV18059,1,1.36293748595015
XCV18055,1,2.074348392968279
XCV18053,1,2.074348392968279
XCV18052,1,2.155601735074205
XCV18051,0,-21.556344133639605
XCV18050,1,2.074348392968279
XCV18047,0,-6.415171714995882
XCV18045,0,-11.59538454876348
XCV18043,0,-20.207516951686234
XCV18042,0,-11.008652749415175
XCV18039,1,-0.07053746416916873
XCV18038,0,-6.415171714995882
XCV18037,0,-32.06888515476713
XCV18033,0,-20.47180942474528
XCV18029,0,-7.881390982379585
XCV18027,0,-1.8993195402786949
XCV18026,0,-20.992605135795223
XCV18025,0,-15.843451089737052
XCV18014,0,-9.725331318148932
XCV18013,0,-13.626058350373729
XCV18011,0,-20.229893187286734
XCV18010,0,-9.126204996495504
XCV18002,0,-22.360000711625243
XCV17999,0,-5.375766595694856
XCV17995,0,-18.791504087050047
XCV17994,0,-11.967157042212536
XCV17992,0,-7.237324544566842
XCV17991,0,-21.703341677642833
XCV17990,1,3.586889007254859
XCV17989,0,-5.200988180549588
XCV17987,0,-18.256002531115502
XCV17984,0,-14.241494855207119
XCV17982,0,-5.666308999767281
XCV17978,1,1.332162805713896
XCV17970,0,-14.779832990308911
XCV17968,0,-2.276937768270411
XCV17967,0,-14.946840843663637
XCV17966,0,-1.7882718982391914
XCV17965,0,-20.151684595496267
XCV17964,0,-8.127384707849583
XCV17959,0,-17.765221922891275
XCV17958,0,-5.411838632153774
XCV17957,0,-6.189822670341693
XCV17956,0,-20.93774457241602
XCV17953,0,-14.946840843663637
XCV17952,0,-18.885135336746615
XCV17951,0,-13.943124150199814
XCV17950,0,-18.885135336746615
XCV17949,0,-6.801420832554722
XCV17948,0,-5.458041236473099
XCV17945,0,-17.89644113867822
XCV17944,0,-5.458041236473099
XCV17942,0,-16.264696615126056
XCV17940,0,-6.092497819289235
XCV17939,0,-15.31778713315465
XCV17938,0,-6.187096012066277
XCV17937,0,-5.428941214571786
XCV17934,0,-6.801420832554722
XCV17933,0,-23.34036073704762
XCV17929,0,-11.599693669629058
XCV17928,0,-4.918005431857388
XCV17927,0,-6.801420832554722
XCV17925,0,-6.801420832554722
XCV17924,0,-6.801420832554722
XCV17923,0,-15.994968500158137
XCV17919,0,-15.609557806422236
XCV17915,0,-6.3986884584044095
XCV17913,0,-5.1188942058599425
XCV17911,0,-15.504076312303017
XCV17910,0,-4.747995194221847
XCV17909,0,-26.907112315611972
XCV17908,0,-13.169196693494944
XCV17904,0,-3.768665308948382
XCV17903,0,-4.918005431857388
XCV17901,0,-29.51313601366561
XCV17900,0,-5.046716402542984
XCV17896,0,-5.541097278684047
XCV17895,0,-22.150460938017456
XCV17894,0,-12.860939237601407
XCV17885,0,-8.194193823135377
XCV17884,0,-3.1176920324623474
XCV17882,0,-14.941123715811981
XCV17881,0,-15.217766232683525
XCV17879,0,-12.228452619859066
XCV17877,0,-13.427254313077029
XCV17875,0,-12.221849055305855
XCV17867,1,1.0425762091509991
XCV17865,0,-12.648557007638196
XCV17864,0,-12.648557007638196
XCV17863,0,-3.588414110113579
XCV17861,0,-13.593034449199692
XCV17853,0,-12.134436836292096
XCV17851,0,-12.329021512329417
XCV17847,0,-18.545147674352773
XCV17846,0,-12.648557007638196
XCV17844,0,-12.459731856433233
XCV17843,0,-12.648557007638196
XCV17842,0,-30.155458734168995
XCV17841,0,-13.214732611976022
XCV17840,0,-12.648557007638196
XCV17838,0,-12.648557007638196
XCV17836,0,-7.264838433949876
XCV17835,0,-26.9042999079175
XCV17834,0,-4.283256651390448
XCV17833,0,-7.264838433949876
XCV17830,0,-7.264838433949876
XCV17829,0,-14.09050841403661
XCV17828,0,-14.09050841403661
XCV17826,0,-13.318606127752918
XCV17825,0,-13.682850911058754
XCV17822,0,-11.84879100396898
XCV17820,0,-11.84879100396898
XCV17819,0,-11.527026083080333
XCV17818,0,-11.527026083080333
XCV17817,0,-11.527026083080333
XCV17815,0,-11.130845280992009
XCV17814,0,-11.466283544571276
XCV17812,0,-12.60121472734507
XCV17811,0,-12.60121472734507
XCV17810,0,-12.60121472734507
XCV17809,0,-12.192005192827654
XCV17808,0,-12.192005192827654
XCV17807,0,-11.84879100396898
XCV17805,0,-11.458946304845691
XCV17804,0,-14.477707983040354
XCV17802,0,-12.586710040245356
XCV17801,0,-12.586710040245356
XCV17799,0,-21.977804256491055
XCV17796,0,-28.19898697680844
XCV17795,0,-14.89533226302102
XCV17794,0,-14.89533226302102
XCV17791,0,-12.887660027134427
XCV17786,0,-27.12612748554232
XCV17784,0,-21.731693170555964
XCV17780,0,-19.876598439214426
XCV17777,0,-6.872542793880548
XCV17776,0,-29.816493484596215
XCV17775,0,-6.872542793880548
XCV17773,0,-5.114641770313108
XCV17766,0,-27.518244200377055
XCV17765,0,-11.734290113904068
XCV17764,0,-27.29896114016147
XCV17762,0,-26.796436116005726
XCV17760,0,-24.218014344256268
XCV17758,0,-27.013314322179138
XCV17757,0,-13.509664265381314
XCV17756,0,-27.655577768782734
XCV17755,0,-3.8710448538955067
XCV17753,0,-2.7312569583066555
XCV17752,0,-25.262838262987103
XCV17751,0,-25.262838262987103
XCV17749,0,-25.262838262987103
XCV17748,0,-27.655577768782734
XCV17747,0,-6.4001093479644044
XCV17745,0,-27.655577768782734
XCV17744,0,-27.183723555954202
XCV17743,0,-34.68207567884326
XCV17742,0,-34.68207567884326
XCV17741,0,-22.7883055815148
XCV17740,0,-31.050201587972484
XCV17738,0,-25.755897086970172
XCV17736,0,-6.16825754336352
XCV17735,0,-6.16825754336352
XCV17734,0,-27.41612598917609
XCV17733,0,-27.41612598917609
XCV17729,0,-3.4266708311621787
XCV17728,0,-2.200902627576326
XCV17727,0,-3.4266708311621787
XCV17720,0,-31.050201587972484
XCV17719,0,-26.9329178426192
XCV17718,0,-26.9329178426192
XCV17704,0,-28.638554361088705
XCV17703,0,-28.638554361088705
XCV17701,0,-4.523690293060355
XCV17696,0,-4.775485600496852
XCV17693,0,-4.523690293060355
XCV17692,0,-4.775485600496852
XCV17691,0,-4.775485600496852
XCV17690,0,-4.431640137947647
XCV17683,0,-28.23515429546268
XCV17682,0,-28.23515429546268
XCV17680,0,-28.23515429546268
XCV17679,0,-5.738483097653178
XCV17677,0,-34.57650158559941
XCV17666,1,3.6143539454914553
XCV17665,1,3.6143539454914553
XCV17664,0,-2.7129577262697104
XCV17660,0,-6.05225873452078
XCV17659,1,4.275208429625973
XCV17658,1,5.148085582449342
XCV17657,1,4.275208429625973
XCV17656,1,5.148085582449342
XCV17652,0,-36.28426869983238
XCV17649,0,-5.891517102165782
XCV17644,0,-2.7129577262697104
XCV17643,0,-2.7129577262697104
XCV17642,0,-6.05225873452078
XCV17641,0,-6.05225873452078
XCV17639,0,-36.28426869983238
XCV17637,0,-5.891517102165782
XCV17635,0,-36.28426869983238
XCV17632,0,-7.832380037888832
XCV17629,0,-7.832380037888832
XCV17626,0,-39.24189489160133
XCV17624,0,-39.24189489160133
XCV17623,0,-39.24189489160133
XCV17622,0,-7.832380037888832
XCV17621,0,-3.498922641425171
XCV17620,0,-3.498922641425171
XCV17618,0,-7.832380037888832
XCV17616,0,-7.832380037888832
XCV17615,0,-7.832380037888832
XCV17612,0,-36.68414880380479
XCV17610,0,-7.832380037888832
XCV17609,0,-7.832380037888832
XCV17608,0,-17.011445700693933
XCV17605,0,-17.011445700693933
XCV17598,0,-17.72443245677687
XCV17594,0,-39.24189489160133
XCV17591,0,-37.19830684869243
XCV17590,0,-24.896308170623897
XCV17588,0,-16.80172587070884
XCV17587,0,-7.663250435750697
XCV17583,0,-6.246189589820148
XCV17582,0,-7.010511696278611
XCV17579,0,-7.560022261237087
XCV17577,0,-6.053112882098018
XCV17576,0,-29.67905241761082
XCV17575,0,-19.247777050362608
XCV17574,0,-23.458215735929492
XCV17573,0,-19.596758145313135
XCV17572,0,-31.27312387713425
XCV17571,0,-19.60995103479754
XCV17569,0,-30.427334398959903
XCV17566,0,-19.44669417300552
XCV17564,0,-4.593193779402039
XCV17563,0,-30.60399554845804
XCV17562,0,-2.029443375127424
XCV17560,0,-2.364392111128799
XCV17559,0,-30.47334730581056
XCV17557,0,-2.1597666903607973
XCV17556,0,-2.1597666903607973
XCV17555,0,-29.67905241761082
XCV17554,0,-2.029443375127424
XCV17553,0,-2.1597666903607973
XCV17552,0,-2.504866005395197
XCV17551,0,-30.47334730581056
XCV17549,0,-2.504866005395197
XCV17543,0,-2.548016554116913
XCV17542,0,-2.548016554116913
XCV17541,0,-27.906445854154764
XCV17538,0,-29.54616279747828
XCV17537,0,-2.0001128605368397
XCV17536,0,-2.0001128605368397
XCV17533,0,-2.548016554116913
XCV17532,0,-2.0001128605368397
QDH26117,0,-6.771677141458529
QDH12016,0,-1.6731898397435891
XCB11815,1,3.9653632107013834
XCB11814,1,3.9653632107013834
XCB07764,0,-6.539253809971426
XBA05588,0,-3.5094453559149876
XBA05456,0,-11.774104206505356
WZE57314,0,-5.018795024958308
WZE57303,0,-5.018795024958308
WZE57281,0,-8.10568743938362
WZE57270,0,-8.10568743938362
WZE57259,0,-5.365486714054068
WZE57248,0,-6.65053677554004
WZE57237,0,-4.807379805920679
WZE57226,0,-4.05608635526878
WZE57204,0,-5.365486714054068
WZE57171,0,-0.38486701539163803
WZE57160,0,-0.6106348133869766
WZE57149,0,-5.365486714054068
WZE57127,0,-4.694013981149634
WZE57116,0,-9.598032562996872
WZE57105,0,-5.365486714054068
WZE57094,0,-4.932634432629479
WZE57072,0,-5.459767549217622
WZE57061,0,-5.365486714054068
WZE57050,0,-5.459767549217622
WZE57039,0,-5.080479595658296
WZE57028,0,-4.932634432629479
WZE57017,0,-6.275404817611957
WZE56995,0,-4.854877290725106
WZE56986,0,-4.694013981149634
WZE56975,0,-5.6069368649704785
WZE56964,0,-5.459767549217622
WZE56953,0,-5.76578367269874
WZE56942,0,-5.76578367269874
WZE56931,0,-5.76578367269874
WZE56920,1,0.8707921231621647
WZE56909,0,-5.76578367269874
WZE56887,0,-5.365486714054068
WZE56876,0,-6.561691182332664
WZE56865,0,-6.561691182332664
WZE56854,0,-5.365486714054068
WZE56843,0,-5.365486714054068
WZE56832,0,-4.780714503348374
WZE56821,0,0.24428401543427114
WZE56810,0,-0.5447336043365318
WZE56777,1,1.7949835300396728
WZE56755,0,-6.7658405194368125
WZE56733,0,-1.0023624493578787
WZE56722,0,-1.0023624493578787
WZE56700,0,-5.441221393187375
WZE56689,0,-5.799515857340527
WZE56678,0,-4.694013981149634
WZE56667,0,-4.493857251607132
WZE56645,0,-4.358205395122148
WZE56634,0,-7.415974539830945
WZE56612,0,-5.160940909180615
WZE56601,0,-4.912136095101458
WZE56590,0,-5.459767549217622
WZE56579,0,-5.459767549217622
WZE56568,0,-6.169898990540121
WZE56557,0,-5.76578367269874
WZE56546,0,-4.694013981149634
WZE56534,1,2.146155273634575
WZE56524,0,-5.827710877721284
WZE56502,1,1.8858005576374026
WZE56480,0,-4.8450114636121615
WZE56458,1,2.146155273634575
WZE56436,0,-5.081087527167137
WZE56425,0,-5.081087527167137
WZE56403,0,-5.459767549217622
WZE56383,0,-4.737873401215451
WZE56361,0,-5.018795024958308
WZE56339,0,-6.736812724266294
WZE56328,0,-2.0932020198636483
WZE56317,0,-4.932634432629479
WZE56306,0,-4.932634432629479
WZE56295,0,-5.459767549217622
WZE56284,0,-4.8450114636121615
WZE56273,0,-5.315644453869542
WZE56262,0,-5.0489213080909
WZE56251,0,-2.6257659749125324
WZE56240,0,-6.661883974378876
WZE56229,0,-5.459767549217622
WZE56218,0,-5.459767549217622
WZE56199,0,-4.8450114636121615
WZE56188,0,-5.365486714054068
WZE56155,0,-1.0730182121514638
WZE56133,0,-5.018795024958308
WZE56122,0,-5.569657400029023
WZE56111,0,-1.7399226809686414
WZE56100,0,-3.349959157447442
WZE56089,0,-1.7767356523254456
WZE56078,0,-5.2789843996329076
WZE56067,0,-5.2789843996329076
WZE56056,0,-4.904804291348626
WZE56045,0,-4.319478198791856
WZE56034,0,-4.694013981149634
WZE56023,0,-5.76578367269874
WZE56012,1,1.7949835300396728
WZE56001,0,-4.669585558872658
WZE55990,1,2.146155273634575
WZE55979,1,2.146155273634575
WZE55968,0,-4.669585558872658
WZE55926,0,-4.710064318422111
WZE55915,0,-4.710064318422111
WZE55904,0,-5.459767549217622
WZE55893,0,-5.459767549217622
WZE55838,0,-5.459767549217622
WZE55827,0,-5.365486714054068
WZE55816,0,-5.365486714054068
WZE55805,0,-6.027202728781862
WZE55794,0,-5.365486714054068
WZE55783,0,-5.365486714054068
WZE55772,0,-4.694013981149634
WZE55761,0,-5.76578367269874
WZE55750,1,2.146155273634575
WZE55717,0,-4.694013981149634
WZE55706,0,-4.095345526374739
WZE55662,0,-1.7746519130939227
WZE55651,0,-6.275404817611957
WZE55640,0,-5.365486714054068
WZE55607,0,-5.085327785861118
WZE55596,0,-5.085327785861118
WZE55585,0,-4.694013981149634
WZE55574,0,-4.694013981149634
WZE55552,0,-5.3018379905816655
WZE55541,0,-4.319478198791856
WZE55530,1,2.146155273634575
WZE55519,0,-5.365486714054068
WZE55508,0,-0.942812457469369
WZE55497,0,-0.942812457469369
WZE55475,0,-4.8450114636121615
WZE55464,0,-4.161456805849308
WZE55453,0,-4.694013981149634
WZE55442,0,-4.694013981149634
WZE55431,0,-5.614934648725752
WZE55420,0,-5.614934648725752
WZE55409,0,-5.687233707941342
WZE55387,0,-5.459767549217622
WZE55376,0,-5.459767549217622
WZE55365,0,-5.459767549217622
WZE55354,0,-5.90775271811083
WZE55343,0,-5.90775271811083
WZE55332,0,-3.7144911801465916
WZE55310,0,-4.8450114636121615
WZE55299,0,-4.8450114636121615
WZE55277,0,-4.932634432629479
WZE55266,0,-1.0023624493578787
WZE55244,0,-3.5650749182134867
WZE55233,0,-5.365486714054068
WZE55222,0,-6.275404817611957
WZE55200,0,-5.529163242289492
WZE55167,0,-7.183713686608659
WZE55156,0,-6.351265043813594
WZE55145,0,-2.218099289183977
WZE55134,0,-5.365486714054068
WZE55112,0,-5.202498170381428
WZE55101,0,-5.408193430799287
WZE55090,0,-5.0489213080909
WZE55079,0,-4.694013981149634
WZE55057,0,-1.5445633324986066
WZE55035,0,-34.48512464709753
WZE55024,0,-5.189971909432053
WZE55013,0,-2.1788576437930125
WZE54991,0,-4.7503191465604555
WZE54981,0,-5.365486714054068
WZE54959,0,-5.365486714054068
WZE54948,0,-4.694013981149634
WZE54937,1,0.8707921231621647
WZE54926,0,-4.058506083839296
WZE54915,0,-1.0023624493578787
WZE54904,0,-5.365486714054068
WZE54893,0,-8.132883255475797
WZE54871,0,-5.459767549217622
WZE54838,0,-6.345099697232538
WZE54805,0,-4.694013981149634
WZE54794,0,-1.64972255739481
WZE54783,0,-4.694013981149634
WZE54772,0,-5.76578367269874
WZE54765,0,-5.459767549217622
WZE54755,0,-4.848303710968457
WZE54745,0,-5.080479595658296
WZE54727,0,-8.132883255475797
WZE54717,0,-6.225664837663059
WZE54707,0,-4.681223298864335
WZE54697,0,-4.932634432629479
WZE54679,0,-5.827710877721284
WZE54663,0,-5.76578367269874
WZE54653,0,-5.926071173030337
WZE54643,0,-2.5692381680882868
WZE54635,0,-5.365486714054068
WZE54617,0,-7.183713686608659
WZE54597,0,-5.365486714054068
WZE54578,1,1.6748942140781828
WZE54558,0,-1.0730182121514638
WZE54548,0,-5.018795024958308
WZE54530,0,-5.569812342429694
WZE54521,0,-5.182906574836403
WZE54511,0,-4.8450114636121615
WZD33219,0,-5.76578367269874
UDV76342,0,-15.930495280519457
UDV76341,0,-9.811951496271835
UDV76340,0,-10.292333788401724
UDV76339,0,-9.973044389332951
UDV76338,0,-7.385715561589917
WVR18237,0,-24.55339634778203
QIB02447,0,-17.15533722642171
WPN07623,1,3.9653632107013834
WPN07622,1,4.787029378909047
WPN07620,1,0.8966918878031507
WHO43055,0,-4.1320440776995575
WHO43018,0,-4.807379805920679
WFH86284,0,-5.454072297217763
WFH86237,0,-1.2278758650343473
WFH86214,0,-4.807379805920679
WFH86131,0,-5.6401738599858735
WFH86120,0,-1.2278758650343473
WFH86049,0,-6.2167655366995636
WFH85954,0,-4.807379805920679
WFH85931,0,-5.6401738599858735
WFH85897,0,-4.807379805920679
WFH85874,0,-6.867834085202844
WFH85851,0,-4.807379805920679
WFH85828,0,-5.109020279475438
WFH85781,0,-1.2278758650343473
WFH85710,0,-4.998463355544159
WFH85699,0,-5.365486714054068
WFH85688,0,-1.2278758650343473
WFH85665,0,-5.365486714054068
WFH85654,0,-5.365486714054068
WFH85643,0,-1.2278758650343473
WFH85621,0,-6.1959212623188265
WFH85610,0,-5.3536864737863645
WFH85599,0,-5.3536864737863645
WFH85438,0,-6.488684910464503
WFH85436,0,-5.365486714054068
WFH85435,0,-1.58355727768269
WFH85357,0,-4.807379805920679
WFH85356,1,0.06754746762966946
WFH85311,0,-5.272423412677128
WFH85310,0,-5.21330684415387
WFH85181,0,-1.1939495051797522
WFH85180,0,-5.992117552242664
WFH85179,0,-1.3372173823177853
WFH85178,0,-4.807379805920679
WFH85111,0,-4.362841566337362
WFH85110,0,-5.365486714054068
WFH85107,0,-4.807379805920679
WFH84988,0,-6.1959212623188265
WBG53452,0,-10.633415995744452
WES70816,0,-5.365486714054068
WDK38115,0,-5.425896961123334
WDK38110,0,-6.314817027579236
WBS16660,1,2.27013360347863
WBS16659,0,-30.00933399276662
WBS16658,0,-1.2278758650343473
WBS16656,0,-1.2278758650343473
WBS16655,0,-1.2278758650343473
WBS16654,0,-1.2278758650343473
WBS16653,0,-0.5209336357730265
WBP78002,1,3.9653632107013834
WBP78001,1,3.9653632107013834
WBP77999,1,3.625088303240439
WBP77998,1,0.8966918878031507
WBP77995,1,3.3363027032603547
WBP77994,1,5.645857258525014
WBP77993,1,7.197587841416421
WBP77991,1,4.483171937136667
WBP77990,1,3.823640245301217
WBP77989,1,3.1498772170726586
WBP77985,1,5.247602654434644
WBP77982,1,3.550342841441326
WBP77981,1,3.9653632107013834
WBP77979,1,3.9653632107013834
WBP77978,1,3.9653632107013834
WBP77977,1,4.787029378909047
WBP77976,1,3.625088303240439
WBP77975,1,0.8966918878031507
WBP77974,1,3.9063786049436082
WBP77973,1,5.067212353265276
WBP77972,1,3.3363027032603547
WBP77971,1,5.509424100676757
WBP77969,1,3.7992434702958757
WBP77967,1,3.8369055744853284
WBP77965,1,3.264886409335503
WBP77964,1,2.6012218382416012
WBP77963,1,7.795753072757304
WBP77962,1,5.247602654434644
WBP77961,1,3.855500193441525
WBP77959,1,3.550342841441326
WBP77958,1,3.9653632107013834
WBP77957,1,8.060704654876648
WBP77956,1,3.9653632107013834
WBP77955,1,3.9653632107013834
WBP77954,1,4.787029378909047
WBP77952,1,0.8966918878031507
WBG96000,0,-1.5533270544374425
WBG95998,1,3.4368410450871085
WBG95997,0,-2.44982856853745
WBG95994,0,-0.18260924509581855
WBG95993,1,1.9593679377689401
WBG95992,0,-3.9644857403579667
WBG95988,0,-2.7350187924406306
WBG95981,0,-13.169461398996695
WBG95980,1,1.4914785872957737
WBG95972,0,-0.7186636969511824
WBG95967,1,0.9515872213906214
WBG95961,1,1.3477633045717
WBG95958,0,-0.5930032787323078
WBG95954,0,-3.3493759786047974
WBG95946,1,1.1447312700784416
WBG95944,0,-6.411465439029387
WBG95937,1,1.2523569086168553
WBG95931,1,2.2138843195566373
WBG95930,1,1.1779981681171403
WBG95928,0,-2.887902172913307
WBG95925,1,2.058550827997493
WBG95924,0,-2.3691236022843114
WBG95919,1,1.4151267149784026
WBG95916,1,1.6553697197987063
WBG95909,0,-0.7448832908264453
WBG95897,0,-5.219743507784104
WBG95890,1,3.6528033708894405
WBG95886,0,-2.0125574815844676
WBG95883,1,0.34746234026712486
WBG95878,1,1.0425762091509991
WBG95873,1,3.586889007254859
WBG95871,0,1.214603464666352
WBG95860,1,0.04903205908795627
WBG95858,0,-0.41541444374569636
WBG95855,1,0.16003548086058217
WBG95851,1,0.0844039505114722
WBG95847,0,1.2129170495972588
WBG95842,0,-0.4282242116254231
WBG95834,1,1.9593679377689401
WBG95832,0,-2.9247201364760222
WBG95831,1,1.1385842569450695
WBG95823,1,0.9931770156099944
WBG95820,0,-2.79213034239336
WBG95811,0,-1.83499352709757
WBG95809,0,-1.9485785331181926
WBG95808,0,-2.984968000635776
WBG95804,0,-2.44982856853745
WBG95797,1,3.699055828037455
WBG95796,1,0.5661491373246879
WBG95794,0,-12.560640710028698
WBG95789,0,-4.506548112327611
WBG95783,0,-1.795819024732804
WBG95780,0,-0.32561996511758906
WBG95778,0,-2.8514294275631507
WBG95772,0,-2.44982856853745
WBG95769,0,0.9018292424791845
WBG95763,0,-1.8535780822912677
WBG95761,0,-0.9607482602689075
WBG95759,0,-1.795819024732804
WBG95754,1,1.0425762091509991
WBG95748,1,0.8010854354927162
WBG95746,0,-0.41541444374569636
WBG95734,0,0.2373534357425413
WBG95733,1,2.7497640872086393
WBG95726,1,0.6805991187496936
WBG95721,1,4.291532454870534
WBG95717,0,-1.795819024732804
WBG95716,0,-2.1648520324654044
WBG95715,1,2.2138843195566373
WBG95712,1,1.0425762091509991
WBG95711,1,3.3673066552042528
WBG95709,0,0.5052903687757073
WBG95691,1,3.6143539454914553
WBG95679,1,2.232799562680654
WBG95675,0,-0.42231941987093435
WBG95670,0,-2.984968000635776
WBG95669,0,-2.43236811462684
WBG95665,0,-0.6265710895863492
WBG95663,1,2.066429175162215
WBG95656,0,-2.3626340099549417
WBG95654,0,1.3417073161253672
WBG95649,0,0.22578262239709623
WBG95643,1,2.4948693877154646
WBG95639,0,-9.49996245192457
WBG95637,1,0.9274934655839715
WBG95630,0,-2.1754463402079516
WBG95622,1,1.0425762091509991
WBG95620,0,-1.7554399953217832
WBG95615,0,0.13586052008750826
WBG95608,1,1.1277778886907086
WBG95607,0,0.16293777599596027
WBG95606,0,-5.595705497380452
WBG95605,0,-5.5371151693524965
WBG95604,1,5.959109681915987
WBG95586,0,-0.6890772197318746
WBG95574,0,-2.9247201364760222
WBG95572,1,-0.463287256038857
WBG95558,1,-0.6599199160387634
WBG95553,1,1.36293748595015
WBG95549,1,2.00227589972458
WBG95538,0,-2.44982856853745
WBG95535,1,0.8157901221060477
WBG95522,0,-0.4890919825742408
WBG95520,0,-2.1826926956787958
UXC94675,1,3.823640245301217
UXC94674,1,3.009322303552036
UXC94673,1,7.0188646540172
UXC94672,1,3.0348708348347095
UXC94670,1,2.4246563878339735
UXC94669,1,5.31452201895079
UXC94667,1,4.210061931004844
UXC94666,1,3.884947793893918
UXC94665,1,4.752953121305108
UXC94661,1,7.2509996118243265
UXC94660,1,3.1498772170726586
UXC94658,0,-2.5693681262179657
UXC94657,1,3.9653632107013834
UXC94656,1,5.558715032710685
UXC94655,1,3.9653632107013834
UWY17006,1,4.8924046615456795
UWY17005,1,3.3033421547224577
UWY17004,0,1.3504831845135747
UWY17003,1,7.2509996118243265
UWY17002,1,5.937722659808827
UWY16824,1,3.9063786049436082
UWY16823,1,5.067212353265276
UWY16821,1,5.645857258525014
UWY16818,1,4.483171937136667
UWY16817,1,3.823640245301217
UWY16816,1,3.1498772170726586
UWY16815,1,3.264886409335503
UWY16813,1,7.795753072757304
UWY16812,1,5.247602654434644
UWY16811,1,3.855500193441525
UWY16810,1,5.020042024682761
UWY16809,1,3.550342841441326
UWY16807,1,8.060704654876648
UWY16806,1,3.9653632107013834
UWY16805,1,3.9653632107013834
UWY16804,1,4.787029378909047
UWW34154,1,0.8103475207420665
UWW34153,1,2.204980804212198
UWW34151,1,2.284056641547277
UWW34150,1,6.627654304738336
UWW34148,1,3.580605961664796
UWW34147,1,2.4953044069225534
UWW34145,1,4.483229235778646
UWW34143,1,3.0501995408881566
UWW34142,1,3.9653632107013834
UWW34141,1,3.885011842110101
UWW34139,1,3.0501995408881566
UWW34138,1,3.9653632107013834
UWW34137,1,3.885011842110101
UWW34136,1,3.9653632107013834
UWV31774,0,-8.457715908619713
UWV31773,0,-7.729611152688001
UWV31772,0,-8.086474260469526
UWV31770,0,-5.26124536342476
UWV31769,0,-1.8324604910930624
UWV31767,0,-1.8105551726965317
UWV31762,0,-9.15597594393633
UWV31761,0,-3.872035336112253
UWV31760,0,-3.3952037626477765
USO97900,0,-9.398154810258305
USO97049,0,-9.57466353328386
USO97036,0,-9.089162785502548
UEF70281,0,-4.470220790851215
ALP01920,0,-8.522605550936055
ALJ54615,0,-2.7014877978746483
QPQ50099,0,-12.082008078274033
QPQ50087,0,-20.043043760645165
QPQ50076,1,2.944313230812128
QPQ50065,0,-35.37951577673705
QPQ50007,0,-9.213979755524303
QPQ49984,0,-14.829936581623869
QPQ49972,0,-15.508940222726704
QPQ49948,0,-35.631638424908104
QPQ49936,0,-18.178097202181085
QPQ49935,0,-15.74094813512313
QPQ49934,0,-15.111834189345428
QPQ49933,0,-19.102153797613997
QPQ49932,0,-38.90691834118124
QPQ49931,0,-20.94330244982327
QPQ49930,0,-9.213979755524303
QPQ49929,0,-10.216092024537364
QPQ49928,0,-11.605276393265779
QPQ49927,0,-38.735075368597506
QPQ49926,0,-14.657491308129954
QPQ49925,0,-26.839344109340768
QPQ49924,0,-18.30789421815288
QPQ49923,0,-34.48189816194303
QPQ49921,0,-13.361193936587547
QPQ49920,0,-10.648750406789919
QPQ49919,0,-39.91424589958764
QPQ49918,0,-15.199580463734751
QPQ49917,0,-22.191738795388975
QPQ49914,0,-42.48742114260443
QPQ49913,0,-35.20000569501123
QPQ49911,0,-8.179197512737757
QPQ49909,0,-25.82843723117859
QPQ49908,0,-14.696776952420162
QPQ49906,0,-17.928579387055425
QPQ49905,0,-17.928579387055425
QPQ49904,0,-31.932309863989186
QPQ49901,0,-13.763570733116497
QPQ49900,0,-6.472754540091458
QPQ49898,0,-8.028192192683626
QPQ49874,0,-39.717431291764825
BAI83396,0,-17.523788478626358
BAI83395,0,-19.174462515750925
QOL72033,0,-5.322713261787516
QOL24301,0,-4.175676037984255
AXO64440,0,-3.3286232795738018
QNH89147,0,-6.691564527093263
QNH89071,0,-20.485231597311596
QNH89049,0,-20.326956414485593
QNH89038,0,-21.583363051118177
QNH89018,0,-20.326956414485593
QNH88998,0,-19.070757626961363
QNH88987,0,-20.326956414485593
QNH88976,0,-20.326956414485593
QNH88965,0,-20.326956414485593
QNH88867,0,-19.87981399549303
QNH88858,0,-19.87981399549303
QNH88847,0,-19.87981399549303
QNH88815,0,-19.87981399549303
QNH88804,0,-19.87981399549303
QNH88795,0,-19.87981399549303
QNH88775,0,-19.87981399549303
QNH88763,0,-19.87981399549303
QNH88754,0,-19.87981399549303
QNH88734,0,-19.87981399549303
QNH88705,0,-19.87981399549303
QNH88694,0,-20.151684595496267
QNH88683,0,-20.151684595496267
QKS74596,0,-5.186844976291686
QKX08576,0,-6.8152327650682984
QKX08606,1,1.527921267705386
QKX08605,1,2.066105084496453
QKX08598,0,-3.199506734332221
QKX08603,1,1.7893902687779413
QKX08587,0,-3.767987538602746
QKX08588,1,-1.4088397716227483
QKX08586,0,-5.947914386724449
QKX08584,0,-0.5408239062327844
QKX08582,1,2.956362861946774
QKX08580,1,3.8393044740304365
QKX08581,0,-5.801621188526722
QKX08578,1,3.821364873591376
QKX08577,1,1.5838059794299717
QKX08574,1,3.1230411016758826
QKX08548,1,2.233399522449032
QKX08547,0,-0.4521945643482663
QKX08573,0,-0.8654517346297954
QKX08546,1,0.9217776896295433
QKX08544,0,-7.421220399848583
QKX08532,1,3.0873309935123423
QKX08533,1,2.296951676414732
QKX08531,1,2.296951676414732
QKX08530,1,3.5972176281539276
QKX08529,0,-6.688657988632972
QKX08527,0,-7.421220399848583
QKX08525,1,2.127477464767681
QJI52656,1,1.8528088080899128
QIZ31694,1,0.8384993909768887
QIV14108,1,2.3673149947395125
QIQ44212,1,2.2138843195566373
QIA57521,1,3.6266254862667964
ATV88318,0,-1.571522378672448
ATV88317,0,-1.1590644456537937
ATV83578,0,-3.4503515258930975
ATJ01981,0,-17.636684227935376
ATJ01980,1,2.8158375968398417
ASY92872,0,-7.9928053492417845
ASJ81281,0,-4.689908248808562
ASJ81280,0,-6.182521576898278
ASJ81244,0,-4.689908248808562
ASJ81243,0,-7.656962407950653
ASJ81242,0,-6.182521576898278
QFU20133,1,2.958703364952356
BBN23844,0,-0.9034222256748556
BBN23843,0,-24.137296504771683
QEE84129,0,-11.954338147428565
QCG82571,1,2.574924233175441
QBY33566,0,5.187806556507677
QBR98631,0,-2.5590362761557444
QBR98518,0,-91.87807995598764
AYA22049,1,1.9778664150974308
AYA22048,1,2.472639427380635
AVV64955,1,3.228808019910103
AVV64954,1,3.835279690388198
AVV64953,1,4.782519316943791
AVV64952,1,4.094587524763018
AVV64951,1,1.1185860946053907
AVV64950,1,0.5238105513648286
AVV64949,1,2.2730013243980345
AVV64947,1,3.9777029443039424
AVV64946,1,1.5837998105048854
AVV64944,1,1.9855701533003476
AVV64943,1,0.8698595342474125
AVV64942,0,-0.7814012176695844
AVV64941,0,0.29346553446987755
AXY81023,1,3.315926342690835
AXY80579,1,3.315926342690835
AXO64583,0,-6.235906220986751
AXO64514,0,-5.0882386812521085
AXO63971,0,-6.495058822862173
AXO63951,0,-6.495058822862173
AXF93468,1,2.3789644633488063
AXF93440,1,1.7219371033730972
AXF93428,1,1.7416770068328002
AXF93419,1,-0.060000558086345634
AXF93400,1,3.7407633168757997
AXF93393,1,3.6115617444313965
AXF93323,1,3.605465565508881
AWZ61198,0,-5.0882386812521085
AMQ46551,0,-28.49180693689463
AMQ26450,0,-2.8783124238697937
AHN00404,0,-22.160255665642815
AHL78909,0,-9.409299134053342
AHL78795,0,-9.758305295701806
AHL78604,0,-3.592765956173265
AHL78445,0,-9.758305295701806
AHB23130,0,-7.6507694997384545
AHB21268,0,-10.337811461187561
AHB21267,0,-1.9759184770030789
AGG83052,0,-6.271311729641261
AGG82865,0,-3.766688056826627
AGG82864,0,-8.032459380616357
AGG82847,0,-3.766688056826627
AGG27468,0,-2.8433614705968786
AGG27466,0,-2.5419107987418315
AGG26919,0,-16.03469555871242
AGG26918,0,-2.7711052331726798
AGG26716,0,-16.02169752658524
AGG26715,0,-3.182740468211719
AGG26666,0,-6.753239422106592
AGG26665,0,-12.417392047160536
AGC73436,0,-6.833868342240473
AGC73435,0,-5.074877121729652
AGC00237,0,-10.906254409763456
AGC00181,0,-10.906254409763456
AGC00169,0,-39.58633056700353
AGC00135,0,-10.906254409763456
AGC00101,0,-39.58633056700353
AGC00100,0,-10.906254409763456
AGC00078,0,-39.58633056700353
AGC00043,0,-10.906254409763456
AGC00021,0,-39.58633056700353
AGB99970,0,-39.915581066214514
AGB99969,0,-10.906254409763456
AGB99934,0,-10.906254409763456
AGB99933,0,-39.915581066214514
AGB99886,0,-39.915581066214514
AGB99840,0,-10.906254409763456
AGB99839,0,-39.915581066214514
AGB99782,0,-10.906254409763456
AGB99781,0,-39.915581066214514
AGB99746,0,-39.58633056700353
AGB99745,0,-10.906254409763456
AFY07178,0,-5.401094503261183
AFY06548,0,-1.425424085997749
AFY05765,0,-3.7669450171402445
AFY05764,0,-2.831697113691753
AFJ12407,0,-33.68806346393768
AFJ12406,0,-13.02628794491211
AFH74465,1,0.7324548846649463
AFH74464,0,-5.026980616015598
AET78197,0,-2.7711052331726798
AET78196,0,-16.03469555871242
AET77850,0,-5.601066124262472
AET77849,0,-7.036610851187515
AET74493,0,-8.589847694417847
AET74492,0,-3.0101847766023404
AEO91594,0,-22.252772003340244
AEM75339,0,-28.762621929434356
AEM75338,0,-9.918492790911047
AEI91999,0,-7.0250361188329755
AEI91998,1,0.13926044934607518
AEI91978,0,-8.583043877851967
AEI91977,1,0.19061550561243124
ATE49491,0,-19.756614854993707
ATE49040,0,-2.3861390483146963
ATE48871,0,-2.3861390483146963
ASV62302,0,-1.822868656276782
AOZ86615,1,2.550845384000322
AOZ86516,1,3.6143539454914553
AOZ86357,1,2.627659960400445
AOZ86331,1,5.093824699233075
AOZ86247,1,3.6143539454914553
AOZ85573,1,3.6143539454914553
ANE23927,1,1.1114034583896313
AKT07978,0,-4.229772109895714
ABW23337,0,-33.87543250054601
ASO97503,0,-42.334242185579214
ASO97501,0,-16.20642518539664
ASO97485,0,-10.477954107514165
ASO97483,0,-6.9569811788500395
ARQ84253,0,-7.795263651934288
ARQ84252,0,-7.795263651934288
ARQ84251,0,-3.980086544213254
ARQ84249,0,-2.300291940225895
ARQ84245,0,-7.002646827474944
ARQ84243,0,-6.572509305712838
ARQ84239,0,-5.5544410404895785
ARQ84237,0,-3.5217450948241513
ARQ84235,0,-3.5217450948241513
ARQ84234,0,-3.5217450948241513
ARQ84233,0,-3.5217450948241513
ARQ84232,0,-3.5217450948241513
ARQ84231,0,-3.5217450948241513
ARQ84228,0,-10.705340607797881
ARQ84227,0,-2.8866880985151893
ARQ84226,0,-10.705340607797881
ASB33690,0,-34.3442007650595
ASB32842,0,-6.30639949719793
ASB32833,1,-0.19323403899001335
ARX97449,0,-4.1171055316905125
ARU07171,0,-6.799548932123575
ARQ86095,1,3.6143539454914553
ARJ63957,0,-3.721529028922941
ARJ63955,0,-9.093106011685093
ARJ63954,0,-13.165219865891974
AQY18739,0,-1.854719194608979
AQU12413,0,-12.200966093908715
APY25381,0,-33.081610795958
APW84919,0,-27.354827891814484
APG56782,0,-3.8249351756654626
ANE37509,0,-33.53187814487228
ANE37492,0,-4.0496442704751345
AMU04445,0,-19.710896104672806
AMP44891,0,-28.864824429600073
AMB72621,0,-6.128632248348078
AMA65421,0,-5.232844338117646
ALX27323,0,-21.81223587479549
ALT19930,0,-31.468968368746726
ALT19823,0,-1.675258978175469
ALR83415,0,-5.962891592619389
ALR83348,0,-6.667329115359895
ALR83338,0,-4.22205752251242
ALP01838,0,-28.78516531456902
AKV57693,0,-7.832380037888832
AKP04496,0,-2.1107778509621706
AKH14609,0,-3.735162506569388
AJY54596,1,0.3560581037720567
AJF45788,0,-2.6458697619523868
AJF45784,0,-13.67420356639079
AJF45775,0,-10.279939646594405
AJD78008,0,-23.371485059780866
AJD77986,0,-13.434643639753574
AJD77982,0,-17.72443245677687
AIZ70289,0,-9.407036287490309
AIZ70285,0,-27.286166029671477
AIZ70269,0,-45.87494928208686
AIZ70243,0,-7.3522842594154945
AIZ70218,0,-25.68066704130482
AIZ70214,0,-9.407036287490309
AIZ70208,0,-7.11633186941933
AIZ70204,0,-11.61580808578376
ARG44523,0,-32.299073687858396
APR73245,1,-0.4215827598968893
APR73243,0,-39.283249646718836
APR73242,0,-17.572364650917194
APR73241,0,0.5229926009371901
APR73239,0,-20.170387045757632
APR73238,0,0.7804522090480788
APR73237,0,0.7640530025509022
APR73236,0,-6.4836521388085195
APR73235,1,-0.4215827598968893
APR73234,0,-38.858202637929224
APR73233,0,-40.644001530621395
APQ31976,0,-21.388464558674094
APQ31975,0,-11.895533884139734
APO39357,0,-24.80225651621
APO39355,0,-10.752598407397723
AAF04721,0,-18.600596969200865
ADX98705,0,-1.984211382286622
ADW54451,0,-10.234046168331176
ADM73553,0,-6.293497190211033
ADM73552,0,-6.210421402472447
ADM73551,0,-7.430524019257004
ADM73549,0,-10.032905312063512
ADM73548,0,-11.765715580811131
ADM73547,0,-6.430566202126032
ADM73546,0,-7.598842790580762
ADM73545,0,-11.111567490904033
ADM73544,0,-6.430566202126032
ADM73541,0,-6.430566202126032
ADM73540,0,-6.430566202126032
ADM73539,0,-5.496676587251475
ADM73538,0,-6.430566202126032
ADM73537,0,-5.929267329757395
ADM73535,0,-6.491355790244176
ADM73534,0,-6.430566202126032
ADM73532,0,-6.430566202126032
ADM73531,0,-6.430566202126032
ADM73530,0,-6.430566202126032
ADM73529,0,-6.766590981836363
ADM73527,0,-6.430566202126032
ADM73526,0,-6.946069788752784
ADM73525,0,-6.430566202126032
ADM73524,0,-6.581499306453073
ADM73522,0,-7.186807363146577
ADM73521,0,-5.292781630864706
ADM73520,0,-5.453965079234244
ADM73519,0,-6.770032277406418
ADM73518,0,-6.215125386848818
ADM73517,0,-6.448924508187634
ADM73516,0,-5.9292673297573835
ADM73514,0,-5.81181513358494
ADM73513,0,-6.432777880317605
ADM26518,1,-0.09844743226809527
ADM26517,0,-1.7359829406098495
ADM26515,1,1.0139062890575428
ADM26514,1,-0.3172131729665164
ADM26513,1,2.691960940870498
ADM26512,1,1.185119477005495
ADM26510,1,0.545155483709916
ADM26508,0,6.221102244444534
ADM26507,0,0.4541206913649418
ADM18099,0,-13.098047853563536
ADM18098,0,-29.87924417312045
ADM18096,0,-25.339942200544275
ADM18094,0,-38.41396088662188
ADM18093,0,-3.5232531027047926
ADM18089,0,-23.732509319872126
ACY67454,0,-7.974390363979387
ACR26757,0,-0.7943033775208228
ACR26754,0,-19.482790076079386
ACR26744,0,-21.860560360045035
ACQ73205,0,-12.18983722056539
ACQ73202,0,-5.542217135305997
ACQ73201,0,-16.594212732978328
ANK57860,0,-9.535715502202581
ANG55912,0,-6.907769797713627
ANF29079,0,-33.53032060565927
ANF29075,0,-13.975442313338435
AIC64617,0,0.28433013167094323
AIC64615,0,-2.9928782808074796
AIC64600,0,-6.606267755409778
AKZ42082,0,-4.791896496308887
AKZ41843,0,-3.241009668781297
AJJ98649,0,-4.123166201918087
AJJ98647,1,0.6801211971187442
AJJ98646,0,-4.100201994974537
AJJ98645,0,-3.019092589402998
AJJ98644,1,-1.5322833359361052
AJJ98643,0,-0.0797537203881955
AJJ98641,0,-4.35117247366054
AJJ98639,0,-3.019092589402998
AJJ98638,0,-3.7465213984942007
AJJ98636,0,-3.061395877253716
AHZ41463,0,-3.719274891214445
ALE66682,0,-3.1686557040434877
ALD19393,0,-26.38712065021017
AKM15195,0,-0.38086043416258875
AKM15194,0,-31.850940292990504
AKM15189,0,-27.335286789506906
AKM15186,1,0.2762667682918387
ALA50332,0,-13.491786206885942
AKL90745,0,-28.67915972739465
AKJ84209,0,-31.66516071148948
AGB13105,0,-1.204700775535681
AGB13082,1,0.3137071982745603
BAQ19486,0,-4.908620724688708
BAQ19476,0,-16.68649430922033
BAQ19466,0,-16.68649430922033
BAQ19456,0,-18.750561223047193
BAQ19446,0,-8.852065733817826
BAQ19436,0,-0.42065357563321015
BAQ19426,0,-1.3071405362157122
BAQ19416,1,0.93343120022233
BAQ19406,0,-13.964889740744677
BAQ19396,0,-3.301087675224043
BAQ19386,0,-2.298873639503805
AIX94903,0,-15.314573025547876
AIT38426,0,-46.46771523119696
AIT38419,0,-20.087387429532804
AIA62021,0,-22.51036352897077
AIA62010,0,-4.768084673800246
AIA61999,1,-2.5808862435471074
AIA61989,0,-20.774345372064726
AIA61978,0,-10.355472013129702
AIA61967,0,-10.06495922701911
AIA61945,1,-1.0025489393000697
AIQ77764,0,-11.627703277938416
AIQ77756,0,-11.627703277938416
AIO11735,0,-11.095639231647112
AIO11726,0,-2.676607614764041
AIO11695,0,-4.179470210463524
AIO11686,0,-10.972352779888155
AIN25596,1,-2.347233482579039
AIN25586,1,0.31399044964718925
AIN25566,0,-2.676607614764041
AIN25541,1,0.3560581037720567
AII31203,0,-16.90875851594191
AIE53446,0,-2.0739506564931744
AIE52177,0,-22.634005742484604
AIE52173,0,-6.163971287144982
AHK10692,0,-3.685030867439796
AHK10659,0,-3.685030867439796
AHI43444,0,-13.113528998753786
AHI43440,0,-29.947964794583893
AHZ65653,0,-4.322336583803921
AHY95057,0,-31.922205331429293
AHY95053,0,-24.13218831005978
AHM98831,0,0.14456941809339163
AHW46689,0,-37.40295077165172
AHW46685,0,-10.832033576925674
AHW46664,0,-32.87110412018879
AHW46564,0,-33.321096178181435
AHM24129,0,-4.031902471191758
AHL21547,0,-10.80254608310948
AHL21470,0,-32.47255244080628
AHK10688,0,-21.835441037122585
AHK10681,0,-4.031902471191758
AHK10677,0,-7.607560612472123
AHK10663,0,-4.031902471191758
AHI43402,0,-5.685835112908853
AHI43398,0,-9.153519352013035
AHI43290,0,-10.832033576925674
AHH00822,0,-2.5411521409527644
AHG26656,0,-25.552914111335134
AHG26652,0,-8.62092715840231
AHD25180,0,-9.406389817345788
AHD25163,0,-9.768219532822018
AHD25147,0,-4.676998267773085
AHD25146,0,-8.848545363665707
AHB73608,0,-10.065468463840986
AHB24479,0,-20.3181450439462
AHB52150,0,-6.154512600520835
AHA57102,0,-29.714768724823564
AGZ62310,0,-2.8042914922427293
AGU69952,0,-4.616886763566061
AEN69435,0,-1.5217455850062223
AGT41695,0,-4.437109492444044
AGT41690,0,-9.492177162441704
AGO51467,0,-10.906254409763456
AGL51629,0,-9.768219532822018
AFJ76170,0,-46.156046100304664
AFJ76169,1,0.41882643656227003
AFJ76155,0,-1.6585378823480745
AFJ76131,0,0.4986473104392406
AFY09646,1,2.1050374580142375
AFX96359,1,2.6832955194510095
AFX96347,1,0.7324548846649463
AFN69199,0,-17.315699950211524
AFN69198,0,-0.7480026090344403
ADG85249,0,-1.2732124396144293
ADG85245,1,0.07466577774608041
ADG85241,1,0.07466577774608041
ADG85229,1,0.07466577774608041
ADG85225,0,-1.6779652913817813
ADG85221,0,-0.5928298833495962
AEX63539,0,-9.607224835013225
AFM78666,0,0.27842773578344904
AFM46540,0,-8.906344275194275
AFM46539,0,-1.6437008353169738
AFJ75615,0,-30.208095665240606
AFJ74819,0,-5.38402538982222
AFJ74780,0,-4.049174458492667
AFJ74779,0,-26.634581466567763
AFJ74761,0,-3.187979558368319
AFJ74743,0,-26.634581466567763
AFJ74727,0,-5.251583001580398
AFJ74695,0,-5.672307267616455
AFJ74674,0,-8.585124721664506
AFJ74673,0,-27.021307727104706
AFJ74654,0,-3.8909622447488843
AFJ74634,0,-4.049174458492667
AFJ74560,0,-7.264196891281367
AFJ74559,0,-30.492067372585428
AFJ74546,0,-11.384788472342699
AEQ50015,0,-3.2628644478565736
AEQ50005,0,-3.2628644478565736
AEQ49985,0,-3.2628644478565736
AEO08966,0,-4.433428977542524
AEO08944,0,-3.9288149640185495
AET50910,0,-9.552727099972422
ADV69109,0,-41.9259080224963
ADV69108,0,-21.63251610822809
ADV69106,0,-23.78271276096121
ADV69104,0,-38.51117853644014
ADV69103,0,-19.68104754212515
ADV69102,0,-37.63530252864703
ADV69101,0,-38.72771661361048
ADV69100,0,-36.5912718882342
ADV69099,0,-25.986197750296295
ADV69098,0,-23.613463640235
ADV69095,0,-24.302421788970772
ADV69094,0,-24.81765584270237
ADV69093,0,-23.267365314224946
ADV69091,0,-15.38850969933031
ADV69090,0,-29.228347565160472
ADV69089,0,-36.73534655333019
ADV69088,0,-25.31900824649008
ADV69087,0,-22.80802235939182
ADV69083,0,-21.297471355104854
ADV69082,0,-25.519283250853476
ADV69081,0,-18.972163030393098
ADV69080,0,-39.40488743026211
ADV69079,0,-25.06137412571671
ADV69078,0,-33.244607502380305
ADV69077,0,-19.129865628915866
ADV69076,0,-19.129865628915866
ADV69075,0,-17.98614398605229
ADV69074,0,-23.75452600316148
ADV69073,0,-23.75452600316148
AEH42796,0,-10.886078764517443
AEH42774,0,-13.134382333807503
AEH42752,0,-7.999064004539328
ADU33163,0,-12.420661415545943
BAJ40064,1,1.5445292295576394
BAJ40063,1,0.035930993825756374
BAJ40062,1,2.477676407204372
BAJ40061,1,0.035930993825756374
BAJ40060,1,0.19061550561243124
BAJ40059,1,2.412719931511514
BAJ40058,1,1.5445292295576394
BAJ40057,1,2.0602739832398598
BAJ40056,0,-2.036964746961541
BAJ40054,1,0.19061550561243124
BAJ40053,1,2.9242749130295635
BAJ40052,1,0.17778399582340398
BAJ40050,1,0.6563225714699872
BAJ40049,1,2.9242749130295635
BAJ40048,1,2.412719931511514
BAJ40045,1,0.07783303710177769
BAJ40043,1,1.5445292295576394
BAJ40042,0,-2.26636751684452
BAJ40041,1,1.5445292295576394
BAJ40039,1,0.7324548846649463
BAJ40038,1,1.5039910955317666
BAJ40037,1,1.5445292295576394
BAJ40036,0,-0.3179332831284718
BAJ40034,1,1.6118200880414086
BAJ40033,0,0.4830282082330797
BAJ40032,1,2.412719931511514
BAJ40030,0,0.4830282082330797
BAJ40029,1,2.412719931511514
BAJ40026,0,0.19061550561243124
BAJ40025,1,2.412719931511514
BAJ40024,1,0.7165282547276419
BAJ40020,0,0.07783303710177769
BAJ40018,0,0.19061550561243124
BAJ40017,1,0.27823611359232636
BAJ40016,1,2.412719931511514
BAJ40013,1,2.412719931511514
BAJ40012,1,0.9016086244619324
BAJ40011,1,2.412719931511514
BAJ40010,1,-0.4292071385307814
BAJ40005,0,0.035930993825756374
BAJ40004,0,-0.8930862498875172
BAJ40002,1,0.7324548846649463
BAJ40001,0,1.3467180703812716
BAJ40000,1,2.421681894936013
BAJ39999,1,2.412719931511514
BAJ39997,1,2.2362663304156705
BAJ39996,1,0.7324548846649463
BAJ39995,1,2.412719931511514
BAJ39994,0,2.6187503932945866
BAJ39993,1,0.7324548846649463
BAJ39991,1,2.421681894936013
BAJ39990,1,0.7324548846649463
BAJ39988,1,-0.05787981068489678
BAJ39985,1,0.7324548846649463
BAJ39983,1,1.2286931900526756
BAJ39981,0,-0.6712701200571036
BAJ39980,1,1.5445292295576394
BAJ39976,0,-1.9033293146261023
BAJ39974,1,0.7324548846649463
BAJ39970,1,0.7324548846649463
BAJ39968,1,-0.14803686626335022
BAJ39967,0,1.3504488677895559
BAJ39966,1,0.7324548846649463
BAJ39964,1,1.5445292295576394
BAJ39963,1,0.7324548846649463
BAJ39962,0,-1.365950428455081
BAJ39961,1,1.010586856378323
BAJ39959,0,-1.7588984275844197
BAJ39958,0,-0.052446173762604076
BAJ39957,1,1.5445292295576394
BAJ39955,0,-2.7961822993133723
BAJ39952,1,1.5445292295576394
BAJ39951,1,0.49061728388521786
BAJ39949,1,3.317135434984664
ACY06462,0,-8.850827993829476
ACY06461,0,-11.310794779419503
ACY06458,0,-12.630582546184508
ACY06457,0,-5.97347022854737
ACY06456,0,-7.089466177577281
ACY06455,0,-9.444345883090701
ACY06454,0,-5.90238757003053
ACY06453,0,-9.476545941844755
ACY06452,0,-11.162716115588008
ACY06449,0,-16.144648331305532
ACY06446,0,-15.017979169503924
ACY06445,0,-15.017979169503924
AAA16879,0,-7.340097459799932
BAI83394,0,-18.642668965112968
BAI83387,0,-3.1488818220435686
AAK71687,0,-5.235379027926619
AAF04720,0,-8.365075901333341
ACV90512,0,-29.58289925676821
ACR26759,0,-3.673561544566745
ACR26758,0,-3.7325740385196156
ACR26752,0,-8.742885253691481
ACR26750,0,-2.7245152043150984
ACR26749,0,-3.905804027322194
ACR26747,0,-5.036237251324522
ACR26746,0,-13.915549097563687
ACR26745,0,-19.558706063015034
ACR26743,0,-20.058730976617735
ACR26742,0,-2.884907397888483
ABI96109,0,-31.161297502719048
ABI96107,0,-29.766055337009494
ABI96106,0,-34.090259426661106
ABI96104,0,-34.736571361095145
ABI96103,0,-28.44659779611197
AAA19934,0,-8.871953687159646
ACQ73204,1,-0.4215827598968893
ACF28529,0,-7.98205996792395
ACF28528,0,-3.493834873377155
ACF28527,0,-3.5162112800984726
ACD37507,0,-30.717500822651704
ACD37430,0,-21.684304803583178
BAA00719,0,-20.251225673438963
BAA00720,0,-2.21251631372769
ABF71860,0,-13.418461743479224
YEV49150,0,-11.81646233663735
YEV49138,0,-11.376368623353136
YES77109,0,-7.861033783451973
YES76852,0,-7.861033783451973
YEP46523,0,-12.761917081544247
YEP46230,0,-7.385738132106431
YEP46180,0,-7.50677821248158
YEP45492,0,-7.019072141666188
WWZ86435,0,-5.9780532991968
WWZ86424,0,-6.5238980582780295
WWZ86408,0,-10.10588486755504
WWZ86384,0,-5.053852790764087
WWZ86360,0,-14.549917878651948
WWZ86348,0,-4.978209271657613
WWZ86162,0,-11.578007507878585
WWZ86148,0,-9.37958947039655
WWZ86136,0,-9.13020111801045
WWZ86124,0,-17.56185793027332
WWZ86106,0,-9.865328456540613
WWZ86094,0,-5.439211978339642
WWZ86068,0,-6.08484512271662
WWZ86043,0,-5.642727356740396
WWZ86030,0,-5.67937279403392
WWZ86015,0,-5.0998009898990055
WWZ86003,0,-13.973702572594568
WWZ85977,0,-13.973702572594568
WWZ85964,0,-10.937616464464483
WWZ85952,0,-4.637083504727392
YEI35128,0,-4.465290019736877
UPI56582,0,-4.758249990646022
UPI56510,0,-5.305376552121419
UPI56498,0,-16.871205100475876
UPI56486,0,-5.9226028345785275
YDS75924,0,-34.140190953566645
YDQ55499,0,-12.263648574636054
YDQ55430,0,-17.436031190259357
YDQ51060,0,-11.238748181189873
YDQ51052,0,-13.881717101818884
YDQ51002,0,-12.210683663198338
YDQ50990,0,-12.943367554439872
YDP23700,0,-9.264178009745212
YDP23699,0,-8.610941886426588
YDP23697,0,-8.489514107871788
YDP23696,0,-11.274283905103413
YDP23695,0,-11.753574002568914
YDP23693,0,-11.753574002568914
YDP23691,0,-11.753574002568914
YDP23686,0,-12.389917850880579
YDP23684,0,-12.389917850880579
YDP23683,0,-11.753574002568914
YDP23682,0,-11.753574002568914
YDP23681,0,-11.753574002568914
YDP23679,0,-11.753574002568914
YDP23678,0,-11.753574002568914
YDP23677,0,-10.651991204750866
YDP23676,0,-8.691366844559605
YDP23673,0,-11.753574002568914
YDP23672,0,-11.753574002568914
YDP23671,0,-11.64141901555216
YDP23670,0,-11.753574002568914
YDK24523,0,-14.25885109361808
YDH88934,0,-5.034601496186731
YDH88932,0,-3.5837912095520554
YDH88930,0,-21.665111653800952
YDH88928,0,-9.413233095423417
YDH88914,0,-7.7243886015094905
YDH88912,0,-5.035801900733742
YDH88910,0,-10.018488471120671
YDH88906,0,-10.018488471120671
YDH88904,0,-12.526551942865833
YDH88874,0,-12.674019041964709
YDH88870,0,-9.612270496442665
YDH88868,0,-11.562165966331143
YDH88866,0,-9.12521503641305
YDH88864,0,-14.235558795190823
YDH88862,0,-11.287225907394179
YDH88860,0,-6.7693853328525915
YDH88858,0,-5.091762519313802
YDH88856,0,-10.76203015066198
YDH88850,0,-11.717706599878868
YDH88840,0,-4.730900558729911
YDH88838,0,-7.008891026521286
YDH88836,0,-10.653228814082329
YDH88834,0,-10.58107339198109
YDE42140,0,-9.83763847884089
YDE42116,0,-12.173448409183738
YDE42104,0,-14.25885109361808
YDE42092,0,-12.389917850880579
YDE42080,0,-8.682356843279162
YDC08355,0,-14.25885109361808
YDC08320,0,-14.25885109361808
YDC08308,0,-14.25885109361808
YDC08263,0,-11.753574002568914
YDC08231,0,-11.753574002568914
YDB83239,0,-14.25885109361808
YDB83227,0,-11.728418265456003
YDB83215,0,-15.891617196998114
YDB83203,0,-14.03091885876566
YDB83191,0,-14.424459010884942
YDB83179,0,-11.753574002568914
YDB83167,0,-14.25885109361808
YDB33865,0,-9.305624407600025
YDB30413,0,-10.418535878278051
YDB30267,0,-11.753574002568914
YCZ79439,0,-11.753574002568914
YCZ79427,0,-14.25885109361808
YCZ79415,0,-11.753574002568914
YCZ79403,0,-11.753574002568914
YCZ79391,0,-11.753574002568914
YCZ79379,0,-11.753574002568914
YCZ79356,0,-10.384608513536191
YCZ79344,0,-11.881867717396123
YCZ79332,0,-14.452953262618125
YCS47977,0,-10.165555492065671
YCP90553,0,-11.517881662187074
YCP90541,0,-11.753574002568914
YCP90529,0,-7.573169990620521
YCO90435,0,-14.25885109361808
YCO90423,0,-12.532699788669584
YCO90383,0,-11.753574002568914
YCO90371,0,-13.275688859050089
YCO90354,0,-14.25885109361808
YCM62951,0,-14.25885109361808
YCM62917,0,-11.753574002568914
YCM62884,0,-14.25885109361808
YCM62864,0,-14.25885109361808
YCM62829,0,-11.561466849101684
YCL10971,0,-11.753574002568914
YCK96278,0,-11.892083531334954
YCB21382,0,-6.22566217654116
YCB20091,0,-10.570595849512845
YCB18995,0,-13.298378701014155
YCB17135,0,-11.753574002568914
YCB15480,0,-10.490137836391948
YBZ29190,0,-13.868058460200881
YBV45743,0,-6.3948187105506165
YBU60574,0,-9.482360862231936
YBU60560,0,-6.7693853328525915
YBU60552,0,-9.550617401828227
YBU60550,0,-7.456428656708116
YBP47878,0,-14.603861447508297
YBP47877,0,-6.195664288418524
YBP08993,0,-3.753506454258136
YBP08983,0,-6.539413008874725
YBK92970,0,-7.352623759456957
YBK92962,0,-5.034601496186731
YBH87781,0,-9.817180961391013
YBH87763,0,-3.2014926909339625
YBH87759,0,-9.34848097970256
YBH87749,0,-14.037186468972244
YBB93693,0,-15.071432858603991
YAO56776,0,-4.8397480374273005
YAO56770,0,-11.112214772568311
YAO56766,0,-10.680846423229706
YAO56764,0,-8.993503647680825
YAO56762,0,-13.316606131065582
YAO56754,0,-20.06358760900341
YAO56752,0,-9.846622658539427
YAO56744,0,-7.942111762596523
YAB59161,0,-8.934852178042789
YAB59155,0,-6.071983202623325
YAB59151,0,-4.6111522191228005
XZX72811,0,-7.786786832079059
XZX72803,0,-20.822850236600896
XZX72795,0,-20.78717581322691
XZX72785,0,-8.87225861200551
XZE13723,0,-6.95399420356682
XYE66472,0,-14.036935570184452
XUM71524,0,-13.298378701014155
XUM70752,0,-13.298378701014155
XUM70721,0,-13.298378701014155
XUM70695,0,-11.633394767536835
XRI88233,0,-11.225923923763958
XRI88227,0,-11.448742662550606
XRI88009,0,-14.62294886429515
XRI88002,0,-12.05953953424552
XRI87993,0,-13.298378701014155
XRI87856,0,-13.298378701014155
XRI87771,0,-13.19764290023916
XRI87750,0,-13.298378701014155
XRI87374,0,-13.590554389292308
XQE93561,0,-16.74990885943839
XQE93272,0,-14.061279407140411
XQE93265,0,-14.048833045394996
XQE93105,0,-11.74508124966907
XQE92966,0,-12.85898984682415
XPY38374,0,-11.350684363942172
XPY38234,0,-13.298378701014155
XPO56668,0,-7.755235231540858
XPO56656,0,-7.755235231540858
XPO56644,0,-4.175687176851447
XPO56632,0,-6.937072420737223
XPL72934,0,-13.298378701014155
XPL72922,0,-13.320166893056587
XPL72898,0,-15.734731477950302
XPL72886,0,-15.734731477950302
XPL72862,0,-11.605591548511915
XPL72838,0,-13.320166893056587
XPL72826,0,-11.187240138629937
XPL72802,0,-13.137151443339583
XPL72790,0,-13.298378701014155
XPL72778,0,-13.298378701014155
XPL72766,0,-13.29743633845461
XPL72754,0,-13.29743633845461
XPL72742,0,-16.845482534961945
XPL72730,0,-11.448742662550613
XPL72718,0,-13.298378701014155
XPL72706,0,-14.476440755075835
XPL72646,0,-13.993043142735178
XPL72634,0,-13.993043142735178
XPL72622,0,-14.085385261848389
XPL72610,0,-15.50188309999012
XPL72598,0,-15.50188309999012
XPL72586,0,-15.50188309999012
XPL72574,0,-14.057102510057128
XPL72562,0,-13.988970132886028
XPL72550,0,-10.29357602053277
XPL72526,0,-14.742502445291976
XPL72514,0,-13.914963858673289
XPL72502,0,-13.29743633845461
XPL72490,0,-13.29743633845461
XPL72478,0,-17.467294119366883
XPL72466,0,-13.298378701014155
XPL72442,0,-13.298378701014155
XPL72430,0,-14.974770872411941
XPL72418,0,-17.467294119366883
XPL72406,0,-13.298378701014155
XPL72382,0,-11.263061336039662
XPL72370,0,-11.433949395828574
XPL72358,0,-13.298378701014155
XPL72346,0,-11.263061336039662
XPL72322,0,-13.486096715188108
XPL72310,0,-14.32123885863748
XPL72298,0,-13.890591173644854
XPL72287,0,-13.298378701014155
XPL72275,0,-13.298378701014155
XPL72263,0,-13.298378701014155
XPL72251,0,-13.298378701014155
XPL72239,0,-13.298378701014155
XPL72215,0,-13.298378701014155
XPL72191,0,-17.804473994375822
XPL72167,0,-18.226783855955603
XPL72143,0,-13.486096715188108
XPL72131,0,-13.968962273734704
XPL72107,0,-11.415565659400112
XPL72095,0,-13.298378701014155
XPL72071,0,-11.633394767536835
XPL72059,0,-14.32123885863748
XPL72047,0,-13.865887393395385
XPL72035,0,-13.298378701014155
XPL72011,0,-11.448742662550613
XPL71999,0,-11.415565659400112
XPL71987,0,-13.298378701014155
XPL71975,0,-13.298378701014155
XPL71952,0,-8.592546204649596
XPL71940,0,-11.42243910776395
XPL71928,0,-11.021142892694098
XPL71916,0,-11.021142892694098
XPL71904,0,-12.499580630654037
XPL71868,0,-14.470193641112393
XPL71856,0,-13.298378701014155
XPL71844,0,-12.217126749803
XPL71829,0,-13.298378701014155
XPL71820,0,-14.109832729447414
XPL71808,0,-14.109832729447414
XPL71796,0,-13.37731684704027
XPL71784,0,-14.32123885863748
XPL71760,0,-14.404060490222463
XPL71748,0,-14.300415512257256
XPL71736,0,-14.300415512257256
XPL71700,0,-17.923709782240625
XPL71688,0,-15.68583699168229
XPL71676,0,-13.298378701014155
XPL71652,0,-17.467294119366883
XPL71640,0,-17.467294119366883
XPL71604,0,-14.476440755075835
XPL71592,0,-12.217126749803
XPL71580,0,-8.138707758375473
XPL71544,0,-11.448742662550613
XPL71536,0,-11.448742662550613
XPL71524,0,-14.01694592138184
XPL71512,0,-13.641146609656833
XPL71500,0,-12.206773762494393
XPL71476,0,-12.912493386853042
XPL71464,0,-13.745791916097367
XPL71428,0,-12.703371495782179
XPL71416,0,-13.745791916097367
XPL71404,0,-13.745791916097367
XPL71392,0,-12.912493386853042
XPL71380,0,-12.206773762494393
XPL71356,0,-12.912493386853042
XPL71320,0,-15.885112214191246
XPL71308,0,-14.01694592138184
XPL71284,0,-12.217126749803
XPL71272,0,-12.217126749803
XPL71260,0,-14.27484259562003
XPL71236,0,-11.69256047470213
XPL71224,0,-12.217126749803
XPL71212,0,-12.217126749803
XPL71200,0,-12.217126749803
XPL71176,0,-13.486096715188108
XPL71152,0,-13.298378701014155
XPL71140,0,-13.033827502455765
XPL71128,0,-13.033827502455765
XPL71116,0,-13.298378701014155
XPL71092,0,-13.298378701014155
XPL71080,0,-13.298378701014155
XPL71068,0,-14.109832729447414
XPL71056,0,-13.298378701014155
XPL71032,0,-11.633394767536835
XPL71020,0,-11.633394767536835
XPL71008,0,-12.182041863729832
XPL70996,0,-13.298378701014155
XPL70984,0,-13.298378701014155
XPL70972,0,-13.298378701014155
XPL70960,0,-13.298378701014155
XPL70948,0,-13.298378701014155
XPL70936,0,-13.298378701014155
XPL70924,0,-15.09705065729431
XPL70912,0,-12.59951414418433
XPL70900,0,-13.298378701014155
XPL70888,0,-13.298378701014155
XPL70876,0,-13.298378701014155
XPL70864,0,-13.298378701014155
XPL70852,0,-13.298378701014155
XPL70840,0,-13.298378701014155
XPL70804,0,-14.32123885863748
XPL70792,0,-14.32123885863748
XPL70756,0,-15.086120390459651
XPL70732,0,-15.086120390459651
XPL70720,0,-11.8984397005947
XPL70708,0,-13.298378701014155
XPL70685,0,-19.561349886956624
XPL70661,0,-13.229245197860909
XPL70649,0,-13.568152929112046
XPL70637,0,-12.012667096695834
XPL70625,0,-12.136517882725025
XPL70613,0,-10.646087555012661
XPL70601,0,-13.62592542680698
XPL70589,0,-14.476440755075835
XPL70577,0,-10.812396644436841
XPL70565,0,-15.446477228065028
XPL70517,0,-13.298378701014155
XPL70505,0,-14.32123885863748
XPL70493,0,-13.847355677683531
XPL70481,0,-14.32123885863748
XPL70469,0,-13.298378701014155
XPL70457,0,-13.298378701014155
XPL70445,0,-13.298378701014155
XPL70433,0,-16.13720221828885
XPL70421,0,-13.298378701014155
XPL70409,0,-13.53364012485711
XPL70397,0,-11.225923923763958
XPL70373,0,-15.065576503118368
XPL70361,0,-13.217300680179058
XPL70349,0,-14.32123885863748
XPL70337,0,-15.065576503118368
XPL70325,0,-16.845482534961945
XPL70301,0,-14.733677814359199
XPL70289,0,-15.065576503118368
XPL70265,0,-15.065576503118368
XPL70241,0,-14.851581532769472
XPL70217,0,-14.851581532769472
XPL70193,0,-12.165022062715455
XPL70181,0,-13.846264211824227
XPL70133,0,-12.155807986434786
XPL70121,0,-13.314671160649834
XPL70109,0,-19.561349886956624
XPL70097,0,-12.464472346010549
XPL70085,0,-14.476440755075835
XPL70073,0,-12.540927832242456
XPL70061,0,-14.851581532769472
XPL70049,0,-12.217126749803
XPL70037,0,-12.217126749803
XPL70026,0,-10.707985478163177
XPL70014,0,-19.561349886956624
XPL69990,0,-14.646140355883453
XPL69978,0,-12.509693683196733
XPL69966,0,-12.217126749803
XPL69954,0,-12.217126749803
XPL69942,0,-12.511974160861463
XPL69930,0,-12.217126749803
XPL69906,0,-14.32123885863748
XPL69882,0,-12.245549342199812
XPL69870,0,-12.245549342199812
XPL69846,0,-13.7250905215891
XPL69834,0,-10.910743651853181
XPL69822,0,-14.805294448572461
XPL69774,0,-12.59951414418433
XPL69762,0,-13.298378701014155
XPL69750,0,-13.298378701014155
XPL69714,0,-13.298378701014155
XPL69702,0,-13.298378701014155
XPL69678,0,-13.298378701014155
XPL69666,0,-13.298378701014155
XPL69654,0,-13.298378701014155
XPL69618,0,-13.298378701014155
XPL69582,0,-11.448742662550613
XPL69570,0,-13.890591173644854
XPL69558,0,-13.890591173644854
XPL69546,0,-13.890591173644854
XPL69534,0,-13.890591173644854
XPL69510,0,-12.600683714526351
XPL69474,0,-14.018000722926582
XPL69462,0,-13.981882170269852
XPL69438,0,-13.981882170269852
XPL69426,0,-13.298378701014155
XPL69414,0,-13.298378701014155
XPL69402,0,-13.298378701014155
XPL69354,0,-14.108064900227848
XPL69342,0,-13.298378701014155
XPL69330,0,-13.298378701014155
XPL69306,0,-13.110400383551221
XPL69294,0,-13.435855493158737
XPL69270,0,-13.298378701014155
XPL69234,0,-14.742502445291976
XPL69222,0,-13.298378701014155
XPL69210,0,-17.405073598200904
XPL69198,0,-17.467294119366883
XPL69186,0,-19.561349886956624
XPL69174,0,-10.910743651853181
XPL69162,0,-9.73038134343739
XPL69138,0,-17.467294119366883
XPL69130,0,-13.846264211824227
XPL69114,0,-19.839202372815407
XPL69102,0,-18.31363264451007
XPL69090,0,-10.645581676742042
XPL69078,0,-10.645581676742042
XPL69066,0,-13.149852621814164
XPL69054,0,-17.467294119366883
XPL69042,0,-15.734731477950302
XPL69018,0,-11.472071101513276
XPL69006,0,-10.63968988559606
XPL68994,0,-12.322654890874176
XPL68983,0,-7.040021077435659
XPL68972,0,-14.32123885863748
XPL68960,0,-7.040021077435659
XPL68949,0,-14.32123885863748
XPL68937,0,-15.065591250227321
XPL68865,0,-13.560460387829668
XPL68853,0,-7.040021077435659
XPL68829,0,-14.32123885863748
XPL68817,0,-14.64065322299319
XPL68805,0,-14.32123885863748
XPL68793,0,-14.109832729447414
XPL68781,0,-11.633394767536835
XPL68769,0,-13.523576048515014
XPL68733,0,-12.700493407311534
XPL68721,0,-16.69071039593796
XPL68709,0,-15.51422407122117
XPL68697,0,-14.346654078463267
XPL68685,0,-13.70661115484684
XPL68661,0,-15.99369509282918
XPL68649,0,-13.298378701014155
XPL68625,0,-13.298378701014155
XPL68613,0,-19.561349886956624
XPL68601,0,-14.32123885863748
XPL68589,0,-19.545517292684664
XPL68577,0,-19.561349886956624
XPL68567,0,-14.184739842934288
XPL68556,0,-15.446477228065028
XPL68546,0,-13.298378701014155
XPL68536,0,-12.217126749803
XPL68526,0,-13.298378701014155
XPL68516,0,-16.45276823241234
XPL68506,0,-12.322654890874176
XPL68498,0,-8.864234446551576
XPL68488,0,-8.864234446551576
XPL68476,0,-12.217126749803
XPL68466,0,-13.298378701014155
XPL68459,0,-13.298378701014155
XPL68452,0,-12.553994061409789
XPL68442,0,-13.70631439688234
XPL68435,0,-19.561349886956624
XPL68415,0,-13.298378701014155
XPL68404,0,-15.600208998450315
XPL68385,0,-16.606531447568287
XPL68375,0,-13.320166893056587
XPL68353,0,-18.31363264451007
XPL68344,0,-13.641146609656833
XPL68334,0,-14.109832729447414
XPL68324,0,-11.433949395828574
XPL68315,0,-13.298378701014155
XPL68309,0,-11.112697249655973
XPL68300,0,-14.742502445291976
XPL68272,0,-12.912493386853042
XPL68265,0,-12.155807986434786
XOD40155,0,-12.799092266076538
XNM01050,0,-15.254822218652938
XNM00869,0,-14.171501288989854
XNM00820,0,-14.171501288989854
XNM00791,0,-14.171501288989854
XNM00781,0,-14.171501288989854
XMQ97291,0,-14.171501288989854
XMQ97200,0,-14.526727840719515
XMQ95356,0,-14.171501288989854
XMQ95228,0,-14.171501288989854
XMQ94971,0,-14.526727840719515
XCX90934,0,-9.24840147377188
XCV14090,0,-8.554341968394914
XCV14058,0,-16.30262116254943
XCV14073,0,-13.513082923137937
XCV14041,0,-7.688075192990095
XCV14057,0,-13.641556066013196
XCV14035,0,-15.25797455318
XCV13979,0,-7.688075192990095
XCV13984,0,-13.064404876927712
XCV13951,0,-9.030394645716743
XCV13931,0,-13.064404876927712
XCV13935,0,-13.122938221652486
XCV13905,0,-13.641556066013196
XCV13923,0,-7.688075192990095
XCV13896,0,-13.641556066013196
XCV13886,0,-13.122938221652486
XCV13871,0,-8.768228286933166
XCV13831,0,-9.24840147377188
WZW45697,0,-12.799092266076538
WZW45509,0,-8.080858315433048
WZW45496,0,-8.080858315433048
WZW45410,0,-12.799092266076538
WZL55743,0,-13.759311812529047
WZL55700,0,-14.478972697328668
WZL55697,0,-8.134156697437572
WZL55649,0,-13.112579695643117
WZL55637,0,-8.498071760832435
WZL55565,0,-13.091846584568339
WZL55546,0,-8.037169927133695
WZL55539,0,-8.037169927133695
WZL55524,0,-10.330315786368098
WZL55478,0,-9.24840147377188
WZL55455,0,-11.979443605165079
WZL55438,0,-6.874430926307118
WZL55414,0,-13.122938221652486
WZL55409,0,-12.799092266076538
WZL55354,0,-13.091846584568339
WZL55348,0,-11.009858927862444
WZL55333,0,-12.799092266076538
WZL55296,0,-13.641556066013196
WZL55279,0,-10.018143982752873
WZL55255,0,-12.613681054568742
WZL55236,0,-13.020802982719133
WZL55221,0,-13.641556066013196
WZL55199,0,-13.837974855737537
WZL55195,0,-13.064404876927712
WZL55171,0,-13.641556066013196
WZL55127,0,-8.134156697437572
WZL55117,0,-7.205240342773427
WZL55092,0,-8.134156697437572
WZL55076,0,-7.137163785772164
WZL55074,0,-12.34316356331473
WZL55056,0,-13.091846584568339
WZL55042,0,-13.641556066013196
WZL55038,0,-8.037169927133695
WYD67653,0,-13.641556066013196
XHV22734,0,-16.14259489312553
XHH12998,0,-3.1289999937548387
XHH12986,0,-3.1289999937548387
XHH12984,0,-3.1289999937548387
XHH12962,0,-3.1289999937548387
XHH12960,0,-3.1289999937548387
XHH12948,0,-3.1289999937548387
XHH12936,0,-3.1289999937548387
XHH12888,0,-3.1289999937548387
XFD34695,0,-14.476440755075835
XFD34671,0,-14.476440755075835
XFD34647,0,-14.476440755075835
XFD34635,0,-14.476440755075835
XFD34623,0,-13.320166893056587
XFD34575,0,-17.96043497743821
XFD34551,0,-13.43020073229626
XFD34541,0,-13.43020073229626
XFD34517,0,-13.000387804782266
XFD34493,0,-10.654201835318553
XFD34481,0,-13.43020073229626
XFD34469,0,-11.100169203299105
XFD34457,0,-11.100169203299105
XFD34433,0,-14.088996567684148
XFD34409,0,-16.62971859274875
XFD34397,0,-9.233783223457529
XFD34374,0,-13.43020073229626
XFD34350,0,-13.751799778772881
XFD34328,0,-14.431447184492718
XFD34316,0,-16.391672370829312
XFD34292,0,-13.43020073229626
XFD34256,0,-12.246624176370645
XFD34244,0,-14.476440755075835
XFD34234,0,-14.476440755075835
XFD34222,0,-13.43020073229626
XFD34210,0,-10.992073048216199
XFD34198,0,-10.992073048216199
XFD34186,0,-13.486096715188108
XFD34174,0,-13.486096715188108
XFD34162,0,-11.100169203299105
XFD34138,0,-13.52503617898107
XFD34126,0,-11.100169203299105
XFD34114,0,-14.781313000481873
XFD34092,0,-13.486096715188108
XFD34068,0,-13.140804074911014
XFD34025,0,-13.486096715188108
XFD34003,0,-13.486096715188108
XFD33981,0,-13.486096715188108
XFD33945,0,-13.486096715188108
XFD33921,0,-14.118312070614202
XFD33897,0,-14.088996567684148
XFD33885,0,-14.088996567684148
XFD33861,0,-13.454263027353853
XFD33837,0,-13.140804074911014
XFD33830,0,-13.002861402346483
XFD33813,0,-13.230285766809441
XFD33801,0,-14.118319805890994
XFD33789,0,-13.43020073229626
XFD33765,0,-12.894930152860258
XFD33753,0,-12.894930152860258
XFD33741,0,-16.14259489312553
XFD33717,0,-14.3395418003236
XFD33705,0,-13.486096715188108
XFD33657,0,-16.14259489312553
XFD33633,0,-14.061202699459571
XFD33621,0,-14.267372710062453
XFD33609,0,-13.43020073229626
XFD33597,0,-14.3395418003236
XFD33561,0,-13.43020073229626
XFD33549,0,-14.191927152967242
XFD33537,0,-14.445871642145779
XFD33525,0,-12.07613304513178
XFD33513,0,-14.349504031577851
XFD33453,0,-14.384099669898125
XFD33441,0,-11.397766417323478
XFD33429,0,-13.998805204556966
XFD33417,0,-13.43020073229626
XFD33405,0,-13.486096715188108
XFD33369,0,-6.8273106662284135
XFD33357,0,-13.486096715188108
XFD33345,0,-13.43020073229626
XFD33333,0,-12.4181871479635
XFD33321,0,-14.942137587202309
XFD33299,0,-12.803032328429905
XFD33275,0,-12.907374206440913
XFD33263,0,-12.907374206440913
XFD33239,0,-13.400842119971315
XFD33227,0,-13.230285766809441
XFD33203,0,-13.787781876946102
XFD33179,0,-10.910743651853181
XFD33168,0,-14.598346439150607
XFD33156,0,-14.598346439150607
XFD33144,0,-14.598346439150607
XFD33132,0,-14.598346439150607
XFD33120,0,-15.584966561806407
XFD33108,0,-15.584966561806407
XFD33096,0,-14.68976677650241
XFD33084,0,-14.68976677650241
XFD33072,0,-14.68976677650241
XFD33060,0,-14.68976677650241
XFD33024,0,-13.002861402346483
XFD33012,0,-13.002861402346483
XFD33002,0,-13.002861402346483
XFD32990,0,-13.454263027353853
XFD32978,0,-13.454263027353853
XFD32966,0,-14.088996567684148
XFD32930,0,-16.34483073651324
XFD32918,0,-12.93202123314185
XFD32906,0,-12.93202123314185
XFD32894,0,-14.088996567684148
XFD32882,0,-16.362853652256586
XFD32870,0,-13.454263027353853
XFD32858,0,-13.454263027353853
XFD32846,0,-13.230285766809441
XFD32834,0,-13.230285766809443
XFD32822,0,-11.04032100746294
XFD32810,0,-11.040321007462929
XFD32798,0,-14.68976677650241
XFD32787,0,-14.68976677650241
XFD32756,0,-13.396244903996513
XFD32744,0,-13.510291597039922
XFD32732,0,-13.510291597039922
XFD32720,0,-14.088996567684148
XFD32708,0,-14.088996567684148
XFD32698,0,-13.230285766809441
XFD32686,0,-13.230285766809441
XFD32674,0,-11.433949395828574
XFD32662,0,-14.320946452895779
XFD32650,0,-13.492662786626454
XFD32638,0,-10.303421877334914
XFD32614,0,-13.846264211824227
XFD32578,0,-13.43020073229626
XFD32566,0,-11.100169203299105
XFD32554,0,-13.43020073229626
XFD32530,0,-13.230285766809441
XFD32518,0,-13.230285766809441
XFD32506,0,-13.230285766809441
XFD32494,0,-11.711040061275707
XFD32482,0,-16.04848862684571
XFD32470,0,-13.140804074911014
XFD32458,0,-13.140804074911014
XFD32446,0,-13.240876949238453
XFD32434,0,-13.240876949238453
XFD32422,0,-13.486096715188108
XFD32387,0,-13.230285766809441
XFD32351,0,-13.230285766809441
XFD32327,0,-14.01694592138184
XFD32315,0,-14.01694592138184
XFD32291,0,-14.061279407140411
XFD32231,0,-13.230285766809441
XFD32195,0,-16.62971859274875
XFD32183,0,-16.62971859274875
XFD32171,0,-9.433328235156827
XFD32159,0,-9.433328235156827
XFD32123,0,-14.59569042401289
XFD32113,0,-10.71671477749475
XFD32101,0,-10.71671477749475
XFD32089,0,-16.101929487021216
XFD32077,0,-16.101929487021216
XFD32065,0,-7.8758269307841235
XFD32041,0,-14.088996567684148
XFD32017,0,-14.379440035207438
XFD31985,0,-14.379440035207438
XFD31973,0,-10.910743651853181
XFD31961,0,-10.910743651853181
XFD31937,0,-13.340217071957602
XFD31925,0,-12.897924179008637
XFD31913,0,-12.897924179008637
XFD31901,0,-11.973627151585735
XFD31889,0,-11.973627151585735
XFD31877,0,-13.230285766809441
XFD31865,0,-14.379440035207438
XFD31853,0,-14.379440035207438
XFD31841,0,-16.14259489312553
XFD31829,0,-16.14259489312553
XFD31817,0,-13.266389390653853
XFD31805,0,-12.826699621727393
XFD31757,0,-13.486096715188108
XFD31745,0,-16.14259489312553
XFD31733,0,-13.43020073229626
XFD31721,0,-14.061202699459571
XFD31697,0,-13.486096715188108
XFD31685,0,-13.486096715188108
XFD31673,0,-10.610766422902921
XFD31661,0,-10.610766422902921
XFD31649,0,-10.610766422902921
XFD31637,0,-13.7252403435516
XFD31625,0,-12.749060480971153
XFD31613,0,-12.676220119134314
XFD31565,0,-13.43020073229626
XFD31553,0,-14.748819089059847
XFD31541,0,-12.692553921002714
XFD31529,0,-12.336470129197373
XFD31517,0,-12.54214434944198
XFD31505,0,-12.54214434944198
XFD31483,0,-13.002861402346483
XFD31471,0,-14.158657100903671
XFD31459,0,-14.158657100903671
XFD31447,0,-16.34483073651324
XFD31436,0,-16.34483073651324
XFD31424,0,-13.230285766809441
XFD31412,0,-13.230285766809441
XFD31388,0,-10.769776649613881
XFD31376,0,-16.44263496873492
XFD31364,0,-16.44263496873492
XFD31352,0,-13.179624844371283
XFD31340,0,-15.543562899709169
XFD31328,0,-12.441772242388213
XFD31316,0,-13.327273501331906
XFD31304,0,-14.088996567684148
XFD31292,0,-13.799515975411687
XFD31268,0,-14.088996567684148
XFD31256,0,-14.836152420159571
XFD31244,0,-13.002861402346483
XFD31232,0,-13.002861402346483
XFD31220,0,-13.002861402346483
XFD31208,0,-14.293979025756684
XFD31184,0,-13.002861402346483
XFD31161,0,-14.088996567684148
XFD31149,0,-14.088996567684148
XFD31137,0,-18.61244736834634
XFD31125,0,-18.61244736834634
XFD31113,0,-13.486096715188108
XFD31101,0,-13.486096715188108
XFD31089,0,-12.344818747452917
XFD31065,0,-13.140804074911014
XFD31053,0,-11.554978713798938
XFD31041,0,-11.100169203299105
XFD31029,0,-13.875252634020022
XFD31017,0,-13.230285766809441
XFD30993,0,-13.109154466723217
XFD30981,0,-12.543374923632587
XFD30969,0,-13.466632765581366
XFD30933,0,-14.476440755075835
XFD30921,0,-14.476440755075835
XFD30909,0,-13.24636799397766
XFD30885,0,-12.314981360257892
XFD30873,0,-11.448742662550613
XFD30861,0,-11.448742662550613
XFD30849,0,-11.855898211489944
XFD30837,0,-14.51109540026753
XFD30825,0,-17.199224650494237
XFD30813,0,-11.448742662550613
XFD30805,0,-13.561977067686696
XFD30777,0,-12.543374923632587
XFD30765,0,-13.255800096487382
XFD30753,0,-13.575142047454438
XFD30729,0,-13.140804074911014
XFD30705,0,-14.476440755075835
XFD30693,0,-14.476440755075835
XFD30681,0,-13.486096715188108
XFD30669,0,-13.486096715188108
XFD30621,0,-13.43020073229626
XFD30609,0,-13.002861402346483
XFD30587,0,-14.258239085546855
XFD30563,0,-13.230285766809441
XFD30551,0,-9.998369456069412
XFD30539,0,-9.998369456069412
XFD30515,0,-9.998369456069412
XFD30503,0,-13.230285766809441
XFD30491,0,-9.998369456069412
XFD30481,0,-9.998369456069412
XFD30469,0,-11.271958985865325
XFD30457,0,-9.998369456069412
XFD30445,0,-9.998369456069412
XFD30433,0,-17.671926544756467
XFD30421,0,-13.230285766809441
XFD30409,0,-13.002861402346483
XFD30373,0,-15.255070283666232
XFD30361,0,-13.002861402346483
XFD30301,0,-12.973067512016957
XFD30277,0,-14.320946452895779
XFD30253,0,-14.320946452895779
XFD30241,0,-13.43020073229626
XFD30229,0,-13.43020073229626
XFD30217,0,-13.140804074911014
XFD30205,0,-13.140804074911014
XFD30193,0,-12.75822436070358
XFD30145,0,-13.43020073229626
XFD30121,0,-12.08419530911851
XFD30109,0,-12.08419530911851
XFD30097,0,-11.60432112225936
XFD30085,0,-11.60432112225936
XFD30049,0,-13.314405581241333
XFD30037,0,-13.314405581241333
XFD30025,0,-11.60432112225936
XFD30013,0,-11.60432112225936
XFD30001,0,-13.238817126532542
XFD29989,0,-13.238817126532542
XFD29977,0,-12.747593335602238
XFD29965,0,-12.747593335602238
XFD29931,0,-12.828111311753965
XFD29872,0,-13.140804074911014
XFD29860,0,-16.15429936920244
XFD29848,0,-15.105863353046336
XFD29836,0,-14.088996567684148
XFD29812,0,-13.43020073229626
XFD29800,0,-13.140804074911014
XFD29788,0,-13.230285766809441
XFD29776,0,-13.230285766809441
XFD29764,0,-10.761329481233016
XFD29728,0,-12.702200007864633
XFD29716,0,-13.486096715188108
XFD29706,0,-13.486096715188108
XFD29694,0,-12.386066625687139
XFD29682,0,-12.386066625687139
XFD29670,0,-14.186867732782128
XFD29658,0,-14.186867732782128
XFD29646,0,-10.910743651853181
XFD29634,0,-10.910743651853181
XFD29622,0,-13.140804074911014
XFD29610,0,-13.140804074911014
XFD29598,0,-11.448742662550613
XFD29574,0,-14.158974547194685
XFD29562,0,-12.252868612736375
XFD29550,0,-12.252868612736375
XFD29538,0,-13.44572631848321
XFD29527,0,-13.44572631848321
XFD29479,0,-16.552065584481028
XFD29467,0,-16.53766628442357
XFD29455,0,-16.53766628442357
XFD29419,0,-13.230285766809441
XFD29407,0,-13.230285766809441
XFD29395,0,-11.263061336039662
XFD29383,0,-11.263061336039662
XFD29347,0,-13.846264211824227
XFD29335,0,-17.597009201999526
XFD29311,0,-13.9404636031344
XFD29299,0,-13.06268759120563
XFD29275,0,-12.217126749803
XFD29263,0,-12.217126749803
XFD29251,0,-13.43020073229626
XFD29227,0,-14.088996567684148
XFD29193,0,-13.43020073229626
XFD29181,0,-14.088996567684148
XFD29169,0,-14.088996567684148
XFD29157,0,-14.088996567684148
XFD29145,0,-13.002861402346483
XFD29133,0,-13.002861402346483
XFD29097,0,-14.088996567684148
XFD29073,0,-13.230285766809441
XFD29037,0,-16.14259489312553
XFD29013,0,-14.945490587634962
XFD29001,0,-13.140804074911014
XFD28989,0,-13.140804074911014
XFD28977,0,-13.43020073229626
XFD28965,0,-11.100169203299105
XFD28953,0,-11.100169203299105
XFD28941,0,-12.89426129710494
XFD28929,0,-12.89426129710494
XFD28917,0,-11.100169203299105
XFD28905,0,-11.100169203299105
XFD28893,0,-11.100169203299105
XFD28869,0,-15.396113681555358
XFD28857,0,-12.618952874194802
XFD28845,0,-12.618952874194802
XFD28833,0,-13.122894581937022
XFD28821,0,-13.122894581937022
XFD28809,0,-15.23526265504791
XFD28797,0,-16.825941170160853
XFD28785,0,-16.825941170160853
XFD28761,0,-14.088996567684148
XFD28749,0,-15.23526265504791
XFD28725,0,-13.230285766809441
XFD28701,0,-13.413021395934901
XFD28677,0,-11.282547813457604
XFD28665,0,-14.476440755075835
XFD28653,0,-11.53443248798532
XFD28629,0,-13.230285766809441
XFD28617,0,-13.230285766809441
XFD28605,0,-13.230285766809441
XFD28593,0,-13.230285766809441
XFD28581,0,-11.666878412555914
XFD28570,0,-11.666878412555914
XFD28559,0,-11.748655650333378
XFD28547,0,-11.748655650333378
XFD28535,0,-11.448742662550613
XFD28523,0,-13.43020073229626
XFD28511,0,-13.43020073229626
XFD28499,0,-11.448742662550613
XFD28487,0,-11.448742662550613
XFD28475,0,-12.01285306953607
XFD28451,0,-12.08419530911851
XFD28427,0,-12.01285306953607
XFD28415,0,-16.62971859274875
XFD28403,0,-16.62971859274875
XFD28391,0,-13.140804074911014
XFD28379,0,-13.140804074911014
XFD28367,0,-12.829963069572868
XFD28343,0,-13.002861402346483
XFD28319,0,-11.816283367363308
XFD28307,0,-11.816283367363308
XFD28295,0,-13.140804074911014
XFD28283,0,-13.140804074911014
XFD28271,0,-13.732648231668472
XFD28259,0,-13.732648231668472
XFD28247,0,-13.43020073229626
XFD28237,0,-13.43020073229626
XFD28225,0,-13.43020073229626
XFD28213,0,-13.43020073229626
XFD28201,0,-13.43020073229626
XFD28191,0,-13.43020073229626
XFD28179,0,-15.022750818184878
XFD28167,0,-15.022750818184878
XFD28155,0,-13.43020073229626
XFD28143,0,-13.43020073229626
XFD28131,0,-14.64203878327875
XFD28119,0,-14.64203878327875
XFD28107,0,-14.64203878327875
XFD28095,0,-14.64203878327875
XFD28073,0,-14.64203878327875
XFD28037,0,-9.969637512793193
XFD28025,0,-12.567990296072683
XFD28013,0,-12.567990296072683
XFD28001,0,-14.267372710062453
XFD27989,0,-13.43020073229626
XFD27977,0,-14.267372710062453
XFD27965,0,-7.8758269307841235
XFD27941,0,-12.052994186191636
XFD27930,0,-12.052994186191636
XFD27919,0,-11.98441923471699
XFD27907,0,-13.0791221861374
XFD27871,0,-13.43020073229626
XFD27859,0,-13.486096715188108
XFD27847,0,-14.057699924143101
XFD27835,0,-12.897924179008637
XFD27823,0,-14.595447984803016
XFD27787,0,-12.052994186191636
XFD27776,0,-15.241452699967077
XFD27764,0,-14.476440755075835
XFD27728,0,-14.284884935866623
XFD27704,0,-11.992353787241544
XFD27692,0,-12.67088081630303
XFD27680,0,-12.67088081630303
XFD27668,0,-13.002861402346483
XFD27644,0,-17.029636827286698
XFD27632,0,-14.07003271369188
XFD27620,0,-15.214864844689473
XFD27608,0,-15.214864844689473
XFD27596,0,-10.910743651853181
XFD27584,0,-10.910743651853181
XFD27572,0,-10.910743651853181
XFD27560,0,-13.140804074911014
XFD27536,0,-11.282547813457604
XFD27488,0,-16.651513264443793
XFD27452,0,-13.43020073229626
XFD27440,0,-13.43020073229626
XFD27428,0,-11.651462966939919
XFD27416,0,-11.651462966939919
XFD27404,0,-13.43020073229626
XFD27356,0,-13.486096715188108
XFD27344,0,-13.486096715188108
XFD27332,0,-14.061202699459571
XFD27320,0,-14.857645442416292
XFD27308,0,-13.486096715188108
XFD27296,0,-13.486096715188108
XFD27284,0,-16.16192284738215
XFD27272,0,-16.16192284738215
XFD27260,0,-13.140804074911014
XFD27248,0,-13.140804074911014
XFD27237,0,-13.143882755043586
XFD27201,0,-11.833849016711316
XFD27177,0,-14.088996567684148
XFD27165,0,-13.43020073229626
XFD27153,0,-14.088996567684148
XFD27141,0,-13.43020073229626
XFD27129,0,-13.43020073229626
XFD27105,0,-14.793279399620504
XFD27093,0,-12.033923309940796
XFD27081,0,-12.033923309940796
XFD27057,0,-13.002861402346483
XFD27045,0,-14.088996567684148
XFD27033,0,-14.088996567684148
XFD27009,0,-11.100169203299105
XFD26997,0,-11.100169203299105
XFD26961,0,-12.451111894227306
XFD26937,0,-16.14259489312553
XFD26925,0,-16.14259489312553
XFD26913,0,-13.002861402346483
XFD26901,0,-13.002861402346483
XFD26889,0,-12.76259135951684
XFD26865,0,-13.002861402346483
XFD26853,0,-13.002861402346483
XFD26829,0,-14.088996567684148
XFD26805,0,-12.56063302004805
XFD26793,0,-12.56063302004805
XFD26781,0,-12.56063302004805
XFD26769,0,-12.56063302004805
XFD26757,0,-15.936260089006613
XFD26745,0,-14.487313760214077
XFD26733,0,-14.487313760214077
XFD26721,0,-14.487313760214077
XFD26709,0,-13.002861402346483
XFD26697,0,-13.002861402346483
XFD26685,0,-12.44577715803166
XFD26673,0,-12.44577715803166
XFD26651,0,-13.43020073229626
XFD26639,0,-13.43020073229626
XFD26615,0,-14.088996567684148
XFD26603,0,-14.088996567684148
XFD26591,0,-13.43020073229626
XFD26569,0,-13.002861402346483
XFD26533,0,-13.43020073229626
XFD26521,0,-13.43020073229626
XFD26509,0,-13.486096715188108
XFD26497,0,-13.486096715188108
XFD26485,0,-13.43020073229626
XFD26473,0,-15.035275742911683
XFD26462,0,-13.230285766809441
XFD26450,0,-13.230285766809441
XFD26438,0,-15.699211734675586
XFD26426,0,-13.43020073229626
XFD26402,0,-13.43020073229626
XFD26378,0,-13.43020073229626
XFD26366,0,-13.43020073229626
XFD26330,0,-13.140804074911014
XFD26318,0,-15.020646043791263
XFD26294,0,-14.088996567684148
XFD26270,0,-13.880229264161809
XFD26258,0,-16.14259489312553
XFD26246,0,-10.98089138273146
XFD26234,0,-10.98089138273146
XFD26198,0,-14.082918182074868
XFD26186,0,-14.68976677650241
XFD26174,0,-13.43020073229626
XFD26162,0,-13.801866112951839
XFD26150,0,-17.03419108236655
XFD26138,0,-14.12669114154577
XFD26102,0,-13.43020073229626
XFD26078,0,-13.482227929866989
XFD26054,0,-10.217689621493793
XFD26042,0,-14.476440755075835
XFD26030,0,-14.476440755075835
XFD26018,0,-14.476440755075835
XFD25994,0,-14.476440755075835
XFD25970,0,-12.413497299174416
XFD25958,0,-14.476440755075835
XFD25946,0,-10.41795645869854
XFD25922,0,-14.933128866922594
XFD25910,0,-13.002861402346483
XFD25898,0,-13.486096715188108
XFD25862,0,-16.139846435196645
XFD25850,0,-13.43020073229626
XFD25838,0,-14.088996567684148
XFD25826,0,-13.54687535831761
XFD25814,0,-10.651025619167926
XFD25802,0,-13.230285766809441
XFD25778,0,-12.168587411648478
XFD25767,0,-13.230285766809441
XFD25755,0,-12.518716753062515
XFD25743,0,-12.899483134017917
XFD25731,0,-12.321474579394897
XFD25719,0,-13.43020073229626
XFD25707,0,-12.929444101794296
XFD25683,0,-10.907031664179021
XFD25659,0,-13.486096715188108
XFD25647,0,-7.8758269307841235
XFD25635,0,-10.760732865898031
XFD25623,0,-14.133979082571889
XFD25611,0,-13.669963699394206
XFD25601,0,-13.669963699394206
XFD25577,0,-13.486096715188108
XFD25565,0,-14.476440755075835
XFD25553,0,-13.230285766809441
XFD25541,0,-13.002861402346483
XFD25529,0,-13.486096715188108
XFD25517,0,-12.829963069572868
XFD25493,0,-13.43020073229626
XFD25481,0,-13.631771612066064
XFD25471,0,-12.559433479781898
XFD25461,0,-14.088996567684148
XFD25439,0,-12.306875705607332
XFD25429,0,-13.230285766809441
XFD25419,0,-12.894930152860258
XFD25404,0,-15.27724015741093
XFD25394,0,-14.476440755075835
XFD25384,0,-14.476440755075835
XFD25366,0,-14.088996567684148
XFD25345,0,-14.088996567684148
XFD25335,0,-13.486096715188108
XFD25315,0,-15.152448286408436
XFD25306,0,-11.100169203299105
XFD25294,0,-13.465698381285385
XFD25284,0,-11.100169203299105
XFD25274,0,-13.43020073229626
XFD25254,0,-11.448742662550613
XFD25234,0,-11.952338604057145
XFD25224,0,-13.307234721898316
XFD25214,0,-10.910743651853181
XFD25195,0,-12.936569877892744
XFD25188,0,-13.06268759120563
XFD25178,0,-14.088996567684148
XFD25168,0,-13.971227635129813
XFD25149,0,-13.7252403435516
XFD25139,0,-13.396244903996513
XFD25121,0,-13.43020073229626
XFD25099,0,-13.750778813559512
XFD25088,0,-13.486096715188108
XFD25078,0,-16.825941170160853
XFD25067,0,-9.161937392241498
XFD25046,0,-13.43020073229626
XFD25036,0,-13.06268759120563
XFD25026,0,-13.140804074911014
XFD25016,0,-16.14259489312553
XFD24989,0,-16.825941170160853
XFD24978,0,-13.493103871208746
XFD24970,0,-13.140804074911014
XFD24930,0,-10.077858048030883
XFD24913,0,-14.127944922377921
XFD24903,0,-11.10016920329911
XFD24863,0,-12.321474579394897
XFD24853,0,-14.088996567684148
XFD24843,0,-12.873361326285407
XFD24833,0,-13.140804074911014
XFD24822,0,-13.43020073229626
XFD24812,0,-13.230285766809441
XFD24801,0,-13.43020073229626
XFD24791,0,-13.230285766809441
XFD24781,0,-13.43020073229626
XFD24771,0,-12.344818747452917
XFD24741,0,-12.295658457416884
XFB56347,0,-12.014708910057731
XFB56335,0,-10.590356602690127
XFB56329,0,-6.179447091064211
XFB56319,0,-11.13202605361738
XFB56315,0,-8.566537887206579
XFB56313,0,-8.714683693495854
XFA02388,0,-13.924369277937636
XFA02387,0,-6.418874734312675
XEQ90840,0,-14.209244070693105
XEQ90836,0,-10.280679528821352
XCV19028,0,-6.200335818674635
XCV19026,0,-6.261263978365373
XCV19019,0,-6.371101285546336
XCV19018,0,-6.191142362468795
XCV19015,0,-11.38458793999427
XCV19013,0,-14.185966158038063
XCV19012,0,-8.407783509291022
XCV19010,0,-9.85515955036226
XCV19008,0,-9.930589993933857
XCV19006,0,-11.958570018153672
XCV19005,0,-8.992052596459716
XCV18988,0,-13.847077948487101
XCV18980,0,-10.225511806587429
XCV18975,0,-11.659764386622019
XCV18965,0,-12.850246597893634
XCV18955,0,-11.659764386622019
XCV18950,0,-11.659764386622019
XCV18948,0,-9.364622923772291
XCV18945,0,-11.534144952141029
XCV18942,0,-10.57719721811941
XCV18940,0,-11.659764386622019
XCV18935,0,-15.351553930253425
XCV18924,0,-7.367489146579448
XCV18914,0,-11.102405375100144
XCV18909,0,-11.102405375100144
XCV18907,0,-11.102405375100144
XCV18888,0,-10.354513136560637
XCV18883,1,1.799213868336416
XCV18859,0,-13.622832324315407
XCV18851,0,-4.639696063427239
XCV18849,0,-6.342154573255463
XCV18844,0,-4.7738291011911755
XCV18828,0,-9.412494242323968
XCV18813,0,-10.115376453265116
XCV18803,0,-14.291831943119742
XCV18802,0,-2.698893617903492
XCV18799,0,-13.630609446974312
XCV18796,0,-13.175466844438281
XCV18795,0,-12.302746330104558
XCV18794,0,-9.288729293461792
XCV18792,0,-9.288729293461792
XCV18789,0,-9.288729293461792
XCV18781,0,-10.362191323351116
XCV18780,0,-9.749533330845397
XCV18779,0,-10.362191323351116
XCV18775,0,-5.161416673776321
XCV18774,0,-10.172737421256365
XCV18773,0,-5.515287671493951
XCV18771,0,-15.547411379404918
XCV18751,0,-9.44077476936783
XCV18750,0,-10.591467820811959
XCV18746,0,-9.44077476936783
XCV18742,0,-14.470932710252635
XCV18734,0,-8.126302454295468
XCV18733,0,-3.583264716513561
XCV18732,0,-6.740380769922853
XCV18730,0,-9.44077476936783
XCV18722,0,-9.081050488332114
XCV18719,0,-8.36185762604098
XCV18717,0,-4.776463109860803
XCV18716,0,-6.5259363028327595
XCV18715,0,-9.712169623928215
XCV18714,0,-4.776463109860803
XCV18713,0,-5.84196609837695
XCV18710,0,-8.185454963034188
XCV18702,0,-13.356730405178203
XCV18689,0,-11.591749044255382
XCV18687,1,2.8961481543175225
XCV18686,0,-20.144784166163888
XCV18682,0,-12.840964630051745
XCV18670,0,-7.82502258814952
XCV18625,0,-14.368303090765071
XCV18616,0,-13.28594760359324
XCV18611,0,-19.650247909401983
XCV18598,0,-10.389211118296332
XCV18597,0,-10.389211118296332
XCV18596,0,-10.389211118296332
XCV18590,0,-8.705784394396101
XCV18587,0,-10.757216917717878
XCV18534,0,-8.951372110278747
XCV18532,0,-9.038215022744051
XCV18526,0,-7.135594639868754
XCV18525,0,-13.06124250075753
XCV18524,0,-2.7615733144496044
XCV18523,0,-8.996216630481221
XCV18520,0,-9.547864816953684
XCV18519,0,-8.996216630481221
XCV18518,0,-9.547864816953684
XCV18517,0,-9.12650266701452
XCV18515,0,-9.547864816953684
XCV18513,0,-3.750666935861112
XCV18512,0,-3.4342088727873703
XCV18333,0,-2.7525475081337056
XCV18331,0,-3.625745733451909
XCV18328,0,-7.558607299218139
XCV18326,0,-12.042944694081466
XCV18325,0,-3.9019771091238873
XCV18324,0,-3.9019771091238873
XCV18322,0,-12.042944694081466
XCV18305,0,-13.339583738998417
XCV18290,0,-10.81500924835778
XCV18289,0,-12.385225810914578
XCV18280,0,-2.54654659885155
XCV18278,0,-8.296458150760177
XCV18275,0,-7.788052524935332
XCV18274,0,-6.890506657134997
XCV18273,0,-9.473048551744572
XCV18256,0,-13.137986553295836
XCV18255,0,-12.185233637113997
XCV18247,0,-7.226878711401838
XCV18232,0,-5.895228957963015
XCV18225,0,-17.58729484785947
XCV18222,0,-11.842504337558251
XCV18219,0,-8.106857894331391
XCV18216,0,-8.432684635769904
XCV18208,0,-9.433698759443596
XCV18206,0,-12.124783179858397
XCV18205,0,-9.288729293461792
XCV18203,0,-9.663942772308049
XCV18198,0,-11.244300001906439
XCV18191,0,-11.244300001906439
XCV18189,0,-9.693966667459064
XCV18182,0,-9.663942772308049
XCV18180,0,-9.875099340548912
XCV18178,0,-13.341758122411328
XCV18177,0,-10.687640434784115
XCV18163,0,-9.775128480963586
XCV18158,0,-12.802815824008734
XCV18156,0,-8.805897877157324
XCV18155,0,-12.862367885330901
XCV18154,0,-13.011408269867857
XCV18138,0,-10.459947121254189
XCV18131,0,-12.922785151487469
XCV18130,0,-12.746198229893475
XCV18108,0,-3.0449717970228756
XCV18101,0,-21.32667672089851
XCV18092,0,-10.90413114904312
XCV18087,0,-13.342177421141404
XCV18085,0,-10.585527336358316
XCV18081,0,-10.585527336358316
XCV18080,0,-13.342177421141404
XCV18076,0,-14.473406862248982
XCV18054,0,-13.342177421141404
XCV18049,0,-14.393187183746996
XCV18048,0,-13.356730405178203
XCV18040,0,-13.356730405178203
XCV18035,0,-13.356730405178203
XCV18034,0,-13.356730405178203
XCV18032,0,-12.156619889655044
XCV18028,0,-10.546616896457877
XCV18020,0,-12.595157710896476
XCV18019,0,-12.78667950678602
XCV18018,0,-11.701918653435992
XCV18012,0,-4.2223375448352
XCV18009,1,4.227196774803854
XCV18008,0,-12.034467676745528
XCV18007,1,4.227196774803854
XCV18006,0,-11.490930659112538
XCV18000,0,-11.490930659112538
XCV17998,0,-5.874044381025288
XCV17996,0,-12.04954941404822
XCV17988,0,-17.62427240141626
XCV17975,0,-12.185233637113997
XCV17974,0,-11.754172933305696
XCV17962,0,-10.60586621573406
XCV17961,0,-3.7239601941972236
XCV17954,0,-11.754172933305696
XCV17932,1,-0.06970683743017325
XCV17930,0,-7.28198201747621
XCV17922,0,-10.354513136560637
XCV17916,0,-11.741763144693708
XCV17912,0,-6.379921486145015
XCV17898,0,-8.276317540995276
XCV17892,1,1.740405554507804
XCV17888,0,-17.349300920373498
XCV17886,0,-12.549651850481048
XCV17870,0,-12.340546817647006
XCV17869,0,-13.861005898071994
XCV17866,0,-13.29140580335821
XCV17862,0,-11.029443145409724
XCV17860,0,-12.825976882507906
XCV17858,0,-12.403592170053027
XCV17855,0,-13.03821946585697
XCV17854,0,-13.03821946585697
XCV17852,1,2.8961481543175225
XCV17848,0,-10.800758243023466
XCV17837,0,-10.354513136560637
XCV17824,0,-10.655440777816239
XCV17823,0,-10.655440777816239
XCV17816,0,-9.131722956495395
XCV17813,0,-9.131722956495395
XCV17798,0,-12.657951590573067
XCV17797,0,-10.655440777816239
XCV17793,0,-9.177455184868988
XCV17787,0,-14.23710400538845
XCV17771,0,-11.429233260844196
XCV17770,0,-11.392628055874248
XCV17769,0,-11.429233260844196
XCV17768,0,-11.392628055874248
XCV17767,0,-10.981596849042381
XCV17731,0,-8.315716161523675
XCV17723,0,-7.5199384663350575
XCV17721,0,-7.5199384663350575
XCV17715,0,-10.131553840518633
XCV17714,0,-14.354402345650591
XCV17712,0,-10.131553840518633
XCV17711,0,-14.354402345650591
XCV17700,0,-9.618079671138695
XCV17698,0,-10.097668236689076
XCV17695,0,-16.157226445763957
XCV17689,0,-16.157226445763957
XCV17688,0,-11.593696407902776
XCV17687,0,-9.618079671138695
XCV17684,0,-8.899444972086357
XCV17676,0,-15.605657681163553
XCV17675,0,-15.605657681163553
XCV17673,0,-7.758114463342535
XCV17672,0,-10.48705373261028
XCV17671,0,-7.758114463342535
XCV17670,0,-7.758114463342535
XCV17669,0,-8.885577484139041
XCV17663,0,-5.791304677102747
XCV17662,0,-5.791304677102747
XCV17661,0,-5.791304677102747
XCV17655,0,-7.742617903803447
XCV17654,0,-5.791304677102747
XCV17653,0,-6.2517994285322045
XCV17648,0,-7.181601154310158
XCV17647,0,-7.181601154310158
XCV17646,0,-7.181601154310158
XCV17645,0,-7.181601154310158
XCV17640,0,-6.2517994285322045
XCV17634,0,-5.791304677102747
XCV17633,0,-6.283249339619639
XCV17627,0,-11.753533575390133
XCV17619,0,-17.319085631350916
XCV17617,0,-12.332225230140935
XCV17614,0,-12.332225230140935
XCV17613,0,-7.081570023352977
XCV17611,0,-9.343742104212623
XCV17607,0,-17.319085631350916
XCV17606,0,-17.319085631350916
XCV17603,0,-7.081570023352977
XCV17601,0,-6.283249339619639
XCV17600,0,-6.283249339619639
XCV17599,0,-13.434643639753574
XCV17597,0,-9.099613231291741
XCV17596,0,-13.434643639753574
XCV17592,0,-13.374458625672984
XCV17589,0,-11.753533575390133
XCV17585,0,-11.556528634575171
XCV17584,0,-11.550214340953515
XCV17561,0,-11.513325208159399
XCV17547,0,-9.94191810113334
XCV17546,0,-9.94191810113334
XCV17544,0,-9.768219532822018
QDH11968,0,-4.5043998174132245
XCB07766,0,-8.907992978353484
XCB07762,0,-10.617245354882597
XBP17305,0,-13.43020073229626
XAV35323,0,-12.052994186191636
XAV35317,0,-8.378168712416425
XAV35109,0,-14.292410655180872
WZL52273,0,-14.68976677650241
WZL52249,0,-13.024153588293828
WZL52237,0,-13.024153588293828
WZL52201,0,-14.580974248201436
WZL52189,0,-12.234839643403884
WZL52177,0,-8.723099687608471
WZL52165,0,-8.723099687608471
WZL52153,0,-14.68976677650241
WZL52141,0,-14.68976677650241
WZL52129,0,-13.25695818128826
WZL52117,0,-13.25695818128826
WZL52095,0,-13.230285766809441
WZL52083,0,-14.267372710062453
WZL52071,0,-13.115057639042778
WZL52059,0,-12.482158408655314
WZL52037,0,-13.230285766809441
WZL52025,0,-13.230285766809441
WZL52015,0,-13.230285766809441
WZL52003,0,-13.230285766809441
WZL51991,0,-13.230285766809441
WZL51979,0,-12.905699631965573
WZL51967,0,-13.230285766809441
WZL51943,0,-13.43020073229626
WZL51931,0,-13.230285766809441
WZL51919,0,-13.230285766809441
WZL51907,0,-7.687084585819159
WZL51883,0,-13.230285766809441
WZL51871,0,-13.230285766809441
WZL51859,0,-13.230285766809441
WZL51847,0,-13.230285766809441
WZL51787,0,-13.486096715188108
WZL51775,0,-13.486096715188108
WZL51763,0,-13.486096715188108
WZL51751,0,-12.897924179008637
WZL51739,0,-12.311503238780736
WZL51727,0,-12.973622352481724
WZL51703,0,-13.43020073229626
WZL51691,0,-13.43020073229626
WZL51679,0,-13.43020073229626
WZL51655,0,-13.43020073229626
WZL51643,0,-13.43020073229626
WZL51631,0,-13.43020073229626
WZL51619,0,-11.100169203299105
WZL51607,0,-11.100169203299105
WZL51595,0,-10.339776170593424
WZL51583,0,-11.100169203299105
WZL51571,0,-11.100169203299105
WZL51559,0,-11.100169203299105
WZL51547,0,-11.100169203299105
WZL51535,0,-11.100169203299105
WZL51523,0,-13.43020073229626
WZL51511,0,-16.14259489312553
WZL51499,0,-13.486096715188108
WZL51487,0,-13.486096715188108
WZL51475,0,-13.486096715188108
WZL51463,0,-13.486096715188108
WZL51415,0,-17.965676227016683
WZL51403,0,-14.46747078861614
WZL51391,0,-13.43020073229626
WZL51379,0,-13.43020073229626
WZL51367,0,-13.43020073229626
WZL51355,0,-15.135287324087258
WZL51343,0,-13.230285766809441
WZL51319,0,-11.100169203299105
WZL51307,0,-13.274359660479796
WZL51295,0,-13.274359660479796
WZL51283,0,-12.998917684076556
WZL51271,0,-12.998917684076556
WZL51259,0,-11.038109096862724
WZL51235,0,-12.61195387360554
WZL51223,0,-9.889729660280123
WZL51211,0,-9.889729660280123
WZL51199,0,-12.873361326285407
WZL51188,0,-12.873361326285407
WZL51177,0,-13.894650216274147
WZL51153,0,-11.642676316849021
WZL51141,0,-13.43020073229626
WZL51129,0,-13.266389390653853
WZL51105,0,-13.266389390653853
WZL51093,0,-13.266389390653853
WZL51081,0,-13.266389390653853
WZL51057,0,-13.266389390653853
WZL51047,0,-13.266389390653853
WZL51035,0,-13.266389390653853
WZL51023,0,-13.140804074911014
WZL51011,0,-16.14259489312553
WZL50999,0,-14.267372710062453
WZL50975,0,-11.100169203299105
WZL50963,0,-13.43020073229626
WZL50951,0,-11.893581399088228
WZL50928,0,-16.62971859274875
WZL50880,0,-16.127058820863134
WZL50868,0,-17.422573343426038
WZL50832,0,-11.95031878088395
WZL50820,0,-10.74256329706759
WZL50785,0,-13.230285766809441
WZL50761,0,-6.8273106662284135
WZL50749,0,-13.486096715188108
WZL50737,0,-13.486096715188108
WZL50725,0,-12.4181871479635
WZL50713,0,-13.230285766809441
WZL50689,0,-13.43020073229626
WZL50665,0,-11.837030730845736
WZL50653,0,-11.837030730845736
WZL50617,0,-11.837030730845736
WZL50605,0,-14.291649878007071
WZL50593,0,-13.506088468744885
WZL50557,0,-13.506088468744885
WZL50545,0,-13.506088468744885
WZL50533,0,-13.43020073229626
WZL50521,0,-13.43020073229626
WZL50509,0,-13.522005086367345
WZL50497,0,-13.522005086367345
WZL50485,0,-12.867824051200607
WZL50473,0,-15.460759813346165
WZL50461,0,-15.460759813346165
WZL50449,0,-11.60432112225936
WZL50437,0,-11.60432112225936
WZL50413,0,-15.460759813346165
WZL50401,0,-9.868160114344771
WZL50389,0,-10.32061295962731
WZL50377,0,-11.62578482244105
WZL50365,0,-14.267372710062453
WZL50353,0,-13.400842119971315
WZL50341,0,-11.60432112225936
WZL50329,0,-14.959197800797927
WZL50317,0,-13.230285766809441
WZL50305,0,-13.230285766809441
WZL50293,0,-12.929444101794296
WZL50281,0,-12.929444101794296
WZL50269,0,-12.929444101794296
WZL50245,0,-13.447331602238158
WZL50233,0,-13.447331602238158
WZL50221,0,-11.100169203299105
WZL50209,0,-11.60432112225936
WZL50197,0,-11.60432112225936
WZL50185,0,-13.575142047454438
WZL50161,0,-11.100169203299105
WZL50137,0,-12.4181871479635
WZL50125,0,-13.336540689040335
WZL50117,0,-13.336540689040335
WZL50105,0,-14.8387132896204
WZL50069,0,-15.636307199722804
WZL50057,0,-13.506088468744885
WZL50045,0,-13.506088468744885
WZL50033,0,-13.002861402346483
WZL50009,0,-13.230285766809441
WZL49997,0,-14.139444554308021
WZL49973,0,-13.002861402346483
WZL49961,0,-13.508793644938514
WZL49949,0,-14.68976677650241
WZL49937,0,-14.68976677650241
WZL49925,0,-15.525731005581154
WZL49901,0,-7.8758269307841235
WZL49889,0,-7.8758269307841235
WZL49877,0,-14.945490587634962
WZL49865,0,-13.653753039358683
WZL49853,0,-13.653753039358683
WZL49829,0,-11.036092826092197
WZL49817,0,-13.894650216274147
WZL49781,0,-14.68976677650241
WZL49769,0,-11.246654150723664
WZL49757,0,-7.755235231540858
WZL49745,0,-13.43020073229626
WZL49733,0,-13.43020073229626
WZL49709,0,-16.14259489312553
WZL49697,0,-16.14259489312553
WZL49685,0,-16.14259489312553
WZL49661,0,-13.230285766809441
WZL49649,0,-13.230285766809441
WZL49637,0,-13.230285766809441
WZL49625,0,-12.830115956379966
WZL49601,0,-13.43020073229626
WZL49577,0,-14.320946452895779
WZL49570,0,-14.320946452895779
WZL49558,0,-13.486096715188108
WZL49546,0,-12.444015110813508
WZL49510,0,-8.531921741816863
WZL49498,0,-16.298061001532293
WZL49486,0,-16.298061001532293
WZL49474,0,-13.230285766809441
WZL49462,0,-13.729080580084265
WZL49450,0,-13.729080580084265
WZL49438,0,-13.230285766809441
WZL49414,0,-12.894930152860258
WZL49402,0,-12.052994186191636
WZL49391,0,-12.052994186191636
WZL49368,0,-13.252707215138145
WZL49344,0,-13.544463219476192
WZL49332,0,-13.544463219476192
WZL49308,0,-13.230285766809441
WZL49284,0,-13.140804074911014
WZL49272,0,-13.140804074911014
WZL49236,0,-11.60432112225936
WZL49224,0,-13.230285766809441
WZL49212,0,-14.30086695326002
WZL49200,0,-14.30086695326002
WZL49188,0,-13.83114262003739
WZL49176,0,-11.100169203299105
WZL49164,0,-11.100169203299105
WZL49140,0,-13.230285766809441
WZL49116,0,-12.995283841538228
WZL49092,0,-13.43020073229626
WZL49080,0,-13.43020073229626
WZL49068,0,-13.575142047454438
WZL49032,0,-11.036092826092197
WZL49020,0,-11.295420172198739
WZL49008,0,-9.153257468310496
WZL48997,0,-7.875826930784122
WZL48973,0,-13.769256769508456
WZL48961,0,-13.769256769508463
WZL48937,0,-13.769256769508463
WZL48925,0,-11.837162107366728
WZL48901,0,-13.43020073229626
WZL48889,0,-14.088996567684148
WZL48877,0,-13.43020073229626
WZL48865,0,-13.266389390653853
WZL48853,0,-14.088996567684148
WZL48841,0,-14.3395418003236
WZL48829,0,-13.266389390653853
WZL48817,0,-12.853243138428692
WZL48805,0,-13.266389390653853
WZL48793,0,-14.088996567684148
WZL48781,0,-15.13443401524285
WZL48745,0,-13.660355576913084
WZL48697,0,-11.667756345403518
WZL48675,0,-14.045087054160607
WZL48663,0,-12.4181871479635
WZL48651,0,-12.543374923632587
WZL48639,0,-13.43020073229626
WZL48627,0,-13.43020073229626
WZL48615,0,-14.869578658032964
WZL48591,0,-13.858555352921828
WZL48555,0,-13.254692716624886
WZL48543,0,-13.254692716624886
WZL48507,0,-14.002412092415188
WZL48461,0,-12.344818747452917
WZL48449,0,-12.344818747452917
WZL48425,0,-13.155113763469451
WZL48401,0,-12.052994186191636
WZL48390,0,-11.100169203299105
WZL48366,0,-14.045087054160607
WZL48354,0,-14.045087054160607
WZL48342,0,-10.32962526593488
WZL48331,0,-10.32962526593488
WZL48308,0,-13.230285766809441
WZL48296,0,-13.43020073229626
WZL48284,0,-16.14259489312553
WZL48272,0,-11.100169203299105
WZL48260,0,-13.43020073229626
WZL48248,0,-11.100169203299105
WZL48236,0,-13.875252634020022
WZL48224,0,-13.230285766809441
WZL48212,0,-9.799662423668327
WZL48200,0,-13.109154466723217
WZL48188,0,-10.950291095773334
WZL48176,0,-12.543374923632587
WZL48152,0,-14.267372710062453
WZL48128,0,-12.543374923632587
WZL48116,0,-12.18488642884071
WZL48104,0,-13.486096715188108
WZL48080,0,-14.614639925195076
WZL48056,0,-13.35156184461217
WZL48044,0,-13.35156184461217
WZL48020,0,-13.43020073229626
WZL48008,0,-13.43020073229626
WZL47984,0,-13.43020073229626
WZL47960,0,-9.868160114344771
WZL47948,0,-13.230285766809441
WZL47936,0,-13.486096715188108
WZL47924,0,-13.230285766809441
WZL47900,0,-13.486096715188108
WZL47888,0,-13.43020073229626
WZL47876,0,-13.486096715188108
WZL47852,0,-13.486096715188108
WZL47840,0,-13.486096715188108
WZL47828,0,-13.486096715188108
WZL47816,0,-11.100169203299105
WZL47792,0,-13.486096715188108
WZL47756,0,-16.703731580258477
WZL47744,0,-13.486096715188108
WZL47732,0,-12.894930152860258
WZL47720,0,-13.486096715188108
WZL47708,0,-11.80372720946037
WZL47684,0,-13.43020073229626
WZL47672,0,-13.486096715188108
WZL47660,0,-13.43020073229626
WZL47600,0,-16.063079226291883
WZL47576,0,-13.990828843499427
WZL47540,0,-13.21820453959321
WZL47528,0,-11.100169203299105
WZL47516,0,-13.21820453959321
WZL47504,0,-13.43020073229626
WZL47492,0,-13.43020073229626
WZL47456,0,-12.867010732101994
WZL47444,0,-12.867010732101994
WZL47432,0,-13.43020073229626
WZL47420,0,-13.43020073229626
WZL47396,0,-12.867010732101994
WZL47360,0,-13.084008839671547
WZL47348,0,-13.43020073229626
WZL47336,0,-13.43020073229626
WZL47324,0,-14.795448462055282
WZL47291,0,-14.795448462055282
WZL47256,0,-13.285252747816873
WZL47244,0,-13.140804074911014
WZL47232,0,-13.230285766809441
WZL47220,0,-13.230285766809441
WZL47208,0,-13.43020073229626
WZL47196,0,-16.389518770864875
WZL47184,0,-16.389518770864875
WZL47172,0,-13.230285766809441
WZL47160,0,-13.140804074911014
WZL47112,0,-13.140804074911014
WZL47052,0,-13.486096715188108
WZL47004,0,-7.8758269307841235
WZL46980,0,-13.506088468744885
WZL46956,0,-10.339776170593424
WZL46944,0,-10.701464477959313
WZL46932,0,-13.43020073229626
WZL46896,0,-13.140804074911014
WZL46884,0,-13.532193136160526
WZL46872,0,-13.532193136160526
WZL46860,0,-13.0582142375839
WZL46848,0,-13.454263027353853
WZL46836,0,-13.454263027353853
WZL46824,0,-13.873689983929244
WZL46812,0,-13.873689983929244
WZL46790,0,-13.140804074911014
WZL46778,0,-10.22179684669021
WZL46766,0,-10.22179684669021
WZL46754,0,-9.296402979255753
WZL46743,0,-9.296402979255753
WZL46721,0,-12.052994186191636
WZL46710,0,-9.296402979255753
WZL46687,0,-12.702924604459827
WZL46675,0,-12.702924604459827
WZL46651,0,-14.595339606137134
WZL46639,0,-15.28488846881137
WZL46603,0,-14.595339606137134
WZL46591,0,-16.063079226291883
WZL46567,0,-12.052994186191636
WZL46544,0,-13.002861402346483
WZL46532,0,-15.23526265504791
WZL46520,0,-12.052994186191636
WZL46497,0,-13.140804074911014
WZL46485,0,-13.140804074911014
WZL46473,0,-12.431777380011127
WZL46449,0,-13.230285766809441
WZL46403,0,-12.950044915812674
WZL46379,0,-13.230285766809441
WZL46367,0,-9.868160114344771
WZL46355,0,-9.868160114344771
WZL46343,0,-9.868160114344771
WZL46285,0,-14.51291435473259
WZL46237,0,-13.43020073229626
WZL46225,0,-13.43020073229626
WZL46213,0,-13.0582142375839
WZL46201,0,-13.43020073229626
WZL46189,0,-14.171747460561003
WZL46177,0,-13.43020073229626
WZL46165,0,-13.43020073229626
WZL46153,0,-12.924503578031047
WZL46141,0,-12.924503578031047
WZL46129,0,-11.127282695838103
WZL46105,0,-13.230285766809441
WZL46093,0,-13.43020073229626
WZL46081,0,-13.43020073229626
WZL46069,0,-13.43020073229626
WZL46057,0,-13.43020073229626
WZL46045,0,-13.891286530484056
WZL46021,0,-12.894930152860258
WZL45997,0,-13.891286530484056
WZL45985,0,-12.78558233870679
WZL45961,0,-13.140804074911014
WZL45949,0,-13.140804074911014
WZL45937,0,-13.43020073229626
WZL45925,0,-13.43020073229626
WZL45913,0,-13.43020073229626
WZL45901,0,-13.43020073229626
WZL45889,0,-13.140804074911014
WZL45834,0,-14.025465182599103
WZL45822,0,-13.400842119971315
WZL45810,0,-16.584358122343755
WZL45798,0,-16.584358122343755
WZL45786,0,-13.230285766809441
WZL45762,0,-11.886187707492772
WZL45750,0,-16.584358122343755
WZL45738,0,-16.584358122343755
WZL45715,0,-12.948374842524666
WZL45691,0,-10.910743651853181
WZL45679,0,-10.16381841168494
WZL45667,0,-14.267372710062453
WZL45643,0,-13.43020073229626
WZL45631,0,-12.829963069572868
WZL45607,0,-9.868160114344771
WZL45559,0,-13.140804074911014
WZL45547,0,-12.727597024949999
WZL45535,0,-12.727597024949999
WZL45523,0,-12.867682253492873
WZL45511,0,-12.894930152860258
WZL45499,0,-11.880472742531694
WZL45463,0,-15.047737268978224
WZL45451,0,-11.714012036341193
WZL45427,0,-12.894930152860258
WZL45415,0,-12.894930152860258
WZL45403,0,-13.084008839671547
WZL45391,0,-13.084008839671547
WZL45379,0,-14.363003779057143
WZL45355,0,-12.894930152860258
WZL45343,0,-12.894930152860258
WZL45331,0,-14.031705165706951
WZL45295,0,-14.031705165706951
WZL45283,0,-14.031705165706951
WZL45247,0,-13.497787161653124
WZL45211,0,-12.897924179008637
WZL45199,0,-12.897924179008637
WZL45187,0,-11.6906046362093
WZL45175,0,-11.6906046362093
WZL45163,0,-13.43020073229626
WZL45151,0,-14.170396839880173
WZL45139,0,-14.170396839880173
WZL45127,0,-14.170396839880173
WZL45115,0,-12.82862289770066
WZL45103,0,-12.903714705799189
WZL45091,0,-12.903714705799189
WZL45079,0,-13.43020073229626
WZL45067,0,-14.170396839880173
WZL45055,0,-14.170396839880173
WZL45043,0,-13.140804074911014
WZL45031,0,-13.140804074911014
WZL45007,0,-13.575142047454438
WZL44995,0,-13.140804074911014
WZL44983,0,-13.140804074911014
WZL44971,0,-12.502037262615701
WZL44947,0,-8.56917435302234
WZL44923,0,-13.43020073229626
WZL44911,0,-10.077858048030883
WZL44888,0,-12.844179345687731
WZL44876,0,-12.567990296072683
WZL44864,0,-12.729256313859647
WZL44852,0,-12.567990296072683
WZL44840,0,-15.120986527517472
WZL44804,0,-14.267372710062453
WZL44792,0,-14.558761407153213
WZL44744,0,-14.3395418003236
WZL44720,0,-16.14259489312553
WZL44708,0,-11.968179281190636
WZL44696,0,-13.528831528266863
WZL44684,0,-16.063079226291883
WZL44672,0,-13.46349898415458
WZL44660,0,-12.052994186191636
WZL44649,0,-12.052994186191636
WZL44638,0,-16.063079226291883
WZL44626,0,-13.875252634020022
WZL44602,0,-11.338862705585468
WZL44578,0,-13.0791221861374
WZL44542,0,-13.0791221861374
WZL44530,0,-13.0791221861374
WZL44518,0,-10.919577923797824
WZL44494,0,-11.100169203299105
WZL44482,0,-15.267018606111641
WZL44470,0,-11.100169203299105
WZL44458,0,-12.897924179008637
WZL44411,0,-13.234415583830417
WZL44400,0,-13.43020073229626
WZL44388,0,-13.43020073229626
WZL44376,0,-13.43020073229626
WZL44364,0,-12.052994186191636
WZL44283,0,-12.052994186191636
WZL44272,0,-12.052994186191636
WZL44249,0,-13.486096715188108
WZL44237,0,-10.513643795184933
WZL44226,0,-10.513643795184933
WZL44215,0,-11.859485915973208
WZL44204,0,-13.43020073229626
WZL44192,0,-13.43020073229626
WZL44168,0,-9.673190925799629
WZL44122,0,-12.052994186191636
WZL44111,0,-13.018336833539756
WZL44099,0,-13.339245295581991
WZL44063,0,-13.43020073229626
WZL44051,0,-13.43020073229626
WZL44015,0,-13.43020073229626
WZL44003,0,-13.43020073229626
WZL43991,0,-12.217126749803
WZL43979,0,-12.217126749803
WZL43967,0,-13.230285766809441
WZL43955,0,-15.043050624733453
WZL43943,0,-15.043050624733453
WZL43919,0,-14.68976677650241
WZL43907,0,-14.68976677650241
WZL43895,0,-13.43020073229626
WZL43883,0,-13.43020073229626
WZL43871,0,-13.43020073229626
WZL43861,0,-13.43020073229626
WZL43849,0,-13.43020073229626
WZL43837,0,-13.43020073229626
WZL43825,0,-14.68976677650241
WZL43789,0,-15.043050624733453
WZL43777,0,-13.43020073229626
WZL43765,0,-13.883504527578847
WZL43741,0,-18.042656736645213
WZL43729,0,-18.042656736645213
WZL43717,0,-10.624575195647985
WZL43685,0,-13.43020073229626
WZL43673,0,-15.22754861553586
WZL43661,0,-13.43020073229626
WZL43649,0,-13.43020073229626
WZL43637,0,-14.3395418003236
WZL43613,0,-13.230285766809441
WZL43601,0,-13.230285766809441
WZL43577,0,-13.43020073229626
WZL43565,0,-13.43020073229626
WZL43529,0,-11.100169203299105
WZL43517,0,-12.559433479781898
WZL43506,0,-11.210721864640067
WZL43482,0,-12.894930152860258
WZL43470,0,-12.894930152860258
WZL43446,0,-15.460759813346165
WZL43434,0,-13.43020073229626
WZL43422,0,-12.593063435373116
WZL43410,0,-14.12669114154577
WZL43398,0,-9.799662423668327
WZL43374,0,-13.43020073229626
WZL43362,0,-13.43020073229626
WZL43338,0,-13.140804074911014
WZL43326,0,-16.14259489312553
WZL43314,0,-13.43020073229626
WZL43302,0,-16.14259489312553
WZL43290,0,-13.002861402346483
WZL43254,0,-11.100169203299105
WZL43230,0,-13.230285766809441
WZL43195,0,-13.230285766809441
WZL43183,0,-12.518716753062515
WZL43159,0,-12.899483134017917
WZL43147,0,-12.321474579394897
WZL43135,0,-13.43020073229626
WZL43123,0,-12.929444101794296
WZL43099,0,-16.14259489312553
WZL43087,0,-14.267372710062453
WZL43075,0,-10.760732865898031
WZL43027,0,-13.476906629919068
WZL43015,0,-13.002861402346483
WZL42979,0,-18.038759875158412
WZL42967,0,-13.43020073229626
WZL42943,0,-13.486096715188108
WZL42931,0,-13.43020073229626
WZL42883,0,-13.486096715188108
WZL42859,0,-12.936969394411248
WZL42847,0,-12.936969394411248
WZL42835,0,-13.486096715188108
WZL42811,0,-13.43020073229626
WZL42787,0,-13.486096715188108
WZL42775,0,-13.230285766809441
WZL42739,0,-13.486096715188108
WZL42727,0,-13.230285766809441
WZL42715,0,-13.230285766809441
WZL42703,0,-11.100169203299105
WZL42691,0,-13.033028508392523
WZL42679,0,-12.829963069572868
WZL42631,0,-11.702210096202359
WZL42621,0,-13.43020073229626
WZL42599,0,-12.575865814898197
WZL42590,0,-16.994381536667284
WZL42578,0,-13.43020073229626
WZL42568,0,-13.532193136160526
WZL42558,0,-13.084008839671547
WZL42526,0,-16.14259489312553
WZL42506,0,-13.43020073229626
WZL42496,0,-13.475869088427297
WZL42476,0,-13.532193136160526
WZL42456,0,-12.78558233870679
WZL42446,0,-13.230285766809441
WZL42436,0,-14.525573451366604
WZL42405,0,-14.3395418003236
WZL42344,0,-13.140804074911014
WZL42334,0,-14.3395418003236
WZL42325,0,-14.404060490222463
WZL42320,0,-11.581854993974403
WZL42308,0,-13.43020073229626
WZL42287,0,-13.230285766809441
WZL42259,0,-12.78558233870679
WZL42239,0,-13.43020073229626
WZL42230,0,-15.043050624733453
WZL42210,0,-11.60432112225936
WZL42203,0,-11.60432112225936
WZL42193,0,-13.475869088427297
WZL42183,0,-11.564451174370362
WZL42152,0,-13.43020073229626
WZL42131,0,-14.399828052313854
WZL42089,0,-13.43020073229626
WZL42069,0,-12.295658457416884
WZL42050,0,-14.68976677650241
WZL42018,0,-12.873361326285407
WZL42008,0,-12.828111311753965
WVR18255,0,-11.215462900249024
WVR18245,0,-16.518091047610064
QPZ33437,0,-4.120494107003485
QPZ33477,0,-6.411434007603583
QPZ33449,0,-4.120494107003485
QPZ33425,0,-5.9738800217755506
QIB02472,0,-18.093345528432447
QIB02343,0,-18.573139654925065
QIB02326,0,-18.705709575793435
WPF72611,0,-6.195664288418524
WPF72599,0,-6.195664288418524
WPF72587,0,-6.101741897792051
WOA06558,0,-6.820942781617916
WOA06557,0,-6.820942781617916
WOA06556,0,-6.820942781617916
WOA06555,0,-6.663213786631243
WOA06553,0,-10.74256329706759
WOA06552,0,-11.625474144679574
WOA06551,0,-10.19421661616377
WOA06550,0,-10.181507101986547
WOA06549,0,-7.113700421515006
WOA06541,0,-8.098615644241677
WOA06540,0,-8.098615644241677
WOA06539,0,-8.508632055775067
WOA06538,1,2.3894845662033717
WOA06537,1,2.3894845662033717
WOA06536,0,-6.866038614341463
WIW77987,0,-9.999966173798427
WIW77975,0,-9.999966173798427
WIW77963,0,-9.999966173798427
WIW77951,0,-7.362108178712214
WIW77939,0,-9.999966173798427
WIW77927,0,-11.633796519426692
WIW77680,0,-9.999966173798427
WIW77668,0,-9.999966173798427
WIW77656,0,-9.999966173798427
WIW77644,0,-10.929834157305027
WIW77620,0,-9.999966173798427
WIW77608,0,-11.633796519426692
WIW77596,0,-9.999966173798427
WIW77572,0,-8.617606648141217
WIW77206,0,-9.863703718590065
WIW77194,0,-9.999966173798427
WIW77182,0,-11.572592568302689
WIW77170,0,-9.999966173798427
WIW77158,0,-10.710638010183942
WIW77146,0,-11.633796519426692
WIW77134,0,-11.633796519426692
WIW77110,0,-9.999966173798427
WIW77098,0,-11.633796519426692
WIW77074,0,-9.999966173798427
WIW77062,0,-9.999966173798427
WIW72829,0,-11.633796519426692
WIW72817,0,-9.999966173798427
WIW72805,0,-9.999966173798427
WIW72793,0,-7.362108178712214
WIW72764,0,-15.628875020920987
WIW72752,0,-9.999966173798427
WIW72740,0,-9.999966173798427
WIW72318,0,-11.260540737277402
WIW72306,0,-8.674433626142289
WIW72294,0,-12.488730470652914
WHO46301,0,-7.938170367407658
WHO46272,0,-8.622175095663474
WHO46240,0,-7.028999265545078
WHL55455,0,-8.173116081626654
WFH86261,0,-15.159744908446115
WFH86249,0,-15.484683012696946
WFH86226,0,-15.486999910069745
WFH86167,0,-8.80361940256267
WFH86155,0,-15.486999910069745
WFH86143,0,-15.486999910069745
WFH86109,0,-6.663213786631243
WFH86085,0,-8.511891785797513
WFH86061,0,-4.495971865495305
WFH86038,0,-17.864065111013304
WFH86026,0,-15.463008785780609
WFH86014,0,-15.486999910069745
WFH86002,0,-6.663213786631243
WFH85990,0,-13.626243599262086
WFH85978,0,-15.486999910069745
WFH85943,0,-7.454051131415616
WFH85909,0,-10.092345368431568
WFH85886,0,-15.486999910069745
WFH85840,0,-8.511891785797513
WFH85817,0,-8.511891785797513
WFH85793,0,-6.663213786631243
WFH85770,0,-6.4360399540428155
WFH85758,0,-8.511891785797513
WFH85746,0,-8.511891785797513
WFH85734,0,-8.511891785797513
WFH85722,0,-10.353411872390485
WFH85576,0,-8.511891785797513
WFH85564,0,-7.172121431859211
WFH85552,0,-8.511891785797513
WFH85540,0,-8.511891785797513
WFH85516,0,-8.511891785797513
WFH85444,0,-13.36101592708845
WFH85442,0,-7.105643317193982
WFH85441,0,-8.744898414418579
WFH85439,0,-9.425106753494177
WFH85361,0,-9.425106753494177
WFH85358,0,-10.405866966756658
WFH85312,0,-15.002638357308083
WFH85276,0,-12.36012008561422
WFH85275,0,-8.961946338143171
WFH85274,0,-8.961946338143168
WFH85185,0,-8.511891785797518
WFH85184,0,-8.99206990531486
WFH85183,0,-10.74256329706759
WFH85043,0,-10.74256329706759
WFH85042,0,-10.755558661542246
WFH85041,0,-9.673190925799629
WFH85040,0,-15.486999910069745
WFH85037,0,-6.003549013918821
WFH85036,0,-13.482694051048671
WES82532,0,-7.755235231540858
WES75242,0,-8.735512051683822
WCR54599,1,1.0138381343849154
WCR54589,0,-18.196441411504953
WCR54593,0,-18.196441411504953
WCF71433,0,-8.705784394396101
WCF71421,1,0.6923267968994118
WCF71409,0,-1.6087804308817262
WCF71387,1,0.09758199863966155
WCF71375,0,-1.3601748308844535
WCF71363,0,-7.367489146579448
WCF71352,0,-4.125534694120763
WCF71340,0,-8.247440224504501
WCF71318,1,2.8961481543175225
WCF71306,0,-3.781447976859731
WCF71330,1,-0.8722924312167297
WCF71295,0,-7.365401537107573
WCF71283,0,-9.48779485779428
WCF71248,0,-4.038128231400929
WCF71224,0,-11.288231587578103
WCF71236,0,-8.27738235227946
WCF71212,0,-8.247440224504501
WCF71200,0,-7.9928053492417845
WCF71190,0,-6.593716980295909
WCF71160,0,-3.1795480029464827
WCF71138,0,-9.428461227248146
WCF71126,0,-4.9577394695991135
WCF71114,0,-17.12077650943482
WCF71080,0,-8.247440224504501
WCF71070,0,-7.367489146579448
WCF71046,0,-9.115664026119738
WCF71034,1,2.8961481543175225
WCF71022,0,-10.560880085398196
WCF71010,0,-4.98028622962943
WCF70998,1,1.0105533766778478
WCF70976,0,-7.367489146579448
WCF70965,0,-1.8681199407750384
WCF70953,0,-8.420039997427985
WCF70917,0,-10.560880085398196
WCF70941,0,-7.483147340273993
WCF70929,0,-8.158939610769211
UKH70659,0,-5.788375590171997
UKH70635,1,-1.2320796487832268
UKH70623,0,-5.831322447403924
UKH70611,0,-6.505677205444379
WBS97801,0,-8.674439326316884
WBS97799,0,-6.902840322864899
WBS97792,0,-8.46618024528812
WBS97790,0,-10.80625195285387
WBS97788,0,-10.663766708783868
WBS97787,0,-10.073734660900973
WBS97783,0,-8.46618024528812
WBS97782,0,-14.861636818330958
WBS97781,0,-12.982029858089476
WBS97780,0,-10.042933178596327
WBR47351,0,-6.046167554138057
WBR47331,0,-9.999993646264077
WBR44974,0,-8.488016528120344
QTC20725,0,-17.599041016850858
UZO45473,0,-17.096938817004684
UZO45325,0,-17.05011064426843
UZO40557,0,-10.354024574710197
UZO39213,0,-17.97534138819787
UZO36526,0,-9.607433983033062
UZH94884,0,-13.614893514672701
UZH94862,1,1.0138381343849154
UZH94840,0,-15.820988430256293
UZH94785,0,-15.820988430256293
UYR15249,0,-13.091846584568339
UYR10301,0,-15.284809626027787
UYR10252,0,-15.071725547958007
UYL65108,0,-9.607433983033062
UYL16211,0,-17.97534138819787
QGI57457,0,-10.878828667403853
ADD97077,0,-0.2264040877544531
UVV50350,0,-23.34457695660412
UVV50339,0,-4.771884302440352
UVV50329,0,-24.81054227144405
UVV50317,0,-14.626267899733548
UVV50294,0,-5.836771252776301
UVV50282,0,-1.7964693267694454
USO97049,0,-9.57466353328386
USO97036,0,-9.089162785502548
UNA44800,0,-7.6599606455599805
UNA44822,0,-7.683389158978748
UNA44810,0,-10.462384406825468
UNA44546,0,-10.462384406825468
ALP01956,0,-9.769036135666164
ALJ54619,0,-20.16051335491157
QVE64429,0,-13.094277352368204
QPP47266,0,-4.509716937487312
QPP47265,0,-3.0449717970228756
QPP47262,0,-4.509716937487312
QPP47260,0,-3.889221844331063
QPP47252,0,-5.340138370627438
QPP47251,0,-4.668272884429249
QHF16222,0,-4.770104831322322
QHF16217,0,-5.766022670764574
QHF16212,0,-6.342154573255463
QHF16210,0,-6.607167164272289
QHF16205,0,-5.496187217396779
QHF16201,0,-4.591916898155009
QHF16200,0,0.12181485490645905
QHF16196,0,-2.3465621476540566
QHF16190,0,-3.8306494357789145
QHF16187,0,0.18590583202012922
AXO64577,0,-3.4650527618268923
AXO64553,0,-3.4650527618268923
AXO64488,0,-3.4650527618268923
AXO64401,0,-3.4650527618268923
AXO64314,0,-3.4650527618268923
AXO64246,0,-14.713369097171778
AXO64122,0,-3.4650527618268923
AXO64104,0,-3.4650527618268923
AWZ61415,0,-14.6798057622045
AWZ61402,0,-14.309032640497602
AWZ61148,0,-14.6798057622045
AYD37923,0,-4.72248094194023
AXO64330,0,-14.6798057622045
QNI23603,0,-12.231050273098113
AYD37800,0,-4.72248094194023
AYA78737,0,-9.124813733533687
QKS74710,0,-13.931733132008052
QKS74657,0,-12.907922622255438
QKS74630,0,-13.245617541915589
QKS74545,0,-13.091623428594568
QIV19651,0,-9.499770954749238
QIQ46003,0,-9.998336368716174
QIJ25983,0,-2.9845189187156294
QIA55118,0,-9.998336368716174
QHW14782,0,-10.979386455226837
QGQ58784,0,-11.131617774259258
QGQ58191,0,-3.6380438026896744
QGQ58177,0,-9.73612957231536
QDX47307,0,-7.89450878348895
QDX47306,0,-8.738513122366
ASJ81359,0,-4.689908248808562
ASJ81358,0,-45.790342237401504
ASJ80989,0,-4.689908248808562
ASJ80988,0,-6.313275932444624
QEI01938,0,-3.6380438026896744
BBM96444,0,-7.67987449476453
BBM96487,0,-4.995747819101186
BBM96476,0,-13.584337183396833
BBM96422,0,-12.624403908368745
BBM96411,0,-3.0682398500813246
QDX11291,1,2.8961481543175225
QDQ43496,0,-10.632513263336925
QCW12961,1,1.5828885114738789
QCR64923,0,-3.685819987548987
AVZ24024,1,2.615969615852645
AVZ24023,1,0.1651239258666486
AVZ24020,0,-0.6935769238256491
AVZ24019,0,-1.436782554829934
AVZ24018,1,-2.990625683536063
AVZ24017,1,6.361427599908215
AVZ24014,0,-6.985012267896234
AVZ24013,0,-7.365401537107573
AVZ24012,1,2.615969615852645
AVZ24010,0,-6.2399770609629694
AVZ23185,1,2.3719459132688208
AVZ23184,1,2.3719459132688208
AVZ23183,1,1.1074428873734465
AVZ23182,1,1.8403893769881101
AVZ23181,1,0.4551300921476571
AVZ23180,1,3.4518091291827258
AVZ23179,1,1.9413198076576723
AVZ23178,0,-4.018568577224322
AVZ23177,0,-4.028273887911606
AVZ23176,0,-2.3170999578319957
AVZ23175,0,-20.530858094152237
AVZ23174,0,-4.847009469928757
AVZ23173,1,0.9633715026363312
AVZ00484,1,4.951082596169545
AVZ00483,1,1.8646490677062815
AVZ00482,1,1.7579703620049614
AVZ00481,0,-7.1447565609822075
AVZ00480,0,-7.365401537107573
QCD37444,0,-4.54048503587852
QCD37281,0,-6.6166890692711835
QBS20860,1,2.8961481543175225
QBS20521,0,-9.238603698229472
QBS20503,1,2.9196498134283964
QBP38183,1,2.8961481543175225
QBL91215,1,2.8961481543175225
QBL91210,0,-3.360308647104465
QBJ05984,0,-8.04500853948068
QBJ05983,0,-4.0037329647369795
QBK12117,0,-7.76469095241459
QBK12116,0,-6.172302058165647
QBK12115,0,-1.4828674796689363
QBK12114,0,-7.76469095241459
QBJ05996,0,-1.4828674796689363
QBJ05995,0,-7.460263834602111
QBJ05994,0,-7.76469095241459
QBJ05993,0,-6.000710247474167
QBJ05992,0,-2.0568325302036907
QBJ05991,0,-5.879060192288556
QBJ05990,0,-9.836322981152103
QBJ05989,0,-6.172302058165647
QBJ05988,0,-9.032264753705265
QBJ05987,0,-1.4890259989611145
QBJ05986,0,-1.4828674796689363
AZS63843,1,3.144070110146613
AZQ08976,0,-4.090755562008016
AYM50085,1,1.8350121191958415
AYM50065,1,2.326315776843952
AXO64599,0,-1.5259012718182667
AXO64535,0,-9.228982521867641
AXL27689,1,1.4938536585409157
AXF92812,1,2.371891802768541
AWZ62216,0,-2.0112326475467253
AWZ61655,0,-10.456057564954907
AWZ61334,0,-4.72248094194023
AWZ61044,0,-2.55180681301027
AWT24840,0,-7.285136267266708
AWT24838,1,4.045461287454138
AWT24837,0,-4.773866503390931
AWT24836,0,-6.776377757670403
AWT24833,0,-6.776377757670403
AWT24832,1,3.359421988422387
AWT24831,0,-7.137327518750357
AWT24830,0,-6.776377757670403
AWT24829,0,-6.776377757670403
AWT24828,1,3.359421988422387
AWT24827,1,3.359421988422387
AWT24826,0,-6.776377757670403
AWT24825,1,3.6875214246320027
AWT24822,1,3.359421988422387
AWT24820,1,3.359421988422387
AWT24819,0,-6.776377757670403
AWT24818,0,-1.0235419302224713
AWT24817,0,-1.0235419302224713
AWT24816,1,2.2722463790608227
AWT24815,0,-6.776377757670403
AWT24814,0,-4.911075869365483
AWT24811,0,-4.773866503390931
AWT24809,0,-6.776377757670403
AWT24808,0,-6.776377757670403
AWT24807,0,-4.773866503390931
AWT24806,0,-6.776377757670403
AWT24805,1,3.359421988422387
AWT24803,0,-6.776377757670403
AWT24802,1,3.359421988422387
AWT24801,0,-6.776377757670403
AWT24800,0,-8.608644411399698
AWT24799,0,-7.137327518750357
AWT24796,1,3.359421988422387
AWT24795,1,1.9153797124268657
AWT24794,1,3.5162910624199526
AWT24791,1,3.359421988422387
AWT24789,1,3.359421988422387
AWT24787,0,-6.776377757670403
AWT24785,0,-1.0235419302224713
AWT24783,0,-6.776377757670403
AWT24782,0,-6.776377757670403
AWT24781,1,3.359421988422387
AWT24780,0,-4.773866503390931
AWT24779,1,3.359421988422387
AWT24777,1,3.247016834203434
AWI45959,1,0.8695401744962759
AWI45948,1,2.371891802768541
AWI45921,1,2.371891802768541
AWI45903,0,-0.5696713987280582
AWI45895,1,0.8758810888605026
AWI45878,1,4.118603192326518
AWI45838,1,2.371891802768541
AVV62424,0,-10.832033576925674
AVK88342,0,-14.63676013674336
ATQ63178,0,-10.927108211773398
AMX73557,0,-6.420224235989334
AMX72990,0,-4.318489435023304
AMX72989,0,-10.326946366780938
AMX46385,0,-5.198405199302043
AMX46346,0,-4.318489435023304
AMX46345,0,-10.326946366780938
AMX28524,0,-3.8868304395507085
AMX28472,0,-4.558486290854568
AMX28401,0,-4.318489435023304
AMX28387,0,-8.232926019531712
AMX28374,0,-2.5440655509298953
AMX28373,0,-5.87967371625559
AMX28361,0,-4.101583930467731
AMX28360,0,-6.285423080544354
AMQ30931,0,-8.698887543967484
AMQ30930,0,-3.5552828100692
AMQ30929,0,-4.858170384223778
AMQ26041,1,1.3746711035026173
AMQ26040,0,-4.422045697221766
ALZ47802,0,-11.650901039323397
ALZ47801,0,-5.566490009216887
ALZ47664,0,-8.272805849792807
ALZ47663,0,-13.095500236132679
ALZ46734,0,-13.095500236132679
ALZ46733,0,-20.761430832833
ALZ46699,0,-22.944831109783273
ALZ46698,0,-11.801235994429042
ALV71379,0,-1.3837956320880203
AID07388,0,-19.330424064580342
AID07387,0,-7.501500392513662
AHZ37650,0,-2.3660130481906396
AHZ37649,0,-19.403033759077637
AHL82676,0,-5.4414376031221074
AHL79472,0,-2.065641483741784
AHL78591,0,-9.758305295701806
AHL78590,0,-4.28277853553806
AGL59938,0,-5.745009918262273
AGL56243,0,-3.0497922134826787
AGL52668,0,-27.774079005059225
AGL52650,0,-12.029379921332037
AGL52402,0,-11.947555065165187
AGK42455,0,-2.8307244638262032
AGK42454,0,-17.066533247838784
AGK42374,0,-6.526143310072824
AGK42373,0,-4.587714336038941
AGK41920,0,-19.206425934848564
AGK41795,0,-19.206425934848564
AGK41609,0,-4.3759942895468065
AGK41472,0,-17.315406402176038
AGG83907,0,-19.923277614744023
AGG83595,0,-5.645410211847329
AGG83335,0,-7.45869367760783
AGG83334,0,-5.645410211847329
AGG83197,0,-17.245012297597594
AGG83196,0,-7.45869367760783
AGG81961,0,-48.007204789298726
AGG81960,0,-8.032459380616357
AGG27129,0,-12.074086442652508
AGG27128,0,-10.086999704995936
AGG26638,0,-19.785885036142577
AGG26637,0,-9.757157869478336
AGG26501,0,-5.169774690372561
AGG26136,0,-4.601724461179393
AGG26135,0,-12.65761753004615
AGG23670,0,-10.726334396516933
AGG23643,0,-5.18939786661031
AGE09042,0,-1.718152638302909
AGE08110,0,-7.156634589149961
AGE03121,0,-20.763195581726038
AGE03120,0,-6.325621000586969
AGE00445,0,-6.420565003298944
AGE00444,0,-6.054127546744834
AGC73498,0,-5.745009918262273
AFY05902,0,-5.955906530704829
AFY05795,0,-5.143177872556433
AFP20954,0,-13.627997333790926
AFP20926,0,-13.627997333790926
AFP20925,0,-5.143177872556433
AFG72317,0,-8.527407489250265
AFG72316,0,-17.982665942267264
AET79367,0,-48.63865069596129
AET79366,0,-9.641774978129746
AET78076,0,-5.024177651915364
AET78075,0,-6.600423098457304
AET78039,0,-6.600423098457304
AET77991,0,-20.45517881360301
AET77990,0,-11.072435196966612
AET77944,0,-7.036610851187515
AET77827,0,-7.036610851187515
AET77826,0,-2.313722947775256
AET77804,0,-7.036610851187515
AET77803,0,-2.110126541265336
AET77700,0,-5.540931938547632
AET77549,0,-4.300061810879513
AET77548,0,-7.914105720919412
AET76803,0,-57.569470900617816
AET75367,0,-12.690863833152985
AET74857,0,-8.488178733517186
AET74706,0,-6.600423098457304
AET74688,0,-3.8868304395507085
AET74687,0,-7.036610851187515
AET74519,0,-2.124722263948029
AEO91690,0,-11.464435962128828
AEO91689,0,-3.5386071344311247
ATQ63177,0,-8.218286469576146
ATE49491,0,-19.756614854993707
ATE49388,0,-19.756614854993707
ATE48871,0,-2.3861390483146963
ATE48859,0,-19.756614854993707
APB91288,0,-9.399716707799236
APB91038,0,-2.520067846054509
APB91017,1,-1.6296191733178063
APB91003,1,-0.4035312542719538
APB90991,0,-3.2729408499859467
APB90867,0,-2.245447794504029
APB90696,0,-8.986005778748517
APB90521,0,-8.683878193903068
APB90381,1,-2.633711161705815
APB90374,0,-3.14630796877249
APB90168,0,-4.028214728165828
APB89984,0,-3.14630796877249
APB89877,0,-5.792207996479801
APB89858,0,-4.594434363012365
APB89776,0,-3.14630796877249
APB89758,0,-8.13534923114883
APB89747,0,-3.14630796877249
APB89732,0,-4.010179831891806
APB89616,0,-2.42702005755001
APB89573,0,-4.466078269161827
APB89521,0,-1.673780730545154
APB89511,0,-2.968420320457291
APB89487,1,0.801442227772803
APB89442,0,-4.738097384393841
APB89305,0,-3.3184979076659893
APB89304,0,-9.802767867274426
APB89247,0,-2.975500957477516
APB89215,0,-3.14630796877249
AOZ85491,1,-0.7874379437505432
AOZ85465,0,-4.100539942397326
AOZ85454,0,-3.4431174950002355
AIU46948,0,-2.2609950996137176
AIU46946,0,-3.747699582679349
AIU46945,0,-3.14630796877249
AIU46944,0,-3.14630796877249
AIU46943,0,-7.197034039856796
AIU46942,0,-3.14630796877249
AIU46939,0,-9.650430537320457
AIU46938,0,-2.5025897025056096
AIU46937,0,-1.005134768412681
AIU46936,0,-7.05846472351926
AIU46935,0,-3.14630796877249
AIU46934,0,-5.068224017116096
AIU46932,0,-3.14630796877249
AIU46929,0,-4.847547981340973
AIU46928,0,-3.4100841933764006
AIU46927,0,-3.14630796877249
AIU46926,0,-3.4100841933764006
AIU46923,0,-5.068224017116096
AIU46922,0,-6.396998953635176
AIU46921,0,-2.414726617723801
AIU46920,0,-5.068224017116096
AIU46919,0,-5.068224017116096
AIU46917,0,-3.4100841933764006
AIU46916,0,-3.4100841933764006
AIU46915,0,-4.011453566832439
AIU46914,0,-3.14630796877249
AIU46913,0,-3.4100841933764006
AIU46912,0,-6.396998953635176
AIU46911,0,-3.14630796877249
AIU46910,0,-2.9971548113512476
AIU46909,0,-4.117806116247431
AIU46908,0,-3.14630796877249
AIU46905,0,-2.9339404255904498
AIU46904,0,-3.4100841933764006
AIU46903,0,-4.011453566832439
AIU46902,0,-3.4100841933764006
AIU46900,0,-3.14630796877249
AIU46899,0,-3.14630796877249
AIU46896,0,-5.628122343988245
AIU46895,0,-3.14630796877249
AIU46893,0,-3.14630796877249
AIU46892,0,-5.262806657370771
AIU46891,0,-10.577296065383257
AIU46890,0,-2.7791169033408565
AIU46888,0,-3.632556400151076
AIU46886,0,-3.905076427563566
AIU46883,0,-4.117806116247431
AIU46881,0,-3.14630796877249
AIU46880,0,-5.068224017116096
AIU46879,0,-3.14630796877249
AIU46878,0,-3.14630796877249
AIU46876,0,-10.577296065383257
AIU46875,0,-3.4100841933764006
AIU46873,0,-5.01418564191974
AIU46872,0,-5.068224017116096
AIU46870,0,-3.14630796877249
AIU46869,0,-2.8234890333757043
AIU46868,0,-3.14630796877249
AIU46866,0,-4.306273304595091
AIU46865,0,-3.14630796877249
AIU46864,0,-5.4071405880584535
AIU46862,0,-4.306273304595091
AIU46860,0,-3.14630796877249
AIU46859,0,-3.14630796877249
AIU46858,0,-4.26988278273045
AIU46855,0,-4.694234761126818
AIU46854,0,-3.6837382151112195
AIU46853,0,-1.6831197444904866
AIU46852,0,-3.14630796877249
AIU46850,0,-3.14630796877249
AIU46848,0,-5.4180999558273975
AIU46847,0,-3.14630796877249
AIU46845,0,-4.306273304595091
AIU46842,0,-3.14630796877249
AIU46840,0,-5.954236721465843
AIU46839,0,-4.306273304595104
AIU46838,0,-7.05846472351926
AIU46837,0,-1.8984418918265646
AIU46836,0,-1.9099615439027673
AIU46834,0,-3.14630796877249
AIU46832,0,-2.3723665280311863
AIU46830,0,-3.4100841933764006
AIU46829,0,-2.4264001661834342
AIU46825,0,-2.5310207791078483
AIU46824,0,-3.4100841933764006
AIU46821,0,-2.414726617723801
AIU46820,0,-3.14630796877249
AIU46819,0,-2.968420320457291
AIU46818,0,-1.813229238080643
AIU46817,1,-0.7090282684427365
AIU46815,0,-7.111178858944171
AIU46814,0,-5.068224017116096
AIU46813,0,-4.727881404415594
AIU46812,0,-3.14630796877249
AIU46809,0,-7.894729700915258
AIU46808,0,-4.457647469940467
AIU46807,0,-2.8234890333757043
AIU46806,0,-4.404717709349917
AIU46805,0,-3.14630796877249
AIU46804,0,-3.14630796877249
AIU46802,0,-6.450702406080175
AIU46801,0,-4.404717709349917
AIU46800,0,-3.14630796877249
AIU46798,0,-8.367567523070058
AIU46797,0,-3.14630796877249
AIU46795,0,-3.14630796877249
AIU46794,0,-4.43196851450076
AIU46793,0,-3.14630796877249
AIU46792,0,-3.14630796877249
AIU46788,0,-3.14630796877249
AIU46786,0,-3.14630796877249
AIU46783,0,-3.14630796877249
AIU46782,0,-3.236226071534565
AIU46781,0,-3.14630796877249
AIU46779,0,-3.14630796877249
AIU46778,0,-2.108208208221466
AIU46777,0,-3.14630796877249
AIU46774,0,-4.713055423141197
AIU46773,0,-3.14630796877249
AIU46772,1,-1.9011173398721173
AIU46771,0,-1.3385522087693342
AIU46770,0,-3.236226071534565
AIU46768,0,-3.14630796877249
AIU46767,0,-3.14630796877249
AIU46765,0,-7.889670095730356
AIU46764,0,-1.937867506640666
AIU46763,0,-3.14630796877249
AIU46762,0,-3.14630796877249
AIU46761,0,-3.5159979988166477
AIU46760,0,-4.223417128646613
AIU46759,0,-3.4100841933764006
AIU46758,0,-2.414726617723801
AIU46756,0,-1.937867506640666
AIU46755,0,-3.814646012886464
AIU46754,0,-3.2482436476394305
AIU46753,0,-2.1546866959214412
AIU46749,0,-7.978342556582874
AIU46746,0,-4.404717709349917
AIU46745,0,-3.905076427563566
AIU46744,0,-9.226891441027085
AIU46743,0,-1.6493261101586771
AIU46740,0,-8.860243297878098
AIU46739,0,-4.404717709349917
AIU46737,0,-3.14630796877249
AIU46735,0,-3.6367390154006785
AIU46733,0,-3.14630796877249
AIU46732,0,-2.8234890333757043
AIU46731,0,-3.3967012443763256
AIU46483,0,-3.14630796877249
AIU46481,0,-3.14630796877249
AIU46479,0,-3.14630796877249
AIU46478,0,-3.14630796877249
AIU46477,0,-3.4100841933764006
AIU46476,0,-3.4100841933764006
AIU46474,0,-3.4100841933764006
AIU46399,0,-3.4100841933764006
ASU47793,0,-3.14630796877249
ASO97503,0,-42.334242185579214
ASO97501,0,-16.20642518539664
ASO97485,0,-10.477954107514165
ASO97483,0,-6.9569811788500395
ASB33702,0,-3.22309413396954
ASB33690,0,-34.3442007650595
ASB32842,0,-6.30639949719793
ASB32833,0,-0.19323403899001335
ARX97390,0,-23.51410870923636
ARX97388,0,-8.299947462810607
ARU07171,0,-6.799548932123575
ARU07169,0,-6.052536249398351
ARQ85940,0,-2.2679252347896153
ARJ63957,0,-3.721529028922941
ARJ63952,0,-12.590526304231089
AQU12413,0,-12.200966093908715
APY25383,0,-8.661486627008756
APW84921,0,-9.40904833624693
APW84910,0,-10.103686673639578
ALX27327,0,-11.74610638714191
ALT19951,0,-10.227028357187926
ALT19827,0,-7.444844290233881
ALP01834,0,-10.993428762191526
ALJ54530,0,-11.00244771305848
ALH21545,0,-9.088269072757102
AKV57697,0,-11.753533575390133
AKH14605,0,-6.434795891755822
AJY54592,0,-11.38458793999427
AJF45784,0,-13.67420356639079
AJF45779,0,-19.848455444590996
AJF45775,0,-10.279939646594405
AJD77986,0,-13.434643639753574
AIZ70289,0,-9.407036287490309
AIZ70285,0,-27.286166029671477
AIZ70247,0,-1.5509741386310125
AIZ70214,0,-9.407036287490309
AIZ70208,0,-7.11633186941933
APO39355,0,-10.752598407397723
AOV82401,0,-2.2448646852292917
ALG00738,0,-5.7987611191532356
ALG00730,0,-3.5377469047506223
ALG00726,0,-0.985699954198342
ALG00722,0,-4.158191546991023
ALG00718,0,-2.6145776086853267
ALG00714,0,-3.9982346516114182
ALG00710,0,-3.279596990959898
ALG00706,0,-2.8114461184448842
ALG00702,0,-1.80186446468473
AOC37756,0,-10.936332055226107
ACF48930,0,-8.429120257838896
AAA18781,0,-23.51014186922218
AEB66665,0,-37.22010451967931
ADW80470,0,-11.426019391761983
ADW80459,0,-11.198523842080593
ADG21028,0,-8.8133333781435
ADG21007,0,-7.113797761205923
ADG21005,0,-6.967041569609556
ABO37609,0,-8.337394551515747
ABO37542,0,-9.574548811818953
ABO37490,0,-5.9218303593582
ABO37489,0,-6.801016807517875
ANG55916,0,-10.942603712992328
ANF29075,0,-13.975442313338435
ALR81994,0,-12.868283747333193
ALR81993,0,-2.4628126289424737
ALR81992,0,-4.374650644663754
ALR81991,0,-2.4148162222839424
ALR81989,0,-0.984907457530726
ALR81988,0,-1.9059322444312627
AIC64616,0,-9.737079756572596
AIC64601,0,-13.193029176077168
AKZ42083,1,-0.712484617713292
AKZ41921,0,-2.8458707439285886
AKZ41895,1,1.7362987311857339
AKZ41844,1,2.4064662239240917
AJS17976,1,0.08130812622402495
AJS17973,0,-17.149966611873282
AJS17971,0,-11.794540873352034
AJS17969,0,-10.532309086910491
AJS17968,0,-13.070998886906587
AJS17966,0,-6.888516587271753
AJS17964,0,-8.30294949450983
AJS17963,0,-8.443555422533542
AJS17962,0,-17.122816765096545
AJS17961,0,-30.983862851933946
AJS17960,0,-24.876043813316127
AJS17956,0,-25.186100773531763
AJS17920,0,-8.234931638217713
AJS17918,0,-9.139834418364522
AJS17917,0,-12.03254000146189
AJS17915,0,-12.562186852770779
AJS17913,0,-18.99849264457185
AJS17911,0,-12.272586104396327
AJS17907,0,-7.174818189101751
AJS17906,0,-9.139834418364522
AJS17905,0,-5.285200001292591
AJS17903,0,-8.234931638217713
AJS17899,0,-7.3251500367733575
AJS17898,0,-8.12438448027414
AJS17897,0,-7.348539840673274
AJS17896,0,-6.793238868418906
AJS17895,0,-5.1449967612089225
AJS17894,0,-4.893181625996248
AJS17893,0,-7.5512253090151535
AJS17892,0,-6.4567862694696245
AJS17891,0,-5.460741011897527
AJS17889,0,-5.460741011897527
AJS17888,0,-5.460741011897527
AJS17886,0,-5.460741011897527
AJS17885,0,-5.460741011897527
AJS17883,0,-5.891786915582087
AJS17882,0,-5.891786915582087
AJS17881,0,-5.891786915582087
AJS17880,0,-5.855466495400714
AJS16419,0,-15.100363401135834
AJS16396,0,-9.65501970602037
AJS16390,0,-7.42629445472238
AJS16384,0,-7.84033189977758
AJS16373,0,-14.904997211850512
AJS16370,0,-7.221305738246855
AJS16367,0,-9.295197187218042
AJS16364,0,-13.824274856393263
AJS16361,0,-2.698954973271773
AJS16358,0,-10.821811517305196
AJS16352,0,-4.51476049290877
AGR54712,0,-1.647353408948522
AGR54709,0,-8.440676772008864
AHB59323,0,-9.291520326808154
ALE66689,0,-19.650247909401983
ALD19413,0,-10.373853960911033
AHX38096,0,-29.906002225056785
AHX38093,0,-38.215304904768075
AKL90745,0,-28.393895325172227
AKL90741,0,-7.9928053492417845
AKJ84209,0,-31.66516071148948
AKJ80211,1,0.06878344469302
AKJ80207,0,-0.33312287152090114
AJJ96179,0,-47.21606772186884
AJJ96178,0,-7.07987504818679
AJJ96022,0,-45.505126748285335
AJJ96020,0,-33.732019404801406
AJJ96019,0,-4.3686030705914805
AJJ95846,0,-45.177278571128724
AJJ95845,0,-11.708998559000532
AJJ95832,0,-12.664092873859142
AAA43149,0,-13.4897987275431
AAA43146,0,-8.350575461463958
AAA43145,0,-9.056053926155618
AAA43144,0,-9.8068894715502
AAA43143,0,-11.357591840399333
AIE53166,0,-2.615940733453435
AJD14112,0,-20.406554649578542
AJD14111,0,-24.59412256011661
AJD14110,0,-4.626155180800353
AJD14109,0,-1.480743484041886
AJD14001,0,-25.35260831879846
AJD13999,0,-11.354567378483694
AJD12987,0,-5.537729371124404
AJD12986,0,-12.705622324398234
AJD12973,0,-7.07987504818679
AJD12972,0,-45.177278571128724
AJD12956,0,-4.8730719882018265
AJD12955,0,-45.177278571128724
AJD12918,0,-5.091481266679647
AJD12865,0,-4.455392002698048
AJD12863,0,-2.166103716023936
AJD12847,0,-7.07987504818679
AJD12846,0,-47.03819543396932
AJD12831,0,-22.10894104207038
AJD12813,0,-9.16854203849462
AJD12812,0,-3.9573837112437342
AJD12795,0,-46.23117604109696
AJD12793,0,-7.745436525480572
AJD12777,0,-9.16854203849462
AJD12757,0,-49.9300881514521
AJD12756,0,-8.726052374143435
AJD12728,1,0.38021976074181474
BAQ19486,0,-4.908620724688708
BAQ19476,0,-16.68649430922033
BAQ19456,0,-18.750561223047193
BAQ19446,0,-8.852065733817826
BAQ19436,0,-0.42065357563321015
BAQ19416,1,0.93343120022233
BAQ19406,0,-13.964889740744677
AIU46705,0,-11.189484264561846
AIT38426,0,-46.46771523119696
AIQ77768,0,-5.010208002030897
AIQ77756,0,-11.627703277938416
AIO11726,0,-2.676607614764041
AIO11715,0,-10.972352779888155
AIO11706,0,-2.676607614764041
AIO11686,0,-10.972352779888155
AIN25566,0,-2.676607614764041
AIN25558,0,-11.288231587578103
AIN25551,0,0.3560581037720567
AIN25541,0,0.3560581037720567
AHL24597,0,-1.0720346385860235
AHL24577,0,-10.247371368586219
AHL24567,0,-1.0720346385860235
AHL24557,0,-1.0720346385860235
AHL24517,0,-2.561058875387439
AII30768,0,-10.972352779888155
AIE52177,0,-22.634005742484604
AFO83088,0,-8.057618553397617
AHY95057,0,-31.922205331429293
AHY95053,0,-24.13218831005978
AHW46685,0,-10.832033576925674
AHW46664,0,-32.87110412018879
AHW46660,0,-10.832033576925674
AHM24129,0,-4.031902471191758
AHM24125,0,-10.832033576925674
AHL21543,0,-1.7672859747325518
AHL21470,0,-32.47255244080628
AHL21466,0,-10.832033576925674
AHK10681,0,-4.031902471191758
AHK10677,0,-7.607560612472123
AHK10667,0,-16.754213889030417
AHK10663,0,-4.031902471191758
AHH00822,0,-2.5411521409527644
AHG26656,0,-25.552914111335134
AHD25184,0,-4.676998267773085
AHD25163,0,-9.768219532822018
AHD25142,0,-22.600253955907135
AHB73608,0,-10.065468463840986
AGY79655,0,-3.1203849178246763
AGT41695,0,-4.437109492444044
AGT41690,0,-9.492177162441704
ADU17015,0,-11.330990499249545
AGL51629,0,-9.768219532822018
AEP95319,0,-11.465319855517995
AEQ73293,0,-11.623293898888143
AEQ73168,0,-2.56534965384456
AEQ61206,0,-28.82632378175043
AEK50760,0,-3.9903588918935595
AFP99367,0,-17.384196525218137
AFP21014,0,-25.005657279946313
AFN69199,0,-17.315699950211524
AEQ62915,0,0.9408066604206962
AEQ62914,0,-1.7348431627623775
AEQ62912,0,-1.8941070772270123
AEQ62910,0,-1.8382373371579153
ADU20562,1,0.31013455952125213
ACY56526,0,-19.924687069813046
ACY56525,0,-21.249720517270987
ACY56524,0,-9.302929535019768
ACY56523,0,-26.73386806813023
ACY56522,0,-12.653778878788772
ACY56519,0,-19.722349815730126
ACY56518,0,-13.729503302042952
ACY56517,0,-16.122210874992383
ACY56516,0,-19.472750834533244
AEI29915,0,-9.783366205889255
AEI29913,0,-12.841328267753568
AEI29912,0,-6.712627354681154
AEI29910,0,-4.419893498571568
AEI29902,0,-6.471976265638122
AEI29901,0,-7.416973335996768
AEI29900,0,-9.126938611087539
AEI29899,0,-9.0928640348138
AEI29898,0,-12.615087143979089
AEI29896,0,-14.722223349424889
AEI29895,0,-8.212847215754545
AEI29893,0,-3.816627543493011
AEI29891,0,-8.758764161819228
AEI29890,0,-11.294072339630107
AEI29889,0,-5.402800969558047
AEI29888,0,-1.8254463859540913
AEI29887,0,-9.872699881864026
AEI29885,0,-10.709299784166085
AEI29883,0,-6.594994601687381
AEI29882,0,-6.952518788108266
AEI29881,0,-10.026700740560191
AEI29880,0,-1.8189621297675167
AEI29879,1,0.2928565848892468
AEI29878,1,1.6920794768052865
AEI29877,0,-11.85283466948226
AEI29876,0,-9.445119800546724
AEI29875,0,-10.501291048605335
AEI29874,0,-10.364940903969764
AEI29873,0,-11.712567213458723
AEI29872,0,-13.071397098211596
AEI29871,1,0.9672127356338684
AEH26544,0,-7.364542182829575
ADU17459,0,-11.947555065165187
ADU17103,0,-3.0407369303466645
ADU16565,0,-5.409731468629911
ADU16018,0,-16.714978622249788
AEA04387,0,-11.823550929243716
ADW80437,0,-5.739111803395455
ADW80357,0,-21.18774818766392
ADW80283,0,-14.991459672454617
ADW80250,0,-4.321255650309843
ACY06463,0,-9.533210582638777
ACY06462,0,-8.850827993829476
ACY06460,0,-22.14966819706352
ACY06459,0,-16.60152668972556
ACY06457,0,-5.97347022854737
ACY06455,0,-9.444345883090701
ACY06453,0,-9.476545941844755
ACY06452,0,-11.162716115588008
ACY06451,0,-8.652587703781585
ACY06447,0,-15.017979169503924
ACY06446,0,-15.017979169503924
AAA62470,0,-18.112993445779395
BAJ09300,1,3.369697827308922
BAJ09299,1,3.369697827308922
BAJ09298,1,3.370093358290662
BAJ09297,1,2.672001465212686
BAJ09296,1,3.369697827308922
BAJ09295,1,3.369697827308922
BAJ09294,1,3.370093358290662
BAJ09292,1,1.8733557873207474
BAJ09291,1,2.5709801244668142
BAJ09289,1,2.5709801244668142
BAJ09288,1,2.2455855693006708
BAJ09287,1,1.4264544059215822
BAJ09286,1,1.6409838785835014
BAJ09285,1,3.084899971788335
BAJ09284,1,3.3639563237494414
BAJ09283,1,3.3639563237494414
BAJ09282,1,3.084899971788335
BAJ09281,1,3.3639563237494414
BAJ09280,1,3.084899971788335
BAJ09278,1,3.2861015132772344
BAJ09277,1,3.084899971788335
BAJ09276,1,0.21227398572300338
BAJ09275,1,2.278514495133564
BAJ09274,1,0.8346439340716714
ADG21027,0,-4.4657924171725
ADG21025,0,-9.275879078271293
ADG21020,0,-5.261182045173225
ADG21017,0,-5.50667642200707
ADG21016,0,-5.714710464386766
ADG21015,0,-5.022080203810539
ADG21014,0,-4.8043604755987275
ADG21012,0,-5.026980616015598
ADG21010,0,-5.026980616015598
ADG21008,0,-3.2258654293080724
ADG21006,0,-5.026980616015598
ADG21004,0,-5.026980616015598
AAA64228,0,-7.605553316173733
AAA64229,0,-4.421846321994856
ACI06174,0,-2.463887129688029
ACI06172,0,-2.463887129688029
ACI06171,0,-2.463887129688029
ACI06169,0,-7.877454207543962
ACI06168,0,-7.858426969188246
ACI06167,0,-11.472140028771877
ACI06163,0,-9.65728039244731
ACI06160,0,-7.877454207543962
ACI06158,0,-7.059825759598391
ACI06157,0,-7.059825759598391
ACI06156,0,-7.059825759598391
ACI06154,0,-5.062064085281435
ACI06153,0,-10.051207254461028
ACI06152,0,-7.059825759598391
ACI06151,0,-7.059825759598391
ACI06150,0,-5.765954946459414
ACI06146,0,-3.548374985401612
ACI06144,0,-9.088165107623771
ACI06142,0,-7.877454207543962
ACI06140,0,-7.877454207543962
ACI06138,0,-7.877454207543962
ACI06137,0,-7.877454207543962
ACI06134,0,-7.877454207543962
ACI06133,0,-7.877454207543962
ACI06132,0,-6.836249840221503
ACI06131,0,-7.444986754790053
ACI06130,0,-6.836249840221503
ACI06129,0,-6.836249840221503
ACI06128,0,-5.393474479938764
ACI06127,0,-6.836249840221503
ACI06125,0,-1.9507053300137702
ACI06124,0,-15.865612535996913
ACI06123,0,-6.836249840221503
ABY81852,0,-6.717923347004719
ABY81851,0,-12.401913234129296
ABY81850,0,-4.786635327185033
ABY81849,0,-7.624353512049411
ABY81848,0,-6.184426737171268
ABY81847,0,-6.184426737171268
ABY81846,0,-6.184426737171268
ABY81845,0,-7.4702361900646785
ABY81843,0,-4.9868238749909555
ABY81842,0,-6.184426737171268
ABY81840,0,-6.464095264689787
ABY81839,0,-5.280993935430848
ABY81838,0,-5.661108209272162
ABY81837,0,-6.013818436364964
ABY81836,0,-7.200055862133906
ABY81835,0,-4.773011680172547
ABY81834,0,-6.158841032187461
ABY81833,0,-7.011303123301317
ABZ81075,0,-12.35178325822992
ABR88080,0,-4.1212391197677505
ACF28527,0,-3.5162112800984726
BAA00772,0,-19.874203639584586
ABQ41898,0,-12.552961268663893
ABQ41888,0,-14.068536841844791
ABO51928,1,-4.324050194679099
AAA43114,0,-13.362704580401648
AAA43112,0,-49.030784777963845
AAA43111,0,-7.50543364474073
AAA43103,0,-50.66732519075488
AAA43102,0,-47.88072901917974
AAA43101,0,-18.959348958666016
ABF60581,0,-4.984545799011311
ABF60578,0,-6.227232356672653
ABF60576,0,-24.23871778138045
CAA24271,0,-1.6192125149225944
HMIV89,0,-8.350575461463958
HMIV77,0,-11.026674559603405
JQ1153,0,-18.355542504025358
