accession,train_label,logit
UPI56474,0,-19.249956796144815
UPI56462,0,-16.483168416595078
XTX72824,0,-16.84691789008624
XTX72813,0,-16.84691789008624
XTX72802,0,-16.84691789008624
WPD40848,0,-6.905576488264393
XKH15321,0,-18.828360636633477
QWZ14542,0,-16.296399767473225
XPO71821,0,-16.396595212912867
XPO71820,0,-29.969913097509504
XPO71819,0,-24.777933005062565
XPO55351,0,-12.386183329256056
XPO14940,0,-7.216519538865773
XPO14822,0,-2.496422926363424
XPO14784,0,-5.675298762457494
XPO14783,0,-4.257157395709205
WZL55684,0,-21.94077944320058
WZL55500,0,-21.94077944320058
WZL55213,0,-20.682614409935304
XFC81957,0,-2.537510276565758
XFC81946,0,-4.349604212607593
XFC81836,0,-4.180405903992773
XFC80678,0,-4.702077537904552
XFC80667,0,-4.8394242886188685
XFC80656,0,-5.176157937890968
XFC80470,0,-4.167228823645553
XFC80459,0,-4.184330834884676
XFB56325,0,-5.698937211142313
XFA02390,0,-1.5268599686263293
XFA02389,0,-29.442176285253176
XFA02388,0,-26.267489631851582
XEQ90834,0,-11.751432818837879
XCV19025,1,2.4128447218165707
XCV19024,0,-5.08424793790066
XCV19023,1,0.43586839326086846
XCV19021,1,-1.6363466364514352
XCV19020,0,-4.182647794306048
XCV19017,1,0.36968899379304254
XCV19016,1,2.9827329221614374
XCV19009,0,-7.2524689292425375
XCV19007,0,-4.796590712108484
XCV19004,0,-1.868952520141999
XCV19000,0,-4.527474277055214
XCV18999,1,0.62829481052297
XCV18998,0,-1.868952520141999
XCV18997,0,-4.300339464169278
XCV18996,0,-3.6987709331779772
XCV18995,0,-4.300339464169278
XCV18994,0,-1.868952520141999
XCV18993,0,-3.903299331851878
XCV18991,0,-30.702852492013854
XCV18990,0,-42.81640102361831
XCV18989,0,-3.9248773370452685
XCV18987,0,-30.604219462558532
XCV18985,0,-29.42544661454481
XCV18984,0,-38.11369882623554
XCV18983,0,-39.517266115707365
XCV18982,0,-38.11369882623554
XCV18976,0,-33.77666493073601
XCV18973,0,-33.705913937580775
XCV18972,0,-33.705913937580775
XCV18968,0,-3.3949360148718863
XCV18967,0,-38.22685882001478
XCV18964,0,-4.970833996040382
XCV18962,0,-2.4517021261379597
XCV18961,0,-30.50947761945838
XCV18960,0,-38.776492898568414
XCV18959,0,-38.776492898568414
XCV18958,0,-30.918240672689514
XCV18957,0,-34.5221376471631
XCV18956,0,-29.972103864670586
XCV18951,1,1.653797349697939
XCV18949,0,-30.930352278635524
XCV18947,0,-4.876699402218199
XCV18946,0,-4.876699402218199
XCV18944,0,-1.3089652940646594
XCV18943,0,-38.14364233925024
XCV18939,0,-38.77523616691267
XCV18937,0,-30.957806684411324
XCV18936,0,-1.8763062039241198
XCV18934,0,-38.46499007395464
XCV18932,0,-34.616545615583334
XCV18931,0,-30.77192039596391
XCV18930,0,-30.543120798456542
XCV18929,0,-43.104477986015056
XCV18926,0,-31.212485327019927
XCV18923,0,-26.91632539050604
XCV18921,0,-25.931458530213863
XCV18920,0,-37.08870086506425
XCV18919,0,-34.18001051113643
XCV18918,0,-26.91632539050604
XCV18915,0,-26.225144186780476
XCV18913,0,-42.09106386581596
XCV18910,0,-2.9946537947807403
XCV18905,0,-53.984108217610256
XCV18904,0,-53.984108217610256
XCV18902,0,-27.634510054051532
XCV18899,0,-37.86539634305632
XCV18898,0,-36.001058630339664
XCV18895,0,-42.513867622754766
XCV18892,0,-4.814122606502361
XCV18891,0,-4.814122606502361
XCV18890,0,-38.509401181480975
XCV18887,0,-38.509401181480975
XCV18886,0,-36.12357964798823
XCV18885,0,-5.461421469760145
XCV18882,0,-36.001058630339664
XCV18881,1,3.2255091337927784
XCV18880,1,3.2255091337927784
XCV18879,0,-26.441691410818336
XCV18878,0,-52.508285596114085
XCV18877,0,-39.77330492174954
XCV18876,0,-3.661973691431335
XCV18875,0,-35.593669937765554
XCV18874,0,-53.56437476238885
XCV18873,0,-16.644588389456622
XCV18872,0,-18.507204341969953
XCV18871,1,2.417209455150145
XCV18870,0,-54.21695761801722
XCV18866,0,-34.75235421055577
XCV18865,0,-6.600800743662862
XCV18862,0,-4.080681390598903
XCV18860,0,-4.080681390598903
XCV18858,0,-35.17922176142019
XCV18857,0,-34.01773634582768
XCV18852,0,-4.080681390598903
XCV18848,0,-42.81556751090831
XCV18847,0,-35.857533631836006
XCV18845,0,-41.70771860753589
XCV18843,0,-17.864777793049818
XCV18842,0,-44.20097663746505
XCV18841,0,-35.49245506475777
XCV18840,0,-26.55803240436208
XCV18835,0,-26.54251183711238
XCV18834,0,-27.590592079015785
XCV18833,0,-27.921091756207723
XCV18831,0,-26.227921724474918
XCV18827,0,-14.271365729402083
XCV18824,0,-31.80351345806296
XCV18823,1,2.3732304417740604
XCV18822,0,-5.394576779049583
XCV18821,0,-38.51709986497592
XCV18820,0,-35.64010660408833
XCV18818,1,2.306593931067649
XCV18817,1,2.306593931067649
XCV18816,1,1.9303361103805088
XCV18815,0,-34.59362123410634
XCV18812,0,-20.44135427549518
XCV18811,0,-1.285044362419061
XCV18810,0,-34.68327599614438
XCV18809,0,-26.630601028897587
XCV18808,0,-5.922289445396599
XCV18806,0,-27.815102806464473
XCV18805,0,-36.07004035248747
XCV18804,0,-23.69740732685839
XCV18801,0,-27.619490558728828
XCV18800,0,-27.619490558728828
XCV18798,0,-38.82695238136269
XCV18793,0,-10.338541710850354
XCV18790,0,-29.87387942337608
XCV18783,0,-11.30387493321888
XCV18776,0,-27.44958228650686
XCV18770,0,-30.40508335574104
XCV18769,0,-11.252454047844012
XCV18768,0,-11.252454047844012
XCV18766,0,-26.360183489925024
XCV18763,0,-30.612752751970575
XCV18762,0,-10.618893108318245
XCV18761,0,-3.1032265553610596
XCV18759,0,-10.618893108318245
XCV18758,0,-31.13354545100094
XCV18757,0,-13.686810632302363
XCV18755,0,-10.870651129995682
XCV18754,0,-10.870651129995682
XCV18752,0,-9.256557274777832
XCV18748,0,-30.016314363195
XCV18747,0,-13.784252508271559
XCV18741,0,-4.464902314472278
XCV18739,0,-4.464902314472278
XCV18738,0,-3.6455238062143547
XCV18737,0,-20.80056376455827
XCV18736,0,-7.460504376562278
XCV18735,0,-10.976422328278133
XCV18727,0,-19.539717229224927
XCV18726,0,-4.485706538012643
XCV18725,0,-4.6796342241381765
XCV18724,0,-4.464902314472278
XCV18721,0,-3.999918046387366
XCV18720,0,-5.24959609436735
XCV18718,0,-13.784252508271559
XCV18712,0,-5.24959609436735
XCV18711,0,-4.470323698749196
XCV18709,0,-8.029825449587392
XCV18708,0,-5.878650155050163
XCV18706,0,-13.242743098895302
XCV18704,0,-13.784252508271559
XCV18703,0,-31.061700417420077
XCV18701,0,-28.607682461314255
XCV18700,0,-28.607682461314255
XCV18699,0,-38.53330830237507
XCV18697,0,-38.01972394932499
XCV18695,0,-24.22920855780464
XCV18690,1,4.080586965445638
XCV18684,0,-8.738213859490575
XCV18683,1,5.207003564033412
XCV18677,0,-30.996952745367487
XCV18672,0,-0.35974975736409753
XCV18669,0,-38.33924595680009
XCV18668,0,-31.739334070454817
XCV18667,0,-32.03542472467715
XCV18665,0,-32.168360576676925
XCV18663,0,-2.66962488975801
XCV18662,0,-3.5766126411508328
XCV18660,0,-33.459308361215314
XCV18657,0,-32.940538379742144
XCV18656,0,-5.657680734155733
XCV18655,0,-32.331693713206896
XCV18654,0,-37.80259112191736
XCV18652,0,-27.94599012458916
XCV18651,0,-30.85028257269201
XCV18650,0,-34.99592634283189
XCV18649,0,-15.499289245402839
XCV18648,0,-32.2324550801825
XCV18647,0,-31.869738991880993
XCV18645,0,-32.2324550801825
XCV18642,0,-27.295824344896182
XCV18641,0,-34.95085691396692
XCV18640,0,-4.058260116202563
XCV18638,0,-28.052471304484452
XCV18637,0,-32.10096292025731
XCV18636,0,-2.3814223724813086
XCV18635,0,-30.970649753231598
XCV18633,1,3.029305240024227
XCV18631,1,3.0799985009069584
XCV18630,0,-2.9041812284845765
XCV18629,1,3.0799985009069584
XCV18628,0,-31.669589929175544
XCV18626,0,-31.218589574788197
XCV18621,0,-33.13876807563681
XCV18618,0,-33.559768762626106
XCV18613,0,-2.7700064411478653
XCV18612,0,-33.11073994900317
XCV18610,0,-32.935510340064894
XCV18609,0,-33.02032660603797
XCV18608,0,-33.02032660603797
XCV18606,0,-29.99175555187888
XCV18603,0,-32.5779321976545
XCV18600,0,-30.550776025948416
XCV18599,0,-5.064073700004457
XCV18595,0,-2.6661239081464014
XCV18594,0,-16.688918358030957
XCV18591,0,-39.07957954518181
XCV18588,0,-36.62933808682645
XCV18586,0,-5.9053264316615595
XCV18585,0,-16.81086965226332
XCV18584,1,0.43586839326086846
XCV18583,0,-3.097213160592757
XCV18582,0,-3.097213160592757
XCV18581,0,-3.097213160592757
XCV18580,0,-3.097213160592757
XCV18578,0,-37.51666579604397
XCV18577,0,-3.097213160592757
XCV18575,0,-3.097213160592757
XCV18573,0,-41.29957685122155
XCV18572,0,-4.384798325479421
XCV18570,0,-15.127685817618332
XCV18569,0,-40.035323629084125
XCV18568,0,-2.326120481418501
XCV18567,0,-41.862182167474714
XCV18566,0,-2.805815768516151
XCV18565,0,-48.006448405893046
XCV18564,0,-41.63777644305546
XCV18563,0,-14.156558619690657
XCV18562,0,-42.45185452767294
XCV18561,0,-2.408517969953861
XCV18557,0,-4.20184814654297
XCV18556,0,-40.035323629084125
XCV18555,0,-43.888202146928464
XCV18554,0,-4.20184814654297
XCV18553,0,-41.279697182924664
XCV18552,0,-40.6889294533619
XCV18551,0,-38.817693151648605
XCV18550,0,-43.888202146928464
XCV18549,0,-4.079034420262607
XCV18548,0,-17.065528016170347
XCV18547,0,-2.976902213802818
XCV18546,0,-4.329073642592993
XCV18544,1,-0.11477819153857638
XCV18543,1,-0.4557191390754145
XCV18542,0,-7.121220210470575
XCV18540,0,-3.086935050071654
XCV18538,0,-2.6560535093923967
XCV18537,0,-3.5313257067922965
XCV18535,0,-41.617085981419166
XCV18528,0,-42.85017049264432
XCV18511,0,-28.236750314507017
XCV18504,0,-26.903571137010736
XCV18500,0,-36.849060353180676
XCV18337,0,-13.085171755650737
XCV18336,0,-24.52857525688465
XCV18335,0,-35.346542570201635
XCV18334,0,-35.684160887743936
XCV18332,0,-11.686705157441544
XCV18329,0,-11.544322281158228
XCV18327,0,-11.129412541032906
XCV18323,0,-25.484840240831126
XCV18318,0,-23.71354885740706
XCV18317,0,-25.69329894644386
XCV18316,0,-23.44102665332702
XCV18315,0,-8.085259307456033
XCV18314,0,-27.100966560557424
XCV18313,0,-4.8751608070099195
XCV18310,0,-24.12994819458237
XCV18309,0,-11.265436940299278
XCV18307,0,-5.530114405593386
XCV18304,0,-24.12994819458237
XCV18303,0,-43.4341134206778
XCV18302,0,-6.689538904269069
XCV18301,0,-5.006214512647809
XCV18300,0,-6.245204094164319
XCV18299,0,-26.025469295124417
XCV18297,0,-27.92585069688114
XCV18295,0,-3.4779959586171447
XCV18294,0,-6.340749069308443
XCV18291,0,-19.111020743968822
XCV18288,0,-6.077614712580432
XCV18286,0,-6.188473272067116
XCV18285,0,-5.121715014591102
XCV18284,0,-27.100966560557424
XCV18281,0,-27.08781764841106
XCV18279,0,-27.160942121518595
XCV18277,0,-26.762762879594202
XCV18272,0,-26.71749265639221
XCV18271,0,-5.394576779049583
XCV18270,0,-28.732390100260645
XCV18269,0,-26.82936966752252
XCV18268,0,-26.82936966752252
XCV18265,0,-2.9949441187402694
XCV18264,0,-25.96977799759521
XCV18262,0,-28.627056728166274
XCV18260,0,-26.71749265639221
XCV18257,1,2.708369402203095
XCV18254,0,-6.4465669092138995
XCV18253,0,-29.073159146306708
XCV18248,0,-29.00550304944381
XCV18246,0,-13.572591481759428
XCV18245,0,-26.82936966752252
XCV18244,0,-3.3417258840901134
XCV18243,0,-2.8352288111991495
XCV18242,0,-2.8352288111991495
XCV18241,0,-27.7558661167998
XCV18239,0,-28.654868770622173
XCV18237,0,-29.073159146306708
XCV18236,0,-26.82936966752252
XCV18234,0,-12.963632855277071
XCV18230,0,-2.4373112732068645
XCV18229,0,-28.654868770622173
XCV18228,0,-0.29915041797328534
XCV18227,0,-28.34395298535522
XCV18224,0,-27.058548907501
XCV18223,0,-29.202610327554194
XCV18215,0,-31.64440697693233
XCV18210,0,-5.023308874879641
XCV18209,0,-15.851416807161831
XCV18207,0,-11.269745528646181
XCV18204,0,-11.129412541032906
XCV18202,0,-27.44958228650686
XCV18201,0,-3.474408483767652
XCV18199,0,-33.148130559861926
XCV18197,0,-23.629287955915256
XCV18196,0,-35.684160887743936
XCV18195,0,-35.684160887743936
XCV18193,0,-27.399180607396886
XCV18192,0,-10.396412625459888
XCV18187,0,-27.894750102542226
XCV18186,0,-33.718662849078385
XCV18185,0,-10.502723609140517
XCV18181,0,-23.63872135650311
XCV18176,0,-25.32918318001601
XCV18175,0,-22.43075481503952
XCV18174,0,-27.44958228650686
XCV18173,0,-23.31601152583083
XCV18172,0,-24.919671029339803
XCV18170,0,-36.07004035248747
XCV18169,0,-35.57403756579592
XCV18166,0,-26.638111175628786
XCV18165,0,-29.256098319003982
XCV18161,0,-35.00540953341983
XCV18160,0,-27.34697952867775
XCV18157,0,-5.589465237313155
XCV18151,0,-30.107313592684783
XCV18148,0,-5.764228932890429
XCV18147,0,-32.78277095400904
XCV18146,0,-27.44958228650686
XCV18142,0,-28.02758479682551
XCV18140,0,-27.44958228650686
XCV18137,1,1.2993373029021722
XCV18136,0,-24.63356989017491
XCV18135,0,-26.15585468558245
XCV18133,0,-25.32918318001601
XCV18129,0,-27.399180607396886
XCV18127,0,-4.6429124215949695
XCV18126,0,-5.8489300294272395
XCV18125,0,-27.90117398125551
XCV18124,0,-4.144532002558838
XCV18122,0,-29.364066009681977
XCV18121,0,-35.26081099889022
XCV18120,0,-0.8684660683429755
XCV18118,0,-25.427229756277292
XCV18115,0,-5.296966907040968
XCV18114,0,-27.002634514552106
XCV18112,0,-33.88907182452007
XCV18110,0,-37.348187321616265
XCV18109,1,1.2993373029021722
XCV18107,0,-27.44958228650686
XCV18106,0,-29.256098319003982
XCV18105,0,-28.618887929146936
XCV18104,0,-35.07164452220494
XCV18103,0,-35.01637511806243
XCV18100,1,1.7131858523590289
XCV18098,0,-1.4544167547698912
XCV18097,0,-8.79307961738156
XCV18096,0,-3.4591937745186456
XCV18094,0,-26.27660237895467
XCV18093,0,-2.035995583868404
XCV18091,0,-5.188901896212167
XCV18090,0,-4.891047277678199
XCV18089,0,-4.891047277678199
XCV18086,0,-5.131343884014713
XCV18078,0,-5.010080447831873
XCV18075,0,-3.9350979987816874
XCV18074,0,-16.388602345523708
XCV18073,1,2.3829659814947757
XCV18071,0,1.689552761148196
XCV18070,0,-27.78990766806077
XCV18069,0,-4.5860745280053425
XCV18068,0,-0.5889815225857884
XCV18067,0,-4.5860745280053425
XCV18066,0,-4.5860745280053425
XCV18063,0,-6.409717783667244
XCV18062,0,-38.002418526382314
XCV18060,1,3.3675501021520002
XCV18059,1,1.308766184826089
XCV18055,1,2.5153071860181573
XCV18053,1,2.5153071860181573
XCV18052,1,2.1432027626751555
XCV18051,0,-27.21185495218394
XCV18050,1,2.5153071860181573
XCV18047,0,-5.131343884014713
XCV18045,0,-14.6270038614827
XCV18043,0,-28.878231337732053
XCV18042,0,-8.79307961738156
XCV18039,1,-0.16365261581981194
XCV18038,0,-5.131343884014713
XCV18037,0,-40.0180729634136
XCV18033,0,-26.517252782689564
XCV18029,0,-5.7196367741141305
XCV18027,0,-1.6713914366868803
XCV18026,0,-30.30868844188541
XCV18025,0,-18.643014109630908
XCV18014,0,-7.772708735588402
XCV18013,0,-15.097100302847254
XCV18011,0,-25.567555991785497
XCV18010,0,-8.92839093602461
XCV18002,0,-32.225096301321614
XCV17999,0,-6.234897353831712
XCV17995,0,-29.118613418280894
XCV17994,0,-19.27772556703852
XCV17992,0,-6.762776707069575
XCV17991,0,-29.209078838943995
XCV17990,1,2.5601813754270726
XCV17989,0,-6.363806534056574
XCV17987,0,-26.620492832694083
XCV17984,0,-16.76257661363946
XCV17982,0,-6.251756663552102
XCV17978,1,2.695535029994142
XCV17970,0,-15.566545539051564
XCV17968,0,-2.646978271547555
XCV17967,0,-16.76507207666087
XCV17966,0,-2.9354486738908747
XCV17965,0,-28.38867202886042
XCV17964,0,-6.441754908613287
XCV17959,0,-27.177679477525707
XCV17958,0,-4.7680703417301515
XCV17957,0,-5.555800157674444
XCV17956,0,-29.229004591255816
XCV17953,0,-16.76507207666087
XCV17952,0,-27.58454603842618
XCV17951,0,-16.04216220217241
XCV17950,0,-27.58454603842618
XCV17949,0,-6.52561875208484
XCV17948,0,-4.2753248935741635
XCV17945,0,-17.801804264975992
XCV17944,0,-4.2753248935741635
XCV17942,0,-16.657877386572977
XCV17940,0,-5.848007015894897
XCV17939,0,-15.25643220500978
XCV17938,0,-4.043341317328885
XCV17937,0,-4.121355802133712
XCV17934,0,-6.52561875208484
XCV17933,0,-24.250314534090194
XCV17929,0,-14.085288474566415
XCV17928,0,-5.174643843507406
XCV17927,0,-6.52561875208484
XCV17925,0,-6.52561875208484
XCV17924,0,-6.52561875208484
XCV17923,0,-18.225272644218904
XCV17919,0,-16.46120377800192
XCV17915,0,-5.824823990078162
XCV17913,0,-3.83688395969863
XCV17911,0,-16.17822053122559
XCV17910,0,-5.361423391693245
XCV17909,0,-32.99943503396631
XCV17908,0,-15.05533722602293
XCV17904,0,-3.4336664264023664
XCV17903,0,-5.174643843507406
XCV17901,0,-36.90930783558006
XCV17900,0,-4.162165240195721
XCV17896,0,-4.135602834306479
XCV17895,0,-28.159717841071878
XCV17894,0,-15.167006581342557
XCV17885,0,-5.988128909520651
XCV17884,0,-2.35431011875926
XCV17882,0,-13.28262232607668
XCV17881,0,-17.08473706977229
XCV17879,0,-15.939479109142827
XCV17877,0,-14.527233598890893
XCV17875,0,-11.98644888982869
XCV17867,1,1.689552761148196
XCV17865,0,-16.087289508646705
XCV17864,0,-16.087289508646705
XCV17863,0,-4.659171570508461
XCV17861,0,-22.8761001361146
XCV17853,0,-15.712998100912912
XCV17851,0,-15.904277966370032
XCV17847,0,-18.431349291344905
XCV17846,0,-16.087289508646705
XCV17844,0,-13.24108928684766
XCV17843,0,-16.087289508646705
XCV17842,0,-36.25750122487881
XCV17841,0,-13.461140650539967
XCV17840,0,-16.087289508646705
XCV17838,0,-16.087289508646705
XCV17836,0,-7.97910280152758
XCV17835,0,-35.23029846825668
XCV17834,0,-5.530820781499147
XCV17833,0,-7.97910280152758
XCV17830,0,-7.97910280152758
XCV17829,0,-12.888053659091494
XCV17828,0,-12.888053659091494
XCV17826,0,-13.89860568841845
XCV17825,0,-14.515945268410679
XCV17822,0,-15.491120545664696
XCV17820,0,-15.491120545664696
XCV17819,0,-15.305680084368314
XCV17818,0,-15.305680084368314
XCV17817,0,-15.305680084368314
XCV17815,0,-13.565955320022601
XCV17814,0,-13.769052991649405
XCV17812,0,-13.058200350319652
XCV17811,0,-13.058200350319652
XCV17810,0,-13.058200350319652
XCV17809,0,-12.857013765938202
XCV17808,0,-12.857013765938202
XCV17807,0,-15.491120545664696
XCV17805,0,-14.08971720609667
XCV17804,0,-14.539529861263684
XCV17802,0,-13.398718710167707
XCV17801,0,-13.398718710167707
XCV17799,0,-31.459069604252363
XCV17796,0,-36.6219105960468
XCV17795,0,-15.017806890836773
XCV17794,0,-15.01780689083679
XCV17791,0,-14.443489552177956
XCV17786,0,-35.82289274100092
XCV17784,0,-31.36410682664002
XCV17780,0,-30.216826263246986
XCV17777,0,-6.450123008157657
XCV17776,0,-37.28008698129786
XCV17775,0,-6.450123008157657
XCV17773,0,-4.755906812931231
XCV17766,0,-35.72849151248714
XCV17765,0,-15.21310640317683
XCV17764,0,-35.65054893969664
XCV17762,0,-35.209860345310474
XCV17760,0,-33.27540619650604
XCV17758,0,-35.28365221158728
XCV17757,0,-9.542768103064061
XCV17756,0,-36.188096877178225
XCV17755,0,-4.460899954753506
XCV17753,0,-5.681878227749781
XCV17752,0,-34.42869744975319
XCV17751,0,-34.42869744975319
XCV17749,0,-34.42869744975319
XCV17748,0,-36.188096877178225
XCV17747,0,-6.463495234905178
XCV17745,0,-36.188096877178225
XCV17744,0,-36.11423489532596
XCV17743,0,-38.70132704911938
XCV17742,0,-38.70132704911938
XCV17741,0,-31.524587929417493
XCV17740,0,-37.100913408105896
XCV17738,0,-35.249492714826324
XCV17736,0,-6.7530933747958475
XCV17735,0,-6.7530933747958475
XCV17734,0,-36.10096205960567
XCV17733,0,-36.10096205960567
XCV17729,0,-4.527250309228192
XCV17728,0,-3.5502602382166444
XCV17727,0,-4.527250309228192
XCV17720,0,-37.100913408105896
XCV17719,0,-35.39103037435702
XCV17718,0,-35.39103037435702
XCV17704,0,-36.416912305629786
XCV17703,0,-36.416912305629786
XCV17701,0,-6.060391039033565
XCV17696,0,-5.589942048882406
XCV17693,0,-6.060391039033565
XCV17692,0,-5.589942048882406
XCV17691,0,-5.589942048882406
XCV17690,0,-6.327734939965198
XCV17683,0,-36.55927187516955
XCV17682,0,-36.55927187516955
XCV17680,0,-36.55927187516955
XCV17679,0,-6.597419008093215
XCV17677,0,-39.188558684610406
XCV17666,1,3.0799985009069584
XCV17665,1,3.0799985009069584
XCV17664,0,-3.23218587710598
XCV17660,0,-4.540466130306031
XCV17659,1,3.1534737552286725
XCV17658,1,4.499515635417856
XCV17657,1,3.1534737552286725
XCV17656,1,4.499515635417856
XCV17652,0,-40.649798180547485
XCV17649,0,-5.839627220855109
XCV17644,0,-3.23218587710598
XCV17643,0,-3.23218587710598
XCV17642,0,-4.540466130306031
XCV17641,0,-4.540466130306031
XCV17639,0,-40.649798180547485
XCV17637,0,-5.839627220855109
XCV17635,0,-40.649798180547485
XCV17632,0,-7.563608483945974
XCV17629,0,-7.563608483945974
XCV17626,0,-42.32263341231175
XCV17624,0,-42.32263341231175
XCV17623,0,-42.32263341231175
XCV17622,0,-7.563608483945974
XCV17621,0,-3.809689205834294
XCV17620,0,-3.809689205834294
XCV17618,0,-7.563608483945974
XCV17616,0,-7.563608483945974
XCV17615,0,-7.563608483945974
XCV17612,0,-40.7753645532944
XCV17610,0,-7.563608483945974
XCV17609,0,-7.563608483945974
XCV17608,0,-15.979128040031421
XCV17605,0,-15.979128040031421
XCV17598,0,-16.334830022120947
XCV17594,0,-42.32263341231175
XCV17591,0,-41.60246358044884
XCV17590,0,-20.926507735439266
XCV17588,0,-15.606532024654948
XCV17587,0,-6.377707069565526
XCV17583,0,-6.236065704891924
XCV17582,0,-5.533027535186159
XCV17579,0,-6.072044902041996
XCV17577,0,-5.896329822552362
XCV17576,0,-38.35969889996375
XCV17575,0,-16.316784296118527
XCV17574,0,-32.165276504852955
XCV17573,0,-17.62539641109479
XCV17572,0,-37.76058913674956
XCV17571,0,-18.32512739799614
XCV17569,0,-36.662970297289334
XCV17566,0,-18.227776989846276
XCV17564,0,-4.864876429515542
XCV17563,0,-39.24768111313586
XCV17562,0,-2.2275768745077453
XCV17560,0,-2.0865632128538234
XCV17559,0,-37.3336251304059
XCV17557,0,-2.1032747300873353
XCV17556,0,-2.1032747300873353
XCV17555,0,-38.35969889996375
XCV17554,0,-2.2275768745077453
XCV17553,0,-2.1032747300873353
XCV17552,0,-2.9972444580205764
XCV17551,0,-37.3336251304059
XCV17549,0,-2.9972444580205764
XCV17543,0,-2.8306644793684086
XCV17542,0,-2.8306644793684086
XCV17541,0,-36.564268746808594
XCV17538,0,-36.75281989696442
XCV17537,0,-2.6503731715111503
XCV17536,0,-2.6503731715111503
XCV17533,0,-2.8306644793684086
XCV17532,0,-2.6503731715111503
QDH26117,0,-23.118431696992246
QDH12016,0,-19.213038026592947
XCB11815,1,4.4083347969070825
XCB11814,1,4.4083347969070825
WZE57237,0,-3.5944773073099263
WZE57226,0,-2.3935761427201
WZE57171,0,-3.856729251642067
WZE57160,0,-1.9114268036472488
WZE57149,0,-4.07379774897084
WZE56777,0,-5.222679063747304
WZE56689,0,-4.379850262385363
WZE56678,0,-4.167228823645553
WZE56667,0,-2.6849294204232077
WZE56645,0,-4.301058194903806
WZE56634,0,-6.187147051475469
WZE56612,0,-4.626297145027291
WZE56502,0,-5.530361448671798
WZE56339,0,-7.132750003033157
WZE56328,0,-2.5088392073369867
WZE56317,0,-3.971673374360323
WZE56306,0,-3.971673374360323
WZE56295,0,-4.5850729072903516
WZE56188,0,-4.07379774897084
WZE56133,0,-3.936960832793984
WZE55805,0,-4.021141991394597
WZE55233,0,-4.07379774897084
WZE55222,0,-4.689379017151261
WZE55200,0,-5.059114490138722
WZE55167,0,-7.293194305049003
WZE55112,0,-4.770685482511347
WZE55101,0,-4.127165793443156
WZE55090,0,-4.113286112171595
WZE55079,0,-4.167228823645553
WZE55057,0,-3.3596611736896556
WZE54937,0,-4.643150538338421
WZE54805,0,-4.167228823645553
WZE54755,0,-3.6510518793499624
WZE54717,0,-5.170170066834665
WZE54617,0,-7.293194305049003
WZE54548,0,-3.936960832793984
WZD33219,0,-4.550428537660721
UDV76342,0,-24.83028136961186
UDV76341,0,-17.186465377198246
UDV76340,0,-18.770343062740128
UDV76339,0,-17.640357130672
UDV76338,0,-17.519658975304043
QIB02447,0,-27.456426325852497
WPN07623,1,4.4083347969070825
WPN07622,1,5.696311371563352
WPN07620,1,1.111790566670038
WHO43055,0,-3.383103883425864
WHO43018,0,-3.5944773073099263
WFH86284,0,-3.9505808571811567
WFH86237,0,-2.9726899932236552
WFH86214,0,-3.5944773073099263
WFH86131,0,-5.58463477898659
WFH86120,0,-2.9726899932236552
WFH86049,0,-4.650175202561869
WFH85954,0,-3.5944773073099263
WFH85931,0,-5.58463477898659
WFH85897,0,-3.5944773073099263
WFH85874,0,-5.214211132377871
WFH85851,0,-3.5944773073099263
WFH85828,0,-4.225311611401166
WFH85781,0,-2.9726899932236552
WFH85710,0,-4.236466758377457
WFH85699,0,-4.07379774897084
WFH85688,0,-2.9726899932236552
WFH85665,0,-4.07379774897084
WFH85654,0,-4.07379774897084
WFH85643,0,-2.9726899932236552
WFH85621,0,-4.77447590965145
WFH85610,0,-4.982168266646312
WFH85599,0,-4.982168266646312
WFH85438,0,-5.675575391003105
WFH85436,0,-4.07379774897084
WFH85435,0,-2.333582353946083
WFH85357,0,-3.5944773073099263
WFH85356,1,3.374446292032628
WFH85311,0,-4.451310218392328
WFH85310,0,-3.9142075281116053
WFH85181,0,-1.5979736665079738
WFH85180,0,-5.124380918538424
WFH85179,0,-2.0504647855814238
WFH85178,0,-3.5944773073099263
WFH85111,0,-1.5264078445965357
WFH85110,0,-4.07379774897084
WFH85107,0,-3.5944773073099263
WFH84988,0,-4.77447590965145
WBG53452,0,-18.50006940272213
WES70816,0,-4.07379774897084
WDK38115,0,-3.8369207489704724
WDK38110,0,-4.711318191319133
WBS16660,1,3.08823395514821
WBS16659,0,-15.969169387228623
WBS16658,0,-2.9726899932236552
WBS16656,0,-2.9726899932236552
WBS16655,0,-2.9726899932236552
WBS16654,0,-2.9726899932236552
WBS16653,0,-2.2594940674964175
WBP78002,1,4.4083347969070825
WBP78001,1,4.4083347969070825
WBP77999,1,5.490119603782675
WBP77998,1,1.111790566670038
WBP77995,1,3.1519625780795177
WBP77994,1,5.5598541671023
WBP77993,1,6.350191236154414
WBP77991,1,3.7234252168280957
WBP77990,1,7.6323299901899215
WBP77989,1,4.122428021246536
WBP77985,1,6.835735519095499
WBP77982,1,3.9791097065956027
WBP77981,1,4.4083347969070825
WBP77979,1,4.4083347969070825
WBP77978,1,4.4083347969070825
WBP77977,1,5.696311371563352
WBP77976,1,5.490119603782675
WBP77975,1,1.111790566670038
WBP77974,1,4.065419056803746
WBP77973,1,5.877817432866051
WBP77972,1,3.1519625780795177
WBP77971,1,5.335180010872
WBP77969,1,3.0671935986262877
WBP77967,1,7.87905733733721
WBP77965,1,3.6751787149556083
WBP77964,1,5.7862479993301985
WBP77963,1,6.625858482167127
WBP77962,1,6.835735519095499
WBP77961,1,3.951905188074063
WBP77959,1,3.9791097065956027
WBP77958,1,4.4083347969070825
WBP77957,1,7.115219589103075
WBP77956,1,4.4083347969070825
WBP77955,1,4.4083347969070825
WBP77954,1,5.696311371563352
WBP77952,1,1.111790566670038
WBG96000,0,-2.9060689207835573
WBG95998,1,3.6012649228783946
WBG95997,0,-1.8707903018253962
WBG95994,0,-1.2655481750027828
WBG95993,1,2.5276061207432488
WBG95992,0,-3.4820975484254166
WBG95988,0,-1.3365430962408897
WBG95981,0,-14.782554647980838
WBG95980,1,0.6803774937444746
WBG95972,0,-1.014153460530654
WBG95967,1,0.5248735025623645
WBG95961,1,0.10147812273515378
WBG95958,0,-2.4351251201534208
WBG95954,0,-2.6719931507207395
WBG95946,1,0.23613450365294675
WBG95944,0,-6.7139770265856615
WBG95937,1,1.7131858523590289
WBG95931,1,2.306593931067649
WBG95930,1,1.690798075837817
WBG95928,0,-3.839572795127916
WBG95925,1,1.2823908222226486
WBG95924,0,-6.158898567413757
WBG95919,1,1.5549331777459177
WBG95916,1,1.6796134387279338
WBG95909,0,-0.2200313958867266
WBG95897,0,-4.524723594699543
WBG95890,1,3.8809236482280074
WBG95886,0,-2.1239604504766074
WBG95883,1,0.3819405466354713
WBG95878,1,1.689552761148196
WBG95873,1,2.5601813754270726
WBG95871,0,1.303914941462633
WBG95860,1,0.5608192012103039
WBG95858,0,-1.7697769379193211
WBG95855,1,0.739075694713728
WBG95851,1,-0.07511335283635212
WBG95847,0,-0.35974975736409753
WBG95842,0,-3.3068590313254305
WBG95834,1,2.5276061207432488
WBG95832,0,-3.167178851839788
WBG95831,1,0.7491079631539481
WBG95823,1,0.06906194158351653
WBG95820,0,-3.838708991716935
WBG95811,0,-0.984627477207777
WBG95809,0,-1.8351089612520735
WBG95808,0,-2.6368932755403396
WBG95804,0,-1.8707903018253962
WBG95797,1,2.3627773847508866
WBG95796,1,1.2458070449560399
WBG95794,0,-9.914323992637497
WBG95789,0,-1.917910668977255
WBG95783,0,-2.821640373884792
WBG95780,0,-1.5506917459158043
WBG95778,0,-3.405953453488708
WBG95772,0,-1.8707903018253962
WBG95769,0,0.5808831942243398
WBG95763,0,-2.360257319121347
WBG95761,0,-1.1836817590673814
WBG95759,0,-2.821640373884792
WBG95754,1,1.689552761148196
WBG95748,1,-0.22170487435198183
WBG95746,0,-1.7697769379193211
WBG95734,0,0.7007081470104808
WBG95733,1,1.6957041283821912
WBG95726,1,1.1393178829451909
WBG95721,1,4.080586965445638
WBG95717,0,-2.821640373884792
WBG95716,0,-2.843094326292478
WBG95715,1,2.306593931067649
WBG95712,1,1.689552761148196
WBG95711,1,3.327404624693566
WBG95709,0,-1.0409682668879956
WBG95691,1,3.0799985009069584
WBG95679,1,2.6282508628673806
WBG95675,0,-0.37239573621774547
WBG95670,0,-2.6368932755403396
WBG95669,0,-2.789676478490101
WBG95665,0,0.06108390402068764
WBG95663,1,2.3829659814947757
WBG95656,0,-2.8565250137676035
WBG95654,0,1.650156904850748
WBG95649,0,-0.8396703053920689
WBG95643,1,0.3840192677929224
WBG95639,0,-11.61724152530348
WBG95637,1,1.2993373029021722
WBG95630,0,-1.5382149572636372
WBG95622,1,1.689552761148196
WBG95620,0,-2.4349517345937226
WBG95615,0,-0.30985991362007503
WBG95608,1,1.1388169633215224
WBG95607,0,0.11199981933124725
WBG95606,0,-5.428974579973815
WBG95605,0,-11.064565241100642
WBG95604,1,3.728113083561718
WBG95586,0,-0.8671546779462798
WBG95574,0,-3.167178851839788
WBG95572,1,0.33335078337118773
WBG95558,1,-0.32233922678811844
WBG95553,1,1.308766184826089
WBG95549,1,3.0758347490630147
WBG95538,0,-1.8707903018253962
WBG95535,1,-0.004981182152031138
WBG95522,0,0.08074753926335809
WBG95520,0,-2.7497608515981273
UXC94675,1,7.6323299901899215
UXC94674,1,5.274431824914091
UXC94673,1,5.933122498329441
UXC94672,1,3.8100110721859917
UXC94670,1,3.322685816907333
UXC94669,1,4.946313592480449
UXC94667,1,3.9931760672474415
UXC94666,1,3.440753086780054
UXC94665,1,4.926724578579785
UXC94661,1,7.433929864348469
UXC94660,1,4.122428021246536
UXC94658,0,-2.5767948309487174
UXC94657,1,4.4083347969070825
UXC94656,1,5.968791680379274
UXC94655,1,4.4083347969070825
UWY17006,1,4.379203944996609
UWY17005,1,4.1839996351854705
UWY17004,0,0.5729486147480856
UWY17003,1,7.433929864348469
UWY17002,1,7.152371745156438
UWY16824,1,4.065419056803746
UWY16823,1,5.877817432866051
UWY16821,1,5.5598541671023
UWY16818,1,3.7234252168280957
UWY16817,1,7.6323299901899215
UWY16816,1,4.122428021246536
UWY16815,1,3.6751787149556083
UWY16813,1,6.625858482167127
UWY16812,1,6.835735519095499
UWY16811,1,3.951905188074063
UWY16810,1,5.515419434807109
UWY16809,1,3.9791097065956027
UWY16807,1,7.115219589103075
UWY16806,1,4.4083347969070825
UWY16805,1,4.4083347969070825
UWY16804,1,5.696311371563352
UWW34154,1,1.615159468770699
UWW34153,1,2.097385951948512
UWW34151,1,2.76942794157687
UWW34150,1,5.580078837939508
UWW34148,1,5.831718013627354
UWW34147,1,2.445823188796526
UWW34145,1,3.7234490023954994
UWW34143,1,3.3258920705655495
UWW34142,1,4.4083347969070825
UWW34141,1,4.264340650760831
UWW34139,1,3.3258920705655495
UWW34138,1,4.4083347969070825
UWW34137,1,4.264340650760831
UWW34136,1,4.4083347969070825
UWV31774,0,-6.653787024874078
UWV31773,0,-9.357875390832914
UWV31772,0,-6.909195534888244
UWV31770,0,-5.939508109708731
UWV31769,0,-2.916383050418773
UWV31767,0,-1.6215912225975249
UWV31762,0,-8.938391978935721
UWV31761,0,-4.385951864487428
UWV31760,0,-3.5651928149635346
USO97900,0,-17.396524074938633
USO97049,0,-7.2054193691453525
USO97036,0,-7.458092968964728
UEF70281,0,-20.917162140046266
ALP01920,0,-7.107477403275966
ALJ54615,0,-2.3077889702889287
QPQ50099,0,-19.528306041807824
QPQ50087,0,-27.39814256600789
QPQ50076,1,2.9100607974306296
QPQ50065,0,-42.7496277765599
QPQ50007,0,-19.550858529834713
QPQ49984,0,-19.9937346234639
QPQ49972,0,-22.315544649639
QPQ49948,0,-42.79095192233977
QPQ49936,0,-24.915890336765486
QPQ49935,0,-18.7935352459693
QPQ49934,0,-23.900328753048818
QPQ49933,0,-26.427735264576043
QPQ49932,0,-49.75960488001119
QPQ49931,0,-25.339801831449698
QPQ49930,0,-19.550858529834713
QPQ49929,0,-18.875805834813058
QPQ49928,0,-17.96830463797373
QPQ49927,0,-45.45341738513228
QPQ49926,0,-21.63333130405895
QPQ49925,0,-31.41772505593366
QPQ49924,0,-26.324645138136933
QPQ49923,0,-41.614361641546544
QPQ49921,0,-23.727807031022543
QPQ49920,0,-19.049276696640995
QPQ49919,0,-47.719362451321324
QPQ49918,0,-22.801448631550176
QPQ49917,0,-31.790508142059643
QPQ49914,0,-51.52697733362789
QPQ49913,0,-42.74467160912448
QPQ49911,0,-17.328859647646944
QPQ49909,0,-31.64521232523343
QPQ49908,0,-22.053910982025904
QPQ49906,0,-24.280744436024218
QPQ49905,0,-24.280744436024218
QPQ49904,0,-45.06988531718409
QPQ49901,0,-19.489705525300757
QPQ49900,0,-15.63423182488639
QPQ49898,0,-16.153447283342835
QPQ49874,0,-53.70898727947819
BAI83396,0,-25.917469790785432
BAI83395,0,-27.274232866424853
QOL72033,0,-24.006898532578177
QOL24301,0,-21.983400468647798
AXO64440,0,-21.274682336245917
QNH89147,0,-5.779411158357399
QNH89071,0,-26.838594858680224
QNH89049,0,-26.466163776069862
QNH89038,0,-28.17597526727024
QNH89018,0,-26.466163776069862
QNH88998,0,-22.743166335064533
QNH88987,0,-26.466163776069862
QNH88976,0,-26.466163776069862
QNH88965,0,-26.466163776069862
QNH88867,0,-28.295761109601784
QNH88858,0,-28.295761109601784
QNH88847,0,-28.295761109601784
QNH88815,0,-28.295761109601784
QNH88804,0,-28.295761109601784
QNH88795,0,-28.295761109601784
QNH88775,0,-28.295761109601784
QNH88763,0,-28.295761109601784
QNH88754,0,-28.295761109601784
QNH88734,0,-28.295761109601784
QNH88705,0,-28.295761109601784
QNH88694,0,-28.38867202886042
QNH88683,0,-28.38867202886042
QKS74596,0,-22.244905519300545
QKX08576,0,-5.897074755767379
QKX08606,1,2.525428010512977
QKX08605,1,3.1327883190497463
QKX08598,0,-4.26844317629844
QKX08603,1,2.4128447218165707
QKX08587,0,-4.388957601965219
QKX08588,1,-0.658448570419429
QKX08586,0,-14.302053958835495
QKX08584,0,-0.14776566221738996
QKX08582,1,2.048605631254228
QKX08580,1,2.3413358636201806
QKX08581,0,-7.750688613118677
QKX08578,1,4.604600057443639
QKX08577,1,2.3375838069384702
QKX08574,1,3.263015539988201
QKX08548,1,1.753807829277875
QKX08547,0,-2.983366510692088
QKX08573,0,-2.7785159670369293
QKX08546,1,1.847344103949922
QKX08544,0,-5.996770016755314
QKX08532,1,1.2817834299694137
QKX08533,1,2.342161025500401
QKX08531,1,2.342161025500401
QKX08530,1,2.4379406940934647
QKX08529,0,-5.650901709484824
QKX08527,0,-5.996770016755314
QKX08525,1,1.686018931314715
QJI52656,1,1.610902953059945
QIZ31694,1,0.012745746560558047
QIV14108,1,2.3499046169619753
QIQ44212,1,2.306593931067649
QIA57521,1,3.854719860218525
ATV88318,0,-2.448887837104264
ATV88317,0,-1.7333093999816978
ATV83578,0,-4.170510334934969
ATJ01981,0,-18.114487388152774
ATJ01980,1,2.4700192498070965
ASY92872,0,-14.896323286857065
ASJ81281,0,-17.421017740741597
ASJ81280,0,-23.06194981072541
ASJ81244,0,-17.421017740741597
ASJ81243,0,-37.93755370483007
ASJ81242,0,-23.06194981072541
QFU20133,1,1.2634988377191565
BBN23844,0,-0.6154511459963334
BBN23843,0,-34.21015512804787
QEE84129,0,-13.44701904712708
QCG82571,1,3.1960248902808726
QBY33566,0,2.703014142228062
QBR98631,0,-2.2958807856521712
QBR98518,0,-118.89545629336192
AYA22049,1,1.6710205930097324
AYA22048,1,3.528304034332953
AVV64955,1,2.27765092005151
AVV64954,1,3.2200703224138447
AVV64953,1,5.275175633995238
AVV64952,1,3.4856436391900427
AVV64951,1,1.332683935761418
AVV64950,1,0.42724391762696357
AVV64949,1,2.674723278902528
AVV64947,1,4.911637378260915
AVV64946,1,1.5660703447583142
AVV64944,1,2.781030209464051
AVV64943,1,1.071173794853559
AVV64942,0,-1.6803294370743043
AVV64941,0,0.6603868792532133
AXY81023,1,2.4309835883026576
AXY80579,1,2.4309835883026576
AXO64583,0,-23.673537191715624
AXO64514,0,-22.73043256440277
AXO63971,0,-22.183519689914142
AXO63951,0,-22.183519689914142
AXF93468,1,2.4172094551501377
AXF93440,1,2.8500420996823994
AXF93428,1,1.5931908879556484
AXF93419,1,1.5518099155203213
AXF93400,1,4.255115797355424
AXF93393,1,3.200116419509735
AXF93323,1,4.311604327497266
AWZ61198,0,-22.73043256440277
AMQ46551,0,-39.129365041912216
AMQ26450,0,-22.72875847644727
AHN00404,0,-36.35178666955415
AHL78909,0,-26.013746323476738
AHL78795,0,-43.79790748451458
AHL78604,0,-22.342883602750234
AHL78445,0,-43.79790748451458
AHB23130,0,-8.347571352052714
AHB21268,0,-10.642907495457385
AHB21267,0,-1.0082674612854312
AGG83052,0,-17.543559601563434
AGG82865,0,-21.067094602693814
AGG82864,0,-20.9662192960483
AGG82847,0,-21.067094602693814
AGG27468,0,-20.945403573826788
AGG27466,0,-37.90806432603548
AGG26919,0,-44.1357348131314
AGG26918,0,-18.917410629237853
AGG26716,0,-21.884934254987716
AGG26715,0,-19.625922289242737
AGG26666,0,-22.10963840864624
AGG26665,0,-8.418410976763507
AGC73436,0,-42.54730655243627
AGC73435,0,-21.606420882989703
AGC00237,0,-15.866521480566623
AGC00181,0,-15.866521480566623
AGC00169,0,-43.81833727346732
AGC00135,0,-15.866521480566623
AGC00101,0,-43.81833727346732
AGC00100,0,-15.866521480566623
AGC00078,0,-43.81833727346732
AGC00043,0,-15.866521480566623
AGC00021,0,-43.81833727346732
AGB99970,0,-43.06637445479877
AGB99969,0,-15.866521480566623
AGB99934,0,-15.866521480566623
AGB99933,0,-43.06637445479877
AGB99886,0,-43.06637445479877
AGB99840,0,-15.866521480566623
AGB99839,0,-43.06637445479877
AGB99782,0,-15.866521480566623
AGB99781,0,-43.06637445479877
AGB99746,0,-43.81833727346732
AGB99745,0,-15.866521480566623
AFY07178,0,-15.69398057567963
AFY06548,0,-40.3473767535224
AFY05765,0,-20.769239469220402
AFY05764,0,-40.220411099333056
AFJ12407,0,-39.94848883133529
AFJ12406,0,-27.607423508449237
AFH74465,1,0.9238319903912462
AFH74464,0,-7.425833959989774
AET78197,0,-18.917410629237853
AET78196,0,-44.1357348131314
AET77850,0,-23.654797112289444
AET77849,0,-16.456925323336776
AET74493,0,-18.454652461293886
AET74492,0,-20.48727376105593
AEO91594,0,-19.310706566185203
AEM75339,0,-68.51217191484118
AEM75338,0,-18.581582044988586
AEI91999,0,-8.19550591554717
AEI91998,1,0.3108033018014975
AEI91978,0,-10.068190820267928
AEI91977,1,0.6013742453198745
ATE49491,0,-19.307250231048798
ATE49040,0,-2.6056422844907257
ATE48871,0,-2.6056422844907257
ASV62302,0,-4.037319630725339
AOZ86615,1,2.8854502095019665
AOZ86516,1,3.0799985009069584
AOZ86357,1,2.5012450333293703
AOZ86331,1,4.225425175458261
AOZ86247,1,3.0799985009069584
AOZ85573,1,3.0799985009069584
ANE23927,1,1.8000159168512546
AKT07978,0,-2.0194936705887
ABW23337,0,-41.778811934594934
ASO97503,0,-52.42278193795338
ASO97501,0,-21.5181979137506
ASO97485,0,-17.892526611279166
ASO97483,0,-6.200212095425079
ARQ84253,0,-26.580628044235922
ARQ84252,0,-26.580628044235922
ARQ84251,0,-22.710104605122808
ARQ84249,0,-21.511801896168503
ARQ84245,0,-23.105457177749035
ARQ84243,0,-23.362437602785544
ARQ84239,0,-25.10928762747683
ARQ84237,0,-22.65528803720557
ARQ84235,0,-22.65528803720557
ARQ84234,0,-22.65528803720557
ARQ84233,0,-22.65528803720557
ARQ84232,0,-22.65528803720557
ARQ84231,0,-22.65528803720557
ARQ84228,0,-27.79784707287905
ARQ84227,0,-20.487150917267215
ARQ84226,0,-27.79784707287905
ASB33690,0,-44.80435982751419
ASB32842,0,-7.648385153552292
ASB32833,1,-0.11477819153857638
ARX97449,0,-5.2422036151789175
ARU07171,0,-9.836165037193268
ARQ86095,1,3.0799985009069584
ARJ63957,0,-4.849901144027026
ARJ63955,0,-18.146511757155857
ARJ63954,0,-12.007043700625626
AQY18739,0,-2.762467599454263
AQU12413,0,-11.11273272573485
APY25381,0,-40.39662739170438
APW84919,0,-37.504111929536904
APG56782,0,-4.037728811678525
ANE37509,0,-41.38143396195329
ANE37492,0,-5.22012909258307
AMU04445,0,-29.596783316860524
AMP44891,0,-38.46499007395464
AMB72621,0,-4.876699402218199
AMA65421,0,-4.994416776859254
ALX27323,0,-27.78518547090256
ALT19930,0,-33.77742490387241
ALT19823,0,-1.4869053906184817
ALR83415,0,-4.262331092903354
ALR83348,0,-3.76711640672392
ALR83338,0,-4.412333627476617
ALP01838,0,-33.368212865547115
AKV57693,0,-7.563608483945974
AKP04496,0,-2.1613167514453213
AKH14609,0,-4.527474277055214
AJY54596,1,0.43586839326086846
AJF45788,0,-2.668887920123174
AJF45784,0,-11.267848625057454
AJF45775,0,-13.506624301851598
AJD78008,0,-32.04608801587139
AJD77986,0,-9.900335889150933
AJD77982,0,-16.334830022120947
AIZ70289,0,-12.065249518318907
AIZ70285,0,-36.61338905350461
AIZ70269,0,-45.545751333528045
AIZ70243,0,-13.241120335392436
AIZ70218,0,-34.93174297752716
AIZ70214,0,-12.065249518318907
AIZ70208,0,-7.572703990595063
AIZ70204,0,-14.343627175411626
ARG44523,0,-41.38745210777992
APR73245,1,-0.5980253231247321
APR73243,0,-44.47858958472405
APR73242,0,-31.104554888116354
APR73241,0,0.3070213211069621
APR73239,0,-17.172515739200684
APR73238,0,-0.7572531088762435
APR73237,0,-0.07875371941552523
APR73236,0,-5.195018914839499
APR73235,1,-0.5980253231247321
APR73234,0,-43.281408425399476
APR73233,0,-48.40737564764125
APQ31976,0,-31.532518044436614
APQ31975,0,-26.536872981286415
APO39357,0,-31.157901292654586
APO39355,0,-7.261841043683578
AAF04721,0,-9.597168029309953
ADX98705,0,-0.5987221326213117
ADW54451,0,-14.16015574442829
ADM73553,0,-11.024771755523323
ADM73552,0,-10.361295120230801
ADM73551,0,-7.905108277836762
ADM73549,0,-10.035189925502651
ADM73548,0,-18.968656457890177
ADM73547,0,-10.344044232762288
ADM73546,0,-11.850225704500017
ADM73545,0,-14.599896883657403
ADM73544,0,-10.344044232762288
ADM73541,0,-10.344044232762288
ADM73540,0,-10.344044232762288
ADM73539,0,-9.699886681028163
ADM73538,0,-10.344044232762288
ADM73537,0,-10.473446900133753
ADM73535,0,-10.54506072416772
ADM73534,0,-10.344044232762288
ADM73532,0,-10.344044232762288
ADM73531,0,-10.344044232762288
ADM73530,0,-10.344044232762288
ADM73529,0,-11.585324831683609
ADM73527,0,-10.344044232762288
ADM73526,0,-10.593602326239742
ADM73525,0,-10.344044232762288
ADM73524,0,-10.755744612736136
ADM73522,0,-9.834810518623103
ADM73521,0,-8.744940423534482
ADM73520,0,-10.1306822880835
ADM73519,0,-9.999153296691015
ADM73518,0,-10.177459532495076
ADM73517,0,-13.393088609472235
ADM73516,0,-10.473446900133753
ADM73514,0,-10.681461819419736
ADM73513,0,-10.272382686590772
ADM26518,0,-18.52321431728935
ADM26517,0,-20.210749942963012
ADM26515,0,-18.728777734146604
ADM26514,0,-20.850279972973812
ADM26513,0,-15.293324154088275
ADM26512,0,-18.31828659050052
ADM26510,0,-18.703855809407422
ADM26508,0,-15.740456930975693
ADM26507,0,-16.752827562613206
ADM18099,0,-14.53138235158057
ADM18098,0,-39.28233650215585
ADM18096,0,-20.7784682180519
ADM18094,0,-48.63736050264372
ADM18093,0,-3.162287157401188
ADM18089,0,-19.377326861641098
ACY67454,0,-26.517576943429006
ACR26757,0,-1.3993362071669768
ACR26754,0,-15.250256792064658
ACR26744,0,-20.229244424638168
ACQ73205,0,-26.14207498256715
ACQ73202,0,-7.234620220385924
ACQ73201,0,-15.54134329759265
ANK57860,0,-14.492991274891088
ANG55912,0,-1.9714851575614887
ANF29079,0,-41.4505984704549
ANF29075,0,-17.356155094399327
AIC64617,0,-0.6820278008077203
AIC64615,0,-2.525699377218844
AIC64600,0,-4.757174731196244
AKZ42082,0,-21.88212773809191
AKZ41843,0,-20.42477517402577
AJJ98649,0,-21.22999314677683
AJJ98647,0,-20.10862976630912
AJJ98646,0,-23.225519153238004
AJJ98645,0,-22.672933422414356
AJJ98644,0,-20.513602212867927
AJJ98643,0,-18.919695791582484
AJJ98641,0,-22.677713426716767
AJJ98639,0,-22.672933422414356
AJJ98638,0,-21.517384764661962
AJJ98636,0,-20.193846206098648
AHZ41463,0,-5.168625118196617
ALE66682,0,-3.223726995674518
ALD19393,0,-33.9144101799672
AKM15195,0,-0.3842936938158914
AKM15194,0,-36.26729862067286
AKM15189,0,-33.89930621460782
AKM15186,1,0.6293328829313634
ALA50332,0,-20.633666766252137
AKL90745,0,-33.44404656784073
AKJ84209,0,-36.808031123350766
AGB13105,0,-2.0323802488270104
AGB13082,1,0.13944831723445184
BAQ19486,0,-12.613364863276086
BAQ19476,0,-19.79898791918739
BAQ19466,0,-19.79898791918739
BAQ19456,0,-22.36028698316932
BAQ19446,0,-9.68323239758145
BAQ19436,0,-1.2237881112879538
BAQ19426,0,-1.1018203207854178
BAQ19416,0,-0.8358514755549109
BAQ19406,0,-19.519456214296806
BAQ19396,0,-3.3031220485884116
BAQ19386,0,-3.436362733743577
AIX94903,0,-13.155707505385406
AIT38426,0,-45.56391079263212
AIT38419,0,-28.213419769873376
AIA62021,0,-17.211551868870277
AIA62010,0,-23.56658351629173
AIA61999,0,-22.025351782416976
AIA61989,0,-16.828183326482364
AIA61978,0,-10.300108194132022
AIA61967,0,-28.341274607182267
AIA61945,0,-22.311034582201017
AIQ77764,0,-16.892659704494953
AIQ77756,0,-16.892659704494953
AIO11735,0,-14.040794988383368
AIO11726,1,-1.172892788207184
AIO11695,0,-2.5110070523929604
AIO11686,0,-13.989671907003208
AIN25596,1,-1.5378776658003712
AIN25586,1,-0.24617441850131883
AIN25566,0,-1.172892788207184
AIN25541,1,0.4358683932608596
AII31203,0,-19.33701094240245
AIE53446,0,-2.886157668994178
AIE52177,0,-33.14642706488974
AIE52173,0,-11.214723842578415
AHK10692,0,-3.813499638530315
AHK10659,0,-3.813499638530315
AHI43444,0,-19.424318234468384
AHI43440,0,-36.584461723482974
AHZ65653,0,-4.468365947284129
AHY95057,0,-41.34255135614673
AHY95053,0,-26.94882497309704
AHM98831,0,-0.6216318616519363
AHW46689,0,-43.11982096905843
AHW46685,0,-13.74764858535589
AHW46664,0,-39.116842508225766
AHW46564,0,-38.48400054279008
AHM24129,0,-4.876577345838941
AHL21547,0,-16.262723422502674
AHL21470,0,-37.49709615569046
AHK10688,0,-30.48443291779845
AHK10681,0,-4.876577345838941
AHK10677,0,-15.15459919679821
AHK10663,0,-4.876577345838941
AHI43402,0,-2.3545609845271454
AHI43398,0,-11.762754500095491
AHI43290,0,-13.74764858535589
AHH00822,0,-2.388257006708921
AHG26656,0,-32.86855882369167
AHG26652,0,-12.724463799010607
AHD25180,0,-12.356156978224352
AHD25163,0,-13.608752169453098
AHD25147,0,-5.036750735819876
AHD25146,0,-12.948901400872035
AHB73608,0,-13.892677319123296
AHB24479,0,-30.67233836691814
AHB52150,0,-7.291741161152159
AHA57102,0,-38.46286840043408
AGZ62310,0,-2.7769490394398115
AGU69952,0,-3.6438668666734237
AEN69435,0,-0.22088535685164778
AGT41695,0,-3.4095684854956563
AGT41690,0,-15.345546706986397
AGO51467,0,-15.866521480566623
AGL51629,0,-13.608752169453098
AFJ76170,0,-74.83179877056098
AFJ76169,1,-0.03723660591154676
AFJ76155,0,-1.9370040297184588
AFJ76131,0,0.3549710760621867
AFY09646,1,0.8812741270234792
AFX96359,1,2.7525662341759105
AFX96347,1,0.9238319903912462
AFN69199,0,-18.990633581085234
AFN69198,0,-1.2762986413894577
ADG85249,0,-1.7818755972038023
ADG85245,1,0.6642844966211658
ADG85241,1,0.6642844966211658
ADG85229,1,0.6642844966211658
ADG85225,0,-1.6775343904058015
ADG85221,0,0.11913788569665051
AEX63539,0,-19.504692981493637
AFM78666,0,0.18494994854932223
AFM46540,0,-9.562902301197216
AFM46539,0,-1.4227289922802875
AFJ75615,0,-38.7886889961125
AFJ74819,0,-7.255680542524125
AFJ74780,0,-5.905883946872116
AFJ74779,0,-34.12038962599485
AFJ74761,0,-5.108027534198641
AFJ74743,0,-34.12038962599485
AFJ74727,0,-7.208439675905144
AFJ74695,0,-4.339396474804699
AFJ74674,0,-8.952646619866128
AFJ74673,0,-35.71530156643225
AFJ74654,0,-5.467447598965224
AFJ74634,0,-5.905883946872116
AFJ74560,0,-6.056723746509816
AFJ74559,0,-36.12733533924904
AFJ74546,0,-12.419908749620758
AEQ50015,0,-22.287214217071817
AEQ50005,0,-22.287214217071817
AEQ49985,0,-22.287214217071817
AEO08966,0,-21.66141763998896
AEO08944,0,-22.56226751189721
AET50910,0,-13.425520989062882
ADV69109,0,-41.88951414496796
ADV69108,0,-31.300482446412538
ADV69106,0,-29.992727052642948
ADV69104,0,-43.00796967906696
ADV69103,0,-28.58170384487432
ADV69102,0,-42.65899031343095
ADV69101,0,-42.31285064771897
ADV69100,0,-42.1487644724276
ADV69099,0,-33.67748660985636
ADV69098,0,-31.1829890634054
ADV69095,0,-32.22069156578654
ADV69094,0,-35.734468687967734
ADV69093,0,-31.776863213567843
ADV69091,0,-28.54449229935507
ADV69090,0,-37.29408009185903
ADV69089,0,-43.24276706138986
ADV69088,0,-36.2739191108048
ADV69087,0,-31.64153240938834
ADV69083,0,-30.08718967486898
ADV69082,0,-35.15598259407636
ADV69081,0,-31.004128967618527
ADV69080,0,-48.5573505760834
ADV69079,0,-34.186917284396706
ADV69078,0,-44.82145654175741
ADV69077,0,-31.366332625888994
ADV69076,0,-31.366332625888994
ADV69075,0,-34.379481213496916
ADV69074,0,-37.62968952399307
ADV69073,0,-37.62968952399307
AEH42796,0,-17.55551906437758
AEH42774,0,-15.646020473597076
AEH42752,0,-15.745941894406482
ADU33163,0,-18.844915899722842
BAJ40064,1,2.0027280187756595
BAJ40063,1,-0.0006414436907711263
BAJ40062,1,2.51730393475175
BAJ40061,1,-0.0006414436907711263
BAJ40060,1,0.6013742453198745
BAJ40059,1,2.6885551348676078
BAJ40058,1,2.0027280187756595
BAJ40057,1,1.7159458215946994
BAJ40056,0,-3.229967447970399
BAJ40054,1,0.6013742453198745
BAJ40053,1,2.85558121018663
BAJ40052,1,0.12833364279316406
BAJ40050,1,0.227776356448663
BAJ40049,1,2.85558121018663
BAJ40048,1,2.6885551348676078
BAJ40045,1,0.4388162929648747
BAJ40043,1,2.0027280187756595
BAJ40042,0,-0.8504466605890926
BAJ40041,1,2.0027280187756595
BAJ40039,1,0.9238319903912462
BAJ40038,1,2.660113567317067
BAJ40037,1,2.0027280187756595
BAJ40036,0,-0.10486663751911429
BAJ40034,1,2.6106104521730362
BAJ40033,0,0.07907645894282567
BAJ40032,1,2.6885551348676078
BAJ40030,0,0.07907645894282567
BAJ40029,1,2.6885551348676078
BAJ40026,0,0.6013742453198745
BAJ40025,1,2.6885551348676078
BAJ40024,1,1.8819805894663713
BAJ40020,0,0.4388162929648747
BAJ40018,0,0.6013742453198745
BAJ40017,1,1.0445593666022521
BAJ40016,1,2.6885551348676078
BAJ40013,1,2.6885551348676078
BAJ40012,1,1.0351383218454036
BAJ40011,1,2.6885551348676078
BAJ40010,1,-1.0344185234931125
BAJ40005,0,-0.0006414436907711263
BAJ40004,0,-0.9832745511689289
BAJ40002,1,0.9238319903912462
BAJ40001,0,0.7614560441223279
BAJ40000,1,2.20931035118471
BAJ39999,1,2.6885551348676078
BAJ39997,1,2.161458204545985
BAJ39996,1,0.9238319903912462
BAJ39995,1,2.6885551348676078
BAJ39994,0,1.8159135771374793
BAJ39993,1,0.9238319903912462
BAJ39991,1,2.20931035118471
BAJ39990,1,0.9238319903912462
BAJ39988,1,0.4702830126762123
BAJ39985,1,0.9238319903912462
BAJ39983,1,1.9102524103391882
BAJ39981,0,-0.6399480346772446
BAJ39980,1,2.0027280187756595
BAJ39976,0,-0.9659168817760087
BAJ39974,1,0.9238319903912462
BAJ39970,1,0.9238319903912462
BAJ39968,1,0.47922957919543485
BAJ39967,0,0.05093125041713975
BAJ39966,1,0.9238319903912462
BAJ39964,1,2.0027280187756595
BAJ39963,1,0.9238319903912462
BAJ39962,0,-1.8576556970872176
BAJ39961,1,0.9174096547274626
BAJ39959,0,-2.36801966634634
BAJ39958,0,-0.10331866875073459
BAJ39957,1,2.0027280187756595
BAJ39955,0,-1.679488550123219
BAJ39952,1,2.0027280187756595
BAJ39951,1,1.0742246771814177
BAJ39949,1,4.479181752357439
ACY06462,0,-8.897307126021502
ACY06461,0,-7.068014850182623
ACY06458,0,-13.673509828334657
ACY06457,0,-7.869887874377603
ACY06456,0,-11.159300308384147
ACY06455,0,-10.954114407529017
ACY06454,0,-3.959566375922238
ACY06453,0,-16.927921135061368
ACY06452,0,-18.482781569438856
ACY06449,0,-16.830004518252785
ACY06446,0,-15.862877922273398
ACY06445,0,-15.862877922273398
AAA16879,0,-23.07590739674864
BAI83394,0,-26.91994508273165
BAI83387,0,-7.6401299746300655
AAK71687,0,-5.881886780657656
AAF04720,0,-3.4804485511556997
ACV90512,0,-34.92285237529113
ACR26759,0,-3.0373907281924204
ACR26758,0,-3.8286333470512783
ACR26752,0,-10.885163881664173
ACR26750,0,-1.9431440247772294
ACR26749,0,-3.0177029890173177
ACR26747,0,-4.795210605170681
ACR26746,0,-18.934251105499307
ACR26745,0,-18.54190926069679
ACR26743,0,-17.306066550817405
ACR26742,0,-3.096750158029419
ABI96109,0,-40.600473352308775
ABI96107,0,-40.423800644416986
ABI96106,0,-43.053162882220356
ABI96104,0,-44.77838252591938
ABI96103,0,-38.21911932794608
AAA19934,0,-13.16352709448825
ACQ73204,1,-0.5980253231247321
ACF28529,0,-7.493866869523308
ACF28528,0,-1.7103343627892347
ACF28527,0,-5.080190106943171
ACD37507,0,-39.159821924349984
ACD37430,0,-33.831377216575206
BAA00719,0,-44.93958463141139
BAA00720,0,-19.33258888388891
ABF71860,0,-16.34947522887784
WWZ86435,0,-24.756224514433477
WWZ86424,0,-22.780589368085337
WWZ86408,0,-22.74230416412496
WWZ86384,0,-24.545760403898434
WWZ86360,0,-20.249985683516712
WWZ86348,0,-23.588762921529906
WWZ86162,0,-23.919912588832414
WWZ86148,0,-27.88877990991695
WWZ86136,0,-22.68906707375978
WWZ86124,0,-19.965546212238444
WWZ86106,0,-24.6704640875935
WWZ86094,0,-21.26811526749635
WWZ86068,0,-24.365485245778295
WWZ86043,0,-22.747639904654932
WWZ86030,0,-22.40582990340758
WWZ86015,0,-22.9926398657544
WWZ86003,0,-18.82168266026119
WWZ85977,0,-18.82168266026119
WWZ85964,0,-21.02206742168005
WWZ85952,0,-24.39751102163622
UPI56582,0,-24.10183646259344
UPI56510,0,-24.570785217137544
UPI56498,0,-30.348377748863456
UPI56486,0,-23.06499239472685
XPO56668,0,-6.015869993865524
XPO56656,0,-6.015869993865524
XPO56644,0,-3.924786694985716
XPO56632,0,-5.724534770483503
XCX90934,0,-15.894902877900353
XCV14090,0,-18.289211794722203
XCV14058,0,-22.02488948762521
XCV14073,0,-21.061888290945895
XCV14041,0,-18.079612635235087
XCV14057,0,-20.694199156163062
XCV14035,0,-21.67230344887829
XCV13979,0,-18.079612635235087
XCV13984,0,-20.421238629189332
XCV13951,0,-15.157006061427131
XCV13931,0,-20.421238629189332
XCV13935,0,-19.76163415051966
XCV13905,0,-20.694199156163062
XCV13923,0,-18.079612635235087
XCV13896,0,-20.694199156163062
XCV13886,0,-19.76163415051966
XCV13871,0,-16.038716549674568
XCV13831,0,-15.894902877900353
WZW45697,0,-19.987695630218493
WZW45509,0,-17.246698798996377
WZW45496,0,-17.246698798996377
WZW45410,0,-19.987695630218493
WZL55743,0,-19.867281047512847
WZL55700,0,-19.909183612770065
WZL55697,0,-16.99085670418698
WZL55649,0,-20.298415076723757
WZL55637,0,-17.97136299840054
WZL55565,0,-19.956478329871985
WZL55546,0,-17.123520352110837
WZL55539,0,-17.123520352110837
WZL55524,0,-18.92244650552086
WZL55478,0,-15.894902877900353
WZL55455,0,-20.680550659908356
WZL55438,0,-16.58668869289653
WZL55414,0,-19.76163415051966
WZL55409,0,-19.987695630218493
WZL55354,0,-19.956478329871985
WZL55348,0,-21.23520999894832
WZL55333,0,-19.987695630218493
WZL55296,0,-20.694199156163062
WZL55279,0,-17.885799162244965
WZL55255,0,-19.051446993358514
WZL55236,0,-20.313052614201787
WZL55221,0,-20.694199156163062
WZL55199,0,-18.501261760804955
WZL55195,0,-20.421238629189332
WZL55171,0,-20.694199156163062
WZL55127,0,-16.990856704186985
WZL55117,0,-16.990516925783798
WZL55092,0,-16.990856704186985
WZL55076,0,-17.627003979669034
WZL55074,0,-19.608281347354833
WZL55056,0,-19.956478329871985
WZL55042,0,-20.694199156163062
WZL55038,0,-17.123520352110837
WYD67653,0,-20.694199156163062
XHH12998,0,-3.7305620927837158
XHH12986,0,-3.7305620927837158
XHH12984,0,-3.7305620927837158
XHH12962,0,-3.7305620927837158
XHH12960,0,-3.7305620927837158
XHH12948,0,-3.7305620927837158
XHH12936,0,-3.7305620927837158
XHH12888,0,-3.7305620927837158
XFD34493,0,-8.781692546358544
XFD34481,0,-8.496345878277324
XFD34469,0,-8.014615504021249
XFD34457,0,-8.014615504021249
XFD34397,0,-8.013885124793351
XFD34350,0,-10.125618045435598
XFD34222,0,-8.496345878277324
XFD34162,0,-8.014615504021249
XFD34126,0,-8.014615504021249
XFD33621,0,-8.794557022252892
XFD33597,0,-9.395634178973442
XFD33561,0,-8.496345878277324
XFD31757,0,-8.38418186256497
XFD31745,0,-11.600516293150555
XFD31733,0,-8.496345878277324
XFD31089,0,-8.276786063193704
XFD30993,0,-8.363771788568268
XFD30981,0,-9.246168937612184
XFD30969,0,-8.007984473931096
XFD30681,0,-8.38418186256497
XFD30669,0,-8.38418186256497
XFD29764,0,-6.769151596343333
XFD28025,0,-8.23415522411431
XFD28013,0,-8.23415522411431
XFD28001,0,-8.794557022252892
XFD27989,0,-8.496345878277324
XFD27977,0,-8.794557022252892
XFD27965,0,-6.634441110627933
XFD27919,0,-8.747441599889823
XFD27907,0,-9.53664092264192
XFD27787,0,-8.610650402866574
XFD26438,0,-13.454164304097436
XFD26402,0,-8.496345878277324
XFD26378,0,-8.496345878277324
XFD26138,0,-7.616259038096467
XFD26102,0,-8.496345878277324
XFD25802,0,-9.421433852299167
XFD25778,0,-9.333003057568188
XFD25767,0,-9.421433852299167
XFD25755,0,-7.479397067541447
XFD25743,0,-9.891260272066342
XFD25731,0,-7.031948868440288
XFD25719,0,-8.496345878277324
XFD25683,0,-6.733695872590449
XFD25659,0,-8.38418186256497
XFD25647,0,-6.634441110627933
XFD25306,0,-8.014615504021249
XFD25294,0,-9.013889922666111
XFD25195,0,-7.18057118878294
XFD24930,0,-7.6276391386874085
XFD24913,0,-9.554405731427709
XFD24903,0,-8.014615504021249
XFD24863,0,-7.031948868440288
XFD24771,0,-8.276786063193704
XFD24741,0,-8.207795973857623
XFA02388,0,-26.267464232605285
XFA02387,0,-4.339530129295019
XCV19028,0,-14.447465010907418
XCV19026,0,-13.314574369796288
XCV19019,0,-13.957027560044459
XCV19018,0,-13.439483847283629
XCV19015,0,-16.86156990014235
XCV19013,0,-11.836551359106405
XCV19012,0,-14.800656681113773
XCV19010,0,-14.702348840128035
XCV19008,0,-17.1750866120094
XCV19006,0,-17.262286254734434
XCV19005,0,-18.594664214426768
XCV18988,0,-18.50023235470951
XCV18980,0,-16.379034382432422
XCV18975,0,-15.336154726284143
XCV18965,0,-11.187006005899324
XCV18955,0,-15.336154726284143
XCV18950,0,-15.336154726284143
XCV18948,0,-14.668020128932639
XCV18945,0,-15.009850375230869
XCV18942,0,-10.224109719715727
XCV18940,0,-15.336154726284143
XCV18935,0,-13.700723341340339
XCV18924,0,-13.184336745629958
XCV18914,0,-15.372287890467232
XCV18909,0,-15.372287890467232
XCV18907,0,-15.372287890467232
XCV18888,0,-11.047315128779825
XCV18883,1,2.0161501582746464
XCV18859,0,-17.507569323330184
XCV18851,0,-4.0035869845901
XCV18849,0,-5.440540058366501
XCV18844,0,-5.112090623323203
XCV18828,0,-11.978882759961063
XCV18813,0,-15.07752955674113
XCV18803,0,-18.391236184702045
XCV18802,0,-3.8301697880347803
XCV18799,0,-16.90594872762869
XCV18796,0,-17.15525908637285
XCV18795,0,-13.758712744905433
XCV18794,0,-13.635817691726327
XCV18792,0,-13.635817691726327
XCV18789,0,-13.635817691726327
XCV18781,0,-13.274171858868424
XCV18780,0,-12.136623592391635
XCV18779,0,-13.274171858868424
XCV18775,0,-2.4001533289412222
XCV18774,0,-14.718554482232904
XCV18773,0,-15.028874760272103
XCV18771,0,-18.071021816251
XCV18751,0,-14.170124356186186
XCV18750,0,-13.558495357326533
XCV18746,0,-14.170124356186186
XCV18742,0,-17.59174479765111
XCV18734,0,-13.75948150249319
XCV18733,0,-6.857161548356114
XCV18732,0,-12.509193640087476
XCV18730,0,-14.170124356186186
XCV18722,0,-13.841305496268767
XCV18719,0,-9.978141935893401
XCV18717,0,-7.725395730509648
XCV18716,0,-10.903459407435502
XCV18715,0,-16.292439503442356
XCV18714,0,-7.725395730509648
XCV18713,0,-11.849488573283745
XCV18710,0,-14.117144531951851
XCV18702,0,-16.440818776122594
XCV18689,0,-15.689010753689104
XCV18687,1,3.1635191769445807
XCV18686,0,-29.332686303420772
XCV18682,0,-15.79712015321682
XCV18670,0,-12.18711749321604
XCV18625,0,-16.473240289857586
XCV18616,0,-17.780273996621887
XCV18611,0,-19.03983552211959
XCV18598,0,-14.89486723807841
XCV18597,0,-14.89486723807841
XCV18596,0,-14.89486723807841
XCV18590,0,-15.502006359576217
XCV18587,0,-18.150579394567174
XCV18534,0,-14.120552626892845
XCV18532,0,-12.656754385999147
XCV18526,0,-12.461425136488334
XCV18525,0,-13.447826858813054
XCV18524,0,-2.3324238594458553
XCV18523,0,-9.360610089214443
XCV18520,0,-9.521370082954746
XCV18519,0,-9.360610089214443
XCV18518,0,-9.521370082954746
XCV18517,0,-8.867501032595198
XCV18515,0,-9.521370082954746
XCV18513,0,-6.453239545410945
XCV18512,0,-5.2957226766828605
XCV18333,0,-5.085276394661143
XCV18331,0,-5.452314877887259
XCV18328,0,-10.997064901063563
XCV18326,0,-14.68161883970167
XCV18325,0,-7.664965676638069
XCV18324,0,-7.664965676638069
XCV18322,0,-14.68161883970167
XCV18305,0,-16.23806742069477
XCV18290,0,-12.467593470380182
XCV18289,0,-14.471695278719817
XCV18280,0,-9.10844318015123
XCV18278,0,-12.113045081746725
XCV18275,0,-11.576659073242237
XCV18274,0,-10.537321986472953
XCV18273,0,-8.334331186164382
XCV18256,0,-11.808097233872148
XCV18255,0,-16.21536070037182
XCV18247,0,-11.566599370709064
XCV18232,0,-10.497433698269678
XCV18225,0,-18.432033329835736
XCV18222,0,-18.81814012540255
XCV18219,0,-14.87034538339121
XCV18216,0,-14.990606601893598
XCV18208,0,-15.195041061762732
XCV18206,0,-16.6967927121514
XCV18205,0,-13.635817691726327
XCV18203,0,-15.391978340582611
XCV18198,0,-14.239367796083762
XCV18191,0,-14.239367796083762
XCV18189,0,-12.674301799352486
XCV18182,0,-15.391978340582611
XCV18180,0,-11.627831079283263
XCV18178,0,-15.578082869409506
XCV18177,0,-13.086238407467896
XCV18163,0,-13.24776326471395
XCV18158,0,-16.57380143861214
XCV18156,0,-12.803239758742883
XCV18155,0,-8.488752772408393
XCV18154,0,-10.441409605575338
XCV18138,0,-13.24059181672906
XCV18131,0,-16.045593663150335
XCV18130,0,-17.672983729521206
XCV18108,0,-4.7562503601006405
XCV18101,0,-20.773728303505635
XCV18092,0,-15.255428172957362
XCV18087,0,-10.928065605616704
XCV18085,0,-15.10614619365907
XCV18081,0,-15.10614619365907
XCV18080,0,-10.928065605616704
XCV18076,0,-13.19169097053498
XCV18054,0,-10.928065605616704
XCV18049,0,-17.25420067173653
XCV18048,0,-16.440818776122594
XCV18040,0,-16.440818776122594
XCV18035,0,-16.440818776122594
XCV18034,0,-16.440818776122594
XCV18032,0,-16.214921445165867
XCV18028,0,-15.00373238013372
XCV18020,0,-15.125495220999099
XCV18019,0,-16.752325453592633
XCV18018,0,-14.11263695495384
XCV18012,0,-12.790068714783224
XCV18009,1,3.9093679605635128
XCV18008,0,-15.776678519441132
XCV18007,1,3.9093679605635128
XCV18006,0,-15.453929047390252
XCV18000,0,-15.453929047390252
XCV17998,0,-5.488450149550953
XCV17996,0,-10.600674077348106
XCV17988,0,-24.142347046149077
XCV17975,0,-16.21536070037182
XCV17974,0,-14.118529587976191
XCV17962,0,-14.007770060438087
XCV17961,0,-4.171250497869671
XCV17954,0,-14.118529587976191
XCV17932,1,0.27190893306826247
XCV17930,0,-13.097254251435725
XCV17922,0,-11.047315128779825
XCV17916,0,-5.331439771848894
XCV17912,0,-12.30379665069459
XCV17898,0,-12.646327795393868
XCV17892,1,2.9932485057052407
XCV17888,0,-17.030824176524796
XCV17886,0,-15.044393101678065
XCV17870,0,-13.824999394898873
XCV17869,0,-15.271346037219084
XCV17866,0,-14.324393751718485
XCV17862,0,-12.26845969128663
XCV17860,0,-14.103651177892408
XCV17858,0,-14.04016370536429
XCV17855,0,-16.005601305430023
XCV17854,0,-16.005601305430023
XCV17852,1,3.1635191769445807
XCV17848,0,-11.720299430323253
XCV17837,0,-11.047315128779825
XCV17824,0,-13.131747662593424
XCV17823,0,-13.131747662593419
XCV17816,0,-17.939749167389827
XCV17813,0,-17.939749167389827
XCV17798,0,-16.031181223773864
XCV17797,0,-13.131747662593424
XCV17793,0,-14.504016989719158
XCV17787,0,-18.43099649915041
XCV17771,0,-12.559586502594533
XCV17770,0,-11.6028863421841
XCV17769,0,-12.559586502594533
XCV17768,0,-11.6028863421841
XCV17767,0,-11.474893465557287
XCV17731,0,-15.233536860270892
XCV17723,0,-15.027701361314076
XCV17721,0,-15.027701361314076
XCV17715,0,-15.547759775641751
XCV17714,0,-17.42576602581239
XCV17712,0,-15.547759775641751
XCV17711,0,-17.42576602581239
XCV17700,0,-18.33737753259196
XCV17698,0,-19.21567687050281
XCV17695,0,-23.10537902312125
XCV17689,0,-23.10537902312125
XCV17688,0,-24.739510427450334
XCV17687,0,-18.33737753259196
XCV17684,0,-14.214750472004816
XCV17676,0,-11.034034829092008
XCV17675,0,-11.034034829092008
XCV17673,0,-16.4717991057137
XCV17672,0,-16.767085574464453
XCV17671,0,-16.4717991057137
XCV17670,0,-16.4717991057137
XCV17669,0,-13.908441167379127
XCV17663,0,-14.02348166409207
XCV17662,0,-14.02348166409207
XCV17661,0,-14.02348166409207
XCV17655,0,-13.92773308118556
XCV17654,0,-14.02348166409207
XCV17653,0,-12.321443294355191
XCV17648,0,-11.84574832578664
XCV17647,0,-11.84574832578664
XCV17646,0,-11.84574832578664
XCV17645,0,-11.84574832578664
XCV17640,0,-12.321443294355191
XCV17634,0,-14.02348166409207
XCV17633,0,-15.366429040905672
XCV17627,0,-8.403438382143044
XCV17619,0,-19.46872390186395
XCV17617,0,-12.980691507013644
XCV17614,0,-12.980691507013644
XCV17613,0,-13.469532892735382
XCV17611,0,-13.860398608577126
XCV17607,0,-19.46872390186395
XCV17606,0,-19.46872390186395
XCV17603,0,-13.469532892735382
XCV17601,0,-15.366429040905672
XCV17600,0,-15.366429040905672
XCV17599,0,-9.900335889150933
XCV17597,0,-12.31039281750662
XCV17596,0,-9.900335889150933
XCV17592,0,-17.742896636840307
XCV17589,0,-8.403438382143044
XCV17585,0,-7.408151345860977
XCV17584,0,-7.100465415158203
XCV17561,0,-12.893087070358211
XCV17547,0,-13.943619145674795
XCV17546,0,-13.943619145674795
XCV17544,0,-13.608752169453098
QDH11968,0,-21.853069935470344
XAV35109,0,-10.15624045484956
WZL52037,0,-9.421433852299167
WZL52025,0,-9.421433852299167
WZL52015,0,-9.421433852299167
WZL52003,0,-9.421433852299167
WZL51991,0,-9.421433852299167
WZL51979,0,-9.367316047310222
WZL51967,0,-9.421433852299167
WZL51943,0,-8.496345878277324
WZL51787,0,-8.38418186256497
WZL51775,0,-8.38418186256497
WZL51763,0,-8.38418186256497
WZL51751,0,-7.350852316740427
WZL51739,0,-9.199681775416021
WZL51727,0,-7.791880977805471
WZL51703,0,-8.496345878277324
WZL51691,0,-8.496345878277324
WZL51679,0,-8.496345878277324
WZL51655,0,-8.496345878277324
WZL51643,0,-8.496345878277324
WZL51631,0,-8.496345878277324
WZL51619,0,-8.014615504021249
WZL51607,0,-8.014615504021249
WZL51595,0,-6.256666184048765
WZL51583,0,-8.014615504021249
WZL51571,0,-8.014615504021249
WZL51559,0,-8.014615504021249
WZL51547,0,-8.014615504021249
WZL51415,0,-12.050758960053296
WZL51403,0,-8.754086234493881
WZL51391,0,-8.496345878277324
WZL51307,0,-7.922439833726642
WZL51295,0,-7.922439833726642
WZL51283,0,-8.069729884026163
WZL51271,0,-8.069729884026163
WZL51259,0,-7.573015696698661
WZL51235,0,-9.412542934940706
WZL51223,0,-6.462811636945368
WZL51211,0,-6.462811636945368
WZL51199,0,-7.661597258311149
WZL51188,0,-7.661597258311149
WZL51129,0,-9.143491382860816
WZL51105,0,-9.143491382860816
WZL51093,0,-9.143491382860816
WZL51081,0,-9.143491382860816
WZL51057,0,-9.143491382860816
WZL51047,0,-9.143491382860816
WZL51035,0,-9.143491382860816
WZL50999,0,-8.794557022252892
WZL50975,0,-8.014615504021249
WZL50963,0,-8.496345878277324
WZL50820,0,-6.912973218392049
WZL50689,0,-8.496345878277324
WZL50665,0,-8.179675020807622
WZL50653,0,-8.179675020807622
WZL50617,0,-8.179675020807622
WZL50605,0,-9.042747676984634
WZL50593,0,-8.772224626589686
WZL50473,0,-11.278176902761274
WZL50461,0,-11.278176902761274
WZL50449,0,-9.464171921044718
WZL50437,0,-9.464171921044718
WZL50413,0,-11.278176902761274
WZL50401,0,-7.339010077830418
WZL50069,0,-9.938406775684623
WZL50057,0,-8.772224626589686
WZL50045,0,-8.772224626589686
WZL49901,0,-6.634441110627933
WZL49889,0,-6.634441110627933
WZL49877,0,-10.303236352050131
WZL49865,0,-8.863073989800041
WZL49853,0,-8.863073989800041
WZL49829,0,-8.502584683926385
WZL49817,0,-9.20402157675932
WZL49781,0,-9.623606505519513
WZL49769,0,-7.145071752766077
WZL49757,0,-6.015869993865524
WZL49745,0,-8.496345878277324
WZL49733,0,-8.496345878277324
WZL49709,0,-11.600516293150555
WZL49697,0,-11.600516293150555
WZL49685,0,-11.600516293150555
WZL49510,0,-7.597476712503914
WZL49498,0,-11.323837440979489
WZL49486,0,-11.323837440979489
WZL49474,0,-9.421433852299167
WZL49368,0,-9.411501003158314
WZL49344,0,-8.58040521320235
WZL49332,0,-8.58040521320235
WZL49308,0,-9.421433852299167
WZL49116,0,-7.94059122973885
WZL49092,0,-8.496345878277324
WZL49080,0,-8.496345878277324
WZL49068,0,-7.4319834877993625
WZL49032,0,-8.502584683926385
WZL49020,0,-9.072493419094
WZL49008,0,-6.496299959576977
WZL48997,0,-6.634441110627933
WZL48973,0,-10.771104546997151
WZL48961,0,-10.771104546997151
WZL48937,0,-10.771104546997151
WZL48925,0,-8.077153496771
WZL48901,0,-8.496345878277324
WZL48663,0,-6.874749620607245
WZL48591,0,-9.108431911908326
WZL48555,0,-9.115199278661942
WZL48543,0,-9.115199278661942
WZL48461,0,-8.276786063193704
WZL48449,0,-8.276786063193704
WZL48425,0,-9.19675597013494
WZL48212,0,-7.2044919782496635
WZL48200,0,-8.363771788568268
WZL48188,0,-6.290377920286173
WZL48176,0,-9.246168937612184
WZL48152,0,-8.794557022252892
WZL48128,0,-9.246168937612184
WZL48116,0,-9.87625346344442
WZL48056,0,-8.90162072366764
WZL48044,0,-8.90162072366764
WZL48020,0,-8.496345878277324
WZL48008,0,-8.496345878277324
WZL47948,0,-9.421433852299167
WZL47936,0,-8.38418186256497
WZL47924,0,-9.421433852299167
WZL47900,0,-8.38418186256497
WZL47888,0,-8.496345878277324
WZL47876,0,-8.38418186256497
WZL47852,0,-8.38418186256497
WZL47840,0,-8.38418186256497
WZL47828,0,-8.38418186256497
WZL47816,0,-8.014615504021249
WZL47600,0,-11.357310986850726
WZL47576,0,-8.993689916004675
WZL47052,0,-8.38418186256497
WZL47004,0,-6.634441110627933
WZL46980,0,-8.772224626589686
WZL46956,0,-6.256666184048765
WZL46944,0,-7.918855521711929
WZL46754,0,-6.716256553799068
WZL46743,0,-6.716256553799068
WZL46721,0,-8.610650402866574
WZL46710,0,-6.716256553799068
WZL46687,0,-8.200240865430674
WZL46675,0,-8.200240865430674
WZL46651,0,-9.116666533417833
WZL46639,0,-10.238779009822768
WZL46603,0,-9.116666533417833
WZL46591,0,-11.357310986850726
WZL46473,0,-8.001786665382726
WZL46449,0,-9.421433852299167
WZL46403,0,-8.869679869753195
WZL46367,0,-7.339010077830418
WZL46355,0,-7.339010077830418
WZL46343,0,-7.339010077830418
WZL46237,0,-8.496345878277324
WZL46225,0,-8.496345878277324
WZL46201,0,-8.496345878277324
WZL46177,0,-8.496345878277324
WZL46165,0,-8.496345878277324
WZL46021,0,-8.017689041514693
WZL45961,0,-9.311567836387178
WZL45949,0,-9.311567836387178
WZL45937,0,-8.496345878277324
WZL45925,0,-8.496345878277324
WZL45913,0,-8.496345878277324
WZL45901,0,-8.496345878277324
WZL45889,0,-9.311567836387178
WZL45679,0,-7.203368216308384
WZL45667,0,-8.794557022252892
WZL45499,0,-8.672533566331165
WZL45427,0,-8.017689041514693
WZL45415,0,-8.017689041514693
WZL45379,0,-9.714648006219505
WZL45355,0,-8.017689041514693
WZL45343,0,-8.017689041514693
WZL45163,0,-8.496345878277324
WZL45151,0,-8.896824708410547
WZL45139,0,-8.896824708410547
WZL45127,0,-8.896824708410547
WZL45115,0,-7.893609188384149
WZL45103,0,-7.772928467803418
WZL45091,0,-7.772928467803418
WZL45079,0,-8.496345878277324
WZL44911,0,-7.6276391386874085
WZL44888,0,-9.015512975274998
WZL44876,0,-8.23415522411431
WZL44864,0,-8.350595763351292
WZL44852,0,-8.23415522411431
WZL44840,0,-10.238572677505681
WZL44804,0,-8.794557022252892
WZL44792,0,-8.623237039701799
WZL44626,0,-9.10815952830718
WZL44602,0,-8.764273038571645
WZL44578,0,-9.53664092264192
WZL44542,0,-9.53664092264192
WZL44530,0,-9.53664092264192
WZL44518,0,-7.94815619809786
WZL44411,0,-8.765662547797055
WZL44400,0,-8.496345878277324
WZL44388,0,-8.496345878277324
WZL44376,0,-8.496345878277324
WZL44364,0,-8.610650402866574
WZL44283,0,-8.610650402866574
WZL44272,0,-8.610650402866574
WZL44249,0,-8.38418186256497
WZL44237,0,-7.628150447579882
WZL44226,0,-7.628150447579882
WZL44215,0,-8.30108803011047
WZL44204,0,-8.496345878277324
WZL44192,0,-8.496345878277324
WZL44168,0,-6.241983545826707
WZL44099,0,-9.36748778749647
WZL44063,0,-8.496345878277324
WZL44051,0,-8.496345878277324
WZL44015,0,-8.496345878277324
WZL44003,0,-8.496345878277324
WZL43991,0,-7.803642146710868
WZL43979,0,-7.803642146710866
WZL43967,0,-9.421433852299167
WZL43955,0,-8.982698848178085
WZL43943,0,-8.982698848178085
WZL43919,0,-9.623606505519513
WZL43907,0,-9.623606505519513
WZL43895,0,-8.496345878277324
WZL43883,0,-8.496345878277324
WZL43871,0,-8.496345878277324
WZL43861,0,-8.496345878277324
WZL43849,0,-8.496345878277324
WZL43837,0,-8.496345878277324
WZL43825,0,-9.623606505519513
WZL43637,0,-9.395634178973442
WZL43613,0,-9.421433852299167
WZL43601,0,-9.421433852299167
WZL43577,0,-8.496345878277324
WZL43565,0,-8.496345878277324
WZL43410,0,-7.616259038096467
WZL43374,0,-8.496345878277324
WZL43362,0,-8.496345878277324
WZL43254,0,-8.014615504021249
WZL43230,0,-9.421433852299167
WZL43195,0,-9.421433852299167
WZL43183,0,-7.479397067541447
WZL43159,0,-9.891260272066342
WZL43147,0,-7.031948868440288
WZL43135,0,-8.496345878277324
WZL43099,0,-11.600516293150555
WZL43087,0,-8.794557022252892
WZL42943,0,-8.38418186256497
WZL42931,0,-8.496345878277324
WZL42883,0,-8.38418186256497
WZL42703,0,-8.014615504021249
WZL42621,0,-8.496345878277324
WZL42526,0,-11.600516293150555
WZL42496,0,-9.159022763067199
WZL42308,0,-8.496345878277324
WZL42239,0,-8.496345878277324
WZL42230,0,-8.982698848178085
WZL42193,0,-9.159022763067199
WZL42152,0,-8.496345878277324
WZL42069,0,-8.207795973857623
WZL42050,0,-9.623606505519513
WZL42018,0,-7.661597258311149
WZL42008,0,-8.153956100651044
QPZ33437,0,-16.994566736489897
QPZ33477,0,-24.14359027393443
QPZ33449,0,-16.994566736489897
QPZ33425,0,-22.999434439309567
QIB02472,0,-23.231499263945658
QIB02343,0,-24.621430777270383
QIB02326,0,-22.20200738498671
WPF72611,0,-3.68145746164768
WPF72599,0,-3.68145746164768
WPF72587,0,-4.88433595970956
WOA06558,0,-6.385608221935025
WOA06557,0,-6.385608221935025
WOA06556,0,-6.385608221935025
WOA06555,0,-6.408368227257421
WOA06553,0,-6.912973218392049
WOA06552,0,-9.93635962733347
WOA06551,0,-10.551928339793525
WOA06550,0,-8.749621104857795
WOA06549,0,-6.3830185231720025
WOA06541,0,-7.003276214404889
WOA06540,0,-7.003276214404889
WOA06539,0,-7.78841664820536
WOA06538,1,3.070300964287176
WOA06537,1,3.070300964287176
WOA06536,0,-4.509134964435331
WIW77987,0,-7.919518996510713
WIW77975,0,-7.919518996510713
WIW77963,0,-7.919518996510713
WIW77951,0,-5.865348464753867
WIW77939,0,-7.919518996510713
WIW77927,0,-8.613723795469866
WIW77680,0,-7.919518996510713
WIW77668,0,-7.919518996510713
WIW77656,0,-7.919518996510713
WIW77644,0,-8.841735428077044
WIW77620,0,-7.919518996510713
WIW77608,0,-8.613723795469866
WIW77596,0,-7.919518996510713
WIW77572,0,-7.1448373446273825
WIW77206,0,-9.607206009397373
WIW77194,0,-7.919518996510713
WIW77182,0,-7.899731428198891
WIW77170,0,-7.919518996510713
WIW77158,0,-9.27902944769985
WIW77146,0,-8.613723795469866
WIW77134,0,-8.613723795469866
WIW77110,0,-7.919518996510713
WIW77098,0,-8.613723795469866
WIW77074,0,-7.919518996510713
WIW77062,0,-7.919518996510713
WIW72829,0,-8.613723795469866
WIW72817,0,-7.919518996510713
WIW72805,0,-7.919518996510713
WIW72793,0,-5.865348464753867
WIW72764,0,-14.047663680030862
WIW72752,0,-7.919518996510713
WIW72740,0,-7.919518996510713
WIW72318,0,-8.909103150269672
WIW72306,0,-5.866957023914747
WIW72294,0,-8.472548788778704
WHO46301,0,-5.990396554147015
WHO46272,0,-8.513864166815624
WHO46240,0,-4.91708496542541
WHL55455,0,-23.949438143887853
WFH86261,0,-13.515192886621563
WFH86249,0,-14.1269239033555
WFH86226,0,-14.039657684457982
WFH86167,0,-8.55601144617571
WFH86155,0,-14.039657684457982
WFH86143,0,-14.039657684457982
WFH86109,0,-6.408368227257421
WFH86085,0,-6.960050242249877
WFH86061,0,-5.362813360967685
WFH86038,0,-15.007158121987633
WFH86026,0,-13.60666363834962
WFH86014,0,-14.039657684457982
WFH86002,0,-6.408368227257421
WFH85990,0,-13.610925584822763
WFH85978,0,-14.039657684457982
WFH85943,0,-7.281563288146148
WFH85909,0,-8.678727428611273
WFH85886,0,-14.039657684457982
WFH85840,0,-6.960050242249877
WFH85817,0,-6.960050242249877
WFH85793,0,-6.408368227257421
WFH85770,0,-7.036206703425546
WFH85758,0,-6.960050242249877
WFH85746,0,-6.960050242249877
WFH85734,0,-6.960050242249877
WFH85722,0,-6.689520420815487
WFH85576,0,-6.960050242249877
WFH85564,0,-6.472639874215555
WFH85552,0,-6.960050242249877
WFH85540,0,-6.960050242249877
WFH85516,0,-6.960050242249877
WFH85444,0,-9.665076168435252
WFH85442,0,-6.149148524373079
WFH85441,0,-7.303513847467804
WFH85439,0,-6.85354270504963
WFH85361,0,-6.85354270504963
WFH85358,0,-5.935205733818884
WFH85312,0,-9.87123262818529
WFH85276,0,-5.01206392065775
WFH85275,0,-5.433825514801267
WFH85274,0,-5.433825514801267
WFH85185,0,-6.960050242249877
WFH85184,0,-5.855109813387971
WFH85183,0,-6.912973218392049
WFH85043,0,-6.912973218392049
WFH85042,0,-7.056526539867094
WFH85041,0,-6.241983545826707
WFH85040,0,-14.039657684457982
WFH85037,0,-5.596893361107451
WFH85036,0,-9.144382970663196
WES82532,0,-6.015869993865524
WES75242,0,-7.174325813745758
WCR54599,0,-22.76608968202372
WCR54589,0,-25.232421327323337
WCR54593,0,-25.232421327323337
WCF71433,0,-15.502006359576217
WCF71421,1,1.4976015585270321
WCF71409,0,-3.9051304987513955
WCF71387,1,0.5040815375927323
WCF71375,0,-2.705671086149531
WCF71363,0,-13.184336745629958
WCF71352,0,-5.889053098146533
WCF71340,0,-14.634763146586101
WCF71318,1,3.1635191769445807
WCF71306,0,-3.1252281086426077
WCF71330,1,-0.3054298356733849
WCF71295,0,-5.762449340122294
WCF71283,0,-8.54717153682055
WCF71248,0,-4.355449518204978
WCF71224,0,-14.47844671923691
WCF71236,0,-15.476792782492252
WCF71212,0,-14.634763146586101
WCF71200,0,-14.896323286857065
WCF71190,0,-11.803999796670563
WCF71160,0,-3.0911891600129167
WCF71138,0,-6.871690477817817
WCF71126,0,-4.021712804377431
WCF71114,0,-17.780981916449747
WCF71080,0,-14.634763146586101
WCF71070,0,-13.184336745629958
WCF71046,0,-6.021179478294312
WCF71034,1,3.1635191769445807
WCF71022,0,-13.397050938435891
WCF71010,0,-9.225600872870402
WCF70998,1,1.9038494589668584
WCF70976,0,-13.184336745629958
WCF70965,0,-3.2235779033492964
WCF70953,0,-13.824821452466747
WCF70917,0,-13.397050938435891
WCF70941,0,-13.74718514013499
WCF70929,0,-14.619572399239754
UKH70659,0,-24.358980965940365
UKH70635,0,-23.8687272706267
UKH70623,0,-20.856540698482412
UKH70611,0,-25.83480370114177
WBS97801,0,-6.58078320611483
WBS97799,0,-6.269028559651778
WBS97792,0,-5.330049453145145
WBS97790,0,-8.963702016533967
WBS97788,0,-7.140955737224355
WBS97787,0,-6.068163802051702
WBS97783,0,-5.330049453145145
WBS97782,0,-10.242756897570427
WBS97781,0,-8.415156459368157
WBS97780,0,-7.8140336585845755
WBR47351,0,-3.187267553728516
WBR47331,0,-8.227450991586402
WBR44974,0,-5.873254659411763
QTC20725,0,-28.868710007575476
UZO45473,0,-14.215538799850373
UZO45325,0,-14.686735082578107
UZO40557,0,-7.362579746051824
UZO39213,0,-15.190973918331949
UZO36526,0,-6.112748717199398
UZH94884,0,-20.40187109559009
UZH94862,0,-22.76608968202372
UZH94840,0,-24.77187511718138
UZH94785,0,-24.77187511718138
UYR15249,0,-19.956478329871985
UYR10301,0,-23.976993675106172
UYR10252,0,-21.090405047240726
UYL65108,0,-6.112748717199398
UYL16211,0,-15.190973918331949
QGI57457,0,-21.34838698229398
ADD97077,0,-20.649492929979093
UVV50350,0,-50.116134242290876
UVV50339,0,-32.510867273050444
UVV50329,0,-54.16007848257572
UVV50317,0,-42.485974169123374
UVV50294,0,-22.927458578429903
UVV50282,0,-12.807335456861308
USO97049,0,-7.2054193691453525
USO97036,0,-7.458092968964728
UNA44800,0,-19.633291817425913
UNA44822,0,-19.41376345990556
UNA44810,0,-18.38861426354476
UNA44546,0,-18.38861426354476
ALP01956,0,-10.77060085023677
ALJ54619,0,-21.059986299531936
QVE64429,0,-21.622987142621398
QPP47266,0,-5.752141863824471
QPP47265,0,-4.7562503601006405
QPP47262,0,-5.752141863824471
QPP47260,0,-4.81380937494545
QPP47252,0,-5.375489568690016
QPP47251,0,-4.504375371494929
QHF16222,0,-5.388859991838164
QHF16217,0,-4.062345985999313
QHF16212,0,-5.440540058366501
QHF16210,0,-5.804048254731074
QHF16205,0,-5.611332714973507
QHF16201,0,-4.859523319326096
QHF16200,0,0.0713808748837188
QHF16196,0,-1.76028590084176
QHF16190,0,-3.968771623789241
QHF16187,0,0.8136487593024295
AXO64577,0,-24.67162285982415
AXO64553,0,-24.67162285982415
AXO64488,0,-24.67162285982415
AXO64401,0,-24.67162285982415
AXO64314,0,-24.67162285982415
AXO64246,0,-18.915250963040286
AXO64122,0,-24.67162285982415
AXO64104,0,-24.67162285982415
AWZ61415,0,-20.44398148642319
AWZ61402,0,-20.322777046406067
AWZ61148,0,-20.44398148642319
AYD37923,0,-27.6637341196816
AXO64330,0,-20.44398148642319
QNI23603,0,-23.157955833677818
AYD37800,0,-27.6637341196816
AYA78737,0,-17.318972956458424
QKS74710,0,-21.550847809786323
QKS74657,0,-20.661254049053237
QKS74630,0,-22.408472002784727
QKS74545,0,-20.674947290346402
QIV19651,0,-6.478594795926052
QIQ46003,0,-8.502946956754368
QIJ25983,0,-2.2854809538130976
QIA55118,0,-8.502946956754368
QHW14782,0,-10.514758742909127
QGQ58784,0,-9.752726867286654
QGQ58191,0,-2.935279985860978
QGQ58177,0,-7.503137135186855
QDX47307,0,-12.806597035076965
QDX47306,0,-22.38827776004853
ASJ81359,0,-17.421017740741597
ASJ81358,0,-43.90145994982645
ASJ80989,0,-17.421017740741597
ASJ80988,0,-36.574348722277755
QEI01938,0,-2.935279985860978
BBM96444,0,-21.8380042426286
BBM96487,0,-15.074445594607436
BBM96476,0,-24.58044588001696
BBM96422,0,-14.551420776749683
BBM96411,0,-21.825069978918965
QDX11291,1,3.1635191769445807
QDQ43496,0,-7.877298737113329
QCW12961,1,1.4222931609217717
QCR64923,0,-18.17692550234343
AVZ24024,1,3.417668105368781
AVZ24023,1,0.4522186034069744
AVZ24020,0,-1.0617614532834754
AVZ24019,0,-1.8552265761392732
AVZ24018,1,-2.262346519932983
AVZ24017,1,5.228603641656138
AVZ24014,0,-5.828756841212206
AVZ24013,0,-5.762449340122294
AVZ24012,1,3.417668105368781
AVZ24010,0,-6.72101178465979
AVZ23185,1,2.973014429901829
AVZ23184,1,2.973014429901829
AVZ23183,1,1.7107194301155761
AVZ23182,1,3.5679538217190707
AVZ23181,1,1.1233815456926077
AVZ23180,1,3.4363390520198482
AVZ23179,1,1.941554617665087
AVZ23178,0,-3.996907946884635
AVZ23177,0,-7.078676561353653
AVZ23176,0,-3.3671696972512297
AVZ23175,0,-21.35761019513184
AVZ23174,0,-5.250664422576426
AVZ23173,1,0.18488074463957282
AVZ00484,1,3.206538040174509
AVZ00483,1,1.6009529322581457
AVZ00482,1,2.6908984266445035
AVZ00481,0,-5.8500651132211345
AVZ00480,0,-5.762449340122294
QCD37444,0,-7.466456826173716
QCD37281,0,-7.722239823233673
QBS20860,1,3.1635191769445807
QBS20521,0,-7.1117984309546625
QBS20503,1,3.6122670698146724
QBP38183,1,3.1635191769445807
QBL91215,1,3.1635191769445807
QBL91210,0,-2.311506490677308
QBJ05984,0,-7.986103646305902
QBJ05983,0,-2.5749709832047554
QBK12117,0,-7.66017168819773
QBK12116,0,-5.616057301280424
QBK12115,0,-2.2950369681939318
QBK12114,0,-7.66017168819773
QBJ05996,0,-2.2950369681939318
QBJ05995,0,-6.831082813767882
QBJ05994,0,-7.66017168819773
QBJ05993,0,-7.787354306717278
QBJ05992,0,-2.845504166569647
QBJ05991,0,-7.130615901850594
QBJ05990,0,-9.342144355391433
QBJ05989,0,-5.616057301280424
QBJ05988,0,-9.077219304463814
QBJ05987,0,-2.6318870646298844
QBJ05986,0,-2.2950369681939318
AZS63843,1,3.776300793800699
AZQ08976,0,-14.73162440078411
AYM50085,1,3.1322128205890376
AYM50065,1,1.1208580314645573
AXO64599,0,-22.512036774811257
AXO64535,0,-17.148963524855105
AXL27689,1,2.547544612676541
AXF92812,1,2.6453557347308543
AWZ62216,0,-23.241199139728497
AWZ61655,0,-17.903982753697278
AWZ61334,0,-27.6637341196816
AWZ61044,0,-23.39110791591773
AWT24840,0,-6.93590514808245
AWT24838,1,3.9211096645882204
AWT24837,0,-4.149253325211427
AWT24836,0,-5.680078287885626
AWT24833,0,-5.680078287885626
AWT24832,1,3.3354760460136728
AWT24831,0,-5.835532460264437
AWT24830,0,-5.680078287885626
AWT24829,0,-5.680078287885626
AWT24828,1,3.3354760460136728
AWT24827,1,3.3354760460136728
AWT24826,0,-5.680078287885626
AWT24825,1,3.4593901721993863
AWT24822,1,3.3354760460136728
AWT24820,1,3.3354760460136728
AWT24819,0,-5.680078287885626
AWT24818,0,-1.0986605433977434
AWT24817,0,-1.0986605433977434
AWT24816,1,1.595344544346963
AWT24815,0,-5.680078287885626
AWT24814,0,-4.916245902377128
AWT24811,0,-4.149253325211427
AWT24809,0,-5.680078287885626
AWT24808,0,-5.680078287885626
AWT24807,0,-4.149253325211427
AWT24806,0,-5.680078287885626
AWT24805,1,3.3354760460136728
AWT24803,0,-5.680078287885626
AWT24802,1,3.3354760460136728
AWT24801,0,-5.680078287885626
AWT24800,0,-7.335262223782563
AWT24799,0,-5.835532460264437
AWT24796,1,3.3354760460136728
AWT24795,1,2.297703663369079
AWT24794,1,3.6781448903928915
AWT24791,1,3.3354760460136728
AWT24789,1,3.3354760460136728
AWT24787,0,-5.680078287885626
AWT24785,0,-1.0986605433977434
AWT24783,0,-5.680078287885626
AWT24782,0,-5.680078287885626
AWT24781,1,3.3354760460136728
AWT24780,0,-4.149253325211427
AWT24779,1,3.3354760460136728
AWT24777,1,3.270303786057708
AWI45959,1,0.9653046691333369
AWI45948,1,2.6453557347308543
AWI45921,1,2.6453557347308543
AWI45903,0,-1.3884345181123283
AWI45895,1,0.7370406938148459
AWI45878,1,3.9829247960150216
AWI45838,1,2.6453557347308543
AVV62424,0,-13.74764858535589
AVK88342,0,-12.716301888478013
ATQ63178,0,-16.087382809412112
AMX73557,0,-35.539480312359885
AMX72990,0,-40.07991910822916
AMX72989,0,-16.847923770433688
AMX46385,0,-16.5549720346875
AMX46346,0,-40.07991910822916
AMX46345,0,-16.847923770433688
AMX28524,0,-35.456805650749494
AMX28472,0,-15.574469318944164
AMX28401,0,-40.07991910822916
AMX28387,0,-43.533190210251234
AMX28374,0,-35.97258413846542
AMX28373,0,-17.09947487902773
AMX28361,0,-39.51097318973303
AMX28360,0,-18.61686507851094
AMQ30931,0,-7.1824748523780535
AMQ30930,0,-35.476409979004636
AMQ30929,0,-16.824705768306007
AMQ26041,0,-41.826930129408645
AMQ26040,0,-19.735059361344774
ALZ47802,0,-19.092310695248223
ALZ47801,0,-34.26374124732478
ALZ47664,0,-35.71167296228771
ALZ47663,0,-20.750406234461224
ALZ46734,0,-20.750406234461224
ALZ46733,0,-27.013831106138447
ALZ46699,0,-24.029358364086843
ALZ46698,0,-20.200456070762918
ALV71379,0,-22.074776852676315
AID07388,0,-42.10414004265535
AID07387,0,-15.657167911284862
AHZ37650,0,-24.105575046012547
AHZ37649,0,-45.882962152076324
AHL82676,0,-34.61518382026796
AHL79472,0,-21.42238428284946
AHL78591,0,-43.79790748451458
AHL78590,0,-24.299237613456818
AGL59938,0,-35.10946880304558
AGL56243,0,-18.00557629842458
AGL52668,0,-51.41433687278142
AGL52650,0,-18.678213209706726
AGL52402,0,-19.150960184954698
AGK42455,0,-19.90517049240218
AGK42454,0,-22.89383399100178
AGK42374,0,-33.02944806219853
AGK42373,0,-15.912051027968415
AGK41920,0,-29.634159225721625
AGK41795,0,-29.634159225721625
AGK41609,0,-16.854460826065278
AGK41472,0,-8.583437253827107
AGG83907,0,-43.83452399514519
AGG83595,0,-36.53574907768965
AGG83335,0,-17.7112451576992
AGG83334,0,-36.53574907768965
AGG83197,0,-43.00632091537451
AGG83196,0,-17.7112451576992
AGG81961,0,-44.42782558596532
AGG81960,0,-20.9662192960483
AGG27129,0,-7.347934372018438
AGG27128,0,-16.2984422268909
AGG26638,0,-43.78213783352305
AGG26637,0,-17.843093921202648
AGG26501,0,-38.22076430902748
AGG26136,0,-34.16939303724114
AGG26135,0,-21.022880343128016
AGG23670,0,-17.99299763836605
AGG23643,0,-33.710026361638185
AGE09042,0,-17.57258574654253
AGE08110,0,-17.93337822954394
AGE03121,0,-45.38169690345732
AGE03120,0,-23.91392839023206
AGE00445,0,-17.521132010151483
AGE00444,0,-34.873117686585424
AGC73498,0,-35.10946880304558
AFY05902,0,-41.399586088791686
AFY05795,0,-41.58212258728686
AFP20954,0,-22.572353232609732
AFP20926,0,-22.572353232609732
AFP20925,0,-41.58212258728686
AFG72317,0,-7.649541151024709
AFG72316,0,-14.544531285488906
AET79367,0,-42.61840983027559
AET79366,0,-16.495081045352347
AET78076,0,-34.80305125454852
AET78075,0,-18.518271433533144
AET78039,0,-18.518271433533144
AET77991,0,-45.73390356647296
AET77990,0,-18.609807017875372
AET77944,0,-16.456925323336776
AET77827,0,-16.456925323336776
AET77826,0,-32.00929851555855
AET77804,0,-16.456925323336776
AET77803,0,-32.75872763761773
AET77700,0,-38.320163728467016
AET77549,0,-36.17422750134563
AET77548,0,-16.58991931318344
AET76803,0,-51.80451325067847
AET75367,0,-19.02749307725454
AET74857,0,-17.991571242275448
AET74706,0,-18.518271433533144
AET74688,0,-35.456805650749494
AET74687,0,-16.456925323336776
AET74519,0,-40.14910597884718
AEO91690,0,-10.792186992968434
AEO91689,0,-3.9271852443339146
ATQ63177,0,-12.564868801383161
ATE49491,0,-19.307250231048798
ATE49388,0,-19.307250231048798
ATE48871,0,-2.6056422844907257
ATE48859,0,-19.307250231048798
APB91288,0,-8.86313741125456
APB91038,0,-3.869315171137952
APB91017,1,-0.8962018958810543
APB91003,1,-0.2913010207904261
APB90991,0,-2.590745079991178
APB90867,0,-2.6463069836404483
APB90696,0,-8.32931791034482
APB90521,0,-7.203554863116448
APB90381,1,-2.9456108108410977
APB90374,0,-3.123932592703861
APB90168,0,-3.426341322840342
APB89984,0,-3.123932592703861
APB89877,0,-7.412163781301216
APB89858,0,-4.775643988965506
APB89776,0,-3.123932592703861
APB89758,0,-8.08725632032837
APB89747,0,-3.123932592703861
APB89732,0,-4.182530896416095
APB89616,0,-2.47865754482679
APB89573,0,-2.5369954985579266
APB89521,0,-3.743490139376574
APB89511,0,-4.323282675153955
APB89487,1,0.985067401428724
APB89442,0,-4.40738859825437
APB89305,0,-3.085030798555122
APB89304,0,-9.062096939144677
APB89247,0,-2.025122083377566
APB89215,0,-3.123932592703861
AOZ85491,1,0.4711219009623502
AOZ85465,0,-4.89769693989539
AOZ85454,0,-3.83265366408218
AIU46948,0,-3.168379836595287
AIU46946,0,-2.395974235438471
AIU46945,0,-3.123932592703861
AIU46944,0,-3.123932592703861
AIU46943,0,-8.623331403404904
AIU46942,0,-3.123932592703861
AIU46939,0,-10.990386478494003
AIU46938,0,-1.8723678057720647
AIU46937,0,-1.7190748746340763
AIU46936,0,-7.107113101825947
AIU46935,0,-3.123932592703861
AIU46934,0,-5.5755611836863
AIU46932,0,-3.123932592703861
AIU46929,0,-7.01521307932472
AIU46928,0,-3.6401051557466033
AIU46927,0,-3.123932592703861
AIU46926,0,-3.6401051557466033
AIU46923,0,-5.5755611836863
AIU46922,0,-6.2736942179265345
AIU46921,0,-3.2916798012045465
AIU46920,0,-5.5755611836863
AIU46919,0,-5.5755611836863
AIU46917,0,-3.6401051557466033
AIU46916,0,-3.6401051557466033
AIU46915,0,-5.014734479299678
AIU46914,0,-3.123932592703861
AIU46913,0,-3.6401051557466033
AIU46912,0,-6.2736942179265345
AIU46911,0,-3.123932592703861
AIU46910,0,-2.9777713373904184
AIU46909,0,-5.425904775763497
AIU46908,0,-3.123932592703861
AIU46905,0,-2.2025602833596256
AIU46904,0,-3.6401051557466033
AIU46903,0,-5.014734479299678
AIU46902,0,-3.6401051557466033
AIU46900,0,-3.123932592703861
AIU46899,0,-3.123932592703861
AIU46896,0,-5.436368216610701
AIU46895,0,-3.123932592703861
AIU46893,0,-3.123932592703861
AIU46892,0,-4.397980977890914
AIU46891,0,-8.545541823031481
AIU46890,0,-3.0258436114333893
AIU46888,0,-2.904478024270814
AIU46886,0,-3.940893457378733
AIU46883,0,-5.425904775763497
AIU46881,0,-3.123932592703861
AIU46880,0,-5.5755611836863
AIU46879,0,-3.123932592703861
AIU46878,0,-3.123932592703861
AIU46876,0,-8.545541823031481
AIU46875,0,-3.6401051557466033
AIU46873,0,-5.191222937203227
AIU46872,0,-5.5755611836863
AIU46870,0,-3.123932592703861
AIU46869,0,-4.084804868614883
AIU46868,0,-3.123932592703861
AIU46866,0,-4.947465258806966
AIU46865,0,-3.123932592703861
AIU46864,0,-6.56132902379882
AIU46862,0,-4.947465258806966
AIU46860,0,-3.123932592703861
AIU46859,0,-3.123932592703861
AIU46858,0,-3.9151364168754537
AIU46855,0,-3.5329618340994315
AIU46854,0,-4.322516548481316
AIU46853,0,-1.8260484061648636
AIU46852,0,-3.123932592703861
AIU46850,0,-3.123932592703861
AIU46848,0,-6.061102239176607
AIU46847,0,-3.123932592703861
AIU46845,0,-4.947465258806966
AIU46842,0,-3.123932592703861
AIU46840,0,-6.599025053283899
AIU46839,0,-4.947465258806966
AIU46838,0,-7.107113101825947
AIU46837,0,-2.6371174151777517
AIU46836,0,-2.486468140628313
AIU46834,0,-3.123932592703861
AIU46832,0,-1.948708465300724
AIU46830,0,-3.6401051557466033
AIU46829,0,-2.187038770808014
AIU46825,0,-2.466992400398526
AIU46824,0,-3.6401051557466033
AIU46821,0,-3.2916798012045465
AIU46820,0,-3.123932592703861
AIU46819,0,-4.323282675153955
AIU46818,0,-2.735193961549369
AIU46817,1,-0.28308469519107504
AIU46815,0,-8.533681581032997
AIU46814,0,-5.5755611836863
AIU46813,0,-3.8808339142409327
AIU46812,0,-3.123932592703861
AIU46809,0,-9.755882304622524
AIU46808,0,-3.0420073182926437
AIU46807,0,-4.084804868614883
AIU46806,0,-4.900306548828079
AIU46805,0,-3.123932592703861
AIU46804,0,-3.123932592703861
AIU46802,0,-9.95949386479085
AIU46801,0,-4.900306548828079
AIU46800,0,-3.123932592703861
AIU46798,0,-9.897264875538337
AIU46797,0,-3.123932592703861
AIU46795,0,-3.123932592703861
AIU46794,0,-3.902173126473526
AIU46793,0,-3.123932592703861
AIU46792,0,-3.123932592703861
AIU46788,0,-3.123932592703861
AIU46786,0,-3.123932592703861
AIU46783,0,-3.123932592703861
AIU46782,0,-3.8143443328999442
AIU46781,0,-3.123932592703861
AIU46779,0,-3.123932592703861
AIU46778,0,-2.7049111316677728
AIU46777,0,-3.123932592703861
AIU46774,0,-5.083745664462855
AIU46773,0,-3.123932592703861
AIU46772,1,-1.2859160607638582
AIU46771,0,-1.9744226778198168
AIU46770,0,-3.8143443328999442
AIU46768,0,-3.123932592703861
AIU46767,0,-3.123932592703861
AIU46765,0,-8.69889669844542
AIU46764,0,-2.88048650068429
AIU46763,0,-3.123932592703861
AIU46762,0,-3.123932592703861
AIU46761,0,-4.825827608850908
AIU46760,0,-6.332534694252971
AIU46759,0,-3.6401051557466033
AIU46758,0,-3.2916798012045465
AIU46756,0,-2.88048650068429
AIU46755,0,-6.084991040099354
AIU46754,0,-2.6686995351675247
AIU46753,0,-1.6759213079272257
AIU46749,0,-9.76389133687513
AIU46746,0,-4.900306548828079
AIU46745,0,-3.940893457378733
AIU46744,0,-9.983640841474505
AIU46743,0,-1.7462459168176512
AIU46740,0,-10.449943976095687
AIU46739,0,-4.900306548828079
AIU46737,0,-3.123932592703861
AIU46735,0,-3.355463523035274
AIU46733,0,-3.123932592703861
AIU46732,0,-4.084804868614883
AIU46731,0,-4.314584682474791
AIU46483,0,-3.123932592703861
AIU46481,0,-3.123932592703861
AIU46479,0,-3.123932592703861
AIU46478,0,-3.123932592703861
AIU46477,0,-3.6401051557466033
AIU46476,0,-3.6401051557466033
AIU46474,0,-3.6401051557466033
AIU46399,0,-3.6401051557466033
ASU47793,0,-3.123932592703861
ASO97503,0,-52.42278193795338
ASO97501,0,-21.5181979137506
ASO97485,0,-17.892526611279166
ASO97483,0,-6.200212095425079
ASB33702,0,-7.237454929027066
ASB33690,0,-44.80435982751419
ASB32842,0,-7.648385153552292
ASB32833,0,-0.11477819153857638
ARX97390,0,-30.606764796732442
ARX97388,0,-14.779358141432622
ARU07171,0,-9.836165037193268
ARU07169,0,-12.854348434067498
ARQ85940,0,-1.3256242794583688
ARJ63957,0,-4.849901144027026
ARJ63952,0,-13.310442755069484
AQU12413,0,-11.11273272573485
APY25383,0,-17.27736138480212
APW84921,0,-14.484021876782371
APW84910,0,-15.842443720309495
ALX27327,0,-16.453675224583698
ALT19951,0,-12.627947708145339
ALT19827,0,-13.195363112337049
ALP01834,0,-13.58197431046652
ALJ54530,0,-14.519186594000555
ALH21545,0,-13.967345420636505
AKV57697,0,-8.403438382143044
AKH14605,0,-11.512492531415031
AJY54592,0,-16.86156990014235
AJF45784,0,-11.267848625057454
AJF45779,0,-28.364110644891923
AJF45775,0,-13.506624301851598
AJD77986,0,-9.900335889150933
AIZ70289,0,-12.065249518318907
AIZ70285,0,-36.61338905350461
AIZ70247,0,-3.2924831462826756
AIZ70214,0,-12.065249518318907
AIZ70208,0,-7.572703990595063
APO39355,0,-7.261841043683578
AOV82401,0,-2.668188753852272
ALG00738,0,-18.725408173966734
ALG00730,0,-17.68522403728792
ALG00726,0,-6.543342370446188
ALG00722,0,-18.156287212836382
ALG00718,0,-19.18819415128767
ALG00714,0,-19.435423060215413
ALG00710,0,-17.69757171598195
ALG00706,0,-19.227256145910527
ALG00702,0,-19.324614379327897
AOC37756,0,-11.92771665470585
ACF48930,0,-24.313548065037196
AAA18781,0,-9.90983326146453
AEB66665,0,-69.17238064168419
ADW80470,0,-22.633217325619974
ADW80459,0,-23.401772704797025
ADG21028,0,-7.7319429104806545
ADG21007,0,-10.507792268047433
ADG21005,0,-10.43562172245861
ABO37609,0,-4.998148477488247
ABO37542,0,-2.3658127997103975
ABO37490,0,-3.119344208691963
ABO37489,0,-3.862999910258191
ANG55916,0,-10.225729681097066
ANF29075,0,-17.356155094399327
ALR81994,0,-24.312874044340322
ALR81993,0,-19.924776479664413
ALR81992,0,-20.743787144936114
ALR81991,0,-21.20172101361846
ALR81989,0,-24.31722577621207
ALR81988,0,-22.189510864103887
AIC64616,0,-9.64216559765935
AIC64601,0,-17.676119234115554
AKZ42083,0,-18.746226045268564
AKZ41921,0,-20.494779447894686
AKZ41895,0,-21.44094383352875
AKZ41844,0,-21.871133229430676
AJS17976,0,-25.348306549128573
AJS17973,0,-35.060374276523035
AJS17971,0,-18.969718460767318
AJS17969,0,-26.406694757205635
AJS17968,0,-27.33708669672992
AJS17966,0,-21.81343066443217
AJS17964,0,-23.717710919221375
AJS17963,0,-32.451249837188406
AJS17962,0,-29.522713344582016
AJS17961,0,-41.90666445377531
AJS17960,0,-27.423603301306102
AJS17956,0,-38.31128299591214
AJS17920,0,-27.244977865054985
AJS17918,0,-27.231950017650956
AJS17917,0,-32.18562168647615
AJS17915,0,-31.103440098908052
AJS17913,0,-30.456040261430942
AJS17911,0,-26.831657371109436
AJS17907,0,-25.374266980116726
AJS17906,0,-27.231950017650956
AJS17905,0,-29.823221628395608
AJS17903,0,-27.244977865054985
AJS17899,0,-28.695387369430136
AJS17898,0,-24.923189715145313
AJS17897,0,-24.80588231630356
AJS17896,0,-27.75582920627837
AJS17895,0,-19.539402380680382
AJS17894,0,-24.141237268921742
AJS17893,0,-23.555167355793763
AJS17892,0,-23.78211750841215
AJS17891,0,-25.345918203481602
AJS17889,0,-25.345918203481602
AJS17888,0,-25.345918203481602
AJS17886,0,-25.345918203481602
AJS17885,0,-25.345918203481602
AJS17883,0,-25.95389157110268
AJS17882,0,-25.95389157110268
AJS17881,0,-25.95389157110268
AJS17880,0,-18.037940984113096
AJS16419,0,-34.20913771772415
AJS16396,0,-27.72302570860452
AJS16390,0,-26.914871232008394
AJS16384,0,-19.362369024562003
AJS16373,0,-13.807152793611342
AJS16370,0,-26.205258359335055
AJS16367,0,-23.477336502532115
AJS16364,0,-26.381032188790883
AJS16361,0,-25.537295147916137
AJS16358,0,-22.088999064116287
AJS16352,0,-19.307552006796787
AGR54712,0,-21.65907334183649
AGR54709,0,-21.844899141276798
AHB59323,0,-8.317656509482845
ALE66689,0,-19.03983552211959
ALD19413,0,-13.40843220762726
AHX38096,0,-27.834614307740267
AHX38093,0,-34.23520879027813
AKL90745,0,-33.31912876532712
AKL90741,0,-14.896323286857065
AKJ84209,0,-36.808031123350766
AKJ80211,0,-20.946830387888824
AKJ80207,0,-22.97494669384119
AJJ96179,0,-61.99110044246477
AJJ96178,0,-24.367013582382988
AJJ96022,0,-62.10330030508536
AJJ96020,0,-56.335877962904746
AJJ96019,0,-22.505341930962146
AJJ95846,0,-61.81153970080632
AJJ95845,0,-25.828134275902244
AJJ95832,0,-23.11956563278466
AAA43149,0,-18.750185185948794
AAA43146,0,-10.786549917408536
AAA43145,0,-10.63396016116774
AAA43144,0,-11.635350823687988
AAA43143,0,-14.086743189697504
AIE53166,0,-2.9595508171120457
AJD14112,0,-47.874125833451934
AJD14111,0,-18.64861295483363
AJD14110,0,-39.945332267856735
AJD14109,0,-24.326194513870853
AJD14001,0,-52.4991405386971
AJD13999,0,-12.187251511837507
AJD12987,0,-38.82435149843371
AJD12986,0,-23.70060745683827
AJD12973,0,-24.367013582382988
AJD12972,0,-61.81153970080632
AJD12956,0,-23.374679771628806
AJD12955,0,-61.81153970080632
AJD12918,0,-23.290045485081684
AJD12865,0,-38.77153381541839
AJD12863,0,-21.623629454910276
AJD12847,0,-24.367013582382988
AJD12846,0,-59.66525709946299
AJD12831,0,-14.802441113954755
AJD12813,0,-20.985990131336404
AJD12812,0,-38.69423216874888
AJD12795,0,-62.425563409564994
AJD12793,0,-23.556824639591348
AJD12777,0,-20.985990131336404
AJD12757,0,-61.862520143209686
AJD12756,0,-25.501938877857434
AJD12728,0,-24.87419453480601
BAQ19486,0,-12.613364863276086
BAQ19476,0,-19.79898791918739
BAQ19456,0,-22.36028698316932
BAQ19446,0,-9.68323239758145
BAQ19436,0,-1.2237881112879538
BAQ19416,1,-0.8358514755549109
BAQ19406,0,-19.519456214296806
AIU46705,0,-14.221453159814745
AIT38426,0,-45.56391079263212
AIQ77768,0,-4.211668030303061
AIQ77756,0,-16.892659704494953
AIO11726,0,-1.172892788207184
AIO11715,0,-13.989671907003208
AIO11706,0,-1.172892788207184
AIO11686,0,-13.989671907003208
AIN25566,0,-1.172892788207184
AIN25558,0,-14.47844671923691
AIN25551,0,0.43586839326086846
AIN25541,0,0.43586839326086846
AHL24597,0,-23.102463477929845
AHL24577,0,-26.759482249109425
AHL24567,0,-23.102463477929845
AHL24557,0,-23.102463477929845
AHL24517,0,-21.821911042779327
AII30768,0,-13.989671907003208
AIE52177,0,-33.14642706488974
AFO83088,0,-17.83106152398246
AHY95057,0,-41.34255135614673
AHY95053,0,-26.94882497309704
AHW46685,0,-13.74764858535589
AHW46664,0,-39.116842508225766
AHW46660,0,-13.74764858535589
AHM24129,0,-4.876577345838941
AHM24125,0,-13.74764858535589
AHL21543,0,-0.607102096007436
AHL21470,0,-37.49709615569046
AHL21466,0,-13.74764858535589
AHK10681,0,-4.876577345838941
AHK10677,0,-15.15459919679821
AHK10667,0,-20.459378686405664
AHK10663,0,-4.876577345838941
AHH00822,0,-2.388257006708921
AHG26656,0,-32.86855882369167
AHD25184,0,-5.036750735819876
AHD25163,0,-13.608752169453098
AHD25142,0,-31.065925394801702
AHB73608,0,-13.892677319123296
AGY79655,0,-17.330358865856425
AGT41695,0,-3.4095684854956563
AGT41690,0,-15.345546706986397
ADU17015,0,-18.830029949500354
AGL51629,0,-13.608752169453098
AEP95319,0,-13.151688069575526
AEQ73293,0,-16.33850317297373
AEQ73168,0,-3.1827036276737513
AEQ61206,0,-35.06004421352687
AEK50760,0,-18.651242870179107
AFP99367,0,-17.10817483241077
AFP21014,0,-29.055934810561343
AFN69199,0,-18.990633581085234
AEQ62915,0,0.35124611302854625
AEQ62914,0,-1.8466315781881075
AEQ62912,0,-1.7267717493518369
AEQ62910,0,-2.0744705620701662
ADU20562,1,0.6628960614787651
ACY56526,0,-27.93312951483737
ACY56525,0,-27.119470317264692
ACY56524,0,-18.17906798080206
ACY56523,0,-26.394657598663287
ACY56522,0,-30.80809655045357
ACY56519,0,-29.966075357108622
ACY56518,0,-26.278694428570887
ACY56517,0,-12.271051022381585
ACY56516,0,-22.600785965211465
AEI29915,0,-13.453652522980704
AEI29913,0,-19.15533598005559
AEI29912,0,-19.627337369785764
AEI29910,0,-20.10310707282875
AEI29902,0,-25.08857371386713
AEI29901,0,-24.372099731704083
AEI29900,0,-26.62160632728801
AEI29899,0,-25.03869755069268
AEI29898,0,-27.432847178507608
AEI29896,0,-28.202108589390953
AEI29895,0,-27.54268345933977
AEI29893,0,-22.68957732927108
AEI29891,0,-23.54794448424196
AEI29890,0,-31.000528060715
AEI29889,0,-27.59535791646005
AEI29888,0,-20.66365029521687
AEI29887,0,-26.759952997169272
AEI29885,0,-34.506855215998954
AEI29883,0,-24.260070202448112
AEI29882,0,-25.055635906148662
AEI29881,0,-23.832835514841825
AEI29880,0,-24.032629207005836
AEI29879,0,-22.48244835819683
AEI29878,0,-11.253112368803864
AEI29877,0,-28.70869692821143
AEI29876,0,-25.853126225633616
AEI29875,0,-28.43647012047254
AEI29874,0,-27.1602924936357
AEI29873,0,-26.795815241135365
AEI29872,0,-30.33703112589832
AEI29871,0,-24.115704188654043
AEH26544,0,-29.8741468268501
ADU17459,0,-19.150960184954698
ADU17103,0,-33.89606269769406
ADU16565,0,-16.84260974262822
ADU16018,0,-43.38945008950124
AEA04387,0,-10.110893752765506
ADW80437,0,-16.37739800662499
ADW80357,0,-42.7515923503899
ADW80283,0,-29.66876723290784
ADW80250,0,-40.219643967979636
ACY06463,0,-10.556903507027535
ACY06462,0,-8.897307126021502
ACY06460,0,-11.70192954437474
ACY06459,0,-10.45198504994783
ACY06457,0,-7.869887874377603
ACY06455,0,-10.954114407529017
ACY06453,0,-16.927921135061368
ACY06452,0,-18.482781569438856
ACY06451,0,-15.994283743027706
ACY06447,0,-15.862877922273398
ACY06446,0,-15.862877922273398
AAA62470,0,-20.698641016576936
BAJ09300,0,-21.287785462820516
BAJ09299,0,-21.287785462820516
BAJ09298,0,-21.029941477183026
BAJ09297,0,-21.73357341198126
BAJ09296,0,-21.287785462820516
BAJ09295,0,-21.287785462820516
BAJ09294,0,-21.029941477183026
BAJ09292,0,-23.728545490148868
BAJ09291,0,-22.341249232545792
BAJ09289,0,-22.341249232545792
BAJ09288,0,-22.395428831063043
BAJ09287,0,-23.268756243261045
BAJ09286,0,-23.233153691582324
BAJ09285,0,-22.188914889438312
BAJ09284,0,-21.49920157522638
BAJ09283,0,-21.49920157522638
BAJ09282,0,-22.188914889438312
BAJ09281,0,-21.49920157522638
BAJ09280,0,-22.188914889438312
BAJ09278,0,-22.10562018661471
BAJ09277,0,-22.188914889438312
BAJ09276,0,-25.866185515731274
BAJ09275,0,-22.254206594182307
BAJ09274,0,-22.29276920544872
ADG21027,0,-7.068502560759404
ADG21025,0,-10.813388579051356
ADG21020,0,-7.7223757125232515
ADG21017,0,-8.054343445337429
ADG21016,0,-6.6073731293599165
ADG21015,0,-7.469046728333133
ADG21014,0,-7.054812766704219
ADG21012,0,-7.425833959989774
ADG21010,0,-7.425833959989774
ADG21008,0,-4.766304353629472
ADG21006,0,-7.425833959989774
ADG21004,0,-7.425833959989774
AAA64228,0,-15.47263126903211
AAA64229,0,-16.55117760533763
ACI06174,0,-13.76343642945084
ACI06172,0,-13.76343642945084
ACI06171,0,-13.76343642945084
ACI06169,0,-12.4171654944086
ACI06168,0,-11.041063118526296
ACI06167,0,-16.267564261461587
ACI06163,0,-14.362750733852392
ACI06160,0,-12.4171654944086
ACI06158,0,-11.504220853700462
ACI06157,0,-11.504220853700462
ACI06156,0,-11.504220853700462
ACI06154,0,-9.976506328995825
ACI06153,0,-10.918661193615083
ACI06152,0,-11.504220853700462
ACI06151,0,-11.504220853700462
ACI06150,0,-12.72793822122741
ACI06146,0,-10.712042132239915
ACI06144,0,-13.056279308681315
ACI06142,0,-12.4171654944086
ACI06140,0,-12.4171654944086
ACI06138,0,-12.4171654944086
ACI06137,0,-12.4171654944086
ACI06134,0,-12.4171654944086
ACI06133,0,-12.4171654944086
ACI06132,0,-14.679224588892609
ACI06131,0,-16.426800997184916
ACI06130,0,-14.679224588892609
ACI06129,0,-14.679224588892609
ACI06128,0,-14.551422492957965
ACI06127,0,-14.679224588892609
ACI06125,0,-14.750828385036868
ACI06124,0,-12.389963242121071
ACI06123,0,-14.679224588892609
ABY81852,0,-27.656010677042246
ABY81851,0,-27.09374936203419
ABY81850,0,-21.041406764643384
ABY81849,0,-20.229454976690448
ABY81848,0,-27.21968975115034
ABY81847,0,-27.21968975115034
ABY81846,0,-27.21968975115034
ABY81845,0,-28.33802634262505
ABY81843,0,-24.93228054701209
ABY81842,0,-27.21968975115034
ABY81840,0,-26.890945374282154
ABY81839,0,-26.49032022434946
ABY81838,0,-25.697093031782707
ABY81837,0,-27.021209117847953
ABY81836,0,-27.611674584304296
ABY81835,0,-26.238005974762046
ABY81834,0,-26.275671652181252
ABY81833,0,-28.616156283552073
ABZ81075,0,-11.338366303714313
ABR88080,0,-4.987081846851533
ACF28527,0,-5.080190106943171
BAA00772,0,-22.2036681056251
ABQ41898,0,-13.85382371811305
ABQ41888,0,-15.512951729517392
ABO51928,0,-41.7141641623996
AAA43114,0,-18.073688916076055
AAA43112,0,-36.05210346650942
AAA43111,0,-12.201120653284416
AAA43103,0,-39.186489522748666
AAA43102,0,-35.54329970656015
AAA43101,0,-23.877038522709185
ABF60581,0,-15.154475737004914
ABF60578,0,-17.675920119667545
ABF60576,0,-27.46047284929352
CAA24271,0,-18.464043015705073
HMIV89,0,-10.786549917408536
HMIV77,0,-13.922131130813664
JQ1153,0,-16.138525462554362
