accession,train_label,logit
UPI56474,0,-14.8012116259302
UPI56462,0,-12.44296246748222
XTX72824,0,-34.670242145736324
XTX72813,0,-34.670242145736324
XTX72802,0,-34.670242145736324
YCB21580,0,-5.865995206421546
YCB21547,0,-4.818486541379748
YCB21470,1,0.5916420808592484
YCB21459,1,0.5916420808592484
YCB21437,0,-2.1210962151460073
YCB21426,0,-2.1210962151460073
YCB21404,0,-4.725584379497185
YCB21316,0,-3.882100274038482
YCB21250,0,-5.372997011752403
YCB21206,1,-0.05161552155366422
YCB21195,1,-0.05161552155366422
YCB21184,1,1.065703265111555
YCB21174,1,1.065703265111555
YCB21163,0,-5.346648184983319
YCB21119,0,-1.126004739160786
YCB21108,0,-2.366879731442449
YCB21042,0,-5.372997011752403
YCB21031,0,-5.372997011752403
YCB21009,0,-5.372997011752403
YCB20965,0,-5.727075924071867
YCB20910,1,-1.2699129533840932
YCB20899,0,-5.372997011752403
YCB20888,0,-3.1756208314675796
YCB20877,1,1.065703265111555
YCB20800,0,-8.41384826015479
YCB20789,0,-8.41384826015479
YCB20767,0,-5.632778497353183
YCB20756,0,-6.079947136157708
YCB20745,0,-5.57600918961791
YCB20690,0,-5.781919642393342
YCB20679,0,-5.290451419753149
YCB20668,0,-2.930556975767276
YCB20657,0,-2.930556975767276
YCB20525,0,-5.372997011752403
YCB20515,0,-5.372997011752403
YCB20506,0,-8.41384826015479
YCB20489,0,-5.372997011752403
YCB20480,0,-3.1756208314675796
YCB20453,0,-5.372997011752403
WPD40848,0,-7.810017739495274
XYW64010,0,-20.366425733206487
XKH15321,0,-19.077415766241295
QWZ14542,0,-11.944770391248012
XVC18733,0,-22.198385933288336
XUN73554,0,-5.17099254693153
XUN73345,0,-5.372997011752403
XUN73334,0,-1.079145832916872
XUN73312,0,-5.372997011752403
XUN72740,0,-5.372997011752403
XUN72729,0,-0.3814974545126226
XUN72718,0,-5.372997011752403
XUN72707,0,-5.372997011752403
XUN71728,0,-1.4608220718020029
XUN71717,0,-5.372997011752403
XUN71706,0,-5.372997011752403
XUN71673,0,-5.372997011752403
XUN71563,0,-3.0590009465597685
XUN70683,0,-1.1447983696284219
XUN70650,0,-0.3958102938147121
XUN70639,0,-0.3958102938147121
XUN70133,0,-8.187794859793232
XUN70122,0,-8.187794859793232
XUN70100,0,-8.467214235094985
XUN69979,0,-0.3958102938147121
XUN69957,0,-0.4487556593608435
XUN69467,0,-1.0667520927160687
XUN69279,0,-1.1447983696284219
XRI58488,0,-5.628802856968757
XQE53506,0,-15.057558512281805
XPZ03546,0,-2.3314262245832857
XPO71821,0,-10.550766693667224
XPO71820,0,-37.04950496074298
XPO71819,0,-26.074386997673212
XPO55351,0,-12.805201319475964
XPO14940,0,-5.6837085848199855
XPO14822,1,-0.5919825852322838
XPO14784,0,-7.269726772027967
XPO14783,0,-3.935936337330183
XOE87489,0,-20.118289160741945
XOD40201,0,-18.88980859010474
XOD40124,0,-18.019347627379872
XOD39886,0,-18.485723001941782
XNM01023,0,-20.366425733206487
XNM00997,0,-20.366425733206487
XNM00964,0,-20.58253807501537
XNM00961,0,-19.626690367192843
XNM00938,0,-20.366425733206487
XNM00928,0,-20.366425733206487
XNM00885,0,-20.58253807501537
XNM00847,0,-20.366425733206487
XNM00764,0,-20.366425733206487
XNM00749,0,-19.37819446725137
XNM00714,0,-20.366425733206487
XMQ97238,0,-20.366425733206487
XMQ94975,0,-20.366425733206487
WZL55684,0,-19.2545528498412
WZL55500,0,-19.2545528498412
WZL55213,0,-17.729864770631366
XHW86885,1,0.682394831072326
XHW86874,0,-2.178046046620203
XHW86863,1,1.0567221196247019
XHW86852,0,-5.290451419753149
XHW86841,0,-4.226482325066058
XHW86819,1,0.682394831072326
XHW86808,0,-5.813224376993147
XHW86797,0,-5.363387359516665
XHW86786,0,0.5118983873654948
XHW86775,0,-2.251991376397255
XHW86764,0,-2.251991376397255
XHW86742,0,-6.2600060694460335
XHW86731,0,-6.2600060694460335
XHW86720,0,-3.1756208314675796
XHW86698,0,-2.040813430168683
XHW86687,0,-2.040813430168683
XHW86676,0,-5.372997011752403
XHW86665,0,-5.290451419753149
XHW86654,0,-2.7950975048850673
XHW86643,0,-5.290451419753149
XHW86632,0,-4.619714525372098
XHW86621,0,-2.8140023317903378
XHW86610,1,0.6626701648648208
XHW86599,1,0.7022585083846025
XHW86588,1,0.7022585083846025
XHW86566,0,-5.064056514893185
XHW86544,1,0.682394831072326
XHW86533,1,2.861288259537389
XHW86511,0,-5.319758206389164
XHW86500,0,-5.290451419753149
XHW86489,0,-5.098898295205862
XHW86478,0,-5.813224376993147
XHW86467,0,-5.319758206389164
XHW86424,0,-5.948636115545806
XHW86347,0,-3.114828807796041
XHW86336,1,0.682394831072326
XHW86325,1,0.682394831072326
XFC84613,0,-5.290451419753149
XFC84602,0,-5.290451419753149
XFC84591,1,1.1137099100888452
XFC84580,0,-2.3430722565175977
XFC84569,0,-2.3430722565175977
XFC84558,0,-5.372997011752403
XFC84547,0,-5.372997011752403
XFC84525,0,-5.290451419753149
XFC84514,0,-2.3314262245832857
XFC84503,0,-2.3314262245832857
XFC84492,1,0.682394831072326
XFC84481,1,0.682394831072326
XFC84448,0,-5.319758206389164
XFC84437,0,-9.198671719673957
XFC84415,1,1.1779967829532936
XFC84404,0,-5.69864448708432
XFC84382,1,0.682394831072326
XFC84371,0,-5.290451419753149
XFC84360,0,-6.856825191913382
XFC84338,0,-6.061323198283324
XFC84327,0,-1.8460326875305597
XFC84316,0,-2.8140023317903378
XFC84305,0,-3.5863477564077932
XFC84294,0,-5.290451419753149
XFC84283,0,-5.290451419753149
XFC84272,0,-6.942157102460584
XFC84261,0,-5.607629634496943
XFC84250,0,-5.290451419753149
XFC84239,0,-4.899138527024489
XFC84206,0,-5.372997011752403
XFC84195,0,-5.087976898586266
XFC84140,1,1.8339355179367942
XFC84129,1,1.5798263794410659
XFC84118,1,1.5798263794410659
XFC84107,1,0.682394831072326
XFC84096,0,-5.038661961997773
XFC84085,0,-5.038661961997773
XFC84076,0,0.5146466959947631
XFC84065,0,0.5146466959947631
XFC84054,0,-1.6299379784441594
XFC84043,0,-1.6299379784441594
XFC84032,0,-0.9060957667425598
XFC84021,0,-0.9060957667425598
XFC84010,0,-5.290451419753149
XFC83999,1,0.682394831072326
XFC83988,0,-5.813224376993147
XFC83977,0,-5.813224376993147
XFC83955,0,-2.8140023317903378
XFC83944,0,-5.90499521176247
XFC83933,0,-4.226482325066058
XFC83911,0,-5.290451419753149
XFC83900,0,-6.254076347870573
XFC83867,0,-5.813224376993147
XFC83856,0,-2.523453002770607
XFC83823,1,0.682394831072326
XFC83801,0,-5.607629634496943
XFC83790,1,0.682394831072326
XFC83768,0,-5.290451419753149
XFC83757,0,-4.798846480301436
XFC83746,0,-2.8140023317903378
XFC83713,0,-3.165855363253595
XFC83691,0,-7.807162605573916
XFC83680,1,0.682394831072326
XFC83669,1,0.682394831072326
XFC83649,1,0.682394831072326
XFC83631,0,-5.8415932816402245
XFC83622,0,-3.8381724398803563
XFC83603,0,-5.290451419753149
XFC83585,0,-2.8140023317903378
XFC83576,0,-5.607629634496943
XFC83557,0,-5.319758206389164
XFC83548,1,0.682394831072326
XFC83538,0,-0.40712683596102295
XFC83529,1,0.682394831072326
XFC83518,0,-5.813224376993147
XFC83507,0,-8.418512978709247
XFC83496,0,-8.418512978709247
XFC83485,0,-7.2155292757096205
XFC83463,0,-8.418512978709247
XFC83452,0,-5.813224376993147
XFC83441,0,-5.813224376993147
XFC83419,0,-5.290451419753149
XFC83397,0,-5.639694973878392
XFC83386,0,-5.813224376993147
XFC83375,0,-6.881339255443813
XFC83364,0,-6.881339255443813
XFC83354,0,-5.789415262211621
XFC83343,0,-5.789415262211621
XFC83334,0,-4.226482325066058
XFC83301,0,-5.894330217885812
XFC83268,0,-5.319758206389164
XFC83257,1,2.723610252619766
XFC83224,0,-5.607629634496943
XFC83213,0,-6.152832517355849
XFC83191,0,-4.50948432559383
XFC83180,0,-4.619714525372098
XFC83169,0,-6.061323198283324
XFC83158,0,-5.607629634496943
XFC83147,0,-5.1949877208532165
XFC83136,0,-5.1949877208532165
XFC83104,0,-5.607629634496943
XFC83071,1,0.682394831072326
XFC83060,1,1.124715006362763
XFC83049,0,-7.807867692245649
XFC83016,0,-8.182149467475933
XFC83005,0,-8.182149467475933
XFC82994,0,-5.290451419753149
XFC82983,0,-5.290451419753149
XFC82975,0,-5.7725952941418885
XFC82964,0,-6.689699412928901
XFC82953,0,-5.290451419753149
XFC82942,0,-6.061323198283324
XFC82931,0,-6.061323198283324
XFC82909,0,-6.917950764646233
XFC82898,0,-5.817396001226333
XFC82876,0,-5.813224376993147
XFC82865,0,-5.817396001226333
XFC82854,0,-5.817396001226333
XFC82843,0,-5.290451419753149
XFC82832,0,-5.290451419753149
XFC82821,1,2.351083611816332
XFC82810,1,2.351083611816332
XFC82788,0,-0.37425593472948115
XFC82777,0,-6.908827958340339
XFC82766,0,-6.211069528639623
XFC82755,0,-6.211069528639623
XFC82744,0,-6.211069528639623
XFC82735,0,-6.211069528639623
XFC82724,0,-6.211069528639623
XFC82713,0,-6.211069528639623
XFC82702,0,-5.607629634496943
XFC82691,0,-5.363387359516665
XFC82681,0,-5.363387359516665
XFC82670,0,-6.429681412473279
XFC82659,0,-4.226482325066058
XFC82637,0,-5.629584829555785
XFC82626,0,-5.893136015700746
XFC82593,0,-5.290451419753149
XFC82582,0,-5.290451419753149
XFC82560,0,-5.290451419753149
XFC82549,0,-5.607629634496943
XFC82538,0,-6.538398638246698
XFC82516,0,-2.5174870751269864
XFC82505,0,-6.68094349735259
XFC82472,0,-5.607629634496943
XFC82461,0,-5.03559490553522
XFC82450,0,-5.813224376993147
XFC82439,0,-5.813224376993147
XFC82428,0,-5.813224376993147
XFC82406,0,-5.290451419753149
XFC82395,0,-5.813224376993147
XFC82351,0,-5.027162874992856
XFC82340,0,-5.027162874992856
XFC82307,0,-5.607629634496943
XFC82275,0,-6.411309643273606
XFC82253,0,-3.479596508889175
XFC82187,0,-5.041991076215233
XFC82165,0,-5.422874274690249
XFC82143,0,-6.338847669690729
XFC82121,0,-8.078381201023499
XFC82110,0,-8.078381201023499
XFC82099,0,-4.226482325066058
XFC82044,0,-6.061323198283324
XFC82033,0,-6.061323198283324
XFC82012,0,-4.9376076436529175
XFC82001,0,-2.5819237602702287
XFC81979,0,-5.290451419753149
XFC81968,1,0.682394831072326
XFC81957,0,-4.226482325066058
XFC81946,0,-6.072756408593319
XFC81935,1,1.03505031087178
XFC81924,0,-6.469903468146581
XFC81913,0,-4.906343845046138
XFC81891,0,-5.290451419753149
XFC81880,0,-4.88524858085637
XFC81847,0,-5.290451419753149
XFC81836,1,-0.44722950288601204
XFC81825,0,-5.751530839810374
XFC81814,0,-5.751530839810374
XFC81803,0,-5.751530839810374
XFC81792,0,-5.751530839810374
XFC81781,0,-6.061323198283324
XFC81759,0,-6.706587987367
XFC81748,0,-6.706587987367
XFC81737,0,-5.290451419753149
XFC81726,0,-5.290451419753149
XFC81715,0,-5.319758206389164
XFC81693,0,-5.319758206389164
XFC81682,0,-5.751530839810374
XFC81671,0,-5.616891209196181
XFC81660,0,-6.211069528639623
XFC81649,0,-1.9108238188431983
XFC81638,0,-6.162809238652798
XFC81627,1,0.3890515025811254
XFC81616,1,0.3890515025811254
XFC81605,0,-6.376164812191418
XFC81583,0,-5.290451419753149
XFC81572,0,-5.363387359516665
XFC81561,0,-5.363387359516665
XFC81539,0,-9.098622732842895
XFC81528,0,-5.607629634496943
XFC81506,0,-5.05851391255025
XFC81473,0,-6.061323198283324
XFC81429,0,-5.290451419753149
XFC81418,0,-5.290451419753149
XFC81407,0,-2.3966898718000245
XFC81396,0,-2.3966898718000245
XFC81374,0,-5.0341414122095465
XFC81363,0,-5.607629634496943
XFC81341,0,-6.061323198283324
XFC81330,0,-5.813224376993147
XFC81319,0,-5.813224376993147
XFC81308,0,-5.044746840919148
XFC81297,0,-5.044746840919148
XFC81286,0,-5.813224376993147
XFC81275,0,-5.290451419753149
XFC81264,0,-5.319758206389164
XFC81253,0,-5.319758206389164
XFC81242,0,-6.612912936779099
XFC81221,0,-4.409837339613732
XFC81199,0,-4.226482325066058
XFC81188,0,-4.226482325066058
XFC81170,0,-5.607629634496943
XFC81159,0,-6.218113108234484
XFC81140,0,-6.218113108234484
XFC81129,0,-6.218113108234484
XFC81118,0,-8.05964286468846
XFC81096,0,-5.607629634496943
XFC81074,0,-5.607629634496943
XFC81052,0,-4.226482325066058
XFC81019,0,-3.923001142125141
XFC81008,0,-5.420359219529077
XFC80997,0,-5.420359219529077
XFC80986,0,-5.290451419753149
XFC80964,0,-5.813224376993147
XFC80953,0,-5.607629634496943
XFC80942,0,-6.061323198283324
XFC80931,0,-3.9003341457032974
XFC80909,0,-6.266262526507571
XFC80898,0,-4.541368957406002
XFC80887,0,-5.319758206389164
XFC80876,1,0.6596507716260067
XFC80865,0,-5.290451419753149
XFC80854,0,-5.893609347794312
XFC80843,0,-5.2959328757408075
XFC80832,0,-5.813224376993147
XFC80799,1,0.682394831072326
XFC80777,0,-5.813224376993147
XFC80766,0,-5.813224376993147
XFC80755,0,-5.290451419753149
XFC80733,0,-5.319758206389164
XFC80711,0,-5.90499521176247
XFC80700,0,-5.290451419753149
XFC80689,0,-4.226482325066058
XFC80678,0,-1.3106658177625707
XFC80667,1,1.6436675857315457
XFC80656,0,-5.741215967131183
XFC80645,1,2.097927949781102
XFC80634,0,-5.68311959608603
XFC80623,0,-5.607629634496943
XFC80612,1,1.891340125716626
XFC80601,0,-5.607629634496943
XFC80579,0,-5.607629634496943
XFC80568,0,-5.607629634496943
XFC80546,0,-1.3106658177625707
XFC80514,0,-1.8319904620735556
XFC80503,0,-5.607629634496943
XFC80481,0,-1.3106658177625707
XFC80470,0,-5.290451419753149
XFC80459,0,-4.725679764475187
XFC80448,0,-5.607629634496943
XFC80415,0,-5.10033416890812
XFC80404,0,-7.906967050538473
XFC80393,0,-7.626343925039533
XFC80382,0,-9.198671719673957
XFC80371,0,-4.407251146259332
XFC80349,0,-5.319758206389164
XFC80330,0,-5.813224376993147
XFC80319,0,-5.813224376993147
XFC80308,0,-5.290451419753149
XFC80297,0,-4.226482325066058
XFC80275,0,-3.6926382868515013
XFC80265,0,-5.620904453338633
XFC80254,0,-5.607629634496943
XFC80243,0,-5.607629634496943
XFC80222,0,-5.1949877208532165
XFC80211,0,-4.226482325066058
XFC80189,0,-5.607629634496943
XFC80167,0,-5.813224376993147
XFC80145,0,-5.813224376993147
XFC80134,0,-5.607629634496943
XFC80123,0,-5.290451419753149
XFC80101,0,-5.607629634496943
XFC80090,0,-5.290451419753149
XFC80079,0,-5.290451419753149
XFC80068,0,-3.165855363253595
XFC80057,0,-5.0006488083831675
XFC80046,0,-7.807162605573908
XFC80024,0,-5.686031422730821
XFC80013,0,-5.6860314227308155
XFC80002,0,-5.1949877208532165
XFC79980,0,-5.472877349494415
XFC79961,0,-5.813224376993147
XFC79951,0,-5.0305226446554
XFC79941,0,-6.061323198283324
XFC79931,0,-6.061323198283324
XFC79902,0,-5.387536121771044
XFC79892,0,-5.789415262211621
XFC79883,0,-4.226482325066058
XFC79865,0,-5.319758206389164
XFC79848,0,-4.226482325066058
XFC79838,0,-5.789415262211621
XFC79831,0,-7.3638617191476055
XFC79811,0,-6.932001087710335
XFC79791,0,-5.813224376993147
XFC79772,0,-4.226482325066058
XFC79753,0,-5.363387359516665
XFC79726,0,-6.266262526507571
XFC79717,0,-5.363387359516665
XFC79700,1,2.112528098628477
XFC79693,0,-6.272339282876533
XFC79688,0,-7.3638617191476055
XFC79677,0,-6.256710674063733
XFC79668,0,-6.061323198283324
XFB56345,0,-14.558810330659053
XFB56343,0,-12.004622422153535
XFB56341,0,-21.96697905913455
XFB56339,1,0.7138911609562264
XFB56337,0,-7.698399384317763
XFB56333,0,-9.322613733001699
XFB56327,0,-18.57334315848909
XFB56325,0,-7.18438089426405
XFB56311,0,-27.021025638977193
XFB56307,0,-32.057022118129254
XFB56303,0,-7.820171959672972
XFB56301,0,-8.076596354455969
XFB56299,0,-28.04348777302483
XFB56297,0,-48.684649192516204
XFB56295,0,-43.2382840195558
XFA02390,0,-1.1673409074602485
XFA02389,0,-14.83037281691705
XFA02388,0,-13.826466756588474
XEQ90854,0,-14.428716095691499
XEQ90852,0,-21.676081651334087
XEQ90850,0,-22.575574893714542
XEQ90846,0,-22.504017723839254
XEQ90844,0,-19.962729824811465
XEQ90842,0,-21.992928228777462
XEQ90834,0,-9.322613733001699
XCV19025,1,2.0281843026566495
XCV19024,0,-5.586799954520769
XCV19023,1,0.5736008847787986
XCV19021,1,-1.5767066992461736
XCV19020,0,-3.8880584589754648
XCV19017,1,0.10150604787140338
XCV19016,1,2.5307882995126576
XCV19009,0,-7.854381324101251
XCV19007,0,-5.168188432895368
XCV19004,0,-2.1323254601405885
XCV19000,0,-4.614232414649319
XCV18999,1,0.8486702622635232
XCV18998,0,-2.1323254601405885
XCV18997,0,-4.478272904970247
XCV18996,0,-5.062604651014859
XCV18995,0,-4.478272904970247
XCV18994,0,-2.1323254601405885
XCV18993,0,-4.860942995089285
XCV18991,0,-23.25337447584773
XCV18990,0,-38.18941820128356
XCV18989,0,-3.4404300666187595
XCV18987,0,-23.183553040558596
XCV18985,0,-22.273625111050688
XCV18984,0,-32.47507150208093
XCV18983,0,-34.92816456483992
XCV18982,0,-32.47507150208093
XCV18976,0,-32.05106455794775
XCV18973,0,-31.81811898461666
XCV18972,0,-31.81811898461666
XCV18968,0,-2.5149519326854772
XCV18967,0,-32.226364977852434
XCV18964,0,-4.714953779097529
XCV18962,0,-2.501641371093392
XCV18961,0,-28.017136754946776
XCV18960,0,-32.599810833360976
XCV18959,0,-32.599810833360976
XCV18958,0,-23.88519788365548
XCV18957,0,-30.46791379556641
XCV18956,0,-22.271239881267164
XCV18951,1,1.3038234616541935
XCV18949,0,-23.848349461074037
XCV18947,0,-5.741580005968232
XCV18946,0,-5.741580005968232
XCV18944,0,-2.9163442267365998
XCV18943,0,-31.89481880844729
XCV18939,0,-33.27510624595264
XCV18937,0,-23.81998718202717
XCV18936,0,-2.504754500426248
XCV18934,0,-32.76004642236259
XCV18932,0,-30.908613415876708
XCV18931,0,-23.698326371853618
XCV18930,0,-26.241131702688755
XCV18929,0,-35.81975484391914
XCV18926,0,-27.744678091164122
XCV18923,0,-21.463338020474914
XCV18921,0,-19.052211857026233
XCV18920,0,-29.89898994045191
XCV18919,0,-31.761802337757146
XCV18918,0,-21.463338020474914
XCV18915,0,-21.656863006670886
XCV18913,0,-35.14063597575671
XCV18910,0,-3.6794929923666757
XCV18905,0,-48.143151435520224
XCV18904,0,-48.143151435520224
XCV18902,0,-23.6750710041662
XCV18899,0,-32.90234254025259
XCV18898,0,-29.813135636930983
XCV18895,0,-39.74114435358977
XCV18892,0,-6.219317714971821
XCV18891,0,-6.219317714971821
XCV18890,0,-33.51351873978718
XCV18887,0,-33.51351873978718
XCV18886,0,-32.22689978267552
XCV18885,0,-6.69932817856839
XCV18882,0,-29.813135636930983
XCV18881,1,3.005495990101352
XCV18880,1,3.005495990101352
XCV18879,0,-22.043252796373768
XCV18878,0,-47.00356360306742
XCV18877,0,-34.718523690697
XCV18876,0,-4.295873014165132
XCV18875,0,-29.419234357804843
XCV18874,0,-47.14418485832547
XCV18873,0,-16.297751514332248
XCV18872,0,-18.470401859060026
XCV18871,1,2.547562806487413
XCV18870,0,-47.72882299879369
XCV18866,0,-28.239097657144477
XCV18865,0,-7.5051225614011265
XCV18862,0,-3.567156132166259
XCV18860,0,-3.567156132166259
XCV18858,0,-32.08042568400923
XCV18857,0,-27.10967210690823
XCV18852,0,-3.567156132166259
XCV18848,0,-40.05067149771362
XCV18847,0,-29.888974146461813
XCV18845,0,-39.17498582101352
XCV18843,0,-16.644800340242156
XCV18842,0,-42.29715115510672
XCV18841,0,-28.353528107712588
XCV18840,0,-23.03989624129808
XCV18835,0,-22.611917617749384
XCV18834,0,-21.442791320277077
XCV18833,0,-22.65536871333387
XCV18831,0,-20.174326626440326
XCV18827,0,-14.37878933451412
XCV18824,0,-24.04665416599034
XCV18823,1,2.613456716861137
XCV18822,0,-5.416754440380373
XCV18821,0,-34.840997157013334
XCV18820,0,-32.04775797900441
XCV18818,1,2.5037494225908485
XCV18817,1,2.5037494225908485
XCV18816,1,1.9004846617602738
XCV18815,0,-31.271539394044268
XCV18812,0,-19.15371227501555
XCV18811,0,-2.0603625194361026
XCV18810,0,-30.026373933481057
XCV18809,0,-20.2579970647415
XCV18808,0,-5.617319223116003
XCV18806,0,-23.77369154684947
XCV18805,0,-28.282059933863955
XCV18804,0,-18.0288855204312
XCV18801,0,-21.946919195157697
XCV18800,0,-21.946919195157697
XCV18798,0,-31.419925409952427
XCV18793,0,-10.035271417298986
XCV18790,0,-26.56938560030607
XCV18783,0,-12.443858764375566
XCV18776,0,-26.67116351793055
XCV18770,0,-25.89628425569498
XCV18769,0,-10.222787233551085
XCV18768,0,-10.222787233551085
XCV18766,0,-24.655318659695837
XCV18763,0,-25.907755891302294
XCV18762,0,-9.385948537327806
XCV18761,0,-3.0258200356098115
XCV18759,0,-9.385948537327806
XCV18758,0,-28.556299974108256
XCV18757,0,-13.504972850718856
XCV18755,0,-8.614376517656403
XCV18754,0,-8.614376517656403
XCV18752,0,-7.52595028250151
XCV18748,0,-25.287112865601777
XCV18747,0,-14.51680616821644
XCV18741,0,-4.70980941053314
XCV18739,0,-4.70980941053314
XCV18738,0,-3.975223898080529
XCV18737,0,-17.874977082245092
XCV18736,0,-9.48732259572448
XCV18735,0,-9.311179703260983
XCV18727,0,-17.342001002974854
XCV18726,0,-4.972920442399046
XCV18725,0,-4.271742636575517
XCV18724,0,-4.70980941053314
XCV18721,0,-4.143211065943419
XCV18720,0,-5.331725478630144
XCV18718,0,-14.51680616821644
XCV18712,0,-5.331725478630144
XCV18711,0,-4.87002193019126
XCV18709,0,-10.619447996975973
XCV18708,0,-6.408580493062722
XCV18706,0,-9.63783779005957
XCV18704,0,-14.51680616821644
XCV18703,0,-24.054287492692264
XCV18701,0,-22.57313713384557
XCV18700,0,-22.57313713384557
XCV18699,0,-35.36199733307222
XCV18697,0,-33.92181399445215
XCV18695,0,-17.266894042025157
XCV18690,1,5.00765510060376
XCV18684,0,-10.278211965326152
XCV18683,1,5.7865130110158525
XCV18677,0,-23.936381988708213
XCV18672,0,-0.11063668679251037
XCV18669,0,-32.04817446617987
XCV18668,0,-22.494170704098945
XCV18667,0,-23.638209972010475
XCV18665,0,-22.367637942152047
XCV18663,0,-2.7774053023916316
XCV18662,0,-4.126146954794988
XCV18660,0,-23.62669964116145
XCV18657,0,-23.967115691450083
XCV18656,0,-5.63267575315786
XCV18655,0,-23.675352811709278
XCV18654,0,-31.48283548024643
XCV18652,0,-23.513254164604668
XCV18651,0,-24.62729197969568
XCV18650,0,-28.39421495741177
XCV18649,0,-16.423839383199816
XCV18648,0,-23.19921153005715
XCV18647,0,-21.331101287329396
XCV18645,0,-23.19921153005715
XCV18642,0,-24.6914867137315
XCV18641,0,-28.68721413264199
XCV18640,0,-4.61590577332818
XCV18638,0,-23.721374978797424
XCV18637,0,-28.471668458913847
XCV18636,0,-1.3694262213906683
XCV18635,0,-22.156699865687997
XCV18633,1,3.4409110478684255
XCV18631,1,3.4513097816506395
XCV18630,0,-2.284455349206068
XCV18629,1,3.4513097816506395
XCV18628,0,-22.739173808779
XCV18626,0,-27.341111505687735
XCV18621,0,-29.345411235635893
XCV18618,0,-28.32756517304678
XCV18613,0,-2.866536043204423
XCV18612,0,-26.260762826201255
XCV18610,0,-26.424947721273732
XCV18609,0,-27.06156605934843
XCV18608,0,-27.06156605934843
XCV18606,0,-23.375501317232818
XCV18603,0,-28.885873227118704
XCV18600,0,-26.313063931855773
XCV18599,0,-6.650799422788554
XCV18595,0,-3.2040918577473008
XCV18594,0,-19.660997927991694
XCV18591,0,-34.98501376599177
XCV18588,0,-32.37385823295969
XCV18586,0,-7.155163932897718
XCV18585,0,-20.61447305829683
XCV18584,1,0.5736008847787986
XCV18583,0,-3.2906784106529035
XCV18582,0,-3.2906784106529035
XCV18581,0,-3.2906784106529035
XCV18580,0,-3.2906784106529035
XCV18578,0,-32.152633875118795
XCV18577,0,-3.2906784106529035
XCV18575,0,-3.2906784106529035
XCV18573,0,-35.45377905244345
XCV18572,0,-4.829821531118078
XCV18570,0,-20.68482285374823
XCV18569,0,-36.57764102486601
XCV18568,0,-1.3910523510717496
XCV18567,0,-33.661179856607056
XCV18566,0,-3.0302459510381254
XCV18565,0,-43.12996062360507
XCV18564,0,-38.207577846696594
XCV18563,0,-20.404794895357924
XCV18562,0,-41.266178687209745
XCV18561,0,-2.726738311100018
XCV18557,0,-4.462872005551416
XCV18556,0,-36.57764102486601
XCV18555,0,-40.022746992819485
XCV18554,0,-4.462872005551416
XCV18553,0,-36.25801943534087
XCV18552,0,-31.583317533053
XCV18551,0,-34.00986628446657
XCV18550,0,-40.022746992819485
XCV18549,0,-4.8767477376617805
XCV18548,0,-20.934039994176842
XCV18547,0,-3.107806637664451
XCV18546,0,-3.8615100136767104
XCV18544,1,0.16109734626277472
XCV18543,1,0.022665190435509075
XCV18542,0,-12.286899079611697
XCV18540,0,-2.6491018669384374
XCV18538,0,-1.5467810669896789
XCV18537,0,-4.002032457935748
XCV18535,0,-38.08107748242787
XCV18528,0,-37.574491365634564
XCV18511,0,-24.29846951340906
XCV18504,0,-20.143304572835078
XCV18500,0,-32.015652947566565
XCV18337,0,-12.531296273056373
XCV18336,0,-18.463619176139716
XCV18335,0,-28.129351914179892
XCV18334,0,-28.15732333029731
XCV18332,0,-11.469176875905735
XCV18329,0,-11.286333034032456
XCV18327,0,-10.740691673871927
XCV18323,0,-23.18329548963327
XCV18318,0,-17.112931708869166
XCV18317,0,-22.130050698322954
XCV18316,0,-17.65759738034279
XCV18315,0,-8.087398682576321
XCV18314,0,-23.670921425831747
XCV18313,0,-2.9900503220070167
XCV18310,0,-18.139967217873604
XCV18309,0,-10.893244223538229
XCV18307,0,-4.964882322609569
XCV18304,0,-18.139967217873604
XCV18303,0,-39.84533924743842
XCV18302,0,-8.212694841467112
XCV18301,0,-5.5293563493144635
XCV18300,0,-8.20792651730076
XCV18299,0,-22.422456868829734
XCV18297,0,-24.044816989310295
XCV18295,0,-3.2827435667042444
XCV18294,0,-6.391142941905734
XCV18291,0,-21.501947686412688
XCV18288,0,-9.373030702978614
XCV18286,0,-6.6825826810393405
XCV18285,0,-5.627683504392142
XCV18284,0,-23.670921425831747
XCV18281,0,-23.89001937795433
XCV18279,0,-24.946336193040267
XCV18277,0,-24.080866992478327
XCV18272,0,-23.34441693759162
XCV18271,0,-5.416754440380373
XCV18270,0,-24.13225599278025
XCV18269,0,-23.47719961628517
XCV18268,0,-23.47719961628517
XCV18265,0,-2.680586708681176
XCV18264,0,-21.489829305188934
XCV18262,0,-24.004254521699767
XCV18260,0,-23.34441693759162
XCV18257,1,3.8557769490410934
XCV18254,0,-6.4707545132887
XCV18253,0,-24.448371883935106
XCV18248,0,-24.09078844141774
XCV18246,0,-13.05690696736239
XCV18245,0,-23.47719961628517
XCV18244,0,-3.3827838541490234
XCV18243,0,-2.364291921864572
XCV18242,0,-2.364291921864572
XCV18241,0,-22.76515121728973
XCV18239,0,-24.02661883179985
XCV18237,0,-24.448371883935106
XCV18236,0,-23.47719961628517
XCV18234,0,-12.140176566839529
XCV18230,0,-2.2709415299768594
XCV18229,0,-24.02661883179985
XCV18228,0,0.3613125128882757
XCV18227,0,-23.886231773426793
XCV18224,0,-21.38495475188448
XCV18223,0,-24.85850032739274
XCV18215,0,-22.89892538400097
XCV18210,0,-5.257130415231993
XCV18209,0,-13.447095135133633
XCV18207,0,-10.44005505156466
XCV18204,0,-10.740691673871927
XCV18202,0,-26.67116351793055
XCV18201,0,-3.8221769731015343
XCV18199,0,-29.519852646660635
XCV18197,0,-18.66731716149095
XCV18196,0,-28.15732333029731
XCV18195,0,-28.15732333029731
XCV18193,0,-26.571821759879537
XCV18192,0,-10.669572758083671
XCV18187,0,-22.594180383114697
XCV18186,0,-32.07707929057423
XCV18185,0,-9.821523116420114
XCV18181,0,-17.00841418839304
XCV18176,0,-19.760599223744705
XCV18175,0,-26.45359500354137
XCV18174,0,-26.67116351793055
XCV18173,0,-23.03460046091098
XCV18172,0,-19.587988791922484
XCV18170,0,-28.282059933863955
XCV18169,0,-28.048917641198294
XCV18166,0,-19.963359148097318
XCV18165,0,-25.629333873924175
XCV18161,0,-26.908040593676056
XCV18160,0,-26.553736105980825
XCV18157,0,-5.8722989080562
XCV18151,0,-26.17275343511654
XCV18148,0,-6.615847942570962
XCV18147,0,-31.52406773024301
XCV18146,0,-26.67116351793055
XCV18142,0,-22.018128535426214
XCV18140,0,-26.67116351793055
XCV18137,1,1.1492710553967136
XCV18136,0,-22.485576893324417
XCV18135,0,-27.145605377168508
XCV18133,0,-19.760599223744705
XCV18129,0,-26.571821759879537
XCV18127,0,-5.5471895555413475
XCV18126,0,-6.8611761864493115
XCV18125,0,-24.666008690989493
XCV18124,0,-5.302696525485748
XCV18122,0,-25.755214068198377
XCV18121,0,-26.405038077439528
XCV18120,0,-1.2351124110511478
XCV18118,0,-19.879704853441172
XCV18115,0,-7.125117356541752
XCV18114,0,-26.18844566194293
XCV18112,0,-24.729555235028567
XCV18110,0,-33.51904347034681
XCV18109,1,1.1492710553967136
XCV18107,0,-26.67116351793055
XCV18106,0,-25.629333873924175
XCV18105,0,-22.92270190183128
XCV18104,0,-26.354292346926513
XCV18103,0,-26.109944847941097
XCV18100,1,1.299914632964331
XCV18098,0,-1.9523257282165787
XCV18097,0,-9.114690634019071
XCV18096,0,-4.496929262137753
XCV18094,0,-24.59883844621528
XCV18093,0,-1.9941008354789282
XCV18091,0,-6.71612830507334
XCV18090,0,-6.295577465054718
XCV18089,0,-6.295577465054718
XCV18086,0,-5.5627077978909405
XCV18078,0,-5.431148562523079
XCV18075,0,-5.152855442372218
XCV18074,0,-14.312084817717253
XCV18073,1,2.200078107064236
XCV18071,0,1.1746157446078769
XCV18070,0,-23.34323560566079
XCV18069,0,-5.8193498346578885
XCV18068,0,-0.6203948521412883
XCV18067,0,-5.8193498346578885
XCV18066,0,-5.8193498346578885
XCV18063,0,-6.625173422151905
XCV18062,0,-33.76627747719451
XCV18060,1,3.100740126385558
XCV18059,1,0.9721083270133271
XCV18055,1,1.7273424914508944
XCV18053,1,1.7273424914508944
XCV18052,1,1.6032383562316372
XCV18051,0,-25.747653928327125
XCV18050,1,1.7273424914508944
XCV18047,0,-5.5627077978909405
XCV18045,0,-13.403982561704481
XCV18043,0,-25.051014404374328
XCV18042,0,-9.114690634019071
XCV18039,1,-0.16272578548937489
XCV18038,0,-5.5627077978909405
XCV18037,0,-34.44539485088984
XCV18033,0,-23.629329452151943
XCV18029,0,-8.116025129138611
XCV18027,0,-2.1179489684499515
XCV18026,0,-25.35767114573742
XCV18025,0,-19.856129115962275
XCV18014,0,-7.777162989876813
XCV18013,0,-13.836161094708363
XCV18011,0,-20.69633035207652
XCV18010,0,-8.07330236214533
XCV18002,0,-27.146771359172014
XCV17999,0,-6.74424998439806
XCV17995,0,-23.610899546843584
XCV17994,0,-17.825420509170566
XCV17992,0,-8.012834772968596
XCV17991,0,-25.807735487376288
XCV17990,1,3.8502415946933333
XCV17989,0,-6.983570370709488
XCV17987,0,-19.779806933588223
XCV17984,0,-17.738590906870787
XCV17982,0,-7.142207127848714
XCV17978,1,1.5325904768899772
XCV17970,0,-17.10523208561856
XCV17968,0,-3.078255603180434
XCV17967,0,-17.81069560261149
XCV17966,0,-2.439950668645869
XCV17965,0,-24.230760914268707
XCV17964,0,-8.713011019002245
XCV17959,0,-20.85367141914686
XCV17958,0,-5.291094022687766
XCV17957,0,-6.2008206371129475
XCV17956,0,-25.011948886406913
XCV17953,0,-17.81069560261149
XCV17952,0,-23.537746479670886
XCV17951,0,-16.64857418905326
XCV17950,0,-23.537746479670886
XCV17949,0,-9.29287568627008
XCV17948,0,-5.678855898644728
XCV17945,0,-19.253454407589686
XCV17944,0,-5.678855898644728
XCV17942,0,-19.09750536835019
XCV17940,0,-6.590573985932123
XCV17939,0,-17.255951751542057
XCV17938,0,-5.980254716705932
XCV17937,0,-5.893629251783398
XCV17934,0,-9.29287568627008
XCV17933,0,-22.63805940126579
XCV17929,0,-13.74297389645427
XCV17928,0,-5.009082832779471
XCV17927,0,-9.29287568627008
XCV17925,0,-9.29287568627008
XCV17924,0,-9.29287568627008
XCV17923,0,-19.83670336712131
XCV17919,0,-17.523176810769098
XCV17915,0,-6.504012415882459
XCV17913,0,-5.540535705210022
XCV17911,0,-17.470222378944058
XCV17910,0,-4.929776322912005
XCV17909,0,-26.180909014866657
XCV17908,0,-15.136056914320118
XCV17904,0,-3.40986674423581
XCV17903,0,-5.009082832779471
XCV17901,0,-31.389802291649218
XCV17900,0,-5.626007620916808
XCV17896,0,-5.822385164916736
XCV17895,0,-22.754427868007937
XCV17894,0,-15.027100548972115
XCV17885,0,-7.331084036118195
XCV17884,0,-3.1505451226855143
XCV17882,0,-12.525379376218323
XCV17881,0,-18.379673553967024
XCV17879,0,-16.083360761911567
XCV17877,0,-15.612747959002888
XCV17875,0,-12.314947475070058
XCV17867,1,1.1746157446078769
XCV17865,0,-16.364536796858385
XCV17864,0,-16.364536796858385
XCV17863,0,-5.245697869800215
XCV17861,0,-14.292508276255479
XCV17853,0,-16.914264898986143
XCV17851,0,-16.190709141131386
XCV17847,0,-19.118511804933934
XCV17846,0,-16.364536796858385
XCV17844,0,-13.231288550582809
XCV17843,0,-16.364536796858385
XCV17842,0,-33.70435706601907
XCV17841,0,-13.29786531685142
XCV17840,0,-16.364536796858385
XCV17838,0,-16.364536796858385
XCV17836,0,-9.314302587169763
XCV17835,0,-29.563182433339225
XCV17834,0,-6.0733663119425705
XCV17833,0,-9.314302587169763
XCV17830,0,-9.314302587169763
XCV17829,0,-13.63586178685204
XCV17828,0,-13.63586178685204
XCV17826,0,-13.874751195444151
XCV17825,0,-14.18222158612609
XCV17822,0,-15.581663992072606
XCV17820,0,-15.581663992072606
XCV17819,0,-15.405551270575778
XCV17818,0,-15.405551270575778
XCV17817,0,-15.405551270575778
XCV17815,0,-14.091323845663785
XCV17814,0,-14.287059558788357
XCV17812,0,-12.734863364182527
XCV17811,0,-12.734863364182527
XCV17810,0,-12.734863364182527
XCV17809,0,-12.590675070079262
XCV17808,0,-12.590675070079262
XCV17807,0,-15.581663992072606
XCV17805,0,-14.355233943254227
XCV17804,0,-14.275436006999197
XCV17802,0,-12.951749727554494
XCV17801,0,-12.951749727554494
XCV17799,0,-26.67737716867207
XCV17796,0,-31.586468977045794
XCV17795,0,-14.513270685696657
XCV17794,0,-14.513270685696657
XCV17791,0,-13.393064807941805
XCV17786,0,-30.323214081963936
XCV17784,0,-26.600092860488967
XCV17780,0,-24.72837290410349
XCV17777,0,-8.447637397217841
XCV17776,0,-32.669499937289245
XCV17775,0,-8.447637397217841
XCV17773,0,-5.3561584529953095
XCV17766,0,-29.817610291094176
XCV17765,0,-14.176477257088692
XCV17764,0,-29.773365533353285
XCV17762,0,-28.41476503246785
XCV17760,0,-26.156491634134955
XCV17758,0,-28.459841794054643
XCV17757,0,-12.880915599647867
XCV17756,0,-30.791090790878865
XCV17755,0,-4.480145756657169
XCV17753,0,-4.415860385255517
XCV17752,0,-27.17726404180493
XCV17751,0,-27.17726404180493
XCV17749,0,-27.17726404180493
XCV17748,0,-30.791090790878865
XCV17747,0,-9.138473456232859
XCV17745,0,-30.791090790878865
XCV17744,0,-30.414513849213936
XCV17743,0,-35.45817280229652
XCV17742,0,-35.45817280229652
XCV17741,0,-26.85800897937461
XCV17740,0,-30.923395594126035
XCV17738,0,-28.048937797545022
XCV17736,0,-8.145393654875594
XCV17735,0,-8.145393654875594
XCV17734,0,-30.719596216351853
XCV17733,0,-30.719596216351853
XCV17729,0,-4.2838771419991435
XCV17728,0,-3.3317899018790413
XCV17727,0,-4.2838771419991435
XCV17720,0,-30.923395594126035
XCV17719,0,-29.239336367226457
XCV17718,0,-29.239336367226457
XCV17704,0,-31.31218728627359
XCV17703,0,-31.31218728627359
XCV17701,0,-6.846972187384726
XCV17696,0,-5.557639731564504
XCV17693,0,-6.846972187384726
XCV17692,0,-5.557639731564504
XCV17691,0,-5.557639731564504
XCV17690,0,-5.527120234520105
XCV17683,0,-30.647787231919263
XCV17682,0,-30.647787231919263
XCV17680,0,-30.647787231919263
XCV17679,0,-7.122139108864878
XCV17677,0,-34.29415376026025
XCV17666,1,3.4513097816506395
XCV17665,1,3.4513097816506395
XCV17664,0,-2.3748629000648585
XCV17660,0,-6.286456408719932
XCV17659,1,3.566847622351645
XCV17658,1,4.925573133598579
XCV17657,1,3.566847622351645
XCV17656,1,4.925573133598579
XCV17652,0,-35.17731123776973
XCV17649,0,-6.643411925702829
XCV17644,0,-2.3748629000648585
XCV17643,0,-2.3748629000648585
XCV17642,0,-6.286456408719932
XCV17641,0,-6.286456408719932
XCV17639,0,-35.17731123776973
XCV17637,0,-6.643411925702829
XCV17635,0,-35.17731123776973
XCV17632,0,-7.903230240527657
XCV17629,0,-7.903230240527657
XCV17626,0,-37.62503397190179
XCV17624,0,-37.62503397190179
XCV17623,0,-37.62503397190179
XCV17622,0,-7.903230240527657
XCV17621,0,-3.7040646749981576
XCV17620,0,-3.7040646749981576
XCV17618,0,-7.903230240527657
XCV17616,0,-7.903230240527657
XCV17615,0,-7.903230240527657
XCV17612,0,-36.17690918663621
XCV17610,0,-7.903230240527657
XCV17609,0,-7.903230240527657
XCV17608,0,-15.91162421136439
XCV17605,0,-15.91162421136439
XCV17598,0,-16.421191848500843
XCV17594,0,-37.62503397190179
XCV17591,0,-37.0560003177445
XCV17590,0,-21.896615358794204
XCV17588,0,-16.026969900576326
XCV17587,0,-7.460508591523638
XCV17583,0,-6.802999711320155
XCV17582,0,-6.916979815272146
XCV17579,0,-7.728323549742125
XCV17577,0,-6.809841203944888
XCV17576,0,-31.59206490234031
XCV17575,0,-17.589953553211046
XCV17574,0,-25.36176394892997
XCV17573,0,-18.284410093616067
XCV17572,0,-33.21097430940077
XCV17571,0,-17.598201381699003
XCV17569,0,-31.19988613784528
XCV17566,0,-17.92055442886345
XCV17564,0,-5.698138868730477
XCV17563,0,-32.818535835386534
XCV17562,0,-4.207689669554391
XCV17560,0,-2.6618617500830606
XCV17559,0,-32.052727138186526
XCV17557,0,-2.050673844094643
XCV17556,0,-2.050673844094643
XCV17555,0,-31.59206490234031
XCV17554,0,-4.207689669554391
XCV17553,0,-2.050673844094643
XCV17552,0,-2.818719888380649
XCV17551,0,-32.052727138186526
XCV17549,0,-2.818719888380649
XCV17543,0,-2.9514231948130547
XCV17542,0,-2.9514231948130547
XCV17541,0,-29.642917328570505
XCV17538,0,-30.93000632700789
XCV17537,0,-1.9857908394981205
XCV17536,0,-1.9857908394981205
XCV17533,0,-2.9514231948130547
XCV17532,0,-1.9857908394981205
QDH26117,0,-18.217646601227962
QDH12016,0,-14.05769167476361
XCB11815,1,4.6878138400094755
XCB11814,1,4.6878138400094755
XCB07764,0,-8.20667505742906
XBA05588,0,-4.317615137973998
XBA05456,0,-15.057558512281805
WZE57314,0,-5.044746840919148
WZE57303,0,-5.044746840919148
WZE57281,0,-8.418512978709247
WZE57270,0,-8.418512978709247
WZE57259,0,-5.607629634496943
WZE57248,0,-7.621089751947778
WZE57237,0,-4.906343845046138
WZE57226,0,-4.339152137829078
WZE57204,0,-5.607629634496943
WZE57171,0,-0.6163599492761875
WZE57160,0,0.19414215379038424
WZE57149,0,-5.607629634496943
WZE57127,0,-5.290451419753149
WZE57116,0,-9.868751248526362
WZE57105,0,-5.607629634496943
WZE57094,0,-5.319758206389164
WZE57072,0,-5.813224376993147
WZE57061,0,-5.607629634496943
WZE57050,0,-5.813224376993147
WZE57039,0,-5.363387359516665
WZE57028,0,-5.319758206389164
WZE57017,0,-6.689699412928901
WZE56995,0,-5.518628029839954
WZE56986,0,-5.290451419753149
WZE56975,0,-5.556286186076704
WZE56964,0,-5.813224376993147
WZE56953,0,-6.061323198283324
WZE56942,0,-6.061323198283324
WZE56931,0,-6.061323198283324
WZE56920,1,0.682394831072326
WZE56909,0,-6.061323198283324
WZE56887,0,-5.607629634496943
WZE56876,0,-7.0964008249833945
WZE56865,0,-7.0964008249833945
WZE56854,0,-5.607629634496943
WZE56843,0,-5.607629634496943
WZE56832,0,-5.482932698087027
WZE56821,0,-0.10382705795991143
WZE56810,0,-1.49574383154674
WZE56777,1,1.6196084971176212
WZE56755,0,-8.41384826015479
WZE56733,0,-1.3106658177625707
WZE56722,0,-1.3106658177625707
WZE56700,0,-5.973152793016212
WZE56689,0,-6.04019059991265
WZE56678,0,-5.290451419753149
WZE56667,0,-5.24050795841077
WZE56645,0,-5.191688458906491
WZE56634,0,-7.691079510433939
WZE56612,0,-5.328955294152969
WZE56601,0,-5.0145235692047185
WZE56590,0,-5.813224376993147
WZE56579,0,-5.813224376993147
WZE56568,0,-6.754678237603945
WZE56557,0,-6.061323198283324
WZE56546,0,-5.290451419753149
WZE56534,1,1.891340125716626
WZE56524,0,-6.330019586265323
WZE56502,1,1.9669300423474176
WZE56480,0,-4.226482325066058
WZE56458,1,1.891340125716626
WZE56436,0,-5.10033416890812
WZE56425,0,-5.10033416890812
WZE56403,0,-5.813224376993147
WZE56383,0,-4.9378211049056695
WZE56361,0,-5.044746840919148
WZE56339,0,-8.468923463201769
WZE56328,0,-2.3966898718000245
WZE56317,0,-5.319758206389164
WZE56306,0,-5.319758206389164
WZE56295,0,-5.813224376993147
WZE56284,0,-4.226482325066058
WZE56273,0,-5.046319475084175
WZE56262,0,-5.1949877208532165
WZE56251,0,-2.8140023317903378
WZE56240,0,-6.581159904006752
WZE56229,0,-5.813224376993147
WZE56218,0,-5.813224376993147
WZE56199,0,-4.226482325066058
WZE56188,0,-5.607629634496943
WZE56155,0,-1.8319904620735556
WZE56133,0,-5.044746840919148
WZE56122,0,-5.8511672696064645
WZE56111,0,-2.9954476186447714
WZE56100,0,-4.67226658549626
WZE56089,0,-2.911249483704122
WZE56078,0,-5.132513047063151
WZE56067,0,-5.132513047063151
WZE56056,0,-4.274139210542122
WZE56045,0,-4.407251146259332
WZE56034,0,-5.290451419753149
WZE56023,0,-6.061323198283324
WZE56012,1,1.6196084971176212
WZE56001,0,-5.422874274690249
WZE55990,1,1.891340125716626
WZE55979,1,1.891340125716626
WZE55968,0,-5.422874274690249
WZE55926,0,-4.893296113934008
WZE55915,0,-4.893296113934008
WZE55904,0,-5.813224376993147
WZE55893,0,-5.813224376993147
WZE55838,0,-5.813224376993147
WZE55827,0,-5.607629634496943
WZE55816,0,-5.607629634496943
WZE55805,0,-5.749991634335031
WZE55794,0,-5.607629634496943
WZE55783,0,-5.607629634496943
WZE55772,0,-5.290451419753149
WZE55761,0,-6.061323198283324
WZE55750,1,1.891340125716626
WZE55717,0,-5.290451419753149
WZE55706,0,-3.6926382868515013
WZE55662,0,-2.766801876761999
WZE55651,0,-6.689699412928901
WZE55640,0,-5.607629634496943
WZE55607,0,-5.720698512224777
WZE55596,0,-5.720698512224777
WZE55585,0,-5.290451419753149
WZE55574,0,-5.290451419753149
WZE55552,0,-5.40666448324613
WZE55541,0,-4.407251146259332
WZE55530,1,1.891340125716626
WZE55519,0,-5.607629634496943
WZE55508,0,-1.4078606297837126
WZE55497,0,-1.4078606297837126
WZE55475,0,-4.226482325066058
WZE55464,0,-3.9003341457032974
WZE55453,0,-5.290451419753149
WZE55442,0,-5.290451419753149
WZE55431,0,-5.697848947096674
WZE55420,0,-5.697848947096674
WZE55409,0,-6.28878366916528
WZE55387,0,-5.813224376993147
WZE55376,0,-5.813224376993147
WZE55365,0,-5.813224376993147
WZE55354,0,-6.216501816454841
WZE55343,0,-6.216501816454841
WZE55332,0,-2.6777064077605672
WZE55310,0,-4.226482325066058
WZE55299,0,-4.226482325066058
WZE55277,0,-5.319758206389164
WZE55266,0,-1.3106658177625707
WZE55244,0,-3.9392731646925387
WZE55233,0,-5.607629634496943
WZE55222,0,-6.689699412928901
WZE55200,0,-6.726740121634393
WZE55167,0,-9.198671719673957
WZE55156,0,-7.493336155582085
WZE55145,0,-1.4539601114404928
WZE55134,0,-5.607629634496943
WZE55112,0,-6.540951232249347
WZE55101,0,-5.886218626558701
WZE55090,0,-5.194987720853214
WZE55079,0,-5.290451419753139
WZE55057,0,-1.642162254559146
WZE55035,0,-37.27360718754367
WZE55024,0,-5.192389681384309
WZE55013,0,-3.347828370513543
WZE54991,0,-5.963771193871633
WZE54981,0,-5.607629634496943
WZE54959,0,-5.607629634496943
WZE54948,0,-5.290451419753149
WZE54937,1,0.682394831072326
WZE54926,0,-4.117731753660504
WZE54915,0,-1.3106658177625707
WZE54904,0,-5.607629634496943
WZE54893,0,-8.073039663026444
WZE54871,0,-5.813224376993147
WZE54838,0,-6.88722495812425
WZE54805,0,-5.290451419753149
WZE54794,0,-1.4907685266356427
WZE54783,0,-5.290451419753149
WZE54772,0,-6.061323198283324
WZE54765,0,-5.813224376993147
WZE54755,0,-5.402398330499443
WZE54745,0,-5.363387359516665
WZE54727,0,-8.073039663026444
WZE54717,0,-6.381713295600813
WZE54707,0,-5.817396001226333
WZE54697,0,-5.319758206389164
WZE54679,0,-6.330019586265323
WZE54663,0,-6.061323198283324
WZE54653,0,-6.488504248427303
WZE54643,0,-2.2690026125423977
WZE54635,0,-5.607629634496943
WZE54617,0,-9.198671719673957
WZE54597,0,-5.607629634496943
WZE54578,1,0.896435641422773
WZE54558,0,-1.8319904620735556
WZE54548,0,-5.044746840919148
WZE54530,0,-5.850702503066436
WZE54521,0,-5.476955329731702
WZE54511,0,-4.226482325066058
WZD33219,0,-6.061323198283324
UDV76342,0,-21.164967598486218
UDV76341,0,-12.71695744159058
UDV76340,0,-17.018375372467247
UDV76339,0,-16.336245335692492
UDV76338,0,-14.429125641081118
WVR18237,0,-28.259228530048496
QIB02447,0,-22.172632400735267
WPN07623,1,4.6878138400094755
WPN07622,1,6.186210123958713
WPN07620,1,0.864506732627099
WHO43055,0,-5.109033072674466
WHO43018,0,-4.906343845046138
WFH86284,0,-5.399870974803372
WFH86237,0,-0.894848145780454
WFH86214,0,-4.906343845046138
WFH86131,0,-6.331884992558523
WFH86120,0,-0.894848145780454
WFH86049,0,-6.060766953015729
WFH85954,0,-4.906343845046138
WFH85931,0,-6.331884992558523
WFH85897,0,-4.906343845046138
WFH85874,0,-7.017391508919474
WFH85851,0,-4.906343845046138
WFH85828,0,-5.112598076156157
WFH85781,0,-0.894848145780454
WFH85710,0,-4.873561175918815
WFH85699,0,-5.607629634496943
WFH85688,0,-0.894848145780454
WFH85665,0,-5.607629634496943
WFH85654,0,-5.607629634496943
WFH85643,0,-0.894848145780454
WFH85621,0,-5.768130618888545
WFH85610,0,-5.929491845042085
WFH85599,0,-5.929491845042085
WFH85438,0,-6.503066271035077
WFH85436,0,-5.607629634496943
WFH85435,0,-2.489125082231382
WFH85357,0,-4.906343845046138
WFH85356,1,0.8962543366907116
WFH85311,0,-5.367322612425576
WFH85310,0,-5.695757962440375
WFH85181,0,-2.1215694648900936
WFH85180,0,-6.070078125898338
WFH85179,0,-1.1878594205205815
WFH85178,0,-4.906343845046138
WFH85111,0,-3.05590720302504
WFH85110,0,-5.607629634496943
WFH85107,0,-4.906343845046138
WFH84988,0,-5.768130618888545
WBG53452,0,-18.509892276355693
WES70816,0,-5.607629634496943
WDK38115,0,-5.644339665269344
WDK38110,0,-6.353042439978221
WBS16660,1,2.5350518132939506
WBS16659,0,-32.11499763225362
WBS16658,0,-0.894848145780454
WBS16656,0,-0.894848145780454
WBS16655,0,-0.894848145780454
WBS16654,0,-0.894848145780454
WBS16653,0,-0.5024523278693849
WBP78002,1,4.6878138400094755
WBP78001,1,4.6878138400094755
WBP77999,1,4.118138067979814
WBP77998,1,0.864506732627099
WBP77995,1,3.0981503211778403
WBP77994,1,5.836426823813049
WBP77993,1,7.545874668251074
WBP77991,1,4.340942042447939
WBP77990,1,5.6921738002374695
WBP77989,1,4.087752125936483
WBP77985,1,7.01809466548967
WBP77982,1,3.853298449861402
WBP77981,1,4.6878138400094755
WBP77979,1,4.6878138400094755
WBP77978,1,4.6878138400094755
WBP77977,1,6.186210123958713
WBP77976,1,4.118138067979814
WBP77975,1,0.864506732627099
WBP77974,1,3.3496199425825033
WBP77973,1,6.335397618055374
WBP77972,1,3.0981503211778403
WBP77971,1,5.688801850257214
WBP77969,1,3.5404758151531475
WBP77967,1,5.796563431962241
WBP77965,1,3.5145814781150335
WBP77964,1,3.728313626999743
WBP77963,1,6.88709638545053
WBP77962,1,7.01809466548967
WBP77961,1,6.662065073960836
WBP77959,1,3.853298449861402
WBP77958,1,4.6878138400094755
WBP77957,1,10.002351020124294
WBP77956,1,4.6878138400094755
WBP77955,1,4.6878138400094755
WBP77954,1,6.186210123958713
WBP77952,1,0.864506732627099
WBG96000,0,-0.505009756287361
WBG95998,1,3.930963793958938
WBG95997,0,-2.165724579516585
WBG95994,0,-0.3996735987343154
WBG95993,1,2.473987827488477
WBG95992,0,-4.494658464990458
WBG95988,0,-1.7476946060984773
WBG95981,0,-12.851051030165747
WBG95980,1,1.1448375060688303
WBG95972,0,-1.366212673562229
WBG95967,1,0.20729271333363997
WBG95961,1,1.1224883207814589
WBG95958,0,-2.021787784872929
WBG95954,0,-2.870466214227836
WBG95946,1,0.9319348777816074
WBG95944,0,-5.597631770611114
WBG95937,1,1.2999146329643327
WBG95931,1,2.5037494225908485
WBG95930,1,1.7730458057069995
WBG95928,0,-4.27270287117002
WBG95925,1,1.8727359086931585
WBG95924,0,-3.303535300953371
WBG95919,1,1.5357470230312114
WBG95916,1,2.3128369532004207
WBG95909,0,-0.2448108332920107
WBG95897,0,-4.702593937538763
WBG95890,1,3.770611690317722
WBG95886,0,-1.7750316181592733
WBG95883,1,-0.00875820933534932
WBG95878,1,1.1746157446078769
WBG95873,1,3.8502415946933333
WBG95871,0,-0.020027322957425042
WBG95860,1,-0.2148262769625049
WBG95858,0,-0.2938113072777746
WBG95855,1,-0.27411929452481587
WBG95851,1,0.009282175257769865
WBG95847,0,-0.11063668679251037
WBG95842,0,-2.352520509770615
WBG95834,1,2.473987827488477
WBG95832,0,-3.144803765735796
WBG95831,1,1.2124934951833364
WBG95823,1,0.670313662558943
WBG95820,0,-4.3419184757937614
WBG95811,0,-1.0897025313642352
WBG95809,0,-2.2149767377451326
WBG95808,0,-3.1409673391525086
WBG95804,0,-2.165724579516585
WBG95797,1,3.896548394204352
WBG95796,1,0.8454394023697063
WBG95794,0,-11.214261537382164
WBG95789,0,-2.1140497953124857
WBG95783,0,-1.981004364215023
WBG95780,0,-0.20838183258004506
WBG95778,0,-4.312843878158658
WBG95772,0,-2.165724579516585
WBG95769,0,1.44258796480905
WBG95763,0,-2.2595122335441875
WBG95761,0,-0.4443426818810412
WBG95759,0,-1.981004364215023
WBG95754,1,1.1746157446078769
WBG95748,1,0.9164842692589268
WBG95746,0,-0.2938113072777746
WBG95734,0,0.912913770645412
WBG95733,1,3.0616358416257885
WBG95726,1,0.7375096743615188
WBG95721,1,5.00765510060376
WBG95717,0,-1.981004364215023
WBG95716,0,-3.191473350188499
WBG95715,1,2.5037494225908485
WBG95712,1,1.1746157446078769
WBG95711,1,3.330280554049896
WBG95709,0,-0.33593914350116094
WBG95691,1,3.4513097816506395
WBG95679,1,2.475361175540799
WBG95675,0,-1.0811539747848595
WBG95670,0,-3.1409673391525086
WBG95669,0,-3.204057041223285
WBG95665,0,-0.16015594686915868
WBG95663,1,2.200078107064236
WBG95656,0,-3.2363850681939645
WBG95654,0,1.541548495065582
WBG95649,0,-0.2630276718679241
WBG95643,1,2.2038110968437667
WBG95639,0,-13.709600812005046
WBG95637,1,1.1492710553967136
WBG95630,0,-1.4876241919986235
WBG95622,1,1.1746157446078769
WBG95620,0,-2.831805893682395
WBG95615,0,0.08323811452705243
WBG95608,1,0.8967118124774274
WBG95607,0,-0.8231711991291917
WBG95606,0,-6.391740531385514
WBG95605,0,-8.76452523846035
WBG95604,1,5.949324524482989
WBG95586,0,-0.6152838706776862
WBG95574,0,-3.144803765735796
WBG95572,1,0.19965284378845638
WBG95558,1,-0.7309815581600283
WBG95553,1,0.9721083270133271
WBG95549,1,1.9262904010001076
WBG95538,0,-2.165724579516585
WBG95535,1,0.5421830466650803
WBG95522,0,-0.05240063344670354
WBG95520,0,-1.2251357925685014
UXC94675,1,5.6921738002374695
UXC94674,1,3.736333532547569
UXC94673,1,6.466107730573796
UXC94672,1,3.32099709321416
UXC94670,1,2.262582144040147
UXC94669,1,5.442034451513592
UXC94667,1,3.6306046791821025
UXC94666,1,3.3702195533797124
UXC94665,1,3.6941027268057027
UXC94661,1,9.419566451769093
UXC94660,1,4.087752125936483
UXC94658,0,-2.7653478508931766
UXC94657,1,4.6878138400094755
UXC94656,1,6.018570294487226
UXC94655,1,4.6878138400094755
UWY17006,1,7.091241622083643
UWY17005,1,3.8266120091241618
UWY17004,0,1.140440401556699
UWY17003,1,9.419566451769093
UWY17002,1,6.683264776613182
UWY16824,1,3.3496199425825033
UWY16823,1,6.335397618055374
UWY16821,1,5.836426823813049
UWY16818,1,4.340942042447939
UWY16817,1,5.6921738002374695
UWY16816,1,4.087752125936483
UWY16815,1,3.5145814781150335
UWY16813,1,6.88709638545053
UWY16812,1,7.01809466548967
UWY16811,1,6.662065073960836
UWY16810,1,5.869288210666884
UWY16809,1,3.853298449861402
UWY16807,1,10.002351020124294
UWY16806,1,4.6878138400094755
UWY16805,1,4.6878138400094755
UWY16804,1,6.186210123958713
UWW34154,1,1.7006980495557382
UWW34153,1,1.5198026027365987
UWW34151,1,3.1350877625260463
UWW34150,1,7.42747096547728
UWW34148,1,5.849038662233941
UWW34147,1,2.942654351870802
UWW34145,1,4.340959388221933
UWW34143,1,3.5990612289561206
UWW34142,1,4.6878138400094755
UWW34141,1,4.563332652594529
UWW34139,1,3.5990612289561206
UWW34138,1,4.6878138400094755
UWW34137,1,4.563332652594529
UWW34136,1,4.6878138400094755
UWV31774,0,-9.718954349006363
UWV31773,0,-8.522534787439001
UWV31772,0,-8.638262698626564
UWV31770,0,-6.0941670842087845
UWV31769,0,-1.9729419262856673
UWV31767,0,-2.566397068566449
UWV31762,0,-8.963158667374609
UWV31761,0,-4.0874320723216435
UWV31760,0,-5.147416784966314
USO97900,0,-16.058262423808316
USO97049,0,-5.388898952960147
USO97036,0,-9.524646707206754
UEF70281,0,-17.869975957478736
ALP01920,0,-8.206889695773368
ALJ54615,0,-1.9469774504182347
QPQ50099,0,-17.355910915481243
QPQ50087,0,-29.746503062929293
QPQ50076,1,2.9389582392115496
QPQ50065,0,-38.7503029998604
QPQ50007,0,-16.793396212034764
QPQ49984,0,-21.108267838396664
QPQ49972,0,-25.794818067049047
QPQ49948,0,-40.10388603103812
QPQ49936,0,-27.51260315887434
QPQ49935,0,-20.451260352294184
QPQ49934,0,-21.7592202568883
QPQ49933,0,-25.87040571087504
QPQ49932,0,-43.43530680077115
QPQ49931,0,-28.551217612264416
QPQ49930,0,-16.793396212034764
QPQ49929,0,-16.09490902815706
QPQ49928,0,-16.033742574030395
QPQ49927,0,-39.910509651128095
QPQ49926,0,-22.74282964783177
QPQ49925,0,-29.18114120079105
QPQ49924,0,-27.96856660901087
QPQ49923,0,-37.43123421364635
QPQ49921,0,-20.950570226095717
QPQ49920,0,-16.88265051359474
QPQ49919,0,-42.788458389179816
QPQ49918,0,-21.936752832399698
QPQ49917,0,-29.83977861065845
QPQ49914,0,-46.949691792804316
QPQ49913,0,-38.34784418094223
QPQ49911,0,-14.849352482766431
QPQ49909,0,-28.312701696766013
QPQ49908,0,-22.18564150141038
QPQ49906,0,-27.65124710475861
QPQ49905,0,-27.65124710475861
QPQ49904,0,-40.14685581122237
QPQ49901,0,-18.665278151470147
QPQ49900,0,-13.753061671865968
QPQ49898,0,-17.66044929676361
QPQ49874,0,-46.252013740020026
BAI83396,0,-21.273178286347143
BAI83395,0,-22.809843962226275
QOL72033,0,-19.895662743126817
QOL24301,0,-19.096567103629987
AXO64440,0,-19.239031511847376
QNH89147,0,-5.961283842266461
QNH89071,0,-23.58504010964856
QNH89049,0,-23.3129237894266
QNH89038,0,-25.28258280136498
QNH89018,0,-23.3129237894266
QNH88998,0,-20.91817015640158
QNH88987,0,-23.3129237894266
QNH88976,0,-23.3129237894266
QNH88965,0,-23.3129237894266
QNH88867,0,-24.11918626008685
QNH88858,0,-24.11918626008685
QNH88847,0,-24.11918626008685
QNH88815,0,-24.11918626008685
QNH88804,0,-24.11918626008685
QNH88795,0,-24.11918626008685
QNH88775,0,-24.11918626008685
QNH88763,0,-24.11918626008685
QNH88754,0,-24.11918626008685
QNH88734,0,-24.11918626008685
QNH88705,0,-24.11918626008685
QNH88694,0,-24.230760914268707
QNH88683,0,-24.230760914268707
QKS74596,0,-19.29778578644133
QKX08576,0,-5.369568715935827
QKX08606,1,2.088281553724123
QKX08605,1,1.5702657685121455
QKX08598,0,-3.851047007063471
QKX08603,1,2.0281843026566495
QKX08587,0,-4.304549843677091
QKX08588,1,-1.1717464816322316
QKX08586,0,-9.450377772413713
QKX08584,0,-0.20586230356631674
QKX08582,1,2.631967667863563
QKX08580,1,3.0885237474617053
QKX08581,0,-6.920161417732441
QKX08578,1,4.991653410019669
QKX08577,1,2.136564820114387
QKX08574,1,3.627848278897286
QKX08548,1,1.889522665720957
QKX08547,0,-2.9138881279605027
QKX08573,0,-2.0007814941893383
QKX08546,1,1.6011342169725928
QKX08544,0,-6.557371597814054
QKX08532,1,2.873298013713189
QKX08533,1,2.530005871801425
QKX08531,1,2.530005871801425
QKX08530,1,2.8537946775684446
QKX08529,0,-5.706888696445269
QKX08527,0,-6.557371597814054
QKX08525,1,1.8147055526572569
QJI52656,1,1.9494776008741805
QIZ31694,1,0.4725449370259245
QIV14108,1,2.672566313414803
QIQ44212,1,2.5037494225908485
QIA57521,1,4.94445727220219
ATV88318,0,-2.0732030868180207
ATV88317,0,-1.5998679873228419
ATV83578,0,-5.197115808346991
ATJ01981,0,-23.073457688214507
ATJ01980,1,2.48879632668892
ASY92872,0,-13.458844219039989
ASJ81281,0,-16.022967738277536
ASJ81280,0,-20.517370586618487
ASJ81244,0,-16.022967738277536
ASJ81243,0,-28.39498461779022
ASJ81242,0,-20.517370586618487
QFU20133,1,3.15954685895427
BBN23844,0,-1.3314580947480827
BBN23843,0,-28.01511020038535
QEE84129,0,-12.537300038059406
QCG82571,1,2.70945396537752
QBY33566,0,4.715207760782299
QBR98631,0,-2.5249712315026986
QBR98518,0,-129.37401133444368
AYA22049,1,1.3685488929194651
AYA22048,1,3.0953235543029187
AVV64955,1,2.701355571335135
AVV64954,1,4.0901575545177025
AVV64953,1,6.216709970372467
AVV64952,1,4.837794077475454
AVV64951,1,1.802063569154985
AVV64950,1,0.3409590862541627
AVV64949,1,2.914753471927469
AVV64947,1,5.29700471722451
AVV64946,1,1.2645934784313262
AVV64944,1,2.0443692501115827
AVV64943,1,1.120401128469565
AVV64942,0,-1.3762674646608524
AVV64941,0,0.8805176368468466
AXY81023,1,3.1689045033287044
AXY80579,1,3.1689045033287115
AXO64583,0,-21.23267935646839
AXO64514,0,-20.041428511060026
AXO63971,0,-20.70609829896895
AXO63951,0,-20.70609829896895
AXF93468,1,2.547562806487413
AXF93440,1,2.6215083331037263
AXF93428,1,1.8098251747139553
AXF93419,1,0.8748172711362265
AXF93400,1,4.626002831407707
AXF93393,1,2.9056651070087725
AXF93323,1,4.53216258678253
AWZ61198,0,-20.041428511060026
AMQ46551,0,-29.57558139195638
AMQ26450,0,-17.592553634499126
AHN00404,0,-25.49267881243015
AHL78909,0,-23.875093105253235
AHL78795,0,-38.5416015887351
AHL78604,0,-17.35421305218421
AHL78445,0,-38.5416015887351
AHB23130,0,-10.981583570846462
AHB21268,0,-14.34072457806749
AHB21267,0,-1.5273650354951442
AGG83052,0,-19.501393954918253
AGG82865,0,-18.438312322849956
AGG82864,0,-22.412669592925912
AGG82847,0,-18.438312322849956
AGG27468,0,-18.305046170076693
AGG27466,0,-28.27811203777533
AGG26919,0,-44.044415339407095
AGG26918,0,-16.342656158242534
AGG26716,0,-16.684246273684096
AGG26715,0,-16.165711057026222
AGG26666,0,-21.354682348313027
AGG26665,0,-10.918597783750421
AGC73436,0,-33.67992990359712
AGC73435,0,-17.92113893888835
AGC00237,0,-17.709986284070673
AGC00181,0,-17.709986284070673
AGC00169,0,-39.70793112239849
AGC00135,0,-17.709986284070673
AGC00101,0,-39.70793112239849
AGC00100,0,-17.709986284070673
AGC00078,0,-39.70793112239849
AGC00043,0,-17.709986284070673
AGC00021,0,-39.70793112239849
AGB99970,0,-39.66870770866367
AGB99969,0,-17.709986284070673
AGB99934,0,-17.709986284070673
AGB99933,0,-39.66870770866367
AGB99886,0,-39.66870770866367
AGB99840,0,-17.709986284070673
AGB99839,0,-39.66870770866367
AGB99782,0,-17.709986284070673
AGB99781,0,-39.66870770866367
AGB99746,0,-39.70793112239849
AGB99745,0,-17.709986284070673
AFY07178,0,-17.839766184700323
AFY06548,0,-30.781707684273965
AFY05765,0,-19.001333116182693
AFY05764,0,-29.619651320853222
AFJ12407,0,-32.130648950356026
AFJ12406,0,-24.911463178097375
AFH74465,1,0.6636598652506969
AFH74464,0,-8.525991675583668
AET78197,0,-16.342656158242534
AET78196,0,-44.044415339407095
AET77850,0,-20.739944354968152
AET77849,0,-17.74055936290806
AET74493,0,-20.203121256526725
AET74492,0,-17.302425212943348
AEO91594,0,-17.669092555279995
AEM75339,0,-73.80145408593285
AEM75338,0,-21.499855797323768
AEI91999,0,-9.822422746891746
AEI91998,1,0.4490767944611047
AEI91978,0,-13.156242984227685
AEI91977,1,0.44528175399394243
ATE49491,0,-26.69505215571705
ATE49040,0,-2.8819247955697875
ATE48871,0,-2.8819247955697875
ASV62302,0,-3.3052573299728287
AOZ86615,1,2.67556789361473
AOZ86516,1,3.4513097816506395
AOZ86357,1,2.7522557161484382
AOZ86331,1,4.989652060309883
AOZ86247,1,3.4513097816506395
AOZ85573,1,3.4513097816506395
ANE23927,1,1.4286054463514155
AKT07978,0,-2.9569069953590414
ABW23337,0,-36.38083181591661
ASO97503,0,-46.77170441681087
ASO97501,0,-24.443699131643367
ASO97485,0,-14.883590456053891
ASO97483,0,-10.517099124284968
ARQ84253,0,-20.688014893378288
ARQ84252,0,-20.688014893378288
ARQ84251,0,-16.851308790639617
ARQ84249,0,-15.471975548765089
ARQ84245,0,-19.508756154250946
ARQ84243,0,-19.392766148666695
ARQ84239,0,-20.02408033422374
ARQ84237,0,-16.839608825081164
ARQ84235,0,-16.839608825081164
ARQ84234,0,-16.839608825081164
ARQ84233,0,-16.839608825081164
ARQ84232,0,-16.839608825081164
ARQ84231,0,-16.839608825081164
ARQ84228,0,-21.800005248558328
ARQ84227,0,-15.420522481109376
ARQ84226,0,-21.800005248558328
ASB33690,0,-39.58480600021444
ASB32842,0,-7.627373230901386
ASB32833,1,0.16109734626277472
ARX97449,0,-5.736989432501835
ARU07171,0,-9.032150863547146
ARQ86095,1,3.4513097816506395
ARJ63957,0,-5.174884628094583
ARJ63955,0,-15.180409473473294
ARJ63954,0,-17.887660559228515
AQY18739,0,-2.6975319776799065
AQU12413,0,-20.535094502938843
APY25381,0,-36.22234637048742
APW84919,0,-35.373741286209
APG56782,0,-4.097448334205154
ANE37509,0,-37.83009235643041
ANE37492,0,-5.971965972467853
AMU04445,0,-24.66331784032808
AMP44891,0,-32.76004642236259
AMB72621,0,-5.741580005968232
AMA65421,0,-4.8262113180807695
ALX27323,0,-24.680002195489756
ALT19930,0,-31.872449393730033
ALT19823,0,-1.528170250976185
ALR83415,0,-5.365181056428497
ALR83348,0,-5.921600989780302
ALR83338,0,-4.201287799410636
ALP01838,0,-30.295182652674235
AKV57693,0,-7.903230240527657
AKP04496,0,-2.157405532118574
AKH14609,0,-4.614232414649319
AJY54596,1,0.5736008847787986
AJF45788,0,-2.015081905018368
AJF45784,0,-18.06430365075903
AJF45775,0,-15.816475474718075
AJD78008,0,-28.50477208828771
AJD77986,0,-18.73266239767926
AJD77982,0,-16.421191848500843
AIZ70289,0,-13.794188291850997
AIZ70285,0,-33.0087002468431
AIZ70269,0,-48.09970087774965
AIZ70243,0,-14.431218894839681
AIZ70218,0,-31.417887743754726
AIZ70214,0,-13.794188291850997
AIZ70208,0,-7.756267033737432
AIZ70204,0,-16.557892476324255
ARG44523,0,-36.662436518672465
APR73245,1,-0.4616587060334716
APR73243,0,-40.354890570417425
APR73242,0,-25.345196589002395
APR73241,0,0.2221128731193609
APR73239,0,-19.86731862949344
APR73238,0,0.662567774771281
APR73237,0,0.36060715456900105
APR73236,0,-2.8345039132550607
APR73235,1,-0.4616587060334716
APR73234,0,-39.618723691846895
APR73233,0,-46.051581721557284
APQ31976,0,-25.384281071420034
APQ31975,0,-21.475023465932136
APO39357,0,-28.493930383285637
APO39355,0,-17.16135796168147
AAF04721,0,-12.65015814650032
ADX98705,0,-1.5730033442895497
ADW54451,0,-16.68112415158255
ADM73553,0,-9.321706376416689
ADM73552,0,-8.188167342629676
ADM73551,0,-9.06732330351058
ADM73549,0,-10.69358260432854
ADM73548,0,-15.61432886125963
ADM73547,0,-8.202391406429037
ADM73546,0,-9.04963755446289
ADM73545,0,-12.441046852640483
ADM73544,0,-8.202391406429037
ADM73541,0,-8.202391406429037
ADM73540,0,-8.202391406429037
ADM73539,0,-6.138773544609997
ADM73538,0,-8.202391406429037
ADM73537,0,-8.752086638422604
ADM73535,0,-6.436053779049018
ADM73534,0,-8.202391406429037
ADM73532,0,-8.202391406429037
ADM73531,0,-8.202391406429037
ADM73530,0,-8.202391406429037
ADM73529,0,-8.737997382987167
ADM73527,0,-8.202391406429037
ADM73526,0,-9.910156714403932
ADM73525,0,-8.202391406429037
ADM73524,0,-9.50128828040901
ADM73522,0,-7.5391565506845595
ADM73521,0,-7.1835151098976056
ADM73520,0,-8.644528814853622
ADM73519,0,-8.283650369631804
ADM73518,0,-7.296242276614194
ADM73517,0,-11.057418898538415
ADM73516,0,-8.752086638422604
ADM73514,0,-9.224711435390752
ADM73513,0,-7.6017394566107015
ADM26518,0,-13.400792367040353
ADM26517,0,-14.09536631430562
ADM26515,0,-13.436506485264525
ADM26514,0,-15.025463572619751
ADM26513,0,-9.278373536186239
ADM26512,0,-10.387388193263321
ADM26510,0,-11.253114933737574
ADM26508,0,-6.225080422245895
ADM26507,0,-7.607780073431391
ADM18099,0,-17.966492538295704
ADM18098,0,-34.82388322452232
ADM18096,0,-20.438374957661047
ADM18094,0,-42.67026550544871
ADM18093,0,-3.6384838723179502
ADM18089,0,-23.793247633831164
ACY67454,0,-24.23358737446959
ACR26757,0,-0.23389613073175397
ACR26754,0,-14.881429932670713
ACR26744,0,-18.65685645944848
ACQ73205,0,-18.84602620643938
ACQ73202,0,-6.33676127899925
ACQ73201,0,-17.58574524757087
ANK57860,0,-14.229309880907064
ANG55912,0,-2.5015217924489352
ANF29079,0,-37.8839955856797
ANF29075,0,-17.34049183008128
AIC64617,0,-0.9347051250066549
AIC64615,0,-2.2550443820008823
AIC64600,0,-5.365947835007777
AKZ42082,0,-19.918443529980685
AKZ41843,0,-18.23404708053421
AJJ98649,0,-14.970617073320586
AJJ98647,0,-15.510686808564753
AJJ98646,0,-16.925239446244937
AJJ98645,0,-18.928831673679056
AJJ98644,0,-16.19789479881521
AJJ98643,0,-14.332205724821627
AJJ98641,0,-18.29745938460571
AJJ98639,0,-18.928831673679056
AJJ98638,0,-21.623182798095463
AJJ98636,0,-16.333540855988147
AHZ41463,0,-4.638239544726744
ALE66682,0,-3.9845948450280737
ALD19393,0,-27.87010438363142
AKM15195,0,-0.1284246948226322
AKM15194,0,-31.228894812133618
AKM15189,0,-29.56872360552006
AKM15186,1,0.614870638978303
ALA50332,0,-18.840492290860087
AKL90745,0,-30.218133667852282
AKJ84209,0,-35.166112839478835
AGB13105,0,-1.66874045999705
AGB13082,1,-0.31310198738007244
BAQ19486,0,-11.502735395601043
BAQ19476,0,-17.087305492542264
BAQ19466,0,-17.087305492542264
BAQ19456,0,-19.978875390128643
BAQ19446,0,-9.754698928426164
BAQ19436,0,-0.8943948786410019
BAQ19426,0,-0.7265143236057838
BAQ19416,0,-0.26105643449839633
BAQ19406,0,-16.818079353711635
BAQ19396,0,-2.457808395177018
BAQ19386,0,-1.7509600809997075
AIX94903,0,-21.24987132327307
AIT38426,0,-46.93980965648079
AIT38419,0,-27.50477221558768
AIA62021,0,-21.638946470787396
AIA62010,0,-19.48023194777401
AIA61999,0,-18.323537020560764
AIA61989,0,-20.23059088180447
AIA61978,0,-10.922482332467986
AIA61967,0,-23.156327672988628
AIA61945,0,-17.78408396096053
AIQ77764,0,-19.318964771556235
AIQ77756,0,-19.318964771556235
AIO11735,0,-17.29244668770596
AIO11726,1,-1.8575877904269227
AIO11695,0,-3.4850288118818664
AIO11686,0,-17.18500851750077
AIN25596,1,-1.3941293436723505
AIN25586,1,0.13134696005168678
AIN25566,0,-1.8575877904269227
AIN25541,1,0.5736008847787986
AII31203,0,-20.652567892321542
AIE53446,0,-2.672251733311688
AIE52177,0,-28.23445279214323
AIE52173,0,-12.779813617534526
AHK10692,0,-4.688004611332346
AHK10659,0,-4.688004611332346
AHI43444,0,-23.056561656600895
AHI43440,0,-32.985437825416554
AHZ65653,0,-4.664722168705648
AHY95057,0,-34.9737700667958
AHY95053,0,-29.041461375318196
AHM98831,0,-0.5357154728594438
AHW46689,0,-40.793407912770775
AHW46685,0,-15.958252070150053
AHW46664,0,-35.25972651821001
AHW46564,0,-35.543405161915125
AHM24129,0,-4.830382261614375
AHL21547,0,-18.72739287534445
AHL21470,0,-33.95616408808914
AHK10688,0,-26.283294623935124
AHK10681,0,-4.830382261614375
AHK10677,0,-15.758828646489295
AHK10663,0,-4.830382261614375
AHI43402,0,-3.6544978721522465
AHI43398,0,-13.355087590682448
AHI43290,0,-15.958252070150053
AHH00822,0,-2.5485558846159737
AHG26656,0,-28.166980892001604
AHG26652,0,-14.380518851090983
AHD25180,0,-15.001322427248311
AHD25163,0,-15.997717595503733
AHD25147,0,-6.478274790933426
AHD25146,0,-15.410745415260054
AHB73608,0,-15.610358863628637
AHB24479,0,-23.40359804299244
AHB52150,0,-6.696696624913075
AHA57102,0,-33.919556104365
AGZ62310,0,-2.930957278001509
AGU69952,0,-3.4248035121682463
AEN69435,0,-0.8944912601418125
AGT41695,0,-4.270780113884941
AGT41690,0,-17.321959824496687
AGO51467,0,-17.709986284070673
AGL51629,0,-15.997717595503733
AFJ76170,0,-71.44651389003464
AFJ76169,1,0.4219358051841091
AFJ76155,0,-1.2771738431732036
AFJ76131,0,0.5210212205745499
AFY09646,1,0.49292959063690134
AFX96359,1,2.8785954030334437
AFX96347,1,0.6636598652506969
AFN69199,0,-26.344455249299415
AFN69198,0,-1.2577164770392404
ADG85249,0,-1.3591703078084265
ADG85245,1,0.4517055861467476
ADG85241,1,0.4517055861467476
ADG85229,1,0.4517055861467476
ADG85225,0,-1.8225220716753636
ADG85221,0,0.26334274983495654
AEX63539,0,-18.1134812138989
AFM78666,0,-0.007655947279857855
AFM46540,0,-13.324853057870818
AFM46539,0,-2.427130200945955
AFJ75615,0,-30.87908047841194
AFJ74819,0,-9.758842407081438
AFJ74780,0,-7.735927357253109
AFJ74779,0,-27.32123177245944
AFJ74761,0,-6.27979805432181
AFJ74743,0,-27.32123177245944
AFJ74727,0,-8.134417478740799
AFJ74695,0,-7.046745279356716
AFJ74674,0,-12.361830053866933
AFJ74673,0,-28.841383094272118
AFJ74654,0,-7.187810743254499
AFJ74634,0,-7.735927357253109
AFJ74560,0,-9.267637010708011
AFJ74559,0,-28.667012870906262
AFJ74546,0,-12.108964476984012
AEQ50015,0,-17.333333868502574
AEQ50005,0,-17.333333868502574
AEQ49985,0,-17.333333868502574
AEO08966,0,-18.0201349296564
AEO08944,0,-17.9126557843407
AET50910,0,-15.44857893566669
ADV69109,0,-40.41002716729788
ADV69108,0,-26.101350366137268
ADV69106,0,-24.2686529536686
ADV69104,0,-39.61072449449479
ADV69103,0,-23.243142197575754
ADV69102,0,-39.42817811364297
ADV69101,0,-38.615105289912314
ADV69100,0,-38.82830357089125
ADV69099,0,-27.527052191937344
ADV69098,0,-26.129452676774942
ADV69095,0,-26.22943004198259
ADV69094,0,-30.916229381747744
ADV69093,0,-26.51353318760055
ADV69091,0,-20.470929567043683
ADV69090,0,-30.51768205964783
ADV69089,0,-37.38358458077194
ADV69088,0,-30.460101487146748
ADV69087,0,-26.092695582586387
ADV69083,0,-23.467772763035583
ADV69082,0,-29.569857644926014
ADV69081,0,-25.11569835488836
ADV69080,0,-42.13083727526569
ADV69079,0,-27.283407016054475
ADV69078,0,-36.17749534829897
ADV69077,0,-24.99154920667007
ADV69076,0,-24.99154920667007
ADV69075,0,-29.531761632588747
ADV69074,0,-33.997847018609335
ADV69073,0,-33.997847018609335
AEH42796,0,-14.630780260058796
AEH42774,0,-16.177194126550425
AEH42752,0,-13.716635459910734
ADU33163,0,-11.535600531845876
BAJ40064,1,1.5719864611800176
BAJ40063,1,0.10750897298139606
BAJ40062,1,2.2894616510483328
BAJ40061,1,0.10750897298139606
BAJ40060,1,0.44528175399394243
BAJ40059,1,2.9058622552207805
BAJ40058,1,1.5719864611800176
BAJ40057,1,1.7754444299687062
BAJ40056,0,-3.829302794726612
BAJ40054,1,0.44528175399394243
BAJ40053,1,2.7708188736287447
BAJ40052,1,0.10810309125169226
BAJ40050,1,0.8206169212281136
BAJ40049,1,2.7708188736287447
BAJ40048,1,2.9058622552207805
BAJ40045,1,0.3802832011788144
BAJ40043,1,1.5719864611800176
BAJ40042,0,-2.0111553118760312
BAJ40041,1,1.5719864611800176
BAJ40039,1,0.6636598652506969
BAJ40038,1,2.184307400286695
BAJ40037,1,1.5719864611800176
BAJ40036,0,-0.645989427992804
BAJ40034,1,2.559720307906799
BAJ40033,0,0.7242443000971779
BAJ40032,1,2.9058622552207805
BAJ40030,0,0.7242443000971779
BAJ40029,1,2.9058622552207805
BAJ40026,0,0.4452817539939389
BAJ40025,1,2.9058622552207787
BAJ40024,1,1.1905591622826464
BAJ40020,0,0.3802832011788144
BAJ40018,0,0.44528175399394243
BAJ40017,1,0.47864525952040715
BAJ40016,1,2.9058622552207805
BAJ40013,1,2.9058622552207805
BAJ40012,1,1.067448652385142
BAJ40011,1,2.9058622552207805
BAJ40010,1,-1.3357179458544675
BAJ40005,0,0.10750897298139606
BAJ40004,0,-0.9593441254724127
BAJ40002,1,0.6636598652506969
BAJ40001,0,1.2123594694569473
BAJ40000,1,2.1778741497644063
BAJ39999,1,2.9058622552207805
BAJ39997,1,2.1271418918152207
BAJ39996,1,0.6636598652506969
BAJ39995,1,2.9058622552207805
BAJ39994,0,2.751214773810153
BAJ39993,1,0.6636598652506969
BAJ39991,1,2.1778741497644063
BAJ39990,1,0.6636598652506969
BAJ39988,1,0.41045183230419724
BAJ39985,1,0.6636598652506969
BAJ39983,1,1.8049793383098383
BAJ39981,0,-0.18195485630408648
BAJ39980,1,1.5719864611800176
BAJ39976,0,-2.089760901557753
BAJ39974,1,0.6636598652506969
BAJ39970,1,0.6636598652506969
BAJ39968,1,-0.012325539539240538
BAJ39967,0,0.6585014906611644
BAJ39966,1,0.6636598652506969
BAJ39964,1,1.5719864611800176
BAJ39963,1,0.6636598652506969
BAJ39962,0,-1.3713891541911831
BAJ39961,1,0.9415745652688905
BAJ39959,0,-2.0717639962440515
BAJ39958,0,0.30188417884984986
BAJ39957,1,1.5719864611800176
BAJ39955,0,-3.431274198493366
BAJ39952,1,1.5719864611800176
BAJ39951,1,0.6255730079246415
BAJ39949,1,4.165605059149161
ACY06462,0,-25.33812424453902
ACY06461,0,-25.82599418034543
ACY06458,0,-13.384521533426879
ACY06457,0,-9.03215266185471
ACY06456,0,-12.562447646353833
ACY06455,0,-12.478401912335755
ACY06454,0,-6.017403597096033
ACY06453,0,-16.097661847971093
ACY06452,0,-16.69531265532287
ACY06449,0,-17.732766235946336
ACY06446,0,-16.198340835139042
ACY06445,0,-16.198340835139042
AAA16879,0,-21.101310291641525
BAI83394,0,-22.824915130134407
BAI83387,0,-5.350565393878135
AAK71687,0,-6.999677042277916
AAF04720,0,-4.163609001935104
ACV90512,0,-28.960501316483963
ACR26759,0,-3.67578435388166
ACR26758,0,-4.920413790801387
ACR26752,0,-10.665362180033238
ACR26750,0,-1.9548285861134218
ACR26749,0,-3.4811618050394646
ACR26747,0,-5.358859967815844
ACR26746,0,-11.903619661015167
ACR26745,0,-17.731263060580964
ACR26743,0,-17.986980426536867
ACR26742,0,-3.259949922498272
ABI96109,0,-34.40713667523573
ABI96107,0,-34.1618680054229
ABI96106,0,-36.838071611909115
ABI96104,0,-38.12849704571944
ABI96103,0,-31.120691699339467
AAA19934,0,-10.10175601719098
ACQ73204,1,-0.4616587060334716
ACF28529,0,-7.9844581925945395
ACF28528,0,-2.075735593515434
ACF28527,0,-5.4231357496616726
ACD37507,0,-31.26122428501447
ACD37430,0,-25.814508590777695
BAA00719,0,-35.606595230969134
BAA00720,0,-10.476823814975047
ABF71860,0,-14.747949928522312
WWZ86435,0,-31.58765400569589
WWZ86424,0,-24.428169993714256
WWZ86408,0,-28.915870108326292
WWZ86384,0,-27.950995534105925
WWZ86360,0,-23.86922889442461
WWZ86348,0,-27.37439332988098
WWZ86162,0,-27.90003209863538
WWZ86148,0,-34.702782173549416
WWZ86136,0,-26.134305934224965
WWZ86124,0,-40.110401236199436
WWZ86106,0,-30.41681255871039
WWZ86094,0,-24.77207541093082
WWZ86068,0,-28.612235698211915
WWZ86043,0,-26.446132464752452
WWZ86030,0,-26.840061382591184
WWZ86015,0,-27.463750067503415
WWZ86003,0,-25.123673328244802
WWZ85977,0,-25.123673328244802
WWZ85964,0,-33.33976661109753
WWZ85952,0,-31.980301122643276
UPI56582,0,-28.295216932613627
UPI56510,0,-31.675328328602752
UPI56498,0,-35.72061147657023
UPI56486,0,-28.47121205003668
YCB20091,0,-9.104169643007952
XYE66472,0,-11.841358523561508
XQE93105,0,-9.4814203213158
XQE92966,0,-11.931734543863008
XPY38374,0,-9.65948309077218
XPY38234,0,-11.321831011442873
XPO56668,0,-8.124381718148708
XPO56656,0,-8.124381718148708
XPO56644,0,-3.3182647128824563
XPO56632,0,-5.695126895321626
XPL72934,0,-11.321831011442873
XPL72922,0,-11.217805435928401
XPL72898,0,-16.025460195193098
XPL72886,0,-16.025460195193098
XPL72862,0,-8.66006118455882
XPL72838,0,-11.217805435928401
XPL72826,0,-8.538598346653831
XPL72802,0,-12.175635215378918
XPL72790,0,-11.321831011442873
XPL72778,0,-11.321831011442873
XPL72766,0,-11.289196047055567
XPL72754,0,-11.289196047055567
XPL72742,0,-15.161103299646783
XPL72730,0,-9.007141794636372
XPL72718,0,-11.321831011442873
XPL72706,0,-12.204399788117009
XPL72646,0,-5.652744850894226
XPL72634,0,-5.652744850894226
XPL72622,0,-11.952250312978743
XPL72610,0,-13.763756716866084
XPL72598,0,-13.763756716866084
XPL72586,0,-13.763756716866084
XPL72574,0,-12.285696103102635
XPL72562,0,-11.878799422295149
XPL72550,0,-8.214210915908055
XPL72526,0,-12.812304865441405
XPL72514,0,-11.928085882708851
XPL72502,0,-11.289196047055567
XPL72490,0,-11.289196047055567
XPL72478,0,-17.40069449530787
XPL72466,0,-11.321831011442873
XPL72442,0,-11.321831011442873
XPL72430,0,-10.382286640294613
XPL72418,0,-17.40069449530787
XPL72406,0,-11.321831011442873
XPL72382,0,-8.601300017417888
XPL72370,0,-10.273999991009587
XPL72358,0,-11.321831011442873
XPL72346,0,-8.601300017417888
XPL72322,0,-11.297717427224056
XPL72310,0,-11.792045320315252
XPL72298,0,-11.295243616102429
XPL72287,0,-11.321831011442873
XPL72275,0,-11.321831011442873
XPL72263,0,-11.321831011442873
XPL72251,0,-11.321831011442873
XPL72239,0,-11.321831011442873
XPL72215,0,-11.321831011442873
XPL72191,0,-15.206906582461501
XPL72167,0,-17.43110308883623
XPL72143,0,-11.297717427224056
XPL72131,0,-12.813103953297219
XPL72107,0,-8.698489916795571
XPL72095,0,-11.321831011442873
XPL72071,0,-10.804942991736276
XPL72059,0,-11.792045320315252
XPL72047,0,-11.29581393155527
XPL72035,0,-11.321831011442873
XPL72011,0,-9.007141794636372
XPL71999,0,-8.698489916795571
XPL71987,0,-11.321831011442873
XPL71975,0,-11.321831011442873
XPL71952,0,-4.11409075605075
XPL71940,0,-9.05869737430609
XPL71928,0,-6.851604873175241
XPL71916,0,-6.851604873175241
XPL71904,0,-11.612019656178825
XPL71868,0,-12.889697213158524
XPL71856,0,-11.321831011442873
XPL71844,0,-10.919333442343857
XPL71829,0,-11.321831011442873
XPL71820,0,-11.781074205863897
XPL71808,0,-11.781074205863897
XPL71796,0,-10.455697787241052
XPL71784,0,-11.792045320315252
XPL71760,0,-14.077331265433058
XPL71748,0,-11.820605601159865
XPL71736,0,-11.820605601159865
XPL71700,0,-15.01704988225248
XPL71688,0,-12.750572081131402
XPL71676,0,-11.321831011442873
XPL71652,0,-17.40069449530787
XPL71640,0,-17.40069449530787
XPL71604,0,-12.204399788117009
XPL71592,0,-10.919333442343857
XPL71580,0,-6.872884908171036
XPL71544,0,-9.007141794636372
XPL71536,0,-9.007141794636372
XPL71524,0,-12.080804219812652
XPL71512,0,-13.443645336896513
XPL71500,0,-10.398716523652254
XPL71476,0,-10.650584831825695
XPL71464,0,-12.044008638396855
XPL71428,0,-11.199015499440245
XPL71416,0,-12.044008638396855
XPL71404,0,-12.044008638396855
XPL71392,0,-10.650584831825695
XPL71380,0,-10.398716523652254
XPL71356,0,-10.650584831825695
XPL71320,0,-15.43002814906103
XPL71308,0,-12.080804219812652
XPL71284,0,-10.919333442343857
XPL71272,0,-10.919333442343857
XPL71260,0,-12.22242018841363
XPL71236,0,-10.40395706787158
XPL71224,0,-10.919333442343857
XPL71212,0,-10.919333442343857
XPL71200,0,-10.919333442343857
XPL71176,0,-11.297717427224056
XPL71152,0,-11.321831011442873
XPL71140,0,-12.907621434615233
XPL71128,0,-12.907621434615233
XPL71116,0,-11.321831011442873
XPL71092,0,-11.321831011442873
XPL71080,0,-11.321831011442873
XPL71068,0,-11.781074205863897
XPL71056,0,-11.321831011442873
XPL71032,0,-10.804942991736276
XPL71020,0,-10.804942991736276
XPL71008,0,-11.133073339732688
XPL70996,0,-11.321831011442873
XPL70984,0,-11.321831011442873
XPL70972,0,-11.321831011442873
XPL70960,0,-11.321831011442873
XPL70948,0,-11.321831011442873
XPL70936,0,-11.321831011442873
XPL70924,0,-12.46053848035814
XPL70912,0,-11.198045410894318
XPL70900,0,-11.321831011442873
XPL70888,0,-11.321831011442873
XPL70876,0,-11.321831011442873
XPL70864,0,-11.321831011442873
XPL70852,0,-11.321831011442873
XPL70840,0,-11.321831011442873
XPL70804,0,-11.792045320315252
XPL70792,0,-11.792045320315252
XPL70756,0,-12.40127852416575
XPL70732,0,-12.40127852416575
XPL70720,0,-10.55328114365001
XPL70708,0,-11.321831011442873
XPL70685,0,-17.10279956905653
XPL70661,0,-10.129592493115886
XPL70649,0,-12.466702034279193
XPL70637,0,-11.902328330064044
XPL70625,0,-10.335953886817908
XPL70613,0,-8.808377124287414
XPL70601,0,-10.8686389478954
XPL70589,0,-12.204399788117009
XPL70577,0,-7.42942057936807
XPL70565,0,-16.88210948609732
XPL70517,0,-11.321831011442873
XPL70505,0,-11.792045320315252
XPL70493,0,-11.750994069527508
XPL70481,0,-11.792045320315252
XPL70469,0,-11.321831011442873
XPL70457,0,-11.321831011442873
XPL70445,0,-11.321831011442873
XPL70433,0,-17.29084282673371
XPL70421,0,-11.321831011442873
XPL70409,0,-11.530301866374689
XPL70397,0,-10.128249021797346
XPL70373,0,-16.349737252672863
XPL70361,0,-11.097113127458076
XPL70349,0,-11.792045320315252
XPL70337,0,-16.349737252672863
XPL70325,0,-15.161103299646783
XPL70301,0,-16.399691622306733
XPL70289,0,-16.349737252672863
XPL70265,0,-16.349737252672863
XPL70241,0,-13.382886400737702
XPL70217,0,-13.382886400737702
XPL70193,0,-11.310703556923613
XPL70181,0,-12.49778220741507
XPL70133,0,-10.765109269129512
XPL70121,0,-10.961562960664956
XPL70109,0,-17.10279956905653
XPL70097,0,-11.214474294614972
XPL70085,0,-12.204399788117009
XPL70073,0,-10.876623879864844
XPL70061,0,-13.382886400737702
XPL70049,0,-10.919333442343857
XPL70037,0,-10.919333442343857
XPL70026,0,-8.649657690876131
XPL70014,0,-17.10279956905653
XPL69990,0,-12.895993700335216
XPL69978,0,-11.66635533933993
XPL69966,0,-10.919333442343857
XPL69954,0,-10.919333442343857
XPL69942,0,-9.76866637271322
XPL69930,0,-10.919333442343857
XPL69906,0,-11.792045320315252
XPL69882,0,-10.018422570095222
XPL69870,0,-10.018422570095222
XPL69846,0,-12.79327321965832
XPL69834,0,-8.670792117074864
XPL69822,0,-12.412105854877911
XPL69774,0,-11.198045410894318
XPL69762,0,-11.321831011442873
XPL69750,0,-11.321831011442873
XPL69714,0,-11.321831011442873
XPL69702,0,-11.321831011442873
XPL69678,0,-11.321831011442873
XPL69666,0,-11.321831011442873
XPL69654,0,-11.321831011442873
XPL69618,0,-11.321831011442873
XPL69582,0,-9.007141794636372
XPL69570,0,-11.295243616102429
XPL69558,0,-11.295243616102429
XPL69546,0,-11.295243616102429
XPL69534,0,-11.295243616102429
XPL69510,0,-11.6141164643277
XPL69474,0,-12.005943485778513
XPL69462,0,-9.695045357263357
XPL69438,0,-9.695045357263357
XPL69426,0,-11.321831011442873
XPL69414,0,-11.321831011442873
XPL69402,0,-11.321831011442873
XPL69354,0,-11.96129695064776
XPL69342,0,-11.321831011442873
XPL69330,0,-11.321831011442873
XPL69306,0,-11.421764475167663
XPL69294,0,-10.02153738749534
XPL69270,0,-11.321831011442873
XPL69234,0,-12.812304865441405
XPL69222,0,-11.321831011442873
XPL69210,0,-16.930547725775224
XPL69198,0,-17.40069449530787
XPL69186,0,-17.10279956905653
XPL69174,0,-8.670792117074864
XPL69162,0,-8.318900122897814
XPL69138,0,-17.40069449530787
XPL69130,0,-12.49778220741507
XPL69114,0,-20.543635820189028
XPL69102,0,-18.881629063096394
XPL69090,0,-9.836924174511939
XPL69078,0,-9.836924174511939
XPL69066,0,-11.394591292626073
XPL69054,0,-17.40069449530787
XPL69042,0,-16.025460195193098
XPL69018,0,-9.59256376721464
XPL69006,0,-4.174093020124609
XPL68994,0,-7.144240317383808
XPL68983,0,-9.827660357256848
XPL68972,0,-11.792045320315252
XPL68960,0,-9.827660357256848
XPL68949,0,-11.792045320315252
XPL68937,0,-12.048315427951874
XPL68865,0,-10.603143009997556
XPL68853,0,-9.827660357256848
XPL68829,0,-11.792045320315252
XPL68817,0,-16.10014596436997
XPL68805,0,-11.792045320315252
XPL68793,0,-11.781074205863897
XPL68781,0,-10.804942991736276
XPL68769,0,-10.250788214089688
XPL68733,0,-10.702979599233508
XPL68721,0,-15.401260228340904
XPL68709,0,-14.303544143963052
XPL68697,0,-11.936981709590166
XPL68685,0,-12.021479234477585
XPL68661,0,-15.004771163667893
XPL68649,0,-11.321831011442873
XPL68625,0,-11.321831011442873
XPL68613,0,-17.10279956905653
XPL68601,0,-11.792045320315252
XPL68589,0,-18.363112268886244
XPL68577,0,-17.10279956905653
XPL68567,0,-11.728167612508308
XPL68556,0,-16.88210948609732
XPL68546,0,-11.321831011442873
XPL68536,0,-10.919333442343857
XPL68526,0,-11.321831011442873
XPL68516,0,-14.31888329697126
XPL68506,0,-7.144240317383808
XPL68498,0,-9.321196710591314
XPL68488,0,-9.321196710591314
XPL68476,0,-10.919333442343857
XPL68466,0,-11.321831011442873
XPL68459,0,-11.321831011442873
XPL68452,0,-11.246170621121303
XPL68442,0,-11.607163085554586
XPL68435,0,-17.10279956905653
XPL68415,0,-11.321831011442873
XPL68404,0,-12.223117236763596
XPL68385,0,-15.237092615732173
XPL68375,0,-11.217805435928401
XPL68353,0,-18.881629063096394
XPL68344,0,-13.443645336896513
XPL68334,0,-11.781074205863897
XPL68324,0,-10.273999991009587
XPL68315,0,-11.321831011442873
XPL68309,0,-10.242810095697044
XPL68300,0,-12.812304865441405
XPL68272,0,-10.650584831825695
XPL68265,0,-10.765109269129512
XOD40155,0,-28.634371512112132
XNM01050,0,-31.10092674961777
XNM00869,0,-30.166356897370946
XNM00820,0,-30.166356897370946
XNM00791,0,-30.166356897370946
XNM00781,0,-30.166356897370946
XMQ97291,0,-30.166356897370946
XMQ97200,0,-30.514775026483115
XMQ95356,0,-30.166356897370946
XMQ95228,0,-30.166356897370946
XMQ94971,0,-30.514775026483115
XCX90934,0,-24.27773511566884
XCV14090,0,-19.508060994614674
XCV14058,0,-32.551805758990746
XCV14073,0,-29.37515715939387
XCV14041,0,-19.189048042668848
XCV14057,0,-29.352419702874432
XCV14035,0,-31.976998326398743
XCV13979,0,-19.189048042668848
XCV13984,0,-29.0758551925349
XCV13951,0,-23.555639206520596
XCV13931,0,-29.075855192534902
XCV13935,0,-27.890471231589586
XCV13905,0,-29.352419702874435
XCV13923,0,-19.189048042668848
XCV13896,0,-29.352419702874432
XCV13886,0,-27.890471231589583
XCV13871,0,-23.901379046186563
XCV13831,0,-24.27773511566884
WZW45697,0,-28.634371512112132
WZW45509,0,-19.039430096808886
WZW45496,0,-19.039430096808886
WZW45410,0,-28.634371512112132
WZL55743,0,-28.97161854943497
WZL55700,0,-28.46682924735062
WZL55697,0,-18.621046020789542
WZL55649,0,-29.160770487198597
WZL55637,0,-19.285410944522308
WZL55565,0,-28.591913089549127
WZL55546,0,-18.558728853346928
WZL55539,0,-18.558728853346928
WZL55524,0,-21.624716347910805
WZL55478,0,-24.27773511566884
WZL55455,0,-29.13258067000841
WZL55438,0,-23.390168379810774
WZL55414,0,-27.890471231589583
WZL55409,0,-28.634371512112132
WZL55354,0,-28.591913089549127
WZL55348,0,-29.196927017889294
WZL55333,0,-28.634371512112132
WZL55296,0,-29.352419702874432
WZL55279,0,-20.6166097998885
WZL55255,0,-27.604010554689218
WZL55236,0,-28.45834813253545
WZL55221,0,-29.352419702874432
WZL55199,0,-27.6373930816162
WZL55195,0,-29.0758551925349
WZL55171,0,-29.352419702874432
WZL55127,0,-18.621046020789542
WZL55117,0,-18.044031230934415
WZL55092,0,-18.621046020789542
WZL55076,0,-19.233908582837834
WZL55074,0,-27.517856550297292
WZL55056,0,-28.591913089549127
WZL55042,0,-29.352419702874432
WZL55038,0,-18.558728853346928
WYD67653,0,-29.352419702874432
XHV22734,0,-14.641961539430262
XHH12998,0,-4.1175200162113175
XHH12986,0,-4.1175200162113175
XHH12984,0,-4.1175200162113175
XHH12962,0,-4.1175200162113175
XHH12960,0,-4.1175200162113175
XHH12948,0,-4.1175200162113175
XHH12936,0,-4.1175200162113175
XHH12888,0,-4.1175200162113175
XFD34695,0,-12.204399788117009
XFD34671,0,-12.204399788117009
XFD34647,0,-12.204399788117009
XFD34635,0,-12.204399788117009
XFD34623,0,-11.217805435928401
XFD34575,0,-17.646430793563283
XFD34551,0,-11.62399379056627
XFD34541,0,-11.62399379056627
XFD34517,0,-11.858374597814784
XFD34493,0,-10.492731405999006
XFD34481,0,-11.62399379056627
XFD34469,0,-11.333834148758319
XFD34457,0,-11.333834148758319
XFD34433,0,-11.871059544823634
XFD34409,0,-16.680901850837135
XFD34397,0,-9.640956028532962
XFD34374,0,-11.62399379056627
XFD34350,0,-14.580318351142383
XFD34328,0,-12.107904245376975
XFD34316,0,-14.568193192367152
XFD34292,0,-11.62399379056627
XFD34256,0,-11.509693268513239
XFD34244,0,-12.204399788117009
XFD34234,0,-12.204399788117009
XFD34222,0,-11.62399379056627
XFD34210,0,-10.659355220857114
XFD34198,0,-10.659355220857114
XFD34186,0,-11.297717427224056
XFD34174,0,-11.297717427224056
XFD34162,0,-11.333834148758319
XFD34138,0,-11.121616832430037
XFD34126,0,-11.333834148758319
XFD34114,0,-13.27211212265259
XFD34092,0,-11.297717427224056
XFD34068,0,-12.166989384072945
XFD34025,0,-11.297717427224056
XFD34003,0,-11.297717427224056
XFD33981,0,-11.297717427224056
XFD33945,0,-11.297717427224056
XFD33921,0,-12.504967140245888
XFD33897,0,-11.871059544823634
XFD33885,0,-11.871059544823634
XFD33861,0,-11.023864941288256
XFD33837,0,-12.166989384072945
XFD33830,0,-13.232316612871589
XFD33813,0,-11.46838624572354
XFD33801,0,-10.322600749118724
XFD33789,0,-11.62399379056627
XFD33765,0,-10.925418038124729
XFD33753,0,-10.925418038124729
XFD33741,0,-14.641961539430262
XFD33717,0,-12.442730081959757
XFD33705,0,-11.297717427224056
XFD33657,0,-14.641961539430262
XFD33633,0,-12.092209042464996
XFD33621,0,-11.808164530320362
XFD33609,0,-11.62399379056627
XFD33597,0,-12.442730081959757
XFD33561,0,-11.62399379056627
XFD33549,0,-12.952227760211457
XFD33537,0,-12.899636211408433
XFD33525,0,-10.67566630166104
XFD33513,0,-12.610750698930799
XFD33453,0,-12.135957749761333
XFD33441,0,-9.774701054735148
XFD33429,0,-12.195297569234791
XFD33417,0,-11.62399379056627
XFD33405,0,-11.297717427224056
XFD33369,0,-8.408282901026862
XFD33357,0,-11.297717427224056
XFD33345,0,-11.62399379056627
XFD33333,0,-9.900227129723742
XFD33321,0,-11.780913462461042
XFD33299,0,-11.73516150267597
XFD33275,0,-10.560352320334676
XFD33263,0,-10.560352320334676
XFD33239,0,-11.183618965920175
XFD33227,0,-11.46838624572354
XFD33203,0,-11.732332230358818
XFD33179,0,-8.670792117074864
XFD33168,0,-12.2402263326355
XFD33156,0,-12.2402263326355
XFD33144,0,-12.2402263326355
XFD33132,0,-12.2402263326355
XFD33120,0,-13.415328148535796
XFD33108,0,-13.415328148535796
XFD33096,0,-12.557509249733858
XFD33084,0,-12.557509249733858
XFD33072,0,-12.557509249733858
XFD33060,0,-12.557509249733858
XFD33024,0,-13.232316612871589
XFD33012,0,-13.232316612871589
XFD33002,0,-13.232316612871589
XFD32990,0,-11.023864941288256
XFD32978,0,-11.023864941288256
XFD32966,0,-11.871059544823634
XFD32930,0,-13.628067711618911
XFD32918,0,-10.802037913900934
XFD32906,0,-10.802037913900934
XFD32894,0,-11.871059544823634
XFD32882,0,-16.242122148637133
XFD32870,0,-11.023864941288256
XFD32858,0,-11.023864941288256
XFD32846,0,-11.46838624572354
XFD32834,0,-11.46838624572354
XFD32822,0,-8.40615986592594
XFD32810,0,-8.40615986592594
XFD32798,0,-12.557509249733858
XFD32787,0,-12.557509249733858
XFD32756,0,-12.265429729393656
XFD32744,0,-14.397706925507835
XFD32732,0,-14.397706925507835
XFD32720,0,-11.871059544823634
XFD32708,0,-11.871059544823634
XFD32698,0,-11.46838624572354
XFD32686,0,-11.46838624572354
XFD32674,0,-10.273999991009587
XFD32662,0,-12.925933359986223
XFD32650,0,-12.700596842476525
XFD32638,0,-11.152237941774722
XFD32614,0,-12.49778220741507
XFD32578,0,-11.62399379056627
XFD32566,0,-11.333834148758319
XFD32554,0,-11.62399379056627
XFD32530,0,-11.46838624572354
XFD32518,0,-11.46838624572354
XFD32506,0,-11.46838624572354
XFD32494,0,-9.734831126543602
XFD32482,0,-15.570697529527468
XFD32470,0,-12.166989384072945
XFD32458,0,-12.166989384072945
XFD32446,0,-12.606213482440769
XFD32434,0,-12.606213482440769
XFD32422,0,-11.297717427224056
XFD32387,0,-11.46838624572354
XFD32351,0,-11.46838624572354
XFD32327,0,-12.080804219812652
XFD32315,0,-12.080804219812652
XFD32291,0,-11.199217103434686
XFD32231,0,-11.46838624572354
XFD32195,0,-16.680901850837135
XFD32183,0,-16.680901850837135
XFD32171,0,-10.071591599477935
XFD32159,0,-10.071591599477935
XFD32123,0,-13.16821350954076
XFD32113,0,-9.658237153551744
XFD32101,0,-9.658237153551744
XFD32089,0,-14.356905941123312
XFD32077,0,-14.356905941123312
XFD32065,0,-9.502346650194305
XFD32041,0,-11.871059544823634
XFD32017,0,-14.385558951236062
XFD31985,0,-14.385558951236062
XFD31973,0,-8.670792117074864
XFD31961,0,-8.670792117074864
XFD31937,0,-10.830377269214186
XFD31925,0,-10.931785411649566
XFD31913,0,-10.931785411649566
XFD31901,0,-13.479117719058596
XFD31889,0,-13.479117719058596
XFD31877,0,-11.46838624572354
XFD31865,0,-14.385558951236062
XFD31853,0,-14.385558951236062
XFD31841,0,-14.641961539430262
XFD31829,0,-14.641961539430262
XFD31817,0,-11.351069531994103
XFD31805,0,-13.01783547986215
XFD31757,0,-11.297717427224056
XFD31745,0,-14.641961539430262
XFD31733,0,-11.62399379056627
XFD31721,0,-12.092209042464996
XFD31697,0,-11.297717427224056
XFD31685,0,-11.297717427224056
XFD31673,0,-7.621264919145995
XFD31661,0,-7.621264919145995
XFD31649,0,-7.621264919145995
XFD31637,0,-12.809815986510879
XFD31625,0,-11.689605577744295
XFD31613,0,-10.451295477336789
XFD31565,0,-11.62399379056627
XFD31553,0,-8.477389365653782
XFD31541,0,-9.868725281726672
XFD31529,0,-12.804077296950918
XFD31517,0,-12.262148868049174
XFD31505,0,-12.262148868049174
XFD31483,0,-13.232316612871589
XFD31471,0,-12.45425490685889
XFD31459,0,-12.45425490685889
XFD31447,0,-13.628067711618911
XFD31436,0,-13.628067711618911
XFD31424,0,-11.46838624572354
XFD31412,0,-11.46838624572354
XFD31388,0,-12.535480316761326
XFD31376,0,-15.732931851602302
XFD31364,0,-15.732931851602302
XFD31352,0,-11.450750104196985
XFD31340,0,-12.955771557283231
XFD31328,0,-10.079261623746559
XFD31316,0,-11.749631479909095
XFD31304,0,-11.871059544823634
XFD31292,0,-11.698530510131661
XFD31268,0,-11.871059544823634
XFD31256,0,-13.50430874807719
XFD31244,0,-13.232316612871589
XFD31232,0,-13.232316612871589
XFD31220,0,-13.232316612871589
XFD31208,0,-12.559515473200003
XFD31184,0,-13.232316612871589
XFD31161,0,-11.871059544823634
XFD31149,0,-11.871059544823634
XFD31137,0,-17.9480870460711
XFD31125,0,-17.9480870460711
XFD31113,0,-11.297717427224056
XFD31101,0,-11.297717427224056
XFD31089,0,-12.382199774666326
XFD31065,0,-12.166989384072945
XFD31053,0,-9.907224350806372
XFD31041,0,-11.333834148758319
XFD31029,0,-12.244621422863954
XFD31017,0,-11.46838624572354
XFD30993,0,-11.050151746609899
XFD30981,0,-12.355683038057979
XFD30969,0,-11.173380241508045
XFD30933,0,-12.204399788117009
XFD30921,0,-12.204399788117009
XFD30909,0,-11.371033562187952
XFD30885,0,-9.543192059182969
XFD30873,0,-9.007141794636372
XFD30861,0,-9.007141794636372
XFD30849,0,-9.980265112596147
XFD30837,0,-11.65109859006259
XFD30825,0,-15.817666084141834
XFD30813,0,-9.007141794636372
XFD30805,0,-14.085373814385179
XFD30777,0,-12.355683038057979
XFD30765,0,-11.123841572452186
XFD30753,0,-11.306806389992413
XFD30729,0,-12.166989384072945
XFD30705,0,-12.204399788117009
XFD30693,0,-12.204399788117009
XFD30681,0,-11.297717427224056
XFD30669,0,-11.297717427224056
XFD30621,0,-11.62399379056627
XFD30609,0,-13.232316612871589
XFD30587,0,-12.509807764308617
XFD30563,0,-11.46838624572354
XFD30551,0,-9.84053383298676
XFD30539,0,-9.84053383298676
XFD30515,0,-9.84053383298676
XFD30503,0,-11.46838624572354
XFD30491,0,-9.84053383298676
XFD30481,0,-9.84053383298676
XFD30469,0,-9.10242733550811
XFD30457,0,-9.84053383298676
XFD30445,0,-9.84053383298676
XFD30433,0,-17.12924454575924
XFD30421,0,-11.46838624572354
XFD30409,0,-13.232316612871589
XFD30373,0,-13.861093960877312
XFD30361,0,-13.232316612871589
XFD30301,0,-11.419610585932901
XFD30277,0,-12.925933359986223
XFD30253,0,-12.925933359986223
XFD30241,0,-11.62399379056627
XFD30229,0,-11.62399379056627
XFD30217,0,-12.166989384072945
XFD30205,0,-12.166989384072945
XFD30193,0,-11.655346475076517
XFD30145,0,-11.62399379056627
XFD30121,0,-12.602956175513789
XFD30109,0,-12.602956175513789
XFD30097,0,-11.252953718963829
XFD30085,0,-11.252953718963829
XFD30049,0,-11.368546109568992
XFD30037,0,-11.368546109568992
XFD30025,0,-11.252953718963829
XFD30013,0,-11.252953718963829
XFD30001,0,-11.401570602683009
XFD29989,0,-11.401570602683009
XFD29977,0,-11.30747761893259
XFD29965,0,-11.30747761893259
XFD29931,0,-11.438053621000961
XFD29872,0,-12.166989384072945
XFD29860,0,-13.829570962340465
XFD29848,0,-13.328452793189793
XFD29836,0,-11.871059544823634
XFD29812,0,-11.62399379056627
XFD29800,0,-12.166989384072945
XFD29788,0,-11.46838624572354
XFD29776,0,-11.46838624572354
XFD29764,0,-9.388851074852962
XFD29728,0,-11.85416189843085
XFD29716,0,-11.297717427224056
XFD29706,0,-11.297717427224056
XFD29694,0,-11.043822977839145
XFD29682,0,-11.043822977839145
XFD29670,0,-12.091874388952549
XFD29658,0,-12.091874388952549
XFD29646,0,-8.670792117074864
XFD29634,0,-8.670792117074864
XFD29622,0,-12.166989384072945
XFD29610,0,-12.166989384072945
XFD29598,0,-9.007141794636372
XFD29574,0,-12.922085145902692
XFD29562,0,-12.04497320722904
XFD29550,0,-12.04497320722904
XFD29538,0,-11.677763405882567
XFD29527,0,-11.677763405882567
XFD29479,0,-14.625335848993068
XFD29467,0,-16.359328001304007
XFD29455,0,-16.359328001304007
XFD29419,0,-11.46838624572354
XFD29407,0,-11.46838624572354
XFD29395,0,-8.601300017417888
XFD29383,0,-8.601300017417888
XFD29347,0,-12.49778220741507
XFD29335,0,-15.480006917677837
XFD29311,0,-11.82722323320519
XFD29299,0,-12.806668808103815
XFD29275,0,-10.919333442343857
XFD29263,0,-10.919333442343857
XFD29251,0,-11.62399379056627
XFD29227,0,-11.871059544823634
XFD29193,0,-11.62399379056627
XFD29181,0,-11.871059544823634
XFD29169,0,-11.871059544823634
XFD29157,0,-11.871059544823634
XFD29145,0,-13.232316612871589
XFD29133,0,-13.232316612871589
XFD29097,0,-11.871059544823634
XFD29073,0,-11.46838624572354
XFD29037,0,-14.641961539430262
XFD29013,0,-12.855711697359485
XFD29001,0,-12.166989384072945
XFD28989,0,-12.166989384072945
XFD28977,0,-11.62399379056627
XFD28965,0,-11.333834148758319
XFD28953,0,-11.333834148758319
XFD28941,0,-12.859035237536265
XFD28929,0,-12.859035237536265
XFD28917,0,-11.333834148758319
XFD28905,0,-11.333834148758319
XFD28893,0,-11.333834148758319
XFD28869,0,-14.220068046302133
XFD28857,0,-10.666609426099363
XFD28845,0,-10.666609426099363
XFD28833,0,-11.38963703820427
XFD28821,0,-11.38963703820427
XFD28809,0,-13.04691321997056
XFD28797,0,-14.199827542647935
XFD28785,0,-14.199827542647935
XFD28761,0,-11.871059544823634
XFD28749,0,-13.04691321997056
XFD28725,0,-11.46838624572354
XFD28701,0,-11.769944062348358
XFD28677,0,-8.211374312282356
XFD28665,0,-12.204399788117009
XFD28653,0,-9.585112200241376
XFD28629,0,-11.46838624572354
XFD28617,0,-11.46838624572354
XFD28605,0,-11.46838624572354
XFD28593,0,-11.46838624572354
XFD28581,0,-9.988323034914062
XFD28570,0,-9.988323034914062
XFD28559,0,-9.595037250469472
XFD28547,0,-9.595037250469472
XFD28535,0,-9.007141794636372
XFD28523,0,-11.62399379056627
XFD28511,0,-11.62399379056627
XFD28499,0,-9.007141794636372
XFD28487,0,-9.007141794636372
XFD28475,0,-9.42159857730633
XFD28451,0,-12.602956175513789
XFD28427,0,-9.42159857730633
XFD28415,0,-16.680901850837135
XFD28403,0,-16.680901850837135
XFD28391,0,-12.166989384072945
XFD28379,0,-12.166989384072945
XFD28367,0,-11.907721638675682
XFD28343,0,-13.232316612871589
XFD28319,0,-12.950453812851059
XFD28307,0,-12.950453812851059
XFD28295,0,-12.166989384072945
XFD28283,0,-12.166989384072945
XFD28271,0,-12.630854869751353
XFD28259,0,-12.630854869751353
XFD28247,0,-11.62399379056627
XFD28237,0,-11.62399379056627
XFD28225,0,-11.62399379056627
XFD28213,0,-11.62399379056627
XFD28201,0,-11.62399379056627
XFD28191,0,-11.62399379056627
XFD28179,0,-13.320266059132948
XFD28167,0,-13.320266059132948
XFD28155,0,-11.62399379056627
XFD28143,0,-11.62399379056627
XFD28131,0,-15.003717669479158
XFD28119,0,-15.003717669479158
XFD28107,0,-15.003717669479158
XFD28095,0,-15.003717669479158
XFD28073,0,-15.003717669479158
XFD28037,0,-9.391474786055383
XFD28025,0,-11.181620242140966
XFD28013,0,-11.181620242140966
XFD28001,0,-11.808164530320362
XFD27989,0,-11.62399379056627
XFD27977,0,-11.808164530320362
XFD27965,0,-9.502346650194305
XFD27941,0,-11.933296789586073
XFD27930,0,-11.933296789586073
XFD27919,0,-12.509091027414385
XFD27907,0,-13.218018156432743
XFD27871,0,-11.62399379056627
XFD27859,0,-11.297717427224056
XFD27847,0,-12.989913582843581
XFD27835,0,-10.931785411649566
XFD27823,0,-12.85514047375377
XFD27787,0,-11.933296789586073
XFD27776,0,-13.717464115396382
XFD27764,0,-12.204399788117009
XFD27728,0,-13.410630885832735
XFD27704,0,-9.235192408664975
XFD27692,0,-9.765440787134118
XFD27680,0,-9.765440787134118
XFD27668,0,-13.232316612871589
XFD27644,0,-16.541423517640904
XFD27632,0,-10.530983828432946
XFD27620,0,-15.530206252728817
XFD27608,0,-15.530206252728817
XFD27596,0,-8.670792117074864
XFD27584,0,-8.670792117074864
XFD27572,0,-8.670792117074864
XFD27560,0,-12.166989384072945
XFD27536,0,-8.211374312282356
XFD27488,0,-14.489922911622706
XFD27452,0,-11.62399379056627
XFD27440,0,-11.62399379056627
XFD27428,0,-8.795633639327557
XFD27416,0,-8.795633639327557
XFD27404,0,-11.62399379056627
XFD27356,0,-11.297717427224056
XFD27344,0,-11.297717427224056
XFD27332,0,-12.092209042464996
XFD27320,0,-13.593343411886666
XFD27308,0,-11.297717427224056
XFD27296,0,-11.297717427224056
XFD27284,0,-15.91520714166586
XFD27272,0,-15.91520714166586
XFD27260,0,-12.166989384072945
XFD27248,0,-12.166989384072945
XFD27237,0,-14.333354151529598
XFD27201,0,-10.233431479026649
XFD27177,0,-11.871059544823634
XFD27165,0,-11.62399379056627
XFD27153,0,-11.871059544823634
XFD27141,0,-11.62399379056627
XFD27129,0,-11.62399379056627
XFD27105,0,-12.64216250231897
XFD27093,0,-10.076666490181784
XFD27081,0,-10.076666490181784
XFD27057,0,-13.232316612871589
XFD27045,0,-11.871059544823634
XFD27033,0,-11.871059544823634
XFD27009,0,-11.333834148758319
XFD26997,0,-11.333834148758319
XFD26961,0,-11.629418035740496
XFD26937,0,-14.641961539430262
XFD26925,0,-14.641961539430262
XFD26913,0,-13.232316612871589
XFD26901,0,-13.232316612871589
XFD26889,0,-11.449289049788323
XFD26865,0,-13.232316612871589
XFD26853,0,-13.232316612871589
XFD26829,0,-11.871059544823634
XFD26805,0,-13.52489545088291
XFD26793,0,-13.52489545088291
XFD26781,0,-13.52489545088291
XFD26769,0,-13.52489545088291
XFD26757,0,-14.330768039090621
XFD26745,0,-13.359879333154943
XFD26733,0,-13.359879333154943
XFD26721,0,-13.359879333154943
XFD26709,0,-13.232316612871589
XFD26697,0,-13.232316612871589
XFD26685,0,-10.51851259079806
XFD26673,0,-10.51851259079806
XFD26651,0,-11.62399379056627
XFD26639,0,-11.62399379056627
XFD26615,0,-11.871059544823634
XFD26603,0,-11.871059544823634
XFD26591,0,-11.62399379056627
XFD26569,0,-13.232316612871589
XFD26533,0,-11.62399379056627
XFD26521,0,-11.62399379056627
XFD26509,0,-11.297717427224056
XFD26497,0,-11.297717427224056
XFD26485,0,-11.62399379056627
XFD26473,0,-13.50988506190253
XFD26462,0,-11.46838624572354
XFD26450,0,-11.46838624572354
XFD26438,0,-16.379619126844254
XFD26426,0,-11.62399379056627
XFD26402,0,-11.62399379056627
XFD26378,0,-11.62399379056627
XFD26366,0,-11.62399379056627
XFD26330,0,-12.166989384072945
XFD26318,0,-13.538606823722922
XFD26294,0,-11.871059544823634
XFD26270,0,-11.0783174646886
XFD26258,0,-14.641961539430262
XFD26246,0,-11.768503961194403
XFD26234,0,-11.768503961194403
XFD26198,0,-11.747663909948933
XFD26186,0,-12.557509249733858
XFD26174,0,-11.62399379056627
XFD26162,0,-12.076963332900068
XFD26150,0,-15.106945361742456
XFD26138,0,-11.291197541319608
XFD26102,0,-11.62399379056627
XFD26078,0,-13.188538309286322
XFD26054,0,-10.36547998727482
XFD26042,0,-12.204399788117009
XFD26030,0,-12.204399788117009
XFD26018,0,-12.204399788117009
XFD25994,0,-12.204399788117009
XFD25970,0,-11.332492999667764
XFD25958,0,-12.204399788117009
XFD25946,0,-9.19007918737613
XFD25922,0,-12.229791428388333
XFD25910,0,-13.232316612871589
XFD25898,0,-11.297717427224056
XFD25862,0,-15.905448645460082
XFD25850,0,-11.62399379056627
XFD25838,0,-11.871059544823634
XFD25826,0,-10.797458232274057
XFD25814,0,-11.62677041488592
XFD25802,0,-11.46838624572354
XFD25778,0,-11.954634081235557
XFD25767,0,-11.46838624572354
XFD25755,0,-10.016189218282232
XFD25743,0,-13.988866158507204
XFD25731,0,-9.597850680762129
XFD25719,0,-11.62399379056627
XFD25707,0,-11.271372288453765
XFD25683,0,-9.454132592613444
XFD25659,0,-11.297717427224056
XFD25647,0,-9.502346650194305
XFD25635,0,-9.371069229641574
XFD25623,0,-10.201663299362108
XFD25611,0,-10.55697160316813
XFD25601,0,-10.55697160316813
XFD25577,0,-11.297717427224056
XFD25565,0,-12.204399788117009
XFD25553,0,-11.46838624572354
XFD25541,0,-13.232316612871589
XFD25529,0,-11.297717427224056
XFD25517,0,-11.907721638675682
XFD25493,0,-11.62399379056627
XFD25481,0,-11.589701416462088
XFD25471,0,-12.856686641544687
XFD25461,0,-11.871059544823634
XFD25439,0,-11.073260478043116
XFD25429,0,-11.46838624572354
XFD25419,0,-10.925418038124729
XFD25404,0,-13.752941562016282
XFD25394,0,-12.204399788117009
XFD25384,0,-12.204399788117009
XFD25366,0,-11.871059544823634
XFD25345,0,-11.871059544823634
XFD25335,0,-11.297717427224056
XFD25315,0,-15.330953861878458
XFD25306,0,-11.333834148758319
XFD25294,0,-11.385754498346637
XFD25284,0,-11.333834148758319
XFD25274,0,-11.62399379056627
XFD25254,0,-9.007141794636372
XFD25234,0,-11.742740482006564
XFD25224,0,-12.954662771636574
XFD25214,0,-8.670792117074864
XFD25195,0,-10.334024137981928
XFD25188,0,-12.806668808103815
XFD25178,0,-11.871059544823634
XFD25168,0,-11.712765674794879
XFD25149,0,-12.809815986510879
XFD25139,0,-12.265429729393656
XFD25121,0,-11.62399379056627
XFD25099,0,-13.031968837183564
XFD25088,0,-11.297717427224056
XFD25078,0,-14.199827542647935
XFD25067,0,-8.145138374572516
XFD25046,0,-11.62399379056627
XFD25036,0,-12.806668808103815
XFD25026,0,-12.166989384072945
XFD25016,0,-14.641961539430262
XFD24989,0,-14.199827542647935
XFD24978,0,-13.509399237358751
XFD24970,0,-12.166989384072945
XFD24930,0,-11.00788179727157
XFD24913,0,-12.16090657681059
XFD24903,0,-11.333834148758319
XFD24863,0,-9.597850680762129
XFD24853,0,-11.871059544823634
XFD24843,0,-11.28975875573364
XFD24833,0,-12.166989384072945
XFD24822,0,-11.62399379056627
XFD24812,0,-11.46838624572354
XFD24801,0,-11.62399379056627
XFD24791,0,-11.46838624572354
XFD24781,0,-11.62399379056627
XFD24771,0,-12.382199774666326
XFD24741,0,-11.443532642711205
XFB56347,0,-14.189861175323593
XFB56335,0,-13.823140271609942
XFB56329,0,-8.012896155505816
XFB56319,0,-14.472978245212307
XFB56315,0,-17.21030486993082
XFB56313,0,-14.590635046141081
XFA02388,0,-13.826467236779656
XFA02387,0,-3.887436790425708
XEQ90840,0,-15.33389572262217
XEQ90836,0,-15.571950504064901
XCV19028,0,-15.123544949018443
XCV19026,0,-14.093883502504863
XCV19019,0,-14.60281653920961
XCV19018,0,-14.580175459021685
XCV19015,0,-19.48180337068934
XCV19013,0,-17.625142067754968
XCV19012,0,-16.001198107095476
XCV19010,0,-15.5362182200015
XCV19008,0,-18.406899422758954
XCV19006,0,-20.074675643524415
XCV19005,0,-18.97518396058295
XCV18988,0,-23.69359173897208
XCV18980,0,-18.289270992432055
XCV18975,0,-16.887265503761547
XCV18965,0,-16.01591047092114
XCV18955,0,-16.887265503761547
XCV18950,0,-16.887265503761547
XCV18948,0,-15.873997747887344
XCV18945,0,-16.271516504643635
XCV18942,0,-13.548939846394653
XCV18940,0,-16.887265503761547
XCV18935,0,-18.788163657764887
XCV18924,0,-11.884971818591364
XCV18914,0,-16.43865646670548
XCV18909,0,-16.43865646670548
XCV18907,0,-16.43865646670548
XCV18888,0,-12.925407669867377
XCV18883,1,2.5754578723926915
XCV18859,0,-20.76986664664687
XCV18851,0,-4.766427085492024
XCV18849,0,-6.383893086668705
XCV18844,0,-9.574186520263712
XCV18828,0,-11.02712332901574
XCV18813,0,-11.437143290429175
XCV18803,0,-20.104459975435752
XCV18802,0,-3.6335614070988633
XCV18799,0,-18.68614666593227
XCV18796,0,-18.12822310214475
XCV18795,0,-18.066961117537954
XCV18794,0,-18.96074785198391
XCV18792,0,-18.96074785198391
XCV18789,0,-18.96074785198391
XCV18781,0,-17.248029121477046
XCV18780,0,-11.991509628546636
XCV18779,0,-17.248029121477046
XCV18775,0,-2.7982096990802994
XCV18774,0,-12.66863050092799
XCV18773,0,-11.115649413893738
XCV18771,0,-20.996003901295794
XCV18751,0,-11.650329593935618
XCV18750,0,-11.652522855720143
XCV18746,0,-11.650329593935618
XCV18742,0,-22.14082964002882
XCV18734,0,-10.446064827696201
XCV18733,0,-3.0337225060091146
XCV18732,0,-9.946961791558087
XCV18730,0,-11.650329593935618
XCV18722,0,-11.15435926757905
XCV18719,0,-5.988327163970377
XCV18717,0,-4.801688842433693
XCV18716,0,-5.040799760778686
XCV18715,0,-13.125811901793705
XCV18714,0,-4.801688842433693
XCV18713,0,-9.956139865653817
XCV18710,0,-14.227387004933039
XCV18702,0,-19.832519088338675
XCV18689,0,-14.622721394251984
XCV18687,1,3.5344576888680983
XCV18686,0,-19.37572985151914
XCV18682,0,-16.240824014427705
XCV18670,0,-12.030434445638459
XCV18625,0,-18.590701770241708
XCV18616,0,-18.8230256578487
XCV18611,0,-25.54919431329517
XCV18598,0,-16.2922739434352
XCV18597,0,-16.2922739434352
XCV18596,0,-16.2922739434352
XCV18590,0,-16.154747964418327
XCV18587,0,-18.53761009937307
XCV18534,0,-14.877185319988854
XCV18532,0,-14.213623604624873
XCV18526,0,-12.889888718226166
XCV18525,0,-16.165119126920473
XCV18524,0,-5.1874039594252555
XCV18523,0,-12.856948815710894
XCV18520,0,-13.240337410901699
XCV18519,0,-12.856948815710894
XCV18518,0,-13.240337410901699
XCV18517,0,-13.010795134068239
XCV18515,0,-13.240337410901699
XCV18513,0,-6.920185985544022
XCV18512,0,-6.11431756579673
XCV18333,0,-2.750731797402402
XCV18331,0,-3.898861676439239
XCV18328,0,-10.802521188622162
XCV18326,0,-17.911389739897572
XCV18325,0,-5.583119068918538
XCV18324,0,-5.583119068918538
XCV18322,0,-17.911389739897572
XCV18305,0,-19.01913592086662
XCV18290,0,-10.598520278247722
XCV18289,0,-15.277485226163218
XCV18280,0,-8.3329067737986
XCV18278,0,-11.758566942617177
XCV18275,0,-11.287331751295149
XCV18274,0,-10.299387064641305
XCV18273,0,-6.552389889271147
XCV18256,0,-12.78645249178129
XCV18255,0,-19.409257642763823
XCV18247,0,-11.169365660836725
XCV18232,0,-9.721127255637288
XCV18225,0,-20.133880931250857
XCV18222,0,-16.928103591159974
XCV18219,0,-13.875295601251148
XCV18216,0,-13.559783193069455
XCV18208,0,-18.639677689643797
XCV18206,0,-17.976179829787295
XCV18205,0,-18.96074785198391
XCV18203,0,-18.706601535978795
XCV18198,0,-18.22882356983922
XCV18191,0,-18.22882356983922
XCV18189,0,-11.510520135204057
XCV18182,0,-18.706601535978795
XCV18180,0,-11.991434992559288
XCV18178,0,-20.172948029530602
XCV18177,0,-16.983418146345215
XCV18163,0,-16.57497267440653
XCV18158,0,-17.993589042671463
XCV18156,0,-16.24245429326869
XCV18155,0,-6.289266931988136
XCV18154,0,-7.12983435063363
XCV18138,0,-17.240176975051906
XCV18131,0,-19.27385808248617
XCV18130,0,-20.88939330858695
XCV18108,0,-5.054488721135905
XCV18101,0,-31.605584184189745
XCV18092,0,-17.788995180274895
XCV18087,0,-7.926098296021318
XCV18085,0,-17.54881964688122
XCV18081,0,-17.54881964688122
XCV18080,0,-7.926098296021318
XCV18076,0,-11.28702750002979
XCV18054,0,-7.926098296021318
XCV18049,0,-20.797522881432428
XCV18048,0,-19.832519088338675
XCV18040,0,-19.832519088338675
XCV18035,0,-19.832519088338675
XCV18034,0,-19.832519088338675
XCV18032,0,-18.780124482549507
XCV18028,0,-14.412651166824265
XCV18020,0,-18.36318365525108
XCV18019,0,-19.8861482954795
XCV18018,0,-18.181713539461
XCV18012,0,-8.640439716534035
XCV18009,1,4.896904417179339
XCV18008,0,-18.395542506292806
XCV18007,1,4.896904417179339
XCV18006,0,-18.619735456957528
XCV18000,0,-18.619735456957528
XCV17998,0,-6.5465124350676245
XCV17996,0,-13.363857970076273
XCV17988,0,-27.08922359315681
XCV17975,0,-19.409257642763823
XCV17974,0,-17.015172773767404
XCV17962,0,-12.987059134003395
XCV17961,0,-3.048672214023565
XCV17954,0,-17.015172773767404
XCV17932,1,0.7381061009180065
XCV17930,0,-10.154461896032092
XCV17922,0,-12.925407669867377
XCV17916,0,-11.977516832567083
XCV17912,0,-10.789221319240164
XCV17898,0,-9.964607073700193
XCV17892,1,2.532311766849457
XCV17888,0,-14.09611527210466
XCV17886,0,-13.701829278406443
XCV17870,0,-15.480139565105386
XCV17869,0,-16.222874911409747
XCV17866,0,-15.531942737369398
XCV17862,0,-12.801864779062404
XCV17860,0,-15.840142842296437
XCV17858,0,-15.044944834613137
XCV17855,0,-16.55320587491361
XCV17854,0,-16.55320587491361
XCV17852,1,3.5344576888680983
XCV17848,0,-13.303289825173621
XCV17837,0,-12.925407669867377
XCV17824,0,-14.208744284220941
XCV17823,0,-14.208744284220941
XCV17816,0,-18.50152916318098
XCV17813,0,-18.50152916318098
XCV17798,0,-17.559269031531656
XCV17797,0,-14.208744284220941
XCV17793,0,-18.762468692874027
XCV17787,0,-16.866220735937592
XCV17771,0,-13.641423165257088
XCV17770,0,-13.91212355906447
XCV17769,0,-13.641423165257088
XCV17768,0,-13.91212355906447
XCV17767,0,-14.016431823012974
XCV17731,0,-15.202328629150255
XCV17723,0,-15.308584027490834
XCV17721,0,-15.308584027490834
XCV17715,0,-18.340067320582023
XCV17714,0,-16.910285036772997
XCV17712,0,-18.340067320582023
XCV17711,0,-16.910285036772997
XCV17700,0,-17.340433608616177
XCV17698,0,-18.08443701411521
XCV17695,0,-23.684945669084044
XCV17689,0,-23.684945669084044
XCV17688,0,-22.697251056621422
XCV17687,0,-17.340433608616177
XCV17684,0,-17.46212174833548
XCV17676,0,-20.182556724363753
XCV17675,0,-20.182556724363753
XCV17673,0,-15.164895900959653
XCV17672,0,-20.007264782250523
XCV17671,0,-15.164895900959653
XCV17670,0,-15.164895900959653
XCV17669,0,-17.495521576152157
XCV17663,0,-14.85302230762534
XCV17662,0,-14.85302230762534
XCV17661,0,-14.85302230762534
XCV17655,0,-12.434327393370285
XCV17654,0,-14.85302230762534
XCV17653,0,-13.006382375611098
XCV17648,0,-10.269874873672514
XCV17647,0,-10.269874873672514
XCV17646,0,-10.269874873672514
XCV17645,0,-10.269874873672514
XCV17640,0,-13.006382375611098
XCV17634,0,-14.85302230762534
XCV17633,0,-14.95986345773877
XCV17627,0,-17.093490954698254
XCV17619,0,-26.15907666006914
XCV17617,0,-21.389399798937802
XCV17614,0,-21.389399798937802
XCV17613,0,-15.462018069876331
XCV17611,0,-15.965236942778839
XCV17607,0,-26.15907666006914
XCV17606,0,-26.15907666006914
XCV17603,0,-15.462018069876331
XCV17601,0,-14.95986345773877
XCV17600,0,-14.95986345773877
XCV17599,0,-18.73266239767926
XCV17597,0,-14.589072740588907
XCV17596,0,-18.73266239767926
XCV17592,0,-22.01757135315596
XCV17589,0,-17.093490954698254
XCV17585,0,-16.554926948654064
XCV17584,0,-16.86889113276449
XCV17561,0,-14.160447962573379
XCV17547,0,-15.122079427054626
XCV17546,0,-15.122079427054626
XCV17544,0,-15.997717595503733
QDH11968,0,-31.164374807645967
XCB07766,0,-9.21250735807882
XCB07762,0,-10.335891695671023
XBP17305,0,-11.62399379056627
XAV35323,0,-11.933296789586073
XAV35317,0,-7.657814307144694
XAV35109,0,-12.783020482341222
WZL52273,0,-12.557509249733858
WZL52249,0,-11.880255158827149
WZL52237,0,-11.880255158827149
WZL52201,0,-12.074688622460158
WZL52189,0,-10.598701119276154
WZL52177,0,-8.371307264088967
WZL52165,0,-8.371307264088967
WZL52153,0,-12.557509249733858
WZL52141,0,-12.557509249733858
WZL52129,0,-11.24721195240027
WZL52117,0,-11.24721195240027
WZL52095,0,-11.46838624572354
WZL52083,0,-11.808164530320362
WZL52071,0,-12.967837838177822
WZL52059,0,-12.446801317948092
WZL52037,0,-11.46838624572354
WZL52025,0,-11.46838624572354
WZL52015,0,-11.46838624572354
WZL52003,0,-11.46838624572354
WZL51991,0,-11.46838624572354
WZL51979,0,-11.624583154245698
WZL51967,0,-11.46838624572354
WZL51943,0,-11.62399379056627
WZL51931,0,-11.46838624572354
WZL51919,0,-11.46838624572354
WZL51907,0,-9.778299102130969
WZL51883,0,-11.46838624572354
WZL51871,0,-11.46838624572354
WZL51859,0,-11.46838624572354
WZL51847,0,-11.46838624572354
WZL51787,0,-11.297717427224056
WZL51775,0,-11.297717427224056
WZL51763,0,-11.297717427224056
WZL51751,0,-10.931785411649566
WZL51739,0,-12.779670521550544
WZL51727,0,-11.198037691192276
WZL51703,0,-11.62399379056627
WZL51691,0,-11.62399379056627
WZL51679,0,-11.62399379056627
WZL51655,0,-11.62399379056627
WZL51643,0,-11.62399379056627
WZL51631,0,-11.62399379056627
WZL51619,0,-11.333834148758319
WZL51607,0,-11.333834148758319
WZL51595,0,-9.239897988773745
WZL51583,0,-11.333834148758319
WZL51571,0,-11.333834148758319
WZL51559,0,-11.333834148758319
WZL51547,0,-11.333834148758319
WZL51535,0,-11.333834148758319
WZL51523,0,-11.62399379056627
WZL51511,0,-14.641961539430262
WZL51499,0,-11.297717427224056
WZL51487,0,-11.297717427224056
WZL51475,0,-11.297717427224056
WZL51463,0,-11.297717427224056
WZL51415,0,-16.168720606804794
WZL51403,0,-12.836421025794065
WZL51391,0,-11.62399379056627
WZL51379,0,-11.62399379056627
WZL51367,0,-11.62399379056627
WZL51355,0,-12.267211339236496
WZL51343,0,-11.46838624572354
WZL51319,0,-11.333834148758319
WZL51307,0,-11.63155914800314
WZL51295,0,-11.63155914800314
WZL51283,0,-11.853109380154908
WZL51271,0,-11.853109380154908
WZL51259,0,-10.716083441426651
WZL51235,0,-12.784203162823808
WZL51223,0,-9.387943667179284
WZL51211,0,-9.387943667179284
WZL51199,0,-11.28975875573364
WZL51188,0,-11.28975875573364
WZL51177,0,-11.695073096575221
WZL51153,0,-7.464497381225954
WZL51141,0,-11.62399379056627
WZL51129,0,-11.351069531994103
WZL51105,0,-11.351069531994103
WZL51093,0,-11.351069531994103
WZL51081,0,-11.351069531994103
WZL51057,0,-11.351069531994103
WZL51047,0,-11.351069531994103
WZL51035,0,-11.351069531994103
WZL51023,0,-12.166989384072945
WZL51011,0,-14.641961539430262
WZL50999,0,-11.808164530320362
WZL50975,0,-11.333834148758319
WZL50963,0,-11.62399379056627
WZL50951,0,-12.286300009485059
WZL50928,0,-16.680901850837135
WZL50880,0,-14.073210490414665
WZL50868,0,-15.635754866800323
WZL50832,0,-12.076905303586495
WZL50820,0,-9.74778208611483
WZL50785,0,-11.46838624572354
WZL50761,0,-8.408282901026862
WZL50749,0,-11.297717427224056
WZL50737,0,-11.297717427224056
WZL50725,0,-9.900227129723742
WZL50713,0,-11.46838624572354
WZL50689,0,-11.62399379056627
WZL50665,0,-10.412388585029339
WZL50653,0,-10.412388585029339
WZL50617,0,-10.412388585029339
WZL50605,0,-12.257075845682357
WZL50593,0,-11.896888482022714
WZL50557,0,-11.896888482022714
WZL50545,0,-11.896888482022714
WZL50533,0,-11.62399379056627
WZL50521,0,-11.62399379056627
WZL50509,0,-12.797151916079054
WZL50497,0,-12.797151916079054
WZL50485,0,-10.055874472428517
WZL50473,0,-15.01194318902693
WZL50461,0,-15.01194318902693
WZL50449,0,-11.252953718963829
WZL50437,0,-11.252953718963829
WZL50413,0,-15.01194318902693
WZL50401,0,-8.923882739294699
WZL50389,0,-11.207556985316884
WZL50377,0,-10.570401993329765
WZL50365,0,-11.808164530320362
WZL50353,0,-11.183618965920175
WZL50341,0,-11.252953718963829
WZL50329,0,-12.566657038802937
WZL50317,0,-11.46838624572354
WZL50305,0,-11.46838624572354
WZL50293,0,-11.271372288453765
WZL50281,0,-11.271372288453765
WZL50269,0,-11.271372288453765
WZL50245,0,-12.695581215545007
WZL50233,0,-12.695581215545007
WZL50221,0,-11.333834148758319
WZL50209,0,-11.252953718963829
WZL50197,0,-11.252953718963829
WZL50185,0,-11.306806389992413
WZL50161,0,-11.333834148758319
WZL50137,0,-9.900227129723742
WZL50125,0,-10.261888680279771
WZL50117,0,-10.261888680279771
WZL50105,0,-13.422973527635563
WZL50069,0,-13.690770720528043
WZL50057,0,-11.896888482022714
WZL50045,0,-11.896888482022714
WZL50033,0,-13.232316612871589
WZL50009,0,-11.46838624572354
WZL49997,0,-8.516305304483499
WZL49973,0,-13.232316612871589
WZL49961,0,-11.351277824407127
WZL49949,0,-12.557509249733858
WZL49937,0,-12.557509249733858
WZL49925,0,-14.183533970805465
WZL49901,0,-9.502346650194305
WZL49889,0,-9.502346650194305
WZL49877,0,-12.855711697359485
WZL49865,0,-12.560276257011797
WZL49853,0,-12.560276257011797
WZL49829,0,-12.077995740316792
WZL49817,0,-11.695073096575221
WZL49781,0,-12.557509249733858
WZL49769,0,-11.085090479997259
WZL49757,0,-8.124381718148708
WZL49745,0,-11.62399379056627
WZL49733,0,-11.62399379056627
WZL49709,0,-14.641961539430262
WZL49697,0,-14.641961539430262
WZL49685,0,-14.641961539430262
WZL49661,0,-11.46838624572354
WZL49649,0,-11.46838624572354
WZL49637,0,-11.46838624572354
WZL49625,0,-11.39124449706112
WZL49601,0,-11.62399379056627
WZL49577,0,-12.925933359986223
WZL49570,0,-12.925933359986223
WZL49558,0,-11.297717427224056
WZL49546,0,-10.695332896584286
WZL49510,0,-10.880743185477087
WZL49498,0,-13.860767512389181
WZL49486,0,-13.860767512389181
WZL49474,0,-11.46838624572354
WZL49462,0,-11.198430599038723
WZL49450,0,-11.198430599038723
WZL49438,0,-11.46838624572354
WZL49414,0,-10.925418038124729
WZL49402,0,-11.933296789586073
WZL49391,0,-11.933296789586073
WZL49368,0,-11.960140716830072
WZL49344,0,-11.5313784396668
WZL49332,0,-11.5313784396668
WZL49308,0,-11.46838624572354
WZL49284,0,-12.166989384072945
WZL49272,0,-12.166989384072945
WZL49236,0,-11.252953718963829
WZL49224,0,-11.46838624572354
WZL49212,0,-12.603907605783927
WZL49200,0,-12.603907605783927
WZL49188,0,-11.849162326100023
WZL49176,0,-11.333834148758319
WZL49164,0,-11.333834148758319
WZL49140,0,-11.46838624572354
WZL49116,0,-10.862636775686111
WZL49092,0,-11.62399379056627
WZL49080,0,-11.62399379056627
WZL49068,0,-11.306806389992413
WZL49032,0,-12.077995740316792
WZL49020,0,-10.971130194428376
WZL49008,0,-9.839079713140405
WZL48997,0,-9.502346650194305
WZL48973,0,-13.19848716661329
WZL48961,0,-13.19848716661329
WZL48937,0,-13.19848716661329
WZL48925,0,-10.968155097695023
WZL48901,0,-11.62399379056627
WZL48889,0,-11.871059544823634
WZL48877,0,-11.62399379056627
WZL48865,0,-11.351069531994103
WZL48853,0,-11.871059544823634
WZL48841,0,-12.442730081959757
WZL48829,0,-11.351069531994103
WZL48817,0,-10.756909172498787
WZL48805,0,-11.351069531994103
WZL48793,0,-11.871059544823634
WZL48781,0,-12.696446779984301
WZL48745,0,-13.75272910517299
WZL48697,0,-11.632496734309758
WZL48675,0,-11.30877677990646
WZL48663,0,-9.900227129723742
WZL48651,0,-12.355683038057979
WZL48639,0,-11.62399379056627
WZL48627,0,-11.62399379056627
WZL48615,0,-12.326248224525617
WZL48591,0,-12.006445455622064
WZL48555,0,-11.29763244849183
WZL48543,0,-11.29763244849183
WZL48507,0,-11.322054819956728
WZL48461,0,-12.382199774666326
WZL48449,0,-12.382199774666326
WZL48425,0,-12.367573117586286
WZL48401,0,-11.933296789586073
WZL48390,0,-11.333834148758319
WZL48366,0,-11.30877677990646
WZL48354,0,-11.30877677990646
WZL48342,0,-10.804080909893997
WZL48331,0,-10.804080909893997
WZL48308,0,-11.46838624572354
WZL48296,0,-11.62399379056627
WZL48284,0,-14.641961539430262
WZL48272,0,-11.333834148758319
WZL48260,0,-11.62399379056627
WZL48248,0,-11.333834148758319
WZL48236,0,-12.244621422863954
WZL48224,0,-11.46838624572354
WZL48212,0,-10.548940799184281
WZL48200,0,-11.050151746609899
WZL48188,0,-9.3824244012755
WZL48176,0,-12.355683038057979
WZL48152,0,-11.808164530320362
WZL48128,0,-12.355683038057979
WZL48116,0,-14.532145026843624
WZL48104,0,-11.297717427224056
WZL48080,0,-12.43934393331106
WZL48056,0,-11.15896031562412
WZL48044,0,-11.15896031562412
WZL48020,0,-11.62399379056627
WZL48008,0,-11.62399379056627
WZL47984,0,-11.62399379056627
WZL47960,0,-8.923882739294699
WZL47948,0,-11.46838624572354
WZL47936,0,-11.297717427224056
WZL47924,0,-11.46838624572354
WZL47900,0,-11.297717427224056
WZL47888,0,-11.62399379056627
WZL47876,0,-11.297717427224056
WZL47852,0,-11.297717427224056
WZL47840,0,-11.297717427224056
WZL47828,0,-11.297717427224056
WZL47816,0,-11.333834148758319
WZL47792,0,-11.297717427224056
WZL47756,0,-16.291922683413897
WZL47744,0,-11.297717427224056
WZL47732,0,-10.925418038124729
WZL47720,0,-11.297717427224056
WZL47708,0,-11.054686979868904
WZL47684,0,-11.62399379056627
WZL47672,0,-11.297717427224056
WZL47660,0,-11.62399379056627
WZL47600,0,-14.385501278927993
WZL47576,0,-12.435280430332146
WZL47540,0,-12.10677223214946
WZL47528,0,-11.333834148758319
WZL47516,0,-12.10677223214946
WZL47504,0,-11.62399379056627
WZL47492,0,-11.62399379056627
WZL47456,0,-10.983629033381613
WZL47444,0,-10.983629033381613
WZL47432,0,-11.62399379056627
WZL47420,0,-11.62399379056627
WZL47396,0,-10.983629033381613
WZL47360,0,-11.73335979749341
WZL47348,0,-11.62399379056627
WZL47336,0,-11.62399379056627
WZL47324,0,-14.094558173150771
WZL47291,0,-14.094558173150771
WZL47256,0,-12.044697099127834
WZL47244,0,-12.166989384072945
WZL47232,0,-11.46838624572354
WZL47220,0,-11.46838624572354
WZL47208,0,-11.62399379056627
WZL47196,0,-15.285196637079403
WZL47184,0,-15.285196637079403
WZL47172,0,-11.46838624572354
WZL47160,0,-12.166989384072945
WZL47112,0,-12.166989384072945
WZL47052,0,-11.297717427224056
WZL47004,0,-9.502346650194305
WZL46980,0,-11.896888482022714
WZL46956,0,-9.239897988773745
WZL46944,0,-10.72287348516964
WZL46932,0,-11.62399379056627
WZL46896,0,-12.166989384072945
WZL46884,0,-11.097452980078863
WZL46872,0,-11.097452980078863
WZL46860,0,-10.352755085779682
WZL46848,0,-11.023864941288256
WZL46836,0,-11.023864941288256
WZL46824,0,-11.946233455460005
WZL46812,0,-11.946233455460005
WZL46790,0,-12.166989384072945
WZL46778,0,-9.178368459334632
WZL46766,0,-9.178368459334632
WZL46754,0,-8.62143751229777
WZL46743,0,-8.62143751229777
WZL46721,0,-11.933296789586073
WZL46710,0,-8.62143751229777
WZL46687,0,-11.288848711001576
WZL46675,0,-11.288848711001576
WZL46651,0,-12.528474508273064
WZL46639,0,-13.847134421902263
WZL46603,0,-12.528474508273064
WZL46591,0,-14.385501278927993
WZL46567,0,-11.933296789586073
WZL46544,0,-13.232316612871589
WZL46532,0,-13.04691321997056
WZL46520,0,-11.933296789586073
WZL46497,0,-12.166989384072945
WZL46485,0,-12.166989384072945
WZL46473,0,-11.994176873435215
WZL46449,0,-11.46838624572354
WZL46403,0,-11.12590772331789
WZL46379,0,-11.46838624572354
WZL46367,0,-8.923882739294699
WZL46355,0,-8.923882739294699
WZL46343,0,-8.923882739294699
WZL46285,0,-13.25484576455381
WZL46237,0,-11.62399379056627
WZL46225,0,-11.62399379056627
WZL46213,0,-10.352755085779682
WZL46201,0,-11.62399379056627
WZL46189,0,-12.159426646308393
WZL46177,0,-11.62399379056627
WZL46165,0,-11.62399379056627
WZL46153,0,-10.491445131705028
WZL46141,0,-10.491445131705028
WZL46129,0,-9.119138048023196
WZL46105,0,-11.46838624572354
WZL46093,0,-11.62399379056627
WZL46081,0,-11.62399379056627
WZL46069,0,-11.62399379056627
WZL46057,0,-11.62399379056627
WZL46045,0,-11.72952924984402
WZL46021,0,-10.925418038124729
WZL45997,0,-11.72952924984402
WZL45985,0,-11.494269719528969
WZL45961,0,-12.166989384072945
WZL45949,0,-12.166989384072945
WZL45937,0,-11.623993790566285
WZL45925,0,-11.623993790566285
WZL45913,0,-11.62399379056627
WZL45901,0,-11.62399379056627
WZL45889,0,-12.166989384072945
WZL45834,0,-13.322343326739263
WZL45822,0,-11.183618965920175
WZL45810,0,-15.041187581826351
WZL45798,0,-15.041187581826351
WZL45786,0,-11.46838624572354
WZL45762,0,-10.723875927257758
WZL45750,0,-15.041187581826351
WZL45738,0,-15.041187581826351
WZL45715,0,-11.55544983948051
WZL45691,0,-8.670792117074864
WZL45679,0,-9.920696219574188
WZL45667,0,-11.808164530320362
WZL45643,0,-11.62399379056627
WZL45631,0,-11.907721638675682
WZL45607,0,-8.923882739294699
WZL45559,0,-12.166989384072945
WZL45547,0,-10.732820699507965
WZL45535,0,-10.732820699507965
WZL45523,0,-10.282330241086248
WZL45511,0,-10.925418038124729
WZL45499,0,-10.739331517626294
WZL45463,0,-13.34630367697169
WZL45451,0,-9.253977875411405
WZL45427,0,-10.925418038124729
WZL45415,0,-10.925418038124729
WZL45403,0,-11.73335979749341
WZL45391,0,-11.73335979749341
WZL45379,0,-12.71264100071274
WZL45355,0,-10.925418038124729
WZL45343,0,-10.925418038124729
WZL45331,0,-9.634831882489687
WZL45295,0,-9.634831882489687
WZL45283,0,-9.634831882489687
WZL45247,0,-9.37313898876958
WZL45211,0,-10.931785411649566
WZL45199,0,-10.931785411649566
WZL45187,0,-9.704236864374206
WZL45175,0,-9.704236864374206
WZL45163,0,-11.62399379056627
WZL45151,0,-12.275332734875942
WZL45139,0,-12.275332734875942
WZL45127,0,-12.275332734875942
WZL45115,0,-10.826888373104538
WZL45103,0,-11.047181237052175
WZL45091,0,-11.047181237052175
WZL45079,0,-11.62399379056627
WZL45067,0,-12.275332734875942
WZL45055,0,-12.275332734875942
WZL45043,0,-12.166989384072945
WZL45031,0,-12.166989384072945
WZL45007,0,-11.306806389992413
WZL44995,0,-12.166989384072945
WZL44983,0,-12.166989384072945
WZL44971,0,-11.4659164780431
WZL44947,0,-5.507446653494471
WZL44923,0,-11.62399379056627
WZL44911,0,-11.00788179727157
WZL44888,0,-12.255591325854569
WZL44876,0,-11.181620242140966
WZL44864,0,-11.791672186561506
WZL44852,0,-11.181620242140966
WZL44840,0,-13.078397620501127
WZL44804,0,-11.808164530320362
WZL44792,0,-14.04467343328847
WZL44744,0,-12.442730081959757
WZL44720,0,-14.641961539430262
WZL44708,0,-7.068153355460499
WZL44696,0,-13.996513767655115
WZL44684,0,-14.385501278927993
WZL44672,0,-11.105129239337588
WZL44660,0,-11.933296789586073
WZL44649,0,-11.933296789586073
WZL44638,0,-14.385501278927993
WZL44626,0,-12.244621422863954
WZL44602,0,-11.324419633413845
WZL44578,0,-13.218018156432743
WZL44542,0,-13.218018156432743
WZL44530,0,-13.218018156432743
WZL44518,0,-10.97809829556546
WZL44494,0,-11.333834148758319
WZL44482,0,-13.554325651487456
WZL44470,0,-11.333834148758319
WZL44458,0,-10.931785411649566
WZL44411,0,-12.857642533467912
WZL44400,0,-11.62399379056627
WZL44388,0,-11.62399379056627
WZL44376,0,-11.62399379056627
WZL44364,0,-11.933296789586073
WZL44283,0,-11.933296789586073
WZL44272,0,-11.933296789586073
WZL44249,0,-11.297717427224056
WZL44237,0,-10.95158426549305
WZL44226,0,-10.95158426549305
WZL44215,0,-11.407492750999303
WZL44204,0,-11.62399379056627
WZL44192,0,-11.62399379056627
WZL44168,0,-9.076539250246501
WZL44122,0,-11.933296789586073
WZL44111,0,-10.701161636644718
WZL44099,0,-11.196246798206182
WZL44063,0,-11.62399379056627
WZL44051,0,-11.62399379056627
WZL44015,0,-11.62399379056627
WZL44003,0,-11.62399379056627
WZL43991,0,-10.919333442343857
WZL43979,0,-10.919333442343857
WZL43967,0,-11.46838624572354
WZL43955,0,-12.972455629118974
WZL43943,0,-12.972455629118974
WZL43919,0,-12.557509249733858
WZL43907,0,-12.557509249733858
WZL43895,0,-11.62399379056627
WZL43883,0,-11.62399379056627
WZL43871,0,-11.62399379056627
WZL43861,0,-11.62399379056627
WZL43849,0,-11.62399379056627
WZL43837,0,-11.62399379056627
WZL43825,0,-12.557509249733858
WZL43789,0,-12.972455629118974
WZL43777,0,-11.62399379056627
WZL43765,0,-11.963907751594773
WZL43741,0,-15.149691431095986
WZL43729,0,-15.149691431095986
WZL43717,0,-11.333802011092516
WZL43685,0,-11.62399379056627
WZL43673,0,-14.227313309843517
WZL43661,0,-11.62399379056627
WZL43649,0,-11.62399379056627
WZL43637,0,-12.442730081959757
WZL43613,0,-11.46838624572354
WZL43601,0,-11.46838624572354
WZL43577,0,-11.62399379056627
WZL43565,0,-11.62399379056627
WZL43529,0,-11.333834148758319
WZL43517,0,-12.856686641544687
WZL43506,0,-11.368286747295517
WZL43482,0,-10.925418038124729
WZL43470,0,-10.925418038124729
WZL43446,0,-15.01194318902693
WZL43434,0,-11.62399379056627
WZL43422,0,-12.014198396266497
WZL43410,0,-11.291197541319608
WZL43398,0,-10.548940799184281
WZL43374,0,-11.62399379056627
WZL43362,0,-11.62399379056627
WZL43338,0,-12.166989384072945
WZL43326,0,-14.641961539430262
WZL43314,0,-11.62399379056627
WZL43302,0,-14.641961539430262
WZL43290,0,-13.232316612871589
WZL43254,0,-11.333834148758319
WZL43230,0,-11.46838624572354
WZL43195,0,-11.46838624572354
WZL43183,0,-10.016189218282232
WZL43159,0,-13.988866158507204
WZL43147,0,-9.597850680762129
WZL43135,0,-11.62399379056627
WZL43123,0,-11.271372288453765
WZL43099,0,-14.641961539430262
WZL43087,0,-11.808164530320362
WZL43075,0,-9.371069229641574
WZL43027,0,-12.39771792101861
WZL43015,0,-13.232316612871589
WZL42979,0,-17.23239712175558
WZL42967,0,-11.62399379056627
WZL42943,0,-11.297717427224056
WZL42931,0,-11.62399379056627
WZL42883,0,-11.297717427224056
WZL42859,0,-14.131985706129438
WZL42847,0,-14.131985706129438
WZL42835,0,-11.297717427224056
WZL42811,0,-11.62399379056627
WZL42787,0,-11.297717427224056
WZL42775,0,-11.46838624572354
WZL42739,0,-11.297717427224056
WZL42727,0,-11.46838624572354
WZL42715,0,-11.46838624572354
WZL42703,0,-11.333834148758319
WZL42691,0,-11.845710660316811
WZL42679,0,-11.907721638675682
WZL42631,0,-11.845659573043502
WZL42621,0,-11.62399379056627
WZL42599,0,-11.01270080339567
WZL42590,0,-16.97296422170188
WZL42578,0,-11.62399379056627
WZL42568,0,-11.097452980078863
WZL42558,0,-11.73335979749341
WZL42526,0,-14.641961539430262
WZL42506,0,-11.62399379056627
WZL42496,0,-12.62183334161265
WZL42476,0,-11.097452980078863
WZL42456,0,-11.494269719528969
WZL42446,0,-11.46838624572354
WZL42436,0,-12.753772240124515
WZL42405,0,-12.442730081959757
WZL42344,0,-12.166989384072945
WZL42334,0,-12.442730081959757
WZL42325,0,-14.077331265433058
WZL42320,0,-11.880081455895192
WZL42308,0,-11.62399379056627
WZL42287,0,-11.46838624572354
WZL42259,0,-11.494269719528969
WZL42239,0,-11.62399379056627
WZL42230,0,-12.972455629118974
WZL42210,0,-11.252953718963829
WZL42203,0,-11.252953718963829
WZL42193,0,-12.62183334161265
WZL42183,0,-11.613676852453757
WZL42152,0,-11.62399379056627
WZL42131,0,-12.472356007514456
WZL42089,0,-11.62399379056627
WZL42069,0,-11.443532642711205
WZL42050,0,-12.557509249733858
WZL42018,0,-11.28975875573364
WZL42008,0,-11.438053621000961
WVR18255,0,-16.995264999339334
WVR18245,0,-20.651958676249222
QPZ33437,0,-26.0865542660397
QPZ33477,0,-28.88589326084358
QPZ33449,0,-26.0865542660397
QPZ33425,0,-26.981347034263067
QIB02472,0,-26.24306951352856
QIB02343,0,-27.514711998045122
QIB02326,0,-28.243741326453964
WPF72611,0,-4.375274086890055
WPF72599,0,-4.375274086890055
WPF72587,0,-4.786831891158893
WOA06558,0,-7.463964693463255
WOA06557,0,-7.463964693463255
WOA06556,0,-7.463964693463255
WOA06555,0,-6.993487070825343
WOA06553,0,-9.74778208611483
WOA06552,0,-12.583175339683734
WOA06551,0,-11.13929069441971
WOA06550,0,-10.727784846004752
WOA06549,0,-8.514330598113691
WOA06541,0,-8.715899497248735
WOA06540,0,-8.715899497248735
WOA06539,0,-9.507615405549469
WOA06538,1,2.585986166537774
WOA06537,1,2.585986166537774
WOA06536,0,-5.763117938756492
WIW77987,0,-8.634363440384753
WIW77975,0,-8.634363440384753
WIW77963,0,-8.634363440384753
WIW77951,0,-6.2951154047000575
WIW77939,0,-8.634363440384753
WIW77927,0,-9.95457459206436
WIW77680,0,-8.634363440384753
WIW77668,0,-8.634363440384753
WIW77656,0,-8.634363440384753
WIW77644,0,-9.021495201118027
WIW77620,0,-8.634363440384753
WIW77608,0,-9.95457459206436
WIW77596,0,-8.634363440384753
WIW77572,0,-7.510772985326765
WIW77206,0,-9.886151680513496
WIW77194,0,-8.634363440384753
WIW77182,0,-9.95239348544149
WIW77170,0,-8.634363440384753
WIW77158,0,-9.46988523558493
WIW77146,0,-9.95457459206436
WIW77134,0,-9.95457459206436
WIW77110,0,-8.634363440384753
WIW77098,0,-9.95457459206436
WIW77074,0,-8.634363440384753
WIW77062,0,-8.634363440384753
WIW72829,0,-9.95457459206436
WIW72817,0,-8.634363440384753
WIW72805,0,-8.634363440384753
WIW72793,0,-6.2951154047000575
WIW72764,0,-21.912677371622692
WIW72752,0,-8.634363440384753
WIW72740,0,-8.634363440384753
WIW72318,0,-9.81877976873017
WIW72306,0,-6.419825683620804
WIW72294,0,-9.090868051609313
WHO46301,0,-8.5025818998581
WHO46272,0,-9.257306221210087
WHO46240,0,-6.913543073405961
WHL55455,0,-32.90743767747324
WFH86261,0,-15.268899073734104
WFH86249,0,-15.85246085348067
WFH86226,0,-15.860265665416232
WFH86167,0,-8.736821791513908
WFH86155,0,-15.860265665416232
WFH86143,0,-15.860265665416232
WFH86109,0,-6.993487070825343
WFH86085,0,-7.7276136810411975
WFH86061,0,-4.833818051685405
WFH86038,0,-17.28623122513961
WFH86026,0,-15.943038702029392
WFH86014,0,-15.860265665416232
WFH86002,0,-6.993487070825343
WFH85990,0,-14.948935419433164
WFH85978,0,-15.860265665416232
WFH85943,0,-7.238426288181627
WFH85909,0,-10.541658954113146
WFH85886,0,-15.860265665416232
WFH85840,0,-7.7276136810411975
WFH85817,0,-7.7276136810411975
WFH85793,0,-6.993487070825343
WFH85770,0,-6.302262523336741
WFH85758,0,-7.7276136810411975
WFH85746,0,-7.7276136810411975
WFH85734,0,-7.7276136810411975
WFH85722,0,-8.765004143810613
WFH85576,0,-7.7276136810411975
WFH85564,0,-5.584703993122572
WFH85552,0,-7.7276136810411975
WFH85540,0,-7.7276136810411975
WFH85516,0,-7.7276136810411975
WFH85444,0,-12.950573892000364
WFH85442,0,-6.755774854433273
WFH85441,0,-8.453734410179134
WFH85439,0,-7.940482520427265
WFH85361,0,-7.940482520427265
WFH85358,0,-8.328583620865535
WFH85312,0,-13.342098014735686
WFH85276,0,-7.906189497912431
WFH85275,0,-8.051573864581604
WFH85274,0,-8.051573864581604
WFH85185,0,-7.7276136810411975
WFH85184,0,-8.145547853186786
WFH85183,0,-9.74778208611483
WFH85043,0,-9.74778208611483
WFH85042,0,-8.734434114183669
WFH85041,0,-9.076539250246501
WFH85040,0,-15.860265665416232
WFH85037,0,-7.464530143783408
WFH85036,0,-12.759229318328778
WES82532,0,-8.124381718148708
WES75242,0,-9.402226706550822
WCR54599,0,-38.64139907228763
WCR54589,0,-37.6907409061536
WCR54593,0,-37.6907409061536
WCF71433,0,-16.154747964418327
WCF71421,1,1.897463089861887
WCF71409,0,-3.5998107821208087
WCF71387,1,0.4478128357241822
WCF71375,0,-3.1889639265260534
WCF71363,0,-11.884971818591364
WCF71352,0,-7.149292627565421
WCF71340,0,-15.535885478712038
WCF71318,1,3.5344576888680983
WCF71306,0,-3.98884501657594
WCF71330,1,0.42016809994576043
WCF71295,0,-7.657253688152681
WCF71283,0,-10.272057742825414
WCF71248,0,-6.0065476211825874
WCF71224,0,-17.45053936880304
WCF71236,0,-17.161343592061314
WCF71212,0,-15.535885478712038
WCF71200,0,-13.458844219039989
WCF71190,0,-10.536534395945187
WCF71160,0,-3.7638779902907054
WCF71138,0,-6.840089320212838
WCF71126,0,-4.045133118942612
WCF71114,0,-24.722047895988695
WCF71080,0,-15.535885478712038
WCF71070,0,-11.884971818591364
WCF71046,0,-8.104791230768836
WCF71034,1,3.5344576888680983
WCF71022,0,-16.430462290475525
WCF71010,0,-11.681973506462441
WCF70998,1,2.01467253177551
WCF70976,0,-11.884971818591364
WCF70965,0,-3.381843797011612
WCF70953,0,-12.880191934850878
WCF70917,0,-16.430462290475525
WCF70941,0,-14.261356019179194
WCF70929,0,-15.699388104720374
UKH70659,0,-30.738330395245576
UKH70635,0,-31.536787175439976
UKH70623,0,-32.675837709474614
UKH70611,0,-33.016395356061146
WBS97801,0,-9.20093315903667
WBS97799,0,-7.550956077692341
WBS97792,0,-5.335369723253326
WBS97790,0,-8.705168535283455
WBS97788,0,-10.153112199188541
WBS97787,0,-9.467036498644898
WBS97783,0,-5.335369723253326
WBS97782,0,-11.465047187172857
WBS97781,0,-9.233128859269124
WBS97780,0,-10.632185212282877
WBR47351,0,-5.284979967781728
WBR47331,0,-9.966582159299413
WBR44974,0,-7.667078598861698
QTC20725,0,-31.516851591853605
UZO45473,0,-15.92360166750325
UZO45325,0,-16.60815917967591
UZO40557,0,-8.629624094249978
UZO39213,0,-16.726416289543266
UZO36526,0,-6.4336432871194695
UZH94884,0,-29.604120269119782
UZH94862,0,-38.64139907228763
UZH94840,0,-34.59724291607884
UZH94785,0,-34.59724291607884
UYR15249,0,-28.591913089549127
UYR10301,0,-34.03767499729012
UYR10252,0,-30.848802824323386
UYL65108,0,-6.4336432871194695
UYL16211,0,-16.726416289543266
QGI57457,0,-25.45377154531469
ADD97077,0,-26.1927104805549
UVV50350,0,-48.131899726389506
UVV50339,0,-20.982159427844394
UVV50329,0,-36.46800211919759
UVV50317,0,-40.40057019152195
UVV50294,0,-26.50355356671377
UVV50282,0,-15.963151570157034
USO97049,0,-5.388898952960147
USO97036,0,-9.524646707206754
UNA44800,0,-24.186494478683706
UNA44822,0,-24.044108416954323
UNA44810,0,-25.722582665284122
UNA44546,0,-25.722582665284122
ALP01956,0,-13.437776187179539
ALJ54619,0,-28.592667957211567
QVE64429,0,-29.02587956562229
QPP47266,0,-7.288581254388467
QPP47265,0,-5.054488721135905
QPP47262,0,-7.288581254388467
QPP47260,0,-5.8792517459270695
QPP47252,0,-5.950180907307583
QPP47251,0,-5.42821180891903
QHF16222,0,-4.388680950668963
QHF16217,0,-5.272089667665993
QHF16212,0,-6.383893086668705
QHF16210,0,-7.22286945921927
QHF16205,0,-6.361370187678505
QHF16201,0,-6.779790009430879
QHF16200,0,-0.08406445542020258
QHF16196,0,-3.1962071402915413
QHF16190,0,-5.054160729328347
QHF16187,0,0.4494249781919031
AXO64577,0,-38.28097115970023
AXO64553,0,-38.28097115970023
AXO64488,0,-38.28097115970023
AXO64401,0,-38.28097115970023
AXO64314,0,-38.28097115970023
AXO64246,0,-28.21224001933733
AXO64122,0,-38.28097115970023
AXO64104,0,-38.28097115970023
AWZ61415,0,-29.837503890725934
AWZ61402,0,-30.19688423013781
AWZ61148,0,-29.837503890725934
AYD37923,0,-36.47554743142745
AXO64330,0,-29.837503890725934
QNI23603,0,-29.555298447048514
AYD37800,0,-36.47554743142745
AYA78737,0,-18.10889258101549
QKS74710,0,-30.140367086914416
QKS74657,0,-28.71665660760911
QKS74630,0,-30.926546970728353
QKS74545,0,-29.289331748970117
QIV19651,0,-7.6301003595166375
QIQ46003,0,-9.647228225350393
QIJ25983,0,-1.718252547369092
QIA55118,0,-9.647228225350393
QHW14782,0,-10.668124799279887
QGQ58784,0,-11.233608897639808
QGQ58191,0,-2.842131430728008
QGQ58177,0,-8.737870443725555
QDX47307,0,-14.904881330263681
QDX47306,0,-24.69040869261635
ASJ81359,0,-16.022967738277536
ASJ81358,0,-59.39765621841888
ASJ80989,0,-16.022967738277536
ASJ80988,0,-26.59556883010439
QEI01938,0,-2.842131430728008
BBM96444,0,-34.116551818950825
BBM96487,0,-21.21924848930931
BBM96476,0,-29.08875648534166
BBM96422,0,-15.408052256782906
BBM96411,0,-33.06620796798675
QDX11291,1,3.5344576888680983
QDQ43496,0,-9.035800288670309
QCW12961,1,2.1071357505274904
QCR64923,0,-32.382666239197434
AVZ24024,1,3.5677585726686303
AVZ24023,1,0.5426565987369898
AVZ24020,0,-1.03117345301734
AVZ24019,0,-1.7046460576786409
AVZ24018,1,-3.819108323259119
AVZ24017,1,5.781165609282322
AVZ24014,0,-7.9591160680473205
AVZ24013,0,-7.657253688152681
AVZ24012,1,3.5677585726686303
AVZ24010,0,-7.832038117438833
AVZ23185,1,2.809338036583375
AVZ23184,1,2.809338036583375
AVZ23183,1,1.713444664920825
AVZ23182,1,5.676916124148292
AVZ23181,1,0.8775325885337608
AVZ23180,1,3.6700682164299536
AVZ23179,1,2.059011441780168
AVZ23178,0,-2.579584685736256
AVZ23177,0,-4.131091227075668
AVZ23176,0,-4.038998905044844
AVZ23175,0,-21.198584764613784
AVZ23174,0,-3.3492995884216086
AVZ23173,1,-0.04656287441257412
AVZ00484,1,4.08714157149851
AVZ00483,1,1.9542773578988477
AVZ00482,1,2.179735055446937
AVZ00481,0,-7.309393208087893
AVZ00480,0,-7.657253688152681
QCD37444,0,-8.337865476514352
QCD37281,0,-9.375377378753083
QBS20860,1,3.5344576888680983
QBS20521,0,-9.8965136308014
QBS20503,1,1.8281638765839752
QBP38183,1,3.5344576888680983
QBL91215,1,3.5344576888680983
QBL91210,0,-2.9512259822736535
QBJ05984,0,-9.810339011238451
QBJ05983,0,-3.7871626289212905
QBK12117,0,-9.498389583532168
QBK12116,0,-7.244969554270712
QBK12115,0,-1.3470311717649839
QBK12114,0,-9.498389583532168
QBJ05996,0,-1.3470311717649839
QBJ05995,0,-8.584740108280918
QBJ05994,0,-9.498389583532168
QBJ05993,0,-9.704700812311323
QBJ05992,0,-2.1229133429056724
QBJ05991,0,-8.982782286535343
QBJ05990,0,-11.68865526642503
QBJ05989,0,-7.244969554270712
QBJ05988,0,-11.447718613721593
QBJ05987,0,-1.6932433245699432
QBJ05986,0,-1.3470311717649839
AZS63843,1,4.713931793944976
AZQ08976,0,-14.916446169984878
AYM50085,1,3.065935845463633
AYM50065,1,1.245431696228808
AXO64599,0,-29.4330388914577
AXO64535,0,-18.41521214361049
AXL27689,1,3.3330406804289225
AXF92812,1,3.1126281273012566
AWZ62216,0,-30.655111936898997
AWZ61655,0,-20.949764529854875
AWZ61334,0,-36.47554743142745
AWZ61044,0,-30.313052850149795
AWT24840,0,-8.332378139366481
AWT24838,1,4.55618806726763
AWT24837,0,-5.282107816141876
AWT24836,0,-7.197462862682054
AWT24833,0,-7.197462862682054
AWT24832,1,3.6576524708224767
AWT24831,0,-7.210523181115951
AWT24830,0,-7.197462862682054
AWT24829,0,-7.197462862682054
AWT24828,1,3.6576524708224767
AWT24827,1,3.6576524708224767
AWT24826,0,-7.197462862682054
AWT24825,1,3.864882544093149
AWT24822,1,3.6576524708224767
AWT24820,1,3.6576524708224767
AWT24819,0,-7.197462862682054
AWT24818,0,-1.312669014373359
AWT24817,0,-1.312669014373359
AWT24816,1,2.331441690519558
AWT24815,0,-7.197462862682054
AWT24814,0,-5.212488623729694
AWT24811,0,-5.282107816141876
AWT24809,0,-7.197462862682054
AWT24808,0,-7.197462862682054
AWT24807,0,-5.282107816141876
AWT24806,0,-7.197462862682054
AWT24805,1,3.6576524708224767
AWT24803,0,-7.197462862682054
AWT24802,1,3.6576524708224767
AWT24801,0,-7.197462862682054
AWT24800,0,-10.02009699886504
AWT24799,0,-7.210523181115951
AWT24796,1,3.6576524708224767
AWT24795,1,2.7368633674296046
AWT24794,1,4.015800632943659
AWT24791,1,3.6576524708224767
AWT24789,1,3.6576524708224767
AWT24787,0,-7.197462862682054
AWT24785,0,-1.312669014373359
AWT24783,0,-7.197462862682054
AWT24782,0,-7.197462862682054
AWT24781,1,3.6576524708224767
AWT24780,0,-5.282107816141876
AWT24779,1,3.6576524708224767
AWT24777,1,3.644526941962571
AWI45959,1,1.3679400751040376
AWI45948,1,3.1126281273012566
AWI45921,1,3.1126281273012566
AWI45903,0,-0.359794586115207
AWI45895,1,0.4242531683269455
AWI45878,1,4.009273492306484
AWI45838,1,3.1126281273012566
AVV62424,0,-15.958252070150053
AVK88342,0,-14.5241476155824
ATQ63178,0,-14.683270742998463
AMX73557,0,-26.721395722133394
AMX72990,0,-31.769820560986936
AMX72989,0,-19.055997657111064
AMX46385,0,-17.926608076328762
AMX46346,0,-31.769820560986936
AMX46345,0,-19.055997657111064
AMX28524,0,-26.617131776635844
AMX28472,0,-15.787761233615903
AMX28401,0,-31.769820560986936
AMX28387,0,-34.09209266038789
AMX28374,0,-26.244217483066766
AMX28373,0,-17.928340295433387
AMX28361,0,-30.890354233996593
AMX28360,0,-16.60892187386848
AMQ30931,0,-6.213611905817448
AMQ30930,0,-26.221725307335394
AMQ30929,0,-18.753837777079823
AMQ26041,0,-32.770209725990874
AMQ26040,0,-23.620874517840754
ALZ47802,0,-20.987598827716116
ALZ47801,0,-25.936626148392122
ALZ47664,0,-29.146429337780376
ALZ47663,0,-22.48979902805281
ALZ46734,0,-22.48979902805281
ALZ46733,0,-29.07153921787729
ALZ46699,0,-27.323199493823253
ALZ46698,0,-19.563376382511194
ALV71379,0,-29.557791157287635
AID07388,0,-34.588230327960936
AID07387,0,-15.736337622178844
AHZ37650,0,-31.016561103641052
AHZ37649,0,-41.8556700691793
AHL82676,0,-26.15310374835796
AHL79472,0,-29.817789664447595
AHL78591,0,-38.5416015887351
AHL78590,0,-34.26921642536905
AGL59938,0,-26.06100091546872
AGL56243,0,-16.813856685302405
AGL52668,0,-50.69337784176116
AGL52650,0,-20.759905592854537
AGL52402,0,-21.014727208434174
AGK42455,0,-28.503042306601905
AGK42454,0,-19.976130445196915
AGK42374,0,-25.647108537574255
AGK42373,0,-17.854720516983374
AGK41920,0,-29.59317757438124
AGK41795,0,-29.59317757438124
AGK41609,0,-17.779412105393746
AGK41472,0,-14.288052646982933
AGG83907,0,-44.161955887545076
AGG83595,0,-26.097093689522552
AGG83335,0,-19.440724258991676
AGG83334,0,-26.097093689522552
AGG83197,0,-43.19680386473472
AGG83196,0,-19.440724258991676
AGG81961,0,-57.60863480676963
AGG81960,0,-22.412669592925912
AGG27129,0,-10.467203169555425
AGG27128,0,-18.444252928626767
AGG26638,0,-45.437503229975626
AGG26637,0,-19.27924840133305
AGG26501,0,-29.201694114892817
AGG26136,0,-25.659446223061078
AGG26135,0,-21.788864645547307
AGG23670,0,-20.154791914206292
AGG23643,0,-24.413358015795502
AGE09042,0,-14.988198459583796
AGE08110,0,-20.525811529645473
AGE03121,0,-43.4769871621614
AGE03120,0,-31.02233341243035
AGE00445,0,-19.21629776446097
AGE00444,0,-27.192414144968183
AGC73498,0,-26.06100091546872
AFY05902,0,-33.81715549450545
AFY05795,0,-33.345415095592756
AFP20954,0,-26.51693151093344
AFP20926,0,-26.51693151093344
AFP20925,0,-33.345415095592756
AFG72317,0,-8.07307659062848
AFG72316,0,-28.623992050642833
AET79367,0,-59.68850662211011
AET79366,0,-18.996463275504922
AET78076,0,-25.693598354146282
AET78075,0,-19.457709224173414
AET78039,0,-19.457709224173414
AET77991,0,-44.752311287954385
AET77990,0,-21.442651383530254
AET77944,0,-17.74055936290806
AET77827,0,-17.74055936290806
AET77826,0,-20.787717640189317
AET77804,0,-17.74055936290806
AET77803,0,-22.01723952746096
AET77700,0,-28.029962376773945
AET77549,0,-27.64344314291315
AET77548,0,-18.28948716314166
AET76803,0,-66.46527278079472
AET75367,0,-21.270024630960506
AET74857,0,-19.528872259802583
AET74706,0,-19.457709224173414
AET74688,0,-26.617131776635844
AET74687,0,-17.74055936290806
AET74519,0,-29.8884367332142
AEO91690,0,-14.46024067409355
AEO91689,0,-4.457601960633776
ATQ63177,0,-12.101025418300896
ATE49491,0,-26.69505215571705
ATE49388,0,-26.69505215571705
ATE48871,0,-2.8819247955697875
ATE48859,0,-26.69505215571705
APB91288,0,-9.594310305776986
APB91038,0,-3.328966098494229
APB91017,1,-1.336746867275906
APB91003,1,0.2720849290078782
APB90991,0,-2.4081259280723017
APB90867,0,-2.3280805004387624
APB90696,0,-8.912004850740917
APB90521,0,-8.786809442398038
APB90381,1,-3.4361974932347685
APB90374,0,-3.159712924897871
APB90168,0,-3.5414263566243402
APB89984,0,-3.159712924897871
APB89877,0,-8.810975526540336
APB89858,0,-6.39421238860375
APB89776,0,-3.159712924897871
APB89758,0,-9.116768077043535
APB89747,0,-3.159712924897871
APB89732,0,-4.2692062406647615
APB89616,0,-2.6165051201459715
APB89573,0,-4.626186918958744
APB89521,0,-3.338429383426
APB89511,0,-4.714785885222179
APB89487,1,1.0779010849350534
APB89442,0,-4.599826218663694
APB89305,0,-2.88947386794246
APB89304,0,-9.864207654680468
APB89247,0,-1.7955740967160345
APB89215,0,-3.159712924897871
AOZ85491,1,0.007107527605928254
AOZ85465,0,-5.485576977188808
AOZ85454,0,-4.262251013902171
AIU46948,0,-3.2306494850668592
AIU46946,0,-1.99415210136344
AIU46945,0,-3.159712924897871
AIU46944,0,-3.159712924897871
AIU46943,0,-10.078943633164268
AIU46942,0,-3.159712924897871
AIU46939,0,-12.054960920526959
AIU46938,0,-2.482654474265896
AIU46937,0,-1.4174787832006785
AIU46936,0,-7.631564065845386
AIU46935,0,-3.159712924897871
AIU46934,0,-6.855110411703931
AIU46932,0,-3.159712924897871
AIU46929,0,-8.632789259192219
AIU46928,0,-4.062639556292243
AIU46927,0,-3.159712924897871
AIU46926,0,-4.062639556292243
AIU46923,0,-6.855110411703931
AIU46922,0,-6.142519154788696
AIU46921,0,-3.2972282762360443
AIU46920,0,-6.855110411703931
AIU46919,0,-6.855110411703931
AIU46917,0,-4.062639556292243
AIU46916,0,-4.062639556292243
AIU46915,0,-5.9362780066892
AIU46914,0,-3.159712924897871
AIU46913,0,-4.062639556292243
AIU46912,0,-6.142519154788696
AIU46911,0,-3.159712924897871
AIU46910,0,-3.4350285925974475
AIU46909,0,-5.36677853729804
AIU46908,0,-3.159712924897871
AIU46905,0,-3.0137594118673228
AIU46904,0,-4.062639556292243
AIU46903,0,-5.9362780066892
AIU46902,0,-4.062639556292243
AIU46900,0,-3.159712924897871
AIU46899,0,-3.159712924897871
AIU46896,0,-5.731834310480606
AIU46895,0,-3.159712924897871
AIU46893,0,-3.159712924897871
AIU46892,0,-6.171026964544744
AIU46891,0,-10.85943308204733
AIU46890,0,-3.700863246120468
AIU46888,0,-2.9653455385725564
AIU46886,0,-4.167263283071911
AIU46883,0,-5.36677853729804
AIU46881,0,-3.159712924897871
AIU46880,0,-6.855110411703931
AIU46879,0,-3.159712924897871
AIU46878,0,-3.159712924897871
AIU46876,0,-10.85943308204733
AIU46875,0,-4.062639556292243
AIU46873,0,-6.961470840726456
AIU46872,0,-6.855110411703931
AIU46870,0,-3.159712924897871
AIU46869,0,-3.942193971909937
AIU46868,0,-3.159712924897871
AIU46866,0,-5.235345333766436
AIU46865,0,-3.159712924897871
AIU46864,0,-7.783907030212369
AIU46862,0,-5.235345333766436
AIU46860,0,-3.159712924897871
AIU46859,0,-3.159712924897871
AIU46858,0,-3.94239948155154
AIU46855,0,-3.6573404099534095
AIU46854,0,-4.028207900880364
AIU46853,0,-2.023821292626579
AIU46852,0,-3.159712924897871
AIU46850,0,-3.159712924897871
AIU46848,0,-6.844150007018947
AIU46847,0,-3.159712924897871
AIU46845,0,-5.235345333766436
AIU46842,0,-3.159712924897871
AIU46840,0,-6.856948618507618
AIU46839,0,-5.235345333766436
AIU46838,0,-7.631564065845386
AIU46837,0,-2.4946239666553325
AIU46836,0,-2.7013266368448683
AIU46834,0,-3.159712924897871
AIU46832,0,-2.704286692262901
AIU46830,0,-4.062639556292243
AIU46829,0,-2.5510589697030746
AIU46825,0,-1.9327347603501472
AIU46824,0,-4.062639556292243
AIU46821,0,-3.2972282762360443
AIU46820,0,-3.159712924897871
AIU46819,0,-4.714785885222179
AIU46818,0,-2.233520307768284
AIU46817,1,-0.25525701665620204
AIU46815,0,-8.738659405888937
AIU46814,0,-6.855110411703931
AIU46813,0,-5.351542445645265
AIU46812,0,-3.159712924897871
AIU46809,0,-11.248188123010308
AIU46808,0,-3.791785383691124
AIU46807,0,-3.942193971909937
AIU46806,0,-5.26135533631976
AIU46805,0,-3.159712924897871
AIU46804,0,-3.159712924897871
AIU46802,0,-11.688630025661336
AIU46801,0,-5.26135533631976
AIU46800,0,-3.159712924897871
AIU46798,0,-10.601635404003506
AIU46797,0,-3.159712924897871
AIU46795,0,-3.159712924897871
AIU46794,0,-4.385314176197182
AIU46793,0,-3.159712924897871
AIU46792,0,-3.159712924897871
AIU46788,0,-3.159712924897871
AIU46786,0,-3.159712924897871
AIU46783,0,-3.159712924897871
AIU46782,0,-4.2144380166139825
AIU46781,0,-3.159712924897871
AIU46779,0,-3.159712924897871
AIU46778,0,-3.113671525698482
AIU46777,0,-3.159712924897871
AIU46774,0,-6.663213240370363
AIU46773,0,-3.159712924897871
AIU46772,1,-1.669117748206796
AIU46771,0,-2.514799756743436
AIU46770,0,-4.2144380166139825
AIU46768,0,-3.159712924897871
AIU46767,0,-3.159712924897871
AIU46765,0,-9.873845164785546
AIU46764,0,-3.097334381155118
AIU46763,0,-3.159712924897871
AIU46762,0,-3.159712924897871
AIU46761,0,-5.145849491068821
AIU46760,0,-6.007494797920019
AIU46759,0,-4.062639556292247
AIU46758,0,-3.2972282762360443
AIU46756,0,-3.097334381155118
AIU46755,0,-6.351908683880931
AIU46754,0,-2.464228631717736
AIU46753,0,-2.187003981226894
AIU46749,0,-10.267048685161368
AIU46746,0,-5.26135533631976
AIU46745,0,-4.167263283071911
AIU46744,0,-10.213709321032248
AIU46743,0,-2.1637509779197988
AIU46740,0,-11.090456358113483
AIU46739,0,-5.26135533631976
AIU46737,0,-3.159712924897871
AIU46735,0,-3.5696497643713823
AIU46733,0,-3.159712924897871
AIU46732,0,-3.942193971909937
AIU46731,0,-4.344497717978211
AIU46483,0,-3.159712924897871
AIU46481,0,-3.159712924897871
AIU46479,0,-3.159712924897871
AIU46478,0,-3.159712924897871
AIU46477,0,-4.062639556292243
AIU46476,0,-4.062639556292243
AIU46474,0,-4.062639556292243
AIU46399,0,-4.062639556292243
ASU47793,0,-3.159712924897871
ASO97503,0,-46.77170441681087
ASO97501,0,-24.443699131643367
ASO97485,0,-14.883590456053891
ASO97483,0,-10.517099124284968
ASB33702,0,-5.9602337550378905
ASB33690,0,-39.58480600021444
ASB32842,0,-7.627373230901386
ASB32833,0,0.16109734626277472
ARX97390,0,-25.40398539073188
ARX97388,0,-14.481600075090306
ARU07171,0,-9.032150863547146
ARU07169,0,-12.698242598524143
ARQ85940,0,-1.9801688118886567
ARJ63957,0,-5.174884628094583
ARJ63952,0,-14.91462387327423
AQU12413,0,-20.535094502938843
APY25383,0,-16.192543696651306
APW84921,0,-13.75305712343686
APW84910,0,-15.254547498329362
ALX27327,0,-17.364158052685763
ALT19951,0,-14.92542628435049
ALT19827,0,-12.175420615923617
ALP01834,0,-15.471455360014751
ALJ54530,0,-16.725457757551265
ALH21545,0,-16.040765283821635
AKV57697,0,-17.093490954698254
AKH14605,0,-11.118038217349694
AJY54592,0,-19.48180337068934
AJF45784,0,-18.06430365075903
AJF45779,0,-22.8509453072359
AJF45775,0,-15.816475474718075
AJD77986,0,-18.73266239767926
AIZ70289,0,-13.794188291850997
AIZ70285,0,-33.0087002468431
AIZ70247,0,-1.7111357982409814
AIZ70214,0,-13.794188291850997
AIZ70208,0,-7.756267033737432
APO39355,0,-17.16135796168147
AOV82401,0,-2.006508029510723
ALG00738,0,-18.710610410341054
ALG00730,0,-21.17315675942121
ALG00726,0,-8.044946627655904
ALG00722,0,-19.706211092251657
ALG00718,0,-23.53272421275745
ALG00714,0,-23.460823699404067
ALG00710,0,-21.029822672592765
ALG00706,0,-23.55073833539587
ALG00702,0,-31.71563137171031
AOC37756,0,-14.499150985205592
ACF48930,0,-28.229340396904554
AAA18781,0,-15.33518775135695
AEB66665,0,-73.31014764708733
ADW80470,0,-23.634760260243986
ADW80459,0,-24.117012034964603
ADG21028,0,-11.722282041240131
ADG21007,0,-9.68484534714582
ADG21005,0,-9.592855502128913
ABO37609,0,-4.71543480708667
ABO37542,0,-2.8947801887711933
ABO37490,0,-2.372912328088578
ABO37489,0,-3.5673411682724225
ANG55916,0,-20.94170797748982
ANF29075,0,-17.34049183008128
ALR81994,0,-29.649487868345023
ALR81993,0,-25.472523398092015
ALR81992,0,-30.056109635334426
ALR81991,0,-25.86854692357726
ALR81989,0,-29.47808059343691
ALR81988,0,-27.514658682645113
AIC64616,0,-13.358949212367419
AIC64601,0,-19.577760016822097
AKZ42083,0,-21.434895702202816
AKZ41921,0,-33.391607327644806
AKZ41895,0,-29.330873837187493
AKZ41844,0,-30.041185495568065
AJS17976,0,-34.44038294893208
AJS17973,0,-43.227008786131556
AJS17971,0,-18.966051707603242
AJS17969,0,-35.57355583778819
AJS17968,0,-29.852161258987973
AJS17966,0,-27.03812526356515
AJS17964,0,-38.20445847628484
AJS17963,0,-38.73945642252477
AJS17962,0,-43.01115049602326
AJS17961,0,-49.76882792443974
AJS17960,0,-47.07372640102459
AJS17956,0,-46.518762241165064
AJS17920,0,-35.712936387372906
AJS17918,0,-36.21472224786863
AJS17917,0,-40.58655303042403
AJS17915,0,-39.161929771701956
AJS17913,0,-30.90581976555341
AJS17911,0,-32.905708665316524
AJS17907,0,-34.2301454724264
AJS17906,0,-36.21472224786863
AJS17905,0,-35.57137292338362
AJS17903,0,-35.712936387372906
AJS17899,0,-34.069700503294214
AJS17898,0,-35.12212596682492
AJS17897,0,-34.49740545018428
AJS17896,0,-35.79709430774075
AJS17895,0,-28.479050204262567
AJS17894,0,-31.969632706581372
AJS17893,0,-31.19806298646344
AJS17892,0,-28.863065241514818
AJS17891,0,-32.259364941963746
AJS17889,0,-32.259364941963746
AJS17888,0,-32.259364941963746
AJS17886,0,-32.259364941963746
AJS17885,0,-32.259364941963746
AJS17883,0,-32.633820343959044
AJS17882,0,-32.633820343959044
AJS17881,0,-32.633820343959044
AJS17880,0,-16.617031076997606
AJS16419,0,-39.37688766854025
AJS16396,0,-34.59064156149459
AJS16390,0,-33.89095443072182
AJS16384,0,-20.862876078219674
AJS16373,0,-19.792398581572996
AJS16370,0,-34.41465543354589
AJS16367,0,-25.00248208664242
AJS16364,0,-28.805531946173534
AJS16361,0,-33.55000200230262
AJS16358,0,-24.73805822234425
AJS16352,0,-21.789812263284347
AGR54712,0,-32.10390981310232
AGR54709,0,-21.585676369177094
AHB59323,0,-7.868777474129008
ALE66689,0,-25.54919431329517
ALD19413,0,-15.841879273918394
AHX38096,0,-26.561429317180497
AHX38093,0,-33.29634467650509
AKL90745,0,-30.085160213068583
AKL90741,0,-13.458844219039989
AKJ84209,0,-35.166112839478835
AKJ80211,0,-29.53041276751335
AKJ80207,0,-31.13731765406041
AJJ96179,0,-72.74583655643583
AJJ96178,0,-32.893146363177735
AJJ96022,0,-72.04327815019636
AJJ96020,0,-68.03278778784538
AJJ96019,0,-32.275009489835995
AJJ95846,0,-71.75761081191753
AJJ95845,0,-32.95410604181938
AJJ95832,0,-26.24809465616807
AAA43149,0,-19.404195732219275
AAA43146,0,-12.48114412986852
AAA43145,0,-8.691682679217735
AAA43144,0,-12.35227317048577
AAA43143,0,-13.993694299914724
AIE53166,0,-3.5441611857458675
AJD14112,0,-44.909568521256645
AJD14111,0,-23.005027598358524
AJD14110,0,-32.1468089057881
AJD14109,0,-31.193461864292026
AJD14001,0,-52.97805287441386
AJD13999,0,-21.46188429931901
AJD12987,0,-32.888368175625196
AJD12986,0,-24.83514103215451
AJD12973,0,-32.893146363177735
AJD12972,0,-71.75761081191753
AJD12956,0,-30.529837402327146
AJD12955,0,-71.75761081191753
AJD12918,0,-32.172191063221604
AJD12865,0,-32.194414684001615
AJD12863,0,-30.839926361661803
AJD12847,0,-32.893146363177735
AJD12846,0,-68.95884151779168
AJD12831,0,-20.53420656010143
AJD12813,0,-21.38701288951388
AJD12812,0,-32.63263818399479
AJD12795,0,-72.72598231780228
AJD12793,0,-32.397968954691
AJD12777,0,-21.38701288951388
AJD12757,0,-73.1470385550399
AJD12756,0,-33.39667633669248
AJD12728,0,-32.09392324191619
BAQ19486,0,-11.502735395601043
BAQ19476,0,-17.087305492542264
BAQ19456,0,-19.978875390128643
BAQ19446,0,-9.754698928426164
BAQ19436,0,-0.8943948786410019
BAQ19416,1,-0.26105643449839633
BAQ19406,0,-16.818079353711635
AIU46705,0,-16.911939045890833
AIT38426,0,-46.93980965648079
AIQ77768,0,-4.455014498532925
AIQ77756,0,-19.318964771556235
AIO11726,0,-1.8575877904269227
AIO11715,0,-17.18500851750077
AIO11706,0,-1.8575877904269227
AIO11686,0,-17.18500851750077
AIN25566,0,-1.8575877904269227
AIN25558,0,-17.45053936880304
AIN25551,0,0.5736008847787986
AIN25541,0,0.5736008847787986
AHL24597,0,-32.57640600368755
AHL24577,0,-36.9157968813882
AHL24567,0,-32.57640600368755
AHL24557,0,-32.57640600368755
AHL24517,0,-26.143701754319693
AII30768,0,-17.18500851750077
AIE52177,0,-28.23445279214323
AFO83088,0,-18.65222514647283
AHY95057,0,-34.9737700667958
AHY95053,0,-29.041461375318196
AHW46685,0,-15.958252070150053
AHW46664,0,-35.25972651821001
AHW46660,0,-15.958252070150053
AHM24129,0,-4.830382261614375
AHM24125,0,-15.958252070150053
AHL21543,0,-0.7444466042571154
AHL21470,0,-33.95616408808914
AHL21466,0,-15.958252070150053
AHK10681,0,-4.830382261614375
AHK10677,0,-15.758828646489295
AHK10667,0,-24.69418791798615
AHK10663,0,-4.830382261614375
AHH00822,0,-2.5485558846159737
AHG26656,0,-28.166980892001604
AHD25184,0,-6.478274790933426
AHD25163,0,-15.997717595503733
AHD25142,0,-25.99619932329471
AHB73608,0,-15.610358863628637
AGY79655,0,-15.445088533913003
AGT41695,0,-4.270780113884941
AGT41690,0,-17.321959824496687
ADU17015,0,-20.64427359367633
AGL51629,0,-15.997717595503733
AEP95319,0,-17.52979327452548
AEQ73293,0,-17.070953661550355
AEQ73168,0,-3.313844816066048
AEQ61206,0,-29.726732040112047
AEK50760,0,-17.876161478040235
AFP99367,0,-21.930321861726732
AFP21014,0,-31.946053561077974
AFN69199,0,-26.344455249299415
AEQ62915,0,0.7685893067288809
AEQ62914,0,-1.340327104843169
AEQ62912,0,-1.94745435253569
AEQ62910,0,-1.5781176080867088
ADU20562,1,0.44523294413233927
ACY56526,0,-32.92587449261863
ACY56525,0,-32.67736056576056
ACY56524,0,-24.727418971829493
ACY56523,0,-24.56823925757204
ACY56522,0,-40.16772970481841
ACY56519,0,-43.234651145207465
ACY56518,0,-37.3332534408395
ACY56517,0,-14.569236061615493
ACY56516,0,-22.271490286346356
AEI29915,0,-15.69707248486641
AEI29913,0,-19.02980403016342
AEI29912,0,-22.90623048957088
AEI29910,0,-23.460487332559936
AEI29902,0,-34.15410824920226
AEI29901,0,-32.64343631412099
AEI29900,0,-35.32471039522979
AEI29899,0,-33.16358211972477
AEI29898,0,-31.575572098573964
AEI29896,0,-29.290135719951017
AEI29895,0,-36.25256110896822
AEI29893,0,-26.58369447881181
AEI29891,0,-26.72069327356956
AEI29890,0,-42.8938848881714
AEI29889,0,-35.08990133145264
AEI29888,0,-28.96883218547199
AEI29887,0,-38.10641670982655
AEI29885,0,-48.80635662323482
AEI29883,0,-32.53766478241464
AEI29882,0,-31.392189914379376
AEI29881,0,-27.30152094616702
AEI29880,0,-31.15711635859051
AEI29879,0,-30.81728125340347
AEI29878,0,-14.616607358912022
AEI29877,0,-40.16661808440748
AEI29876,0,-37.57622829113108
AEI29875,0,-39.39393563013001
AEI29874,0,-38.28585610165277
AEI29873,0,-37.61074923674147
AEI29872,0,-38.585453586131976
AEI29871,0,-30.4872063512425
AEH26544,0,-38.879493189490056
ADU17459,0,-21.014727208434174
ADU17103,0,-25.244722110279717
ADU16565,0,-19.220828347938202
ADU16018,0,-43.597485484938645
AEA04387,0,-9.481990276977772
ADW80437,0,-17.96648772842841
ADW80357,0,-48.173795097435594
ADW80283,0,-26.029868237778516
ADW80250,0,-31.368892107366033
ACY06463,0,-25.981247355976326
ACY06462,0,-25.33812424453902
ACY06460,0,-34.58624152670593
ACY06459,0,-31.4443727281123
ACY06457,0,-9.03215266185471
ACY06455,0,-12.478401912335755
ACY06453,0,-16.097661847971093
ACY06452,0,-16.69531265532287
ACY06451,0,-15.171190279657154
ACY06447,0,-16.198340835139042
ACY06446,0,-16.198340835139042
AAA62470,0,-25.871087879069872
BAJ09300,0,-29.435254269848357
BAJ09299,0,-29.435254269848357
BAJ09298,0,-29.65660618880968
BAJ09297,0,-29.897468567005284
BAJ09296,0,-29.435254269848357
BAJ09295,0,-29.435254269848357
BAJ09294,0,-29.65660618880968
BAJ09292,0,-31.813586304712274
BAJ09291,0,-31.260631172915907
BAJ09289,0,-31.260631172915907
BAJ09288,0,-28.380672909187993
BAJ09287,0,-31.485467061281362
BAJ09286,0,-30.93953891672509
BAJ09285,0,-29.10110403732812
BAJ09284,0,-29.48704856728356
BAJ09283,0,-29.48704856728356
BAJ09282,0,-29.10110403732812
BAJ09281,0,-29.48704856728356
BAJ09280,0,-29.10110403732812
BAJ09278,0,-29.52708275750124
BAJ09277,0,-29.10110403732812
BAJ09276,0,-33.88431913561057
BAJ09275,0,-31.15812669644274
BAJ09274,0,-28.697920798751618
ADG21027,0,-8.374194671473848
ADG21025,0,-13.123562039459467
ADG21020,0,-8.831019462819633
ADG21017,0,-8.719789408887124
ADG21016,0,-8.015913037696118
ADG21015,0,-7.824533866912165
ADG21014,0,-8.169113384230283
ADG21012,0,-8.525991675583668
ADG21010,0,-8.525991675583668
ADG21008,0,-4.551545968547579
ADG21006,0,-8.525991675583668
ADG21004,0,-8.525991675583668
AAA64228,0,-16.828745898046165
AAA64229,0,-16.53773739476092
ACI06174,0,-22.532561898919347
ACI06172,0,-22.532561898919347
ACI06171,0,-22.532561898919347
ACI06169,0,-26.61098687506412
ACI06168,0,-25.570147348077825
ACI06167,0,-32.24255297341492
ACI06163,0,-28.67896825995158
ACI06160,0,-26.61098687506412
ACI06158,0,-25.26567815651129
ACI06157,0,-25.26567815651129
ACI06156,0,-25.26567815651129
ACI06154,0,-24.16698695164012
ACI06153,0,-26.58680735551371
ACI06152,0,-25.26567815651129
ACI06151,0,-25.26567815651129
ACI06150,0,-24.95566297056635
ACI06146,0,-20.938316833645075
ACI06144,0,-27.73689598898747
ACI06142,0,-26.61098687506412
ACI06140,0,-26.61098687506412
ACI06138,0,-26.61098687506412
ACI06137,0,-26.61098687506412
ACI06134,0,-26.61098687506412
ACI06133,0,-26.61098687506412
ACI06132,0,-26.6725511773109
ACI06131,0,-27.873655690450697
ACI06130,0,-26.6725511773109
ACI06129,0,-26.6725511773109
ACI06128,0,-25.288788242674777
ACI06127,0,-26.6725511773109
ACI06125,0,-12.917486518731526
ACI06124,0,-29.291888402864387
ACI06123,0,-26.6725511773109
ABY81852,0,-37.5973288753082
ABY81851,0,-30.22185852318369
ABY81850,0,-31.202418504825374
ABY81849,0,-21.307306600706625
ABY81848,0,-36.823875687426906
ABY81847,0,-36.823875687426906
ABY81846,0,-36.823875687426906
ABY81845,0,-38.974092341819535
ABY81843,0,-31.104459371824888
ABY81842,0,-36.823875687426906
ABY81840,0,-35.61805537344442
ABY81839,0,-34.0620815682158
ABY81838,0,-32.176431777467315
ABY81837,0,-34.17776145412579
ABY81836,0,-36.58082139871621
ABY81835,0,-34.54459382216087
ABY81834,0,-38.586197185858424
ABY81833,0,-41.31295860011691
ABZ81075,0,-14.415750291557156
ABR88080,0,-5.663444201166177
ACF28527,0,-5.4231357496616726
BAA00772,0,-19.69222621521275
ABQ41898,0,-18.08525059884009
ABQ41888,0,-18.448773423230605
ABO51928,0,-33.23671870705467
AAA43114,0,-28.347504387434824
AAA43112,0,-42.693313627674286
AAA43111,0,-16.317276017420703
AAA43103,0,-45.519953163793915
AAA43102,0,-42.23982589381359
AAA43101,0,-30.41161335649755
ABF60581,0,-21.973348516818618
ABF60578,0,-20.476358425966264
ABF60576,0,-34.724887167737464
CAA24271,0,-19.53238203923069
HMIV89,0,-12.48114412986852
HMIV77,0,-13.783937675786824
JQ1153,0,-22.433003018217242
